MFR URL,Ref URL 1,Ref URL 2,Ref URL 3,Ref URL 4,Ref URL 5,PART_NUMBER,Dept,Class,Fine,SKU - MY_PART_NUMBER,Mfg_Part_Num,Part_Desc,E1_Brand,Unilog_Brand,DIB_Brand,Part_Manuf,MANUFACTURER_NAME,BRAND_NAME,TRADE_NAME,MANUFACTURER_PART_NUMBER,ALTERNATE_PART_NUMBER,Classpath,MOBILE_DESC,INVOICE_DESC,SHORT_DESC,LONG_DESC1,RETAIL_DESC,MARKETING_DESCRIPTION,ITEM_FEATURES_1,ITEM_FEATURES_2,ITEM_FEATURES_3,ITEM_FEATURES_4,ITEM_FEATURES_5,ITEM_FEATURES_6,ITEM_FEATURES_7,ITEM_FEATURES_8,ITEM_FEATURES_9,ITEM_FEATURES_10,ITEM_FEATURES_11,ITEM_FEATURES_12,ITEM_FEATURES_13,ITEM_FEATURES_14,ITEM_FEATURES_15,ITEM_FEATURES_16,ITEM_FEATURES_17,ITEM_FEATURES_18,ITEM_FEATURES_19,ITEM_FEATURES_20,With,Standard/Approvals,Prop 65,Application,Includes,Product Name,ATTRIBUTE_LABEL 1,ATTRIBUTE_VALUE 1,ATTRIBUTE_UOM 1,ATTRIBUTE_LABEL 2,ATTRIBUTE_VALUE 2,ATTRIBUTE_UOM 2,ATTRIBUTE_LABEL 3,ATTRIBUTE_VALUE 3,ATTRIBUTE_UOM 3,ATTRIBUTE_LABEL 4,ATTRIBUTE_VALUE 4,ATTRIBUTE_UOM 4,ATTRIBUTE_LABEL 5,ATTRIBUTE_VALUE 5,ATTRIBUTE_UOM 5,ATTRIBUTE_LABEL 6,ATTRIBUTE_VALUE 6,ATTRIBUTE_UOM 6,ATTRIBUTE_LABEL 7,ATTRIBUTE_VALUE 7,ATTRIBUTE_UOM 7,ATTRIBUTE_LABEL 8,ATTRIBUTE_VALUE 8,ATTRIBUTE_UOM 8,ATTRIBUTE_LABEL 9,ATTRIBUTE_VALUE 9,ATTRIBUTE_UOM 9,ATTRIBUTE_LABEL 10,ATTRIBUTE_VALUE 10,ATTRIBUTE_UOM 10,ATTRIBUTE_LABEL 11,ATTRIBUTE_VALUE 11,ATTRIBUTE_UOM 11,ATTRIBUTE_LABEL 12,ATTRIBUTE_VALUE 12,ATTRIBUTE_UOM 12,ATTRIBUTE_LABEL 13,ATTRIBUTE_VALUE 13,ATTRIBUTE_UOM 13,ATTRIBUTE_LABEL 14,ATTRIBUTE_VALUE 14,ATTRIBUTE_UOM 14,ATTRIBUTE_LABEL 15,ATTRIBUTE_VALUE 15,ATTRIBUTE_UOM 15,ATTRIBUTE_LABEL 16,ATTRIBUTE_VALUE 16,ATTRIBUTE_UOM 16,ATTRIBUTE_LABEL 17,ATTRIBUTE_VALUE 17,ATTRIBUTE_UOM 17,ATTRIBUTE_LABEL 18,ATTRIBUTE_VALUE 18,ATTRIBUTE_UOM 18,ATTRIBUTE_LABEL 19,ATTRIBUTE_VALUE 19,ATTRIBUTE_UOM 19,ATTRIBUTE_LABEL 20,ATTRIBUTE_VALUE 20,ATTRIBUTE_UOM 20,ATTRIBUTE_LABEL 21,ATTRIBUTE_VALUE 21,ATTRIBUTE_UOM 21,ATTRIBUTE_LABEL 22,ATTRIBUTE_VALUE 22,ATTRIBUTE_UOM 22,ATTRIBUTE_LABEL 23,ATTRIBUTE_VALUE 23,ATTRIBUTE_UOM 23,ATTRIBUTE_LABEL 24,ATTRIBUTE_VALUE 24,ATTRIBUTE_UOM 24,ATTRIBUTE_LABEL 25,ATTRIBUTE_VALUE 25,ATTRIBUTE_UOM 25,ATTRIBUTE_LABEL 26,ATTRIBUTE_VALUE 26,ATTRIBUTE_UOM 26,ATTRIBUTE_LABEL 27,ATTRIBUTE_VALUE 27,ATTRIBUTE_UOM 27,ATTRIBUTE_LABEL 28,ATTRIBUTE_VALUE 28,ATTRIBUTE_UOM 28,ATTRIBUTE_LABEL 29,ATTRIBUTE_VALUE 29,ATTRIBUTE_UOM 29,ATTRIBUTE_LABEL 30,ATTRIBUTE_VALUE 30,ATTRIBUTE_UOM 30,ATTRIBUTE_LABEL 31,ATTRIBUTE_VALUE 31,ATTRIBUTE_UOM 31,ATTRIBUTE_LABEL 32,ATTRIBUTE_VALUE 32,ATTRIBUTE_UOM 32,ATTRIBUTE_LABEL 33,ATTRIBUTE_VALUE 33,ATTRIBUTE_UOM 33,ATTRIBUTE_LABEL 34,ATTRIBUTE_VALUE 34,ATTRIBUTE_UOM 34,ATTRIBUTE_LABEL 35,ATTRIBUTE_VALUE 35,ATTRIBUTE_UOM 35,ATTRIBUTE_LABEL 36,ATTRIBUTE_VALUE 36,ATTRIBUTE_UOM 36,ATTRIBUTE_LABEL 37,ATTRIBUTE_VALUE 37,ATTRIBUTE_UOM 37,ATTRIBUTE_LABEL 38,ATTRIBUTE_VALUE 38,ATTRIBUTE_UOM 38,ATTRIBUTE_LABEL 39,ATTRIBUTE_VALUE 39,ATTRIBUTE_UOM 39,ATTRIBUTE_LABEL 40,ATTRIBUTE_VALUE 40,ATTRIBUTE_UOM 40,ATTRIBUTE_LABEL 41,ATTRIBUTE_VALUE 41,ATTRIBUTE_UOM 41,ATTRIBUTE_LABEL 42,ATTRIBUTE_VALUE 42,ATTRIBUTE_UOM 42,ATTRIBUTE_LABEL 43,ATTRIBUTE_VALUE 43,ATTRIBUTE_UOM 43,ATTRIBUTE_LABEL 44,ATTRIBUTE_VALUE 44,ATTRIBUTE_UOM 44,ATTRIBUTE_LABEL 45,ATTRIBUTE_VALUE 45,ATTRIBUTE_UOM 45,ATTRIBUTE_LABEL 46,ATTRIBUTE_VALUE 46,ATTRIBUTE_UOM 46,ATTRIBUTE_LABEL 47,ATTRIBUTE_VALUE 47,ATTRIBUTE_UOM 47,ATTRIBUTE_LABEL 48,ATTRIBUTE_VALUE 48,ATTRIBUTE_UOM 48,ATTRIBUTE_LABEL 49,ATTRIBUTE_VALUE 49,ATTRIBUTE_UOM 49,ATTRIBUTE_LABEL 50,ATTRIBUTE_VALUE 50,ATTRIBUTE_UOM 50,UPC,EAN,GTIN,UNSPSC,Warranty,List Price,Selling Qty,Selling UOM,Standard Packaging Information,LENGTH,LENGTH_UOM,HEIGHT,HEIGHT_UOM,WIDTH,WIDTH_UOM,WEIGHT,WEIGHT_UOM,VOLUME,VOLUME_UOM,Product Image,Alternate Image 1,Alternate Image 2,Alternate Image 3,Alternate Image 4,SDS,SDS_1,Warranty Information,Catalog,Specification Sheet,Instruction/Installation Manual,Service Manual,Owners/User Manual,Line Drawing,MTR,RoHS,Full Engineering Drawing,Energy Star Guide,Technical Bulletin,Submittal,Compatibility Chart,Size Chart,Product Label/Insert,Video Link,Video Link 1,Country Of Origin,Discontinued,Actual Image (Yes/No)
,,,,,,,Tools & Hardware,Abrasives,Sanding Belts & Discs,,DCB518ASTS06G,"DCB518ASTS06G Diablo 1/2""x18"" - Sanding Belt 6pc",,,,Freud Inc (2435),Freud Inc,Diablo,,DCB518ASTS06G,,Tools & Hardware>Abrasives & Polishing>Sanding Belts & Discs,"Freud Inc, Diablo, Sanding Belt, DCB518ASTS06G","DIABLO 1/2""X18"" - SANDING BELT 6PC","Diablo Sanding Belt DCB518ASTS06G, dimension_wxh=1/2 in x 18 in; piece_count=6","Diablo Sanding Belt DCB518ASTS06G, dimension_wxh=1/2 in x 18 in; piece_count=6. High performance industrial and commercial grade sanding belt designed for professional applications.","Diablo Sanding Belt, dimension_wxh=1/2 in x 18 in; piece_count=6",,,,,,,,,,,,,,,,,,,,,,,,,,,Sanding Belt,,,,,,,,,,,,,,,,,,,,,,,,,,,,,,,,,,,,,,,,,,,,,,,,,,,,,,,,,,,,,,,,,,,,,,,,,,,,,,,,,,,,,,,,,,,,,,,,,,,,,,,,,,,,,,,,,,,,,,,,,,,,,,,,,,,,,,,,,,,,,,,,,,,,,,,,,,,,,,,,,,,,,,,,,,,,,,,,,,,,,,,,,,,,,,,,,,,,,
,,,,,,,Tools & Hardware,Measuring & Layout,Levels & Lasers,,3MABR-7100075678,3M 775L Stikit Film P150 - Cubitron II 50 Disc/Box,,,,Jam Industrial Supply LLC (JAMIN),Jam Industrial Supply LLC,3M,,3MABR-7100075678,,Tools & Hardware>Hand Tools>Measuring & Layout Tools>Laser Levels,"Jam Industrial Supply LLC, 3M, 3M 775L Stikit Film P150 - Cubitron II 50 Disc/Box, 3MABR-7100075678",775L STIKIT FILM P150 - CUBITRON II 50 DISC/BOX,"3M 3M 775L Stikit Film P150 - Cubitron II 50 Disc/Box 3MABR-7100075678, grit_value=150","3M 3M 775L Stikit Film P150 - Cubitron II 50 Disc/Box 3MABR-7100075678, grit_value=150. High performance industrial and commercial grade 3m 775l stikit film p150 - cubitron ii 50 disc/box designed for professional applications.","3M 3M 775L Stikit Film P150 - Cubitron II 50 Disc/Box, grit_value=150",,,,,,,,,,,,,,,,,,,,,,,,,,,,,,,,,,,,,,,,,,,,,,,,,,,,,,,,,,,,,,,,,,,,,,,,,,,,,,,,,,,,,,,,,,,,,,,,,,,,,,,,,,,,,,,,,,,,,,,,,,,,,,,,,,,,,,,,,,,,,,,,,,,,,,,,,,,,,,,,,,,,,,,,,,,,,,,,,,,,,,,,,,,,,,,,,,,,,,,,,,,,,,,,,,,,,,,,,,,,,,,,
,,,,,,,Tools & Hardware,Measuring & Layout,Levels & Lasers,,3MABR-7100045865,3M 775L Stikit Film P120 - Cubitron II 50 Disc/Box,,,,Jam Industrial Supply LLC (JAMIN),Jam Industrial Supply LLC,3M,,3MABR-7100045865,,Tools & Hardware>Hand Tools>Measuring & Layout Tools>Laser Levels,"Jam Industrial Supply LLC, 3M, 3M 775L Stikit Film P120 - Cubitron II 50 Disc/Box, 3MABR-7100045865",775L STIKIT FILM P120 - CUBITRON II 50 DISC/BOX,"3M 3M 775L Stikit Film P120 - Cubitron II 50 Disc/Box 3MABR-7100045865, grit_value=120","3M 3M 775L Stikit Film P120 - Cubitron II 50 Disc/Box 3MABR-7100045865, grit_value=120. High performance industrial and commercial grade 3m 775l stikit film p120 - cubitron ii 50 disc/box designed for professional applications.","3M 3M 775L Stikit Film P120 - Cubitron II 50 Disc/Box, grit_value=120",,,,,,,,,,,,,,,,,,,,,,,,,,,,,,,,,,,,,,,,,,,,,,,,,,,,,,,,,,,,,,,,,,,,,,,,,,,,,,,,,,,,,,,,,,,,,,,,,,,,,,,,,,,,,,,,,,,,,,,,,,,,,,,,,,,,,,,,,,,,,,,,,,,,,,,,,,,,,,,,,,,,,,,,,,,,,,,,,,,,,,,,,,,,,,,,,,,,,,,,,,,,,,,,,,,,,,,,,,,,,,,,
,,,,,,,Tools & Hardware,Measuring & Layout,Levels & Lasers,,3MABR-7100048736,3M 775L Stikit Film P80 - Cubitron II 50 Disc/Box,,,,Jam Industrial Supply LLC (JAMIN),Jam Industrial Supply LLC,3M,,3MABR-7100048736,,Tools & Hardware>Hand Tools>Measuring & Layout Tools>Laser Levels,"Jam Industrial Supply LLC, 3M, 3M 775L Stikit Film P80 - Cubitron II 50 Disc/Box, 3MABR-7100048736",775L STIKIT FILM P80 - CUBITRON II 50 DISC/BOX,"3M 3M 775L Stikit Film P80 - Cubitron II 50 Disc/Box 3MABR-7100048736, grit_value=80","3M 3M 775L Stikit Film P80 - Cubitron II 50 Disc/Box 3MABR-7100048736, grit_value=80. High performance industrial and commercial grade 3m 775l stikit film p80 - cubitron ii 50 disc/box designed for professional applications.","3M 3M 775L Stikit Film P80 - Cubitron II 50 Disc/Box, grit_value=80",,,,,,,,,,,,,,,,,,,,,,,,,,,,,,,,,,,,,,,,,,,,,,,,,,,,,,,,,,,,,,,,,,,,,,,,,,,,,,,,,,,,,,,,,,,,,,,,,,,,,,,,,,,,,,,,,,,,,,,,,,,,,,,,,,,,,,,,,,,,,,,,,,,,,,,,,,,,,,,,,,,,,,,,,,,,,,,,,,,,,,,,,,,,,,,,,,,,,,,,,,,,,,,,,,,,,,,,,,,,,,,,
,,,,,,,Tools & Hardware,Measuring & Layout,Levels & Lasers,,3MABR-7100075690,3M 775L Stikit Film P180 - Cubitron II 50 Disc/Box,,,,Jam Industrial Supply LLC (JAMIN),Jam Industrial Supply LLC,3M,,3MABR-7100075690,,Tools & Hardware>Hand Tools>Measuring & Layout Tools>Laser Levels,"Jam Industrial Supply LLC, 3M, 3M 775L Stikit Film P180 - Cubitron II 50 Disc/Box, 3MABR-7100075690",775L STIKIT FILM P180 - CUBITRON II 50 DISC/BOX,"3M 3M 775L Stikit Film P180 - Cubitron II 50 Disc/Box 3MABR-7100075690, grit_value=180","3M 3M 775L Stikit Film P180 - Cubitron II 50 Disc/Box 3MABR-7100075690, grit_value=180. High performance industrial and commercial grade 3m 775l stikit film p180 - cubitron ii 50 disc/box designed for professional applications.","3M 3M 775L Stikit Film P180 - Cubitron II 50 Disc/Box, grit_value=180",,,,,,,,,,,,,,,,,,,,,,,,,,,,,,,,,,,,,,,,,,,,,,,,,,,,,,,,,,,,,,,,,,,,,,,,,,,,,,,,,,,,,,,,,,,,,,,,,,,,,,,,,,,,,,,,,,,,,,,,,,,,,,,,,,,,,,,,,,,,,,,,,,,,,,,,,,,,,,,,,,,,,,,,,,,,,,,,,,,,,,,,,,,,,,,,,,,,,,,,,,,,,,,,,,,,,,,,,,,,,,,,
,,,,,,,Tools & Hardware,Measuring & Layout,Levels & Lasers,,3MABR-7100075692,3M 775L Stikit Film P220 - Cubitron II 50 Disc/Box,,,,Jam Industrial Supply LLC (JAMIN),Jam Industrial Supply LLC,3M,,3MABR-7100075692,,Tools & Hardware>Hand Tools>Measuring & Layout Tools>Laser Levels,"Jam Industrial Supply LLC, 3M, 3M 775L Stikit Film P220 - Cubitron II 50 Disc/Box, 3MABR-7100075692",775L STIKIT FILM P220 - CUBITRON II 50 DISC/BOX,"3M 3M 775L Stikit Film P220 - Cubitron II 50 Disc/Box 3MABR-7100075692, grit_value=220","3M 3M 775L Stikit Film P220 - Cubitron II 50 Disc/Box 3MABR-7100075692, grit_value=220. High performance industrial and commercial grade 3m 775l stikit film p220 - cubitron ii 50 disc/box designed for professional applications.","3M 3M 775L Stikit Film P220 - Cubitron II 50 Disc/Box, grit_value=220",,,,,,,,,,,,,,,,,,,,,,,,,,,,,,,,,,,,,,,,,,,,,,,,,,,,,,,,,,,,,,,,,,,,,,,,,,,,,,,,,,,,,,,,,,,,,,,,,,,,,,,,,,,,,,,,,,,,,,,,,,,,,,,,,,,,,,,,,,,,,,,,,,,,,,,,,,,,,,,,,,,,,,,,,,,,,,,,,,,,,,,,,,,,,,,,,,,,,,,,,,,,,,,,,,,,,,,,,,,,,,,,
,,,,,,,Tools & Hardware,Measuring & Layout,Levels & Lasers,,3MABR-7100145365,3M 775L Stikit Film P320 - Cubitron II 50 Disc/Box,,,,Jam Industrial Supply LLC (JAMIN),Jam Industrial Supply LLC,3M,,3MABR-7100145365,,Tools & Hardware>Hand Tools>Measuring & Layout Tools>Laser Levels,"Jam Industrial Supply LLC, 3M, 3M 775L Stikit Film P320 - Cubitron II 50 Disc/Box, 3MABR-7100145365",775L STIKIT FILM P320 - CUBITRON II 50 DISC/BOX,"3M 3M 775L Stikit Film P320 - Cubitron II 50 Disc/Box 3MABR-7100145365, grit_value=320","3M 3M 775L Stikit Film P320 - Cubitron II 50 Disc/Box 3MABR-7100145365, grit_value=320. High performance industrial and commercial grade 3m 775l stikit film p320 - cubitron ii 50 disc/box designed for professional applications.","3M 3M 775L Stikit Film P320 - Cubitron II 50 Disc/Box, grit_value=320",,,,,,,,,,,,,,,,,,,,,,,,,,,,,,,,,,,,,,,,,,,,,,,,,,,,,,,,,,,,,,,,,,,,,,,,,,,,,,,,,,,,,,,,,,,,,,,,,,,,,,,,,,,,,,,,,,,,,,,,,,,,,,,,,,,,,,,,,,,,,,,,,,,,,,,,,,,,,,,,,,,,,,,,,,,,,,,,,,,,,,,,,,,,,,,,,,,,,,,,,,,,,,,,,,,,,,,,,,,,,,,,
,,,,,,,Electrical,Fittings & Conduit,Cord Grips & Connectors,,5B-332-080,"5B-332-080 HIOLIT 5"" P80",,,,Mirka Abrasives Inc (MIRUS),Mirka Abrasives Inc,,,5B-332-080,,Electrical>Conduit & Fittings>Cord Grips & Connectors,"Mirka Abrasives Inc, 5B-332-080 HIOLIT 5"" P80, 5B-332-080","HIOLIT 5"" P80","5B-332-080 HIOLIT 5"" P80 5B-332-080, grit_value=80","5B-332-080 HIOLIT 5"" P80 5B-332-080, grit_value=80. High performance industrial and commercial grade 5b-332-080 hiolit 5"" p80 designed for professional applications.","5B-332-080 HIOLIT 5"" P80, grit_value=80",,,,,,,,,,,,,,,,,,,,,,,,,,,,,,,,,,,,,,,,,,,,,,,,,,,,,,,,,,,,,,,,,,,,,,,,,,,,,,,,,,,,,,,,,,,,,,,,,,,,,,,,,,,,,,,,,,,,,,,,,,,,,,,,,,,,,,,,,,,,,,,,,,,,,,,,,,,,,,,,,,,,,,,,,,,,,,,,,,,,,,,,,,,,,,,,,,,,,,,,,,,,,,,,,,,,,,,,,,,,,,,,
,,,,,,,Electrical,Fittings & Conduit,Cord Grips & Connectors,,5B-332-120,"5B-332-120 HIOLIT 5"" P120",,,,Mirka Abrasives Inc (MIRUS),Mirka Abrasives Inc,,,5B-332-120,,Electrical>Conduit & Fittings>Cord Grips & Connectors,"Mirka Abrasives Inc, 5B-332-120 HIOLIT 5"" P120, 5B-332-120","HIOLIT 5"" P120","5B-332-120 HIOLIT 5"" P120 5B-332-120, grit_value=120","5B-332-120 HIOLIT 5"" P120 5B-332-120, grit_value=120. High performance industrial and commercial grade 5b-332-120 hiolit 5"" p120 designed for professional applications.","5B-332-120 HIOLIT 5"" P120, grit_value=120",,,,,,,,,,,,,,,,,,,,,,,,,,,,,,,,,,,,,,,,,,,,,,,,,,,,,,,,,,,,,,,,,,,,,,,,,,,,,,,,,,,,,,,,,,,,,,,,,,,,,,,,,,,,,,,,,,,,,,,,,,,,,,,,,,,,,,,,,,,,,,,,,,,,,,,,,,,,,,,,,,,,,,,,,,,,,,,,,,,,,,,,,,,,,,,,,,,,,,,,,,,,,,,,,,,,,,,,,,,,,,,,
,,,,,,,Electrical,Fittings & Conduit,Cord Grips & Connectors,,9A-570-240,9A-570-240 Abranet 2.75x30,,,,Mirka Abrasives Inc (MIRUS),Mirka Abrasives Inc,,,9A-570-240,,Electrical>Conduit & Fittings>Cord Grips & Connectors,"Mirka Abrasives Inc, 9A-570-240 Abranet 2.75x30, 9A-570-240",ABRANET 2.75X30,9A-570-240 Abranet 2.75x30 9A-570-240,9A-570-240 Abranet 2.75x30 9A-570-240. High performance industrial and commercial grade 9a-570-240 abranet 2.75x30 designed for professional applications.,9A-570-240 Abranet 2.75x30,,,,,,,,,,,,,,,,,,,,,,,,,,,,,,,,,,,,,,,,,,,,,,,,,,,,,,,,,,,,,,,,,,,,,,,,,,,,,,,,,,,,,,,,,,,,,,,,,,,,,,,,,,,,,,,,,,,,,,,,,,,,,,,,,,,,,,,,,,,,,,,,,,,,,,,,,,,,,,,,,,,,,,,,,,,,,,,,,,,,,,,,,,,,,,,,,,,,,,,,,,,,,,,,,,,,,,,,,,,,,,,,
,,,,,,,Electrical,Fittings & Conduit,Cord Grips & Connectors,,9A-570-320,9A-570-320 Abranet 2.75x30,,,,Mirka Abrasives Inc (MIRUS),Mirka Abrasives Inc,,,9A-570-320,,Electrical>Conduit & Fittings>Cord Grips & Connectors,"Mirka Abrasives Inc, 9A-570-320 Abranet 2.75x30, 9A-570-320",ABRANET 2.75X30,9A-570-320 Abranet 2.75x30 9A-570-320,9A-570-320 Abranet 2.75x30 9A-570-320. High performance industrial and commercial grade 9a-570-320 abranet 2.75x30 designed for professional applications.,9A-570-320 Abranet 2.75x30,,,,,,,,,,,,,,,,,,,,,,,,,,,,,,,,,,,,,,,,,,,,,,,,,,,,,,,,,,,,,,,,,,,,,,,,,,,,,,,,,,,,,,,,,,,,,,,,,,,,,,,,,,,,,,,,,,,,,,,,,,,,,,,,,,,,,,,,,,,,,,,,,,,,,,,,,,,,,,,,,,,,,,,,,,,,,,,,,,,,,,,,,,,,,,,,,,,,,,,,,,,,,,,,,,,,,,,,,,,,,,,,
,,,,,,,Tools & Hardware,Abrasives,Sanding Belts & Discs,,DBD090094101F,"DBD090094101F Diablo 9"" - Metal Cut-Off Disc",,,,Freud Inc (2435),Freud Inc,Diablo,,DBD090094101F,,Tools & Hardware>Abrasives & Polishing>Sanding Belts & Discs,"Freud Inc, Diablo, DBD090094101F Diablo 9"" - Metal Cut-Off Disc, DBD090094101F","DIABLO 9"" - METAL CUT-OFF DISC","Diablo DBD090094101F Diablo 9"" - Metal Cut-Off Disc DBD090094101F","Diablo DBD090094101F Diablo 9"" - Metal Cut-Off Disc DBD090094101F. High performance industrial and commercial grade dbd090094101f diablo 9"" - metal cut-off disc designed for professional applications.","Diablo DBD090094101F Diablo 9"" - Metal Cut-Off Disc",,,,,,,,,,,,,,,,,,,,,,,,,,,,,,,,,,,,,,,,,,,,,,,,,,,,,,,,,,,,,,,,,,,,,,,,,,,,,,,,,,,,,,,,,,,,,,,,,,,,,,,,,,,,,,,,,,,,,,,,,,,,,,,,,,,,,,,,,,,,,,,,,,,,,,,,,,,,,,,,,,,,,,,,,,,,,,,,,,,,,,,,,,,,,,,,,,,,,,,,,,,,,,,,,,,,,,,,,,,,,,,,
,,,,,,,Tools & Hardware,Abrasives,Sanding Belts & Discs,,DBDS12125A01F,"DBDS12125A01F Diablo 12"" - Steel Demon Metal Cut-Off Disc",,,,Freud Inc (2435),Freud Inc,Diablo,,DBDS12125A01F,,Tools & Hardware>Abrasives & Polishing>Sanding Belts & Discs,"Freud Inc, Diablo, DBDS12125A01F Diablo 12"" - Steel Demon Metal Cut-Off Disc, DBDS12125A01F","DIABLO 12"" - STEEL DEMON METAL CUT-OFF DISC","Diablo DBDS12125A01F Diablo 12"" - Steel Demon Metal Cut-Off Disc DBDS12125A01F","Diablo DBDS12125A01F Diablo 12"" - Steel Demon Metal Cut-Off Disc DBDS12125A01F. High performance industrial and commercial grade dbds12125a01f diablo 12"" - steel demon metal cut-off disc designed for professional applications.","Diablo DBDS12125A01F Diablo 12"" - Steel Demon Metal Cut-Off Disc",,,,,,,,,,,,,,,,,,,,,,,,,,,,,,,,,,,,,,,,,,,,,,,,,,,,,,,,,,,,,,,,,,,,,,,,,,,,,,,,,,,,,,,,,,,,,,,,,,,,,,,,,,,,,,,,,,,,,,,,,,,,,,,,,,,,,,,,,,,,,,,,,,,,,,,,,,,,,,,,,,,,,,,,,,,,,,,,,,,,,,,,,,,,,,,,,,,,,,,,,,,,,,,,,,,,,,,,,,,,,,,,
,,,,,,,Tools & Hardware,Abrasives,Sanding Belts & Discs,,DBDS12125G01F,"DBDS12125G01F Diablo 12""x20mm - Speed Demon Metal Cut-Off Disc",,,,Freud Inc (2435),Freud Inc,Diablo,,DBDS12125G01F,,Tools & Hardware>Abrasives & Polishing>Sanding Belts & Discs,"Freud Inc, Diablo, DBDS12125G01F Diablo 12""x20mm - Speed Demon Metal Cut-Off Disc, DBDS12125G01F","DIABLO 12""X20MM - SPEED DEMON METAL CUT-OFF DISC","Diablo DBDS12125G01F Diablo 12""x20mm - Speed Demon Metal Cut-Off Disc DBDS12125G01F","Diablo DBDS12125G01F Diablo 12""x20mm - Speed Demon Metal Cut-Off Disc DBDS12125G01F. High performance industrial and commercial grade dbds12125g01f diablo 12""x20mm - speed demon metal cut-off disc designed for professional applications.","Diablo DBDS12125G01F Diablo 12""x20mm - Speed Demon Metal Cut-Off Disc",,,,,,,,,,,,,,,,,,,,,,,,,,,,,,,,,,,,,,,,,,,,,,,,,,,,,,,,,,,,,,,,,,,,,,,,,,,,,,,,,,,,,,,,,,,,,,,,,,,,,,,,,,,,,,,,,,,,,,,,,,,,,,,,,,,,,,,,,,,,,,,,,,,,,,,,,,,,,,,,,,,,,,,,,,,,,,,,,,,,,,,,,,,,,,,,,,,,,,,,,,,,,,,,,,,,,,,,,,,,,,,,
,,,,,,,Tools & Hardware,Abrasives,Sanding Belts & Discs,,DBDS14125A01F,"DBDS14125A01F Diablo 14""x1"" - Steel Demon Metal Cut-Off Disc",,,,Freud Inc (2435),Freud Inc,Diablo,,DBDS14125A01F,,Tools & Hardware>Abrasives & Polishing>Sanding Belts & Discs,"Freud Inc, Diablo, DBDS14125A01F Diablo 14""x1"" - Steel Demon Metal Cut-Off Disc, DBDS14125A01F","DIABLO 14""X1"" - STEEL DEMON METAL CUT-OFF DISC","Diablo DBDS14125A01F Diablo 14""x1"" - Steel Demon Metal Cut-Off Disc DBDS14125A01F, dimension_wxh=14 in x 1 in","Diablo DBDS14125A01F Diablo 14""x1"" - Steel Demon Metal Cut-Off Disc DBDS14125A01F, dimension_wxh=14 in x 1 in. High performance industrial and commercial grade dbds14125a01f diablo 14""x1"" - steel demon metal cut-off disc designed for professional applications.","Diablo DBDS14125A01F Diablo 14""x1"" - Steel Demon Metal Cut-Off Disc, dimension_wxh=14 in x 1 in",,,,,,,,,,,,,,,,,,,,,,,,,,,,,,,,,,,,,,,,,,,,,,,,,,,,,,,,,,,,,,,,,,,,,,,,,,,,,,,,,,,,,,,,,,,,,,,,,,,,,,,,,,,,,,,,,,,,,,,,,,,,,,,,,,,,,,,,,,,,,,,,,,,,,,,,,,,,,,,,,,,,,,,,,,,,,,,,,,,,,,,,,,,,,,,,,,,,,,,,,,,,,,,,,,,,,,,,,,,,,,,,
,,,,,,,Tools & Hardware,Abrasives,Sanding Belts & Discs,,DBDS14125G01F,"DBDS14125G01F Diablo 14""x20mm - Steel Demon Metal Cut-Off Disc",,,,Freud Inc (2435),Freud Inc,Diablo,,DBDS14125G01F,,Tools & Hardware>Abrasives & Polishing>Sanding Belts & Discs,"Freud Inc, Diablo, DBDS14125G01F Diablo 14""x20mm - Steel Demon Metal Cut-Off Disc, DBDS14125G01F","DIABLO 14""X20MM - STEEL DEMON METAL CUT-OFF DISC","Diablo DBDS14125G01F Diablo 14""x20mm - Steel Demon Metal Cut-Off Disc DBDS14125G01F","Diablo DBDS14125G01F Diablo 14""x20mm - Steel Demon Metal Cut-Off Disc DBDS14125G01F. High performance industrial and commercial grade dbds14125g01f diablo 14""x20mm - steel demon metal cut-off disc designed for professional applications.","Diablo DBDS14125G01F Diablo 14""x20mm - Steel Demon Metal Cut-Off Disc",,,,,,,,,,,,,,,,,,,,,,,,,,,,,,,,,,,,,,,,,,,,,,,,,,,,,,,,,,,,,,,,,,,,,,,,,,,,,,,,,,,,,,,,,,,,,,,,,,,,,,,,,,,,,,,,,,,,,,,,,,,,,,,,,,,,,,,,,,,,,,,,,,,,,,,,,,,,,,,,,,,,,,,,,,,,,,,,,,,,,,,,,,,,,,,,,,,,,,,,,,,,,,,,,,,,,,,,,,,,,,,,
,,,,,,,Tools & Hardware,Abrasives,Sanding Belts & Discs,,49-94-0013,"49-94-0013 Milw 5""x.045""x7/8"" Metal Cut Off Disc",,,,Milwaukee Accessory (4031),Milwaukee Accessory,Milwaukee,,49-94-0013,,Tools & Hardware>Abrasives & Polishing>Sanding Belts & Discs,"Milwaukee Accessory, Milwaukee, 49-94-0013 Milw 5""x.045""x7/8"" Metal Cut Off Disc, 49-94-0013","MILW 5""X.045""X7/8"" METAL CUT OFF DISC","Milwaukee 49-94-0013 Milw 5""x.045""x7/8"" Metal Cut Off Disc 49-94-0013, dimension_wxh=045 in x 7/8 in","Milwaukee 49-94-0013 Milw 5""x.045""x7/8"" Metal Cut Off Disc 49-94-0013, dimension_wxh=045 in x 7/8 in. High performance industrial and commercial grade 49-94-0013 milw 5""x.045""x7/8"" metal cut off disc designed for professional applications.","Milwaukee 49-94-0013 Milw 5""x.045""x7/8"" Metal Cut Off Disc, dimension_wxh=045 in x 7/8 in",,,,,,,,,,,,,,,,,,,,,,,,,,,,,,,,,,,,,,,,,,,,,,,,,,,,,,,,,,,,,,,,,,,,,,,,,,,,,,,,,,,,,,,,,,,,,,,,,,,,,,,,,,,,,,,,,,,,,,,,,,,,,,,,,,,,,,,,,,,,,,,,,,,,,,,,,,,,,,,,,,,,,,,,,,,,,,,,,,,,,,,,,,,,,,,,,,,,,,,,,,,,,,,,,,,,,,,,,,,,,,,,
,,,,,,,Tools & Hardware,Abrasives,Sanding Belts & Discs,,49-94-0029,"49-94-0029 Milw 6-1/2""x1/8""x5/8"" DKO Metal Cut Off Disc",,,,Milwaukee Accessory (4031),Milwaukee Accessory,Milwaukee,,49-94-0029,,Tools & Hardware>Abrasives & Polishing>Sanding Belts & Discs,"Milwaukee Accessory, Milwaukee, 49-94-0029 Milw 6-1/2""x1/8""x5/8"" DKO Metal Cut Off Disc, 49-94-0029","MILW 6-1/2""X1/8""X5/8"" DKO METAL CUT OFF DISC","Milwaukee 49-94-0029 Milw 6-1/2""x1/8""x5/8"" DKO Metal Cut Off Disc 49-94-0029, dimension_wxh=6-1/2 in x 1/8 in","Milwaukee 49-94-0029 Milw 6-1/2""x1/8""x5/8"" DKO Metal Cut Off Disc 49-94-0029, dimension_wxh=6-1/2 in x 1/8 in. High performance industrial and commercial grade 49-94-0029 milw 6-1/2""x1/8""x5/8"" dko metal cut off disc designed for professional applications.","Milwaukee 49-94-0029 Milw 6-1/2""x1/8""x5/8"" DKO Metal Cut Off Disc, dimension_wxh=6-1/2 in x 1/8 in",,,,,,,,,,,,,,,,,,,,,,,,,,,,,,,,,,,,,,,,,,,,,,,,,,,,,,,,,,,,,,,,,,,,,,,,,,,,,,,,,,,,,,,,,,,,,,,,,,,,,,,,,,,,,,,,,,,,,,,,,,,,,,,,,,,,,,,,,,,,,,,,,,,,,,,,,,,,,,,,,,,,,,,,,,,,,,,,,,,,,,,,,,,,,,,,,,,,,,,,,,,,,,,,,,,,,,,,,,,,,,,,
,,,,,,,Tools & Hardware,Abrasives,Sanding Belts & Discs,,49-94-0033,"49-94-0033 Milw 7""x1/16""x7/8"" Metal Cut Off Disc",,,,Milwaukee Accessory (4031),Milwaukee Accessory,Milwaukee,,49-94-0033,,Tools & Hardware>Abrasives & Polishing>Sanding Belts & Discs,"Milwaukee Accessory, Milwaukee, 49-94-0033 Milw 7""x1/16""x7/8"" Metal Cut Off Disc, 49-94-0033","MILW 7""X1/16""X7/8"" METAL CUT OFF DISC","Milwaukee 49-94-0033 Milw 7""x1/16""x7/8"" Metal Cut Off Disc 49-94-0033, dimension_wxh=7 in x 1/16 in","Milwaukee 49-94-0033 Milw 7""x1/16""x7/8"" Metal Cut Off Disc 49-94-0033, dimension_wxh=7 in x 1/16 in. High performance industrial and commercial grade 49-94-0033 milw 7""x1/16""x7/8"" metal cut off disc designed for professional applications.","Milwaukee 49-94-0033 Milw 7""x1/16""x7/8"" Metal Cut Off Disc, dimension_wxh=7 in x 1/16 in",,,,,,,,,,,,,,,,,,,,,,,,,,,,,,,,,,,,,,,,,,,,,,,,,,,,,,,,,,,,,,,,,,,,,,,,,,,,,,,,,,,,,,,,,,,,,,,,,,,,,,,,,,,,,,,,,,,,,,,,,,,,,,,,,,,,,,,,,,,,,,,,,,,,,,,,,,,,,,,,,,,,,,,,,,,,,,,,,,,,,,,,,,,,,,,,,,,,,,,,,,,,,,,,,,,,,,,,,,,,,,,,
,,,,,,,Tools & Hardware,Abrasives,Sanding Belts & Discs,,49-94-0001,"49-94-0001 Milw 4""x.040""x5/8"" Metal Cut Off Disc",,,,Milwaukee Accessory (4031),Milwaukee Accessory,Milwaukee,,49-94-0001,,Tools & Hardware>Abrasives & Polishing>Sanding Belts & Discs,"Milwaukee Accessory, Milwaukee, 49-94-0001 Milw 4""x.040""x5/8"" Metal Cut Off Disc, 49-94-0001","MILW 4""X.040""X5/8"" METAL CUT OFF DISC","Milwaukee 49-94-0001 Milw 4""x.040""x5/8"" Metal Cut Off Disc 49-94-0001, dimension_wxh=040 in x 5/8 in","Milwaukee 49-94-0001 Milw 4""x.040""x5/8"" Metal Cut Off Disc 49-94-0001, dimension_wxh=040 in x 5/8 in. High performance industrial and commercial grade 49-94-0001 milw 4""x.040""x5/8"" metal cut off disc designed for professional applications.","Milwaukee 49-94-0001 Milw 4""x.040""x5/8"" Metal Cut Off Disc, dimension_wxh=040 in x 5/8 in",,,,,,,,,,,,,,,,,,,,,,,,,,,,,,,,,,,,,,,,,,,,,,,,,,,,,,,,,,,,,,,,,,,,,,,,,,,,,,,,,,,,,,,,,,,,,,,,,,,,,,,,,,,,,,,,,,,,,,,,,,,,,,,,,,,,,,,,,,,,,,,,,,,,,,,,,,,,,,,,,,,,,,,,,,,,,,,,,,,,,,,,,,,,,,,,,,,,,,,,,,,,,,,,,,,,,,,,,,,,,,,,
,,,,,,,Tools & Hardware,Abrasives,Sanding Belts & Discs,,49-94-0039,"49-94-0039 Milw 7""x1/8""x5/8"" DKO Metal Cut Off Disc",,,,Milwaukee Accessory (4031),Milwaukee Accessory,Milwaukee,,49-94-0039,,Tools & Hardware>Abrasives & Polishing>Sanding Belts & Discs,"Milwaukee Accessory, Milwaukee, 49-94-0039 Milw 7""x1/8""x5/8"" DKO Metal Cut Off Disc, 49-94-0039","MILW 7""X1/8""X5/8"" DKO METAL CUT OFF DISC","Milwaukee 49-94-0039 Milw 7""x1/8""x5/8"" DKO Metal Cut Off Disc 49-94-0039, dimension_wxh=7 in x 1/8 in","Milwaukee 49-94-0039 Milw 7""x1/8""x5/8"" DKO Metal Cut Off Disc 49-94-0039, dimension_wxh=7 in x 1/8 in. High performance industrial and commercial grade 49-94-0039 milw 7""x1/8""x5/8"" dko metal cut off disc designed for professional applications.","Milwaukee 49-94-0039 Milw 7""x1/8""x5/8"" DKO Metal Cut Off Disc, dimension_wxh=7 in x 1/8 in",,,,,,,,,,,,,,,,,,,,,,,,,,,,,,,,,,,,,,,,,,,,,,,,,,,,,,,,,,,,,,,,,,,,,,,,,,,,,,,,,,,,,,,,,,,,,,,,,,,,,,,,,,,,,,,,,,,,,,,,,,,,,,,,,,,,,,,,,,,,,,,,,,,,,,,,,,,,,,,,,,,,,,,,,,,,,,,,,,,,,,,,,,,,,,,,,,,,,,,,,,,,,,,,,,,,,,,,,,,,,,,,
,,,,,,,Tools & Hardware,Abrasives,Sanding Belts & Discs,,49-94-0043,"49-94-0043 Milw 9""x3/32""x7/8"" Metal Cut Off Disc",,,,Milwaukee Accessory (4031),Milwaukee Accessory,Milwaukee,,49-94-0043,,Tools & Hardware>Abrasives & Polishing>Sanding Belts & Discs,"Milwaukee Accessory, Milwaukee, 49-94-0043 Milw 9""x3/32""x7/8"" Metal Cut Off Disc, 49-94-0043","MILW 9""X3/32""X7/8"" METAL CUT OFF DISC","Milwaukee 49-94-0043 Milw 9""x3/32""x7/8"" Metal Cut Off Disc 49-94-0043, dimension_wxh=9 in x 3/32 in","Milwaukee 49-94-0043 Milw 9""x3/32""x7/8"" Metal Cut Off Disc 49-94-0043, dimension_wxh=9 in x 3/32 in. High performance industrial and commercial grade 49-94-0043 milw 9""x3/32""x7/8"" metal cut off disc designed for professional applications.","Milwaukee 49-94-0043 Milw 9""x3/32""x7/8"" Metal Cut Off Disc, dimension_wxh=9 in x 3/32 in",,,,,,,,,,,,,,,,,,,,,,,,,,,,,,,,,,,,,,,,,,,,,,,,,,,,,,,,,,,,,,,,,,,,,,,,,,,,,,,,,,,,,,,,,,,,,,,,,,,,,,,,,,,,,,,,,,,,,,,,,,,,,,,,,,,,,,,,,,,,,,,,,,,,,,,,,,,,,,,,,,,,,,,,,,,,,,,,,,,,,,,,,,,,,,,,,,,,,,,,,,,,,,,,,,,,,,,,,,,,,,,,
,,,,,,,Tools & Hardware,Abrasives,Grinding Wheels,,49-94-0048,"49-94-0048 Milw 12""x7/64""x1"" Metal Cut Off Disc General Purpose",,,,Milwaukee Accessory (4031),Milwaukee Accessory,Milwaukee,,49-94-0048,,Tools & Hardware>Abrasives & Polishing>Grinding & Cut-Off Wheels,"Milwaukee Accessory, Milwaukee, 49-94-0048 Milw 12""x7/64""x1"" Metal Cut Off Disc General Purpose, 49-94-0048","MILW 12""X7/64""X1"" METAL CUT OFF DISC GENERAL PURPOSE","Milwaukee 49-94-0048 Milw 12""x7/64""x1"" Metal Cut Off Disc General Purpose 49-94-0048, dimension_wxh=12 in x 7/64 in","Milwaukee 49-94-0048 Milw 12""x7/64""x1"" Metal Cut Off Disc General Purpose 49-94-0048, dimension_wxh=12 in x 7/64 in. High performance industrial and commercial grade 49-94-0048 milw 12""x7/64""x1"" metal cut off disc general purpose designed for professional applications.","Milwaukee 49-94-0048 Milw 12""x7/64""x1"" Metal Cut Off Disc General Purpose, dimension_wxh=12 in x 7/64 in",,,,,,,,,,,,,,,,,,,,,,,,,,,,,,,,,,,,,,,,,,,,,,,,,,,,,,,,,,,,,,,,,,,,,,,,,,,,,,,,,,,,,,,,,,,,,,,,,,,,,,,,,,,,,,,,,,,,,,,,,,,,,,,,,,,,,,,,,,,,,,,,,,,,,,,,,,,,,,,,,,,,,,,,,,,,,,,,,,,,,,,,,,,,,,,,,,,,,,,,,,,,,,,,,,,,,,,,,,,,,,,,
,,,,,,,Tools & Hardware,Abrasives,Sanding Belts & Discs,,49-94-0053,"49-94-0053 Milw 12""x1/8""x1"" Metal Cut Off Disc",,,,Milwaukee Accessory (4031),Milwaukee Accessory,Milwaukee,,49-94-0053,,Tools & Hardware>Abrasives & Polishing>Sanding Belts & Discs,"Milwaukee Accessory, Milwaukee, 49-94-0053 Milw 12""x1/8""x1"" Metal Cut Off Disc, 49-94-0053","MILW 12""X1/8""X1"" METAL CUT OFF DISC","Milwaukee 49-94-0053 Milw 12""x1/8""x1"" Metal Cut Off Disc 49-94-0053, dimension_wxh=12 in x 1/8 in","Milwaukee 49-94-0053 Milw 12""x1/8""x1"" Metal Cut Off Disc 49-94-0053, dimension_wxh=12 in x 1/8 in. High performance industrial and commercial grade 49-94-0053 milw 12""x1/8""x1"" metal cut off disc designed for professional applications.","Milwaukee 49-94-0053 Milw 12""x1/8""x1"" Metal Cut Off Disc, dimension_wxh=12 in x 1/8 in",,,,,,,,,,,,,,,,,,,,,,,,,,,,,,,,,,,,,,,,,,,,,,,,,,,,,,,,,,,,,,,,,,,,,,,,,,,,,,,,,,,,,,,,,,,,,,,,,,,,,,,,,,,,,,,,,,,,,,,,,,,,,,,,,,,,,,,,,,,,,,,,,,,,,,,,,,,,,,,,,,,,,,,,,,,,,,,,,,,,,,,,,,,,,,,,,,,,,,,,,,,,,,,,,,,,,,,,,,,,,,,,
,,,,,,,Tools & Hardware,Abrasives,Sanding Belts & Discs,,49-94-0058,"49-94-0058 Milw 12""x1/8""x20mm Metal Cut Off Disc",,,,Milwaukee Accessory (4031),Milwaukee Accessory,Milwaukee,,49-94-0058,,Tools & Hardware>Abrasives & Polishing>Sanding Belts & Discs,"Milwaukee Accessory, Milwaukee, 49-94-0058 Milw 12""x1/8""x20mm Metal Cut Off Disc, 49-94-0058","MILW 12""X1/8""X20MM METAL CUT OFF DISC","Milwaukee 49-94-0058 Milw 12""x1/8""x20mm Metal Cut Off Disc 49-94-0058, dimension_wxh=12 in x 1/8 in","Milwaukee 49-94-0058 Milw 12""x1/8""x20mm Metal Cut Off Disc 49-94-0058, dimension_wxh=12 in x 1/8 in. High performance industrial and commercial grade 49-94-0058 milw 12""x1/8""x20mm metal cut off disc designed for professional applications.","Milwaukee 49-94-0058 Milw 12""x1/8""x20mm Metal Cut Off Disc, dimension_wxh=12 in x 1/8 in",,,,,,,,,,,,,,,,,,,,,,,,,,,,,,,,,,,,,,,,,,,,,,,,,,,,,,,,,,,,,,,,,,,,,,,,,,,,,,,,,,,,,,,,,,,,,,,,,,,,,,,,,,,,,,,,,,,,,,,,,,,,,,,,,,,,,,,,,,,,,,,,,,,,,,,,,,,,,,,,,,,,,,,,,,,,,,,,,,,,,,,,,,,,,,,,,,,,,,,,,,,,,,,,,,,,,,,,,,,,,,,,
,,,,,,,Tools & Hardware,Abrasives,Grinding Wheels,,49-94-0063,"49-94-0063 Milw 14""x7/64""x1"" Metal Cut Off Disc General Purpose",,,,Milwaukee Accessory (4031),Milwaukee Accessory,Milwaukee,,49-94-0063,,Tools & Hardware>Abrasives & Polishing>Grinding & Cut-Off Wheels,"Milwaukee Accessory, Milwaukee, 49-94-0063 Milw 14""x7/64""x1"" Metal Cut Off Disc General Purpose, 49-94-0063","MILW 14""X7/64""X1"" METAL CUT OFF DISC GENERAL PURPOSE","Milwaukee 49-94-0063 Milw 14""x7/64""x1"" Metal Cut Off Disc General Purpose 49-94-0063, dimension_wxh=14 in x 7/64 in","Milwaukee 49-94-0063 Milw 14""x7/64""x1"" Metal Cut Off Disc General Purpose 49-94-0063, dimension_wxh=14 in x 7/64 in. High performance industrial and commercial grade 49-94-0063 milw 14""x7/64""x1"" metal cut off disc general purpose designed for professional applications.","Milwaukee 49-94-0063 Milw 14""x7/64""x1"" Metal Cut Off Disc General Purpose, dimension_wxh=14 in x 7/64 in",,,,,,,,,,,,,,,,,,,,,,,,,,,,,,,,,,,,,,,,,,,,,,,,,,,,,,,,,,,,,,,,,,,,,,,,,,,,,,,,,,,,,,,,,,,,,,,,,,,,,,,,,,,,,,,,,,,,,,,,,,,,,,,,,,,,,,,,,,,,,,,,,,,,,,,,,,,,,,,,,,,,,,,,,,,,,,,,,,,,,,,,,,,,,,,,,,,,,,,,,,,,,,,,,,,,,,,,,,,,,,,,
,,,,,,,Tools & Hardware,Abrasives,Sanding Belts & Discs,,49-94-0068,"49-94-0068 Milw 14""x1/8""x20mm Metal Cut Off Disc",,,,Milwaukee Accessory (4031),Milwaukee Accessory,Milwaukee,,49-94-0068,,Tools & Hardware>Abrasives & Polishing>Sanding Belts & Discs,"Milwaukee Accessory, Milwaukee, 49-94-0068 Milw 14""x1/8""x20mm Metal Cut Off Disc, 49-94-0068","MILW 14""X1/8""X20MM METAL CUT OFF DISC","Milwaukee 49-94-0068 Milw 14""x1/8""x20mm Metal Cut Off Disc 49-94-0068, dimension_wxh=14 in x 1/8 in","Milwaukee 49-94-0068 Milw 14""x1/8""x20mm Metal Cut Off Disc 49-94-0068, dimension_wxh=14 in x 1/8 in. High performance industrial and commercial grade 49-94-0068 milw 14""x1/8""x20mm metal cut off disc designed for professional applications.","Milwaukee 49-94-0068 Milw 14""x1/8""x20mm Metal Cut Off Disc, dimension_wxh=14 in x 1/8 in",,,,,,,,,,,,,,,,,,,,,,,,,,,,,,,,,,,,,,,,,,,,,,,,,,,,,,,,,,,,,,,,,,,,,,,,,,,,,,,,,,,,,,,,,,,,,,,,,,,,,,,,,,,,,,,,,,,,,,,,,,,,,,,,,,,,,,,,,,,,,,,,,,,,,,,,,,,,,,,,,,,,,,,,,,,,,,,,,,,,,,,,,,,,,,,,,,,,,,,,,,,,,,,,,,,,,,,,,,,,,,,,
,,,,,,,Tools & Hardware,Abrasives,Sanding Belts & Discs,,49-94-0073,"49-94-0073 Milw 14""x1/8""x1"" Metal Cut Off Disc",,,,Milwaukee Accessory (4031),Milwaukee Accessory,Milwaukee,,49-94-0073,,Tools & Hardware>Abrasives & Polishing>Sanding Belts & Discs,"Milwaukee Accessory, Milwaukee, 49-94-0073 Milw 14""x1/8""x1"" Metal Cut Off Disc, 49-94-0073","MILW 14""X1/8""X1"" METAL CUT OFF DISC","Milwaukee 49-94-0073 Milw 14""x1/8""x1"" Metal Cut Off Disc 49-94-0073, dimension_wxh=14 in x 1/8 in","Milwaukee 49-94-0073 Milw 14""x1/8""x1"" Metal Cut Off Disc 49-94-0073, dimension_wxh=14 in x 1/8 in. High performance industrial and commercial grade 49-94-0073 milw 14""x1/8""x1"" metal cut off disc designed for professional applications.","Milwaukee 49-94-0073 Milw 14""x1/8""x1"" Metal Cut Off Disc, dimension_wxh=14 in x 1/8 in",,,,,,,,,,,,,,,,,,,,,,,,,,,,,,,,,,,,,,,,,,,,,,,,,,,,,,,,,,,,,,,,,,,,,,,,,,,,,,,,,,,,,,,,,,,,,,,,,,,,,,,,,,,,,,,,,,,,,,,,,,,,,,,,,,,,,,,,,,,,,,,,,,,,,,,,,,,,,,,,,,,,,,,,,,,,,,,,,,,,,,,,,,,,,,,,,,,,,,,,,,,,,,,,,,,,,,,,,,,,,,,,
,,,,,,,Tools & Hardware,Abrasives,Sanding Belts & Discs,,49-94-0101,"49-94-0101 Milw 4-1/2""x.045""x7/8"" Perform+ Metal Cut Off Disc 10pc",,,,Milwaukee Accessory (4031),Milwaukee Accessory,Milwaukee,,49-94-0101,,Tools & Hardware>Abrasives & Polishing>Sanding Belts & Discs,"Milwaukee Accessory, Milwaukee, 49-94-0101 Milw 4-1/2""x.045""x7/8"" Perform+ Metal Cut Off Disc 10pc, 49-94-0101","MILW 4-1/2""X.045""X7/8"" PERFORM+ METAL CUT OFF DISC 10PC","Milwaukee 49-94-0101 Milw 4-1/2""x.045""x7/8"" Perform+ Metal Cut Off Disc 10pc 49-94-0101, dimension_wxh=045 in x 7/8 in; piece_count=10","Milwaukee 49-94-0101 Milw 4-1/2""x.045""x7/8"" Perform+ Metal Cut Off Disc 10pc 49-94-0101, dimension_wxh=045 in x 7/8 in; piece_count=10. High performance industrial and commercial grade 49-94-0101 milw 4-1/2""x.045""x7/8"" perform+ metal cut off disc 10pc designed for professional applications.","Milwaukee 49-94-0101 Milw 4-1/2""x.045""x7/8"" Perform+ Metal Cut Off Disc 10pc, dimension_wxh=045 in x 7/8 in; piece_count=10",,,,,,,,,,,,,,,,,,,,,,,,,,,,,,,,,,,,,,,,,,,,,,,,,,,,,,,,,,,,,,,,,,,,,,,,,,,,,,,,,,,,,,,,,,,,,,,,,,,,,,,,,,,,,,,,,,,,,,,,,,,,,,,,,,,,,,,,,,,,,,,,,,,,,,,,,,,,,,,,,,,,,,,,,,,,,,,,,,,,,,,,,,,,,,,,,,,,,,,,,,,,,,,,,,,,,,,,,,,,,,,,
,,,,,,,Tools & Hardware,Abrasives,Sanding Belts & Discs,,49-94-0107,"49-94-0107 Milw 4-1/2""x.045""x7/8"" Performance+ Metal Cut Off Disc",,,,Milwaukee Accessory (4031),Milwaukee Accessory,Milwaukee,,49-94-0107,,Tools & Hardware>Abrasives & Polishing>Sanding Belts & Discs,"Milwaukee Accessory, Milwaukee, 49-94-0107 Milw 4-1/2""x.045""x7/8"" Performance+ Metal Cut Off Disc, 49-94-0107","MILW 4-1/2""X.045""X7/8"" PERFORMANCE+ METAL CUT OFF DISC","Milwaukee 49-94-0107 Milw 4-1/2""x.045""x7/8"" Performance+ Metal Cut Off Disc 49-94-0107, dimension_wxh=045 in x 7/8 in","Milwaukee 49-94-0107 Milw 4-1/2""x.045""x7/8"" Performance+ Metal Cut Off Disc 49-94-0107, dimension_wxh=045 in x 7/8 in. High performance industrial and commercial grade 49-94-0107 milw 4-1/2""x.045""x7/8"" performance+ metal cut off disc designed for professional applications.","Milwaukee 49-94-0107 Milw 4-1/2""x.045""x7/8"" Performance+ Metal Cut Off Disc, dimension_wxh=045 in x 7/8 in",,,,,,,,,,,,,,,,,,,,,,,,,,,,,,,,,,,,,,,,,,,,,,,,,,,,,,,,,,,,,,,,,,,,,,,,,,,,,,,,,,,,,,,,,,,,,,,,,,,,,,,,,,,,,,,,,,,,,,,,,,,,,,,,,,,,,,,,,,,,,,,,,,,,,,,,,,,,,,,,,,,,,,,,,,,,,,,,,,,,,,,,,,,,,,,,,,,,,,,,,,,,,,,,,,,,,,,,,,,,,,,,
,,,,,,,Tools & Hardware,Abrasives,Sanding Belts & Discs,,49-94-0117,"49-94-0117 Milw 5""x.045""x7/8"" Performance+ Metal Cut Off Disc",,,,Milwaukee Accessory (4031),Milwaukee Accessory,Milwaukee,,49-94-0117,,Tools & Hardware>Abrasives & Polishing>Sanding Belts & Discs,"Milwaukee Accessory, Milwaukee, 49-94-0117 Milw 5""x.045""x7/8"" Performance+ Metal Cut Off Disc, 49-94-0117","MILW 5""X.045""X7/8"" PERFORMANCE+ METAL CUT OFF DISC","Milwaukee 49-94-0117 Milw 5""x.045""x7/8"" Performance+ Metal Cut Off Disc 49-94-0117, dimension_wxh=045 in x 7/8 in","Milwaukee 49-94-0117 Milw 5""x.045""x7/8"" Performance+ Metal Cut Off Disc 49-94-0117, dimension_wxh=045 in x 7/8 in. High performance industrial and commercial grade 49-94-0117 milw 5""x.045""x7/8"" performance+ metal cut off disc designed for professional applications.","Milwaukee 49-94-0117 Milw 5""x.045""x7/8"" Performance+ Metal Cut Off Disc, dimension_wxh=045 in x 7/8 in",,,,,,,,,,,,,,,,,,,,,,,,,,,,,,,,,,,,,,,,,,,,,,,,,,,,,,,,,,,,,,,,,,,,,,,,,,,,,,,,,,,,,,,,,,,,,,,,,,,,,,,,,,,,,,,,,,,,,,,,,,,,,,,,,,,,,,,,,,,,,,,,,,,,,,,,,,,,,,,,,,,,,,,,,,,,,,,,,,,,,,,,,,,,,,,,,,,,,,,,,,,,,,,,,,,,,,,,,,,,,,,,
,,,,,,,Tools & Hardware,Abrasives,Sanding Belts & Discs,,49-94-0123,"49-94-0123 Milw 6""x.045""x7/8"" Performance+ Metal Cut Off Disc",,,,Milwaukee Accessory (4031),Milwaukee Accessory,Milwaukee,,49-94-0123,,Tools & Hardware>Abrasives & Polishing>Sanding Belts & Discs,"Milwaukee Accessory, Milwaukee, 49-94-0123 Milw 6""x.045""x7/8"" Performance+ Metal Cut Off Disc, 49-94-0123","MILW 6""X.045""X7/8"" PERFORMANCE+ METAL CUT OFF DISC","Milwaukee 49-94-0123 Milw 6""x.045""x7/8"" Performance+ Metal Cut Off Disc 49-94-0123, dimension_wxh=045 in x 7/8 in","Milwaukee 49-94-0123 Milw 6""x.045""x7/8"" Performance+ Metal Cut Off Disc 49-94-0123, dimension_wxh=045 in x 7/8 in. High performance industrial and commercial grade 49-94-0123 milw 6""x.045""x7/8"" performance+ metal cut off disc designed for professional applications.","Milwaukee 49-94-0123 Milw 6""x.045""x7/8"" Performance+ Metal Cut Off Disc, dimension_wxh=045 in x 7/8 in",,,,,,,,,,,,,,,,,,,,,,,,,,,,,,,,,,,,,,,,,,,,,,,,,,,,,,,,,,,,,,,,,,,,,,,,,,,,,,,,,,,,,,,,,,,,,,,,,,,,,,,,,,,,,,,,,,,,,,,,,,,,,,,,,,,,,,,,,,,,,,,,,,,,,,,,,,,,,,,,,,,,,,,,,,,,,,,,,,,,,,,,,,,,,,,,,,,,,,,,,,,,,,,,,,,,,,,,,,,,,,,,
,,,,,,,Tools & Hardware,Abrasives,Sanding Belts & Discs,,49-94-0023,"49-94-0023 Milw 6""x.045""x7/8"" Metal Cut Off Disc",,,,Milwaukee Accessory (4031),Milwaukee Accessory,Milwaukee,,49-94-0023,,Tools & Hardware>Abrasives & Polishing>Sanding Belts & Discs,"Milwaukee Accessory, Milwaukee, 49-94-0023 Milw 6""x.045""x7/8"" Metal Cut Off Disc, 49-94-0023","MILW 6""X.045""X7/8"" METAL CUT OFF DISC","Milwaukee 49-94-0023 Milw 6""x.045""x7/8"" Metal Cut Off Disc 49-94-0023, dimension_wxh=045 in x 7/8 in","Milwaukee 49-94-0023 Milw 6""x.045""x7/8"" Metal Cut Off Disc 49-94-0023, dimension_wxh=045 in x 7/8 in. High performance industrial and commercial grade 49-94-0023 milw 6""x.045""x7/8"" metal cut off disc designed for professional applications.","Milwaukee 49-94-0023 Milw 6""x.045""x7/8"" Metal Cut Off Disc, dimension_wxh=045 in x 7/8 in",,,,,,,,,,,,,,,,,,,,,,,,,,,,,,,,,,,,,,,,,,,,,,,,,,,,,,,,,,,,,,,,,,,,,,,,,,,,,,,,,,,,,,,,,,,,,,,,,,,,,,,,,,,,,,,,,,,,,,,,,,,,,,,,,,,,,,,,,,,,,,,,,,,,,,,,,,,,,,,,,,,,,,,,,,,,,,,,,,,,,,,,,,,,,,,,,,,,,,,,,,,,,,,,,,,,,,,,,,,,,,,,
,,,,,,,Tools & Hardware,Abrasives,Sanding Belts & Discs,,49-94-0121,"49-94-0121 Milw 6""x.045""x7/8"" Performance+ Metal Cut Off Disc 10pc",,,,Milwaukee Accessory (4031),Milwaukee Accessory,Milwaukee,,49-94-0121,,Tools & Hardware>Abrasives & Polishing>Sanding Belts & Discs,"Milwaukee Accessory, Milwaukee, 49-94-0121 Milw 6""x.045""x7/8"" Performance+ Metal Cut Off Disc 10pc, 49-94-0121","MILW 6""X.045""X7/8"" PERFORMANCE+ METAL CUT OFF DISC 10PC","Milwaukee 49-94-0121 Milw 6""x.045""x7/8"" Performance+ Metal Cut Off Disc 10pc 49-94-0121, dimension_wxh=045 in x 7/8 in; piece_count=10","Milwaukee 49-94-0121 Milw 6""x.045""x7/8"" Performance+ Metal Cut Off Disc 10pc 49-94-0121, dimension_wxh=045 in x 7/8 in; piece_count=10. High performance industrial and commercial grade 49-94-0121 milw 6""x.045""x7/8"" performance+ metal cut off disc 10pc designed for professional applications.","Milwaukee 49-94-0121 Milw 6""x.045""x7/8"" Performance+ Metal Cut Off Disc 10pc, dimension_wxh=045 in x 7/8 in; piece_count=10",,,,,,,,,,,,,,,,,,,,,,,,,,,,,,,,,,,,,,,,,,,,,,,,,,,,,,,,,,,,,,,,,,,,,,,,,,,,,,,,,,,,,,,,,,,,,,,,,,,,,,,,,,,,,,,,,,,,,,,,,,,,,,,,,,,,,,,,,,,,,,,,,,,,,,,,,,,,,,,,,,,,,,,,,,,,,,,,,,,,,,,,,,,,,,,,,,,,,,,,,,,,,,,,,,,,,,,,,,,,,,,,
,,,,,,,Tools & Hardware,Abrasives,Sanding Belts & Discs,,49-94-0127,"49-94-0127 Milw 6""x.045""x7/8"" Performance+Metal Cut Off Disc",,,,Milwaukee Accessory (4031),Milwaukee Accessory,Milwaukee,,49-94-0127,,Tools & Hardware>Abrasives & Polishing>Sanding Belts & Discs,"Milwaukee Accessory, Milwaukee, 49-94-0127 Milw 6""x.045""x7/8"" Performance+Metal Cut Off Disc, 49-94-0127","MILW 6""X.045""X7/8"" PERFORMANCE+METAL CUT OFF DISC","Milwaukee 49-94-0127 Milw 6""x.045""x7/8"" Performance+Metal Cut Off Disc 49-94-0127, dimension_wxh=045 in x 7/8 in","Milwaukee 49-94-0127 Milw 6""x.045""x7/8"" Performance+Metal Cut Off Disc 49-94-0127, dimension_wxh=045 in x 7/8 in. High performance industrial and commercial grade 49-94-0127 milw 6""x.045""x7/8"" performance+metal cut off disc designed for professional applications.","Milwaukee 49-94-0127 Milw 6""x.045""x7/8"" Performance+Metal Cut Off Disc, dimension_wxh=045 in x 7/8 in",,,,,,,,,,,,,,,,,,,,,,,,,,,,,,,,,,,,,,,,,,,,,,,,,,,,,,,,,,,,,,,,,,,,,,,,,,,,,,,,,,,,,,,,,,,,,,,,,,,,,,,,,,,,,,,,,,,,,,,,,,,,,,,,,,,,,,,,,,,,,,,,,,,,,,,,,,,,,,,,,,,,,,,,,,,,,,,,,,,,,,,,,,,,,,,,,,,,,,,,,,,,,,,,,,,,,,,,,,,,,,,,
,,,,,,,Tools & Hardware,Abrasives,Sanding Belts & Discs,,49-94-0137,"49-94-0137 Milw 7""x3/32""x7/8"" Performance+ Metal Cut Off Disc",,,,Milwaukee Accessory (4031),Milwaukee Accessory,Milwaukee,,49-94-0137,,Tools & Hardware>Abrasives & Polishing>Sanding Belts & Discs,"Milwaukee Accessory, Milwaukee, 49-94-0137 Milw 7""x3/32""x7/8"" Performance+ Metal Cut Off Disc, 49-94-0137","MILW 7""X3/32""X7/8"" PERFORMANCE+ METAL CUT OFF DISC","Milwaukee 49-94-0137 Milw 7""x3/32""x7/8"" Performance+ Metal Cut Off Disc 49-94-0137, dimension_wxh=7 in x 3/32 in","Milwaukee 49-94-0137 Milw 7""x3/32""x7/8"" Performance+ Metal Cut Off Disc 49-94-0137, dimension_wxh=7 in x 3/32 in. High performance industrial and commercial grade 49-94-0137 milw 7""x3/32""x7/8"" performance+ metal cut off disc designed for professional applications.","Milwaukee 49-94-0137 Milw 7""x3/32""x7/8"" Performance+ Metal Cut Off Disc, dimension_wxh=7 in x 3/32 in",,,,,,,,,,,,,,,,,,,,,,,,,,,,,,,,,,,,,,,,,,,,,,,,,,,,,,,,,,,,,,,,,,,,,,,,,,,,,,,,,,,,,,,,,,,,,,,,,,,,,,,,,,,,,,,,,,,,,,,,,,,,,,,,,,,,,,,,,,,,,,,,,,,,,,,,,,,,,,,,,,,,,,,,,,,,,,,,,,,,,,,,,,,,,,,,,,,,,,,,,,,,,,,,,,,,,,,,,,,,,,,,
,,,,,,,Tools & Hardware,Abrasives,Sanding Belts & Discs,,49-94-0160,"49-94-0160 Milw 14""x7/64""x1"" Performance+ Metal Cut Off Disc",,,,Milwaukee Accessory (4031),Milwaukee Accessory,Milwaukee,,49-94-0160,,Tools & Hardware>Abrasives & Polishing>Sanding Belts & Discs,"Milwaukee Accessory, Milwaukee, 49-94-0160 Milw 14""x7/64""x1"" Performance+ Metal Cut Off Disc, 49-94-0160","MILW 14""X7/64""X1"" PERFORMANCE+ METAL CUT OFF DISC","Milwaukee 49-94-0160 Milw 14""x7/64""x1"" Performance+ Metal Cut Off Disc 49-94-0160, dimension_wxh=14 in x 7/64 in","Milwaukee 49-94-0160 Milw 14""x7/64""x1"" Performance+ Metal Cut Off Disc 49-94-0160, dimension_wxh=14 in x 7/64 in. High performance industrial and commercial grade 49-94-0160 milw 14""x7/64""x1"" performance+ metal cut off disc designed for professional applications.","Milwaukee 49-94-0160 Milw 14""x7/64""x1"" Performance+ Metal Cut Off Disc, dimension_wxh=14 in x 7/64 in",,,,,,,,,,,,,,,,,,,,,,,,,,,,,,,,,,,,,,,,,,,,,,,,,,,,,,,,,,,,,,,,,,,,,,,,,,,,,,,,,,,,,,,,,,,,,,,,,,,,,,,,,,,,,,,,,,,,,,,,,,,,,,,,,,,,,,,,,,,,,,,,,,,,,,,,,,,,,,,,,,,,,,,,,,,,,,,,,,,,,,,,,,,,,,,,,,,,,,,,,,,,,,,,,,,,,,,,,,,,,,,,
,,,,,,,Tools & Hardware,Abrasives,Sanding Belts & Discs,,49-94-0223,"49-94-0223 Milw 6""x.045""x7/8"" Ceramic+ Metal Cut Off Disc",,,,Milwaukee Accessory (4031),Milwaukee Accessory,Milwaukee,,49-94-0223,,Tools & Hardware>Abrasives & Polishing>Sanding Belts & Discs,"Milwaukee Accessory, Milwaukee, 49-94-0223 Milw 6""x.045""x7/8"" Ceramic+ Metal Cut Off Disc, 49-94-0223","MILW 6""X.045""X7/8"" CERAMIC+ METAL CUT OFF DISC","Milwaukee 49-94-0223 Milw 6""x.045""x7/8"" Ceramic+ Metal Cut Off Disc 49-94-0223, dimension_wxh=045 in x 7/8 in","Milwaukee 49-94-0223 Milw 6""x.045""x7/8"" Ceramic+ Metal Cut Off Disc 49-94-0223, dimension_wxh=045 in x 7/8 in. High performance industrial and commercial grade 49-94-0223 milw 6""x.045""x7/8"" ceramic+ metal cut off disc designed for professional applications.","Milwaukee 49-94-0223 Milw 6""x.045""x7/8"" Ceramic+ Metal Cut Off Disc, dimension_wxh=045 in x 7/8 in",,,,,,,,,,,,,,,,,,,,,,,,,,,,,,,,,,,,,,,,,,,,,,,,,,,,,,,,,,,,,,,,,,,,,,,,,,,,,,,,,,,,,,,,,,,,,,,,,,,,,,,,,,,,,,,,,,,,,,,,,,,,,,,,,,,,,,,,,,,,,,,,,,,,,,,,,,,,,,,,,,,,,,,,,,,,,,,,,,,,,,,,,,,,,,,,,,,,,,,,,,,,,,,,,,,,,,,,,,,,,,,,
,,,,,,,Tools & Hardware,Abrasives,Sanding Belts & Discs,,49-94-0445,"49-94-0445 Milw 10""x3/32""x5/8"" Performance+ Metal Cut Off Disc",,,,Milwaukee Accessory (4031),Milwaukee Accessory,Milwaukee,,49-94-0445,,Tools & Hardware>Abrasives & Polishing>Sanding Belts & Discs,"Milwaukee Accessory, Milwaukee, 49-94-0445 Milw 10""x3/32""x5/8"" Performance+ Metal Cut Off Disc, 49-94-0445","MILW 10""X3/32""X5/8"" PERFORMANCE+ METAL CUT OFF DISC","Milwaukee 49-94-0445 Milw 10""x3/32""x5/8"" Performance+ Metal Cut Off Disc 49-94-0445, dimension_wxh=10 in x 3/32 in","Milwaukee 49-94-0445 Milw 10""x3/32""x5/8"" Performance+ Metal Cut Off Disc 49-94-0445, dimension_wxh=10 in x 3/32 in. High performance industrial and commercial grade 49-94-0445 milw 10""x3/32""x5/8"" performance+ metal cut off disc designed for professional applications.","Milwaukee 49-94-0445 Milw 10""x3/32""x5/8"" Performance+ Metal Cut Off Disc, dimension_wxh=10 in x 3/32 in",,,,,,,,,,,,,,,,,,,,,,,,,,,,,,,,,,,,,,,,,,,,,,,,,,,,,,,,,,,,,,,,,,,,,,,,,,,,,,,,,,,,,,,,,,,,,,,,,,,,,,,,,,,,,,,,,,,,,,,,,,,,,,,,,,,,,,,,,,,,,,,,,,,,,,,,,,,,,,,,,,,,,,,,,,,,,,,,,,,,,,,,,,,,,,,,,,,,,,,,,,,,,,,,,,,,,,,,,,,,,,,,
,,,,,,,Tools & Hardware,Abrasives,Grinding Wheels,,49-94-0803,"49-94-0803 Milw 4-1/2""x1/8""x7/8"" Dual Metal Cut and Grind Disc",,,,Milwaukee Accessory (4031),Milwaukee Accessory,Milwaukee,,49-94-0803,,Tools & Hardware>Abrasives & Polishing>Grinding & Cut-Off Wheels,"Milwaukee Accessory, Milwaukee, 49-94-0803 Milw 4-1/2""x1/8""x7/8"" Dual Metal Cut and Grind Disc, 49-94-0803","MILW 4-1/2""X1/8""X7/8"" DUAL METAL CUT AND GRIND DISC","Milwaukee 49-94-0803 Milw 4-1/2""x1/8""x7/8"" Dual Metal Cut and Grind Disc 49-94-0803, dimension_wxh=4-1/2 in x 1/8 in","Milwaukee 49-94-0803 Milw 4-1/2""x1/8""x7/8"" Dual Metal Cut and Grind Disc 49-94-0803, dimension_wxh=4-1/2 in x 1/8 in. High performance industrial and commercial grade 49-94-0803 milw 4-1/2""x1/8""x7/8"" dual metal cut and grind disc designed for professional applications.","Milwaukee 49-94-0803 Milw 4-1/2""x1/8""x7/8"" Dual Metal Cut and Grind Disc, dimension_wxh=4-1/2 in x 1/8 in",,,,,,,,,,,,,,,,,,,,,,,,,,,,,,,,,,,,,,,,,,,,,,,,,,,,,,,,,,,,,,,,,,,,,,,,,,,,,,,,,,,,,,,,,,,,,,,,,,,,,,,,,,,,,,,,,,,,,,,,,,,,,,,,,,,,,,,,,,,,,,,,,,,,,,,,,,,,,,,,,,,,,,,,,,,,,,,,,,,,,,,,,,,,,,,,,,,,,,,,,,,,,,,,,,,,,,,,,,,,,,,,
,,,,,,,Tools & Hardware,Abrasives,Grinding Wheels,,49-94-0903,"49-94-0903 Milw 4-1/2""x1/8""x7/8""Perform+Dual Metal Cut and Grind Disc",,,,Milwaukee Accessory (4031),Milwaukee Accessory,Milwaukee,,49-94-0903,,Tools & Hardware>Abrasives & Polishing>Grinding & Cut-Off Wheels,"Milwaukee Accessory, Milwaukee, 49-94-0903 Milw 4-1/2""x1/8""x7/8""Perform+Dual Metal Cut and Grind Disc, 49-94-0903","MILW 4-1/2""X1/8""X7/8""PERFORM+DUAL METAL CUT AND GRIND DISC","Milwaukee 49-94-0903 Milw 4-1/2""x1/8""x7/8""Perform+Dual Metal Cut and Grind Disc 49-94-0903, dimension_wxh=4-1/2 in x 1/8 in","Milwaukee 49-94-0903 Milw 4-1/2""x1/8""x7/8""Perform+Dual Metal Cut and Grind Disc 49-94-0903, dimension_wxh=4-1/2 in x 1/8 in. High performance industrial and commercial grade 49-94-0903 milw 4-1/2""x1/8""x7/8""perform+dual metal cut and grind disc designed for professional applications.","Milwaukee 49-94-0903 Milw 4-1/2""x1/8""x7/8""Perform+Dual Metal Cut and Grind Disc, dimension_wxh=4-1/2 in x 1/8 in",,,,,,,,,,,,,,,,,,,,,,,,,,,,,,,,,,,,,,,,,,,,,,,,,,,,,,,,,,,,,,,,,,,,,,,,,,,,,,,,,,,,,,,,,,,,,,,,,,,,,,,,,,,,,,,,,,,,,,,,,,,,,,,,,,,,,,,,,,,,,,,,,,,,,,,,,,,,,,,,,,,,,,,,,,,,,,,,,,,,,,,,,,,,,,,,,,,,,,,,,,,,,,,,,,,,,,,,,,,,,,,,
,,,,,,,Tools & Hardware,Abrasives,Grinding Wheels,,49-94-0907,"49-94-0907 Milw 4-1/2""x1/8""x5/8-11""Perform+Dual Metal Cut n Grind Disc",,,,Milwaukee Accessory (4031),Milwaukee Accessory,Milwaukee,,49-94-0907,,Tools & Hardware>Abrasives & Polishing>Grinding & Cut-Off Wheels,"Milwaukee Accessory, Milwaukee, 49-94-0907 Milw 4-1/2""x1/8""x5/8-11""Perform+Dual Metal Cut n Grind Disc, 49-94-0907","MILW 4-1/2""X1/8""X5/8-11""PERFORM+DUAL METAL CUT N GRIND DISC","Milwaukee 49-94-0907 Milw 4-1/2""x1/8""x5/8-11""Perform+Dual Metal Cut n Grind Disc 49-94-0907, dimension_wxh=4-1/2 in x 1/8 in","Milwaukee 49-94-0907 Milw 4-1/2""x1/8""x5/8-11""Perform+Dual Metal Cut n Grind Disc 49-94-0907, dimension_wxh=4-1/2 in x 1/8 in. High performance industrial and commercial grade 49-94-0907 milw 4-1/2""x1/8""x5/8-11""perform+dual metal cut n grind disc designed for professional applications.","Milwaukee 49-94-0907 Milw 4-1/2""x1/8""x5/8-11""Perform+Dual Metal Cut n Grind Disc, dimension_wxh=4-1/2 in x 1/8 in",,,,,,,,,,,,,,,,,,,,,,,,,,,,,,,,,,,,,,,,,,,,,,,,,,,,,,,,,,,,,,,,,,,,,,,,,,,,,,,,,,,,,,,,,,,,,,,,,,,,,,,,,,,,,,,,,,,,,,,,,,,,,,,,,,,,,,,,,,,,,,,,,,,,,,,,,,,,,,,,,,,,,,,,,,,,,,,,,,,,,,,,,,,,,,,,,,,,,,,,,,,,,,,,,,,,,,,,,,,,,,,,
,,,,,,,Tools & Hardware,Abrasives,Grinding Wheels,,49-94-0923,"49-94-0923 Milw 6""x1/8""x7/8"" Perform+Dual Metal Cut and Grind Disc",,,,Milwaukee Accessory (4031),Milwaukee Accessory,Milwaukee,,49-94-0923,,Tools & Hardware>Abrasives & Polishing>Grinding & Cut-Off Wheels,"Milwaukee Accessory, Milwaukee, 49-94-0923 Milw 6""x1/8""x7/8"" Perform+Dual Metal Cut and Grind Disc, 49-94-0923","MILW 6""X1/8""X7/8"" PERFORM+DUAL METAL CUT AND GRIND DISC","Milwaukee 49-94-0923 Milw 6""x1/8""x7/8"" Perform+Dual Metal Cut and Grind Disc 49-94-0923, dimension_wxh=6 in x 1/8 in","Milwaukee 49-94-0923 Milw 6""x1/8""x7/8"" Perform+Dual Metal Cut and Grind Disc 49-94-0923, dimension_wxh=6 in x 1/8 in. High performance industrial and commercial grade 49-94-0923 milw 6""x1/8""x7/8"" perform+dual metal cut and grind disc designed for professional applications.","Milwaukee 49-94-0923 Milw 6""x1/8""x7/8"" Perform+Dual Metal Cut and Grind Disc, dimension_wxh=6 in x 1/8 in",,,,,,,,,,,,,,,,,,,,,,,,,,,,,,,,,,,,,,,,,,,,,,,,,,,,,,,,,,,,,,,,,,,,,,,,,,,,,,,,,,,,,,,,,,,,,,,,,,,,,,,,,,,,,,,,,,,,,,,,,,,,,,,,,,,,,,,,,,,,,,,,,,,,,,,,,,,,,,,,,,,,,,,,,,,,,,,,,,,,,,,,,,,,,,,,,,,,,,,,,,,,,,,,,,,,,,,,,,,,,,,,
,,,,,,,Tools & Hardware,Abrasives,Grinding Wheels,,49-94-1900,"49-94-1900 Milw 4""x1/8""x5/8"" Masonry Cut Off Disc",,,,Milwaukee Accessory (4031),Milwaukee Accessory,Milwaukee,,49-94-1900,,Tools & Hardware>Abrasives & Polishing>Grinding & Cut-Off Wheels,"Milwaukee Accessory, Milwaukee, 49-94-1900 Milw 4""x1/8""x5/8"" Masonry Cut Off Disc, 49-94-1900","MILW 4""X1/8""X5/8"" MASONRY CUT OFF DISC","Milwaukee 49-94-1900 Milw 4""x1/8""x5/8"" Masonry Cut Off Disc 49-94-1900, dimension_wxh=4 in x 1/8 in","Milwaukee 49-94-1900 Milw 4""x1/8""x5/8"" Masonry Cut Off Disc 49-94-1900, dimension_wxh=4 in x 1/8 in. High performance industrial and commercial grade 49-94-1900 milw 4""x1/8""x5/8"" masonry cut off disc designed for professional applications.","Milwaukee 49-94-1900 Milw 4""x1/8""x5/8"" Masonry Cut Off Disc, dimension_wxh=4 in x 1/8 in",,,,,,,,,,,,,,,,,,,,,,,,,,,,,,,,,,,,,,,,,,,,,,,,,,,,,,,,,,,,,,,,,,,,,,,,,,,,,,,,,,,,,,,,,,,,,,,,,,,,,,,,,,,,,,,,,,,,,,,,,,,,,,,,,,,,,,,,,,,,,,,,,,,,,,,,,,,,,,,,,,,,,,,,,,,,,,,,,,,,,,,,,,,,,,,,,,,,,,,,,,,,,,,,,,,,,,,,,,,,,,,,
,,,,,,,Tools & Hardware,Abrasives,Grinding Wheels,,49-94-1905,"49-94-1905 Milw 4-1/2""x1/8""x7/8"" Masonry Cut Off Disc",,,,Milwaukee Accessory (4031),Milwaukee Accessory,Milwaukee,,49-94-1905,,Tools & Hardware>Abrasives & Polishing>Grinding & Cut-Off Wheels,"Milwaukee Accessory, Milwaukee, 49-94-1905 Milw 4-1/2""x1/8""x7/8"" Masonry Cut Off Disc, 49-94-1905","MILW 4-1/2""X1/8""X7/8"" MASONRY CUT OFF DISC","Milwaukee 49-94-1905 Milw 4-1/2""x1/8""x7/8"" Masonry Cut Off Disc 49-94-1905, dimension_wxh=4-1/2 in x 1/8 in","Milwaukee 49-94-1905 Milw 4-1/2""x1/8""x7/8"" Masonry Cut Off Disc 49-94-1905, dimension_wxh=4-1/2 in x 1/8 in. High performance industrial and commercial grade 49-94-1905 milw 4-1/2""x1/8""x7/8"" masonry cut off disc designed for professional applications.","Milwaukee 49-94-1905 Milw 4-1/2""x1/8""x7/8"" Masonry Cut Off Disc, dimension_wxh=4-1/2 in x 1/8 in",,,,,,,,,,,,,,,,,,,,,,,,,,,,,,,,,,,,,,,,,,,,,,,,,,,,,,,,,,,,,,,,,,,,,,,,,,,,,,,,,,,,,,,,,,,,,,,,,,,,,,,,,,,,,,,,,,,,,,,,,,,,,,,,,,,,,,,,,,,,,,,,,,,,,,,,,,,,,,,,,,,,,,,,,,,,,,,,,,,,,,,,,,,,,,,,,,,,,,,,,,,,,,,,,,,,,,,,,,,,,,,,
,,,,,,,Tools & Hardware,Abrasives,Grinding Wheels,,49-94-1915,"49-94-1915 Milw 6-1/2""x1/8""x5/8"" DKO Masonry Cut Off Disc",,,,Milwaukee Accessory (4031),Milwaukee Accessory,Milwaukee,,49-94-1915,,Tools & Hardware>Abrasives & Polishing>Grinding & Cut-Off Wheels,"Milwaukee Accessory, Milwaukee, 49-94-1915 Milw 6-1/2""x1/8""x5/8"" DKO Masonry Cut Off Disc, 49-94-1915","MILW 6-1/2""X1/8""X5/8"" DKO MASONRY CUT OFF DISC","Milwaukee 49-94-1915 Milw 6-1/2""x1/8""x5/8"" DKO Masonry Cut Off Disc 49-94-1915, dimension_wxh=6-1/2 in x 1/8 in","Milwaukee 49-94-1915 Milw 6-1/2""x1/8""x5/8"" DKO Masonry Cut Off Disc 49-94-1915, dimension_wxh=6-1/2 in x 1/8 in. High performance industrial and commercial grade 49-94-1915 milw 6-1/2""x1/8""x5/8"" dko masonry cut off disc designed for professional applications.","Milwaukee 49-94-1915 Milw 6-1/2""x1/8""x5/8"" DKO Masonry Cut Off Disc, dimension_wxh=6-1/2 in x 1/8 in",,,,,,,,,,,,,,,,,,,,,,,,,,,,,,,,,,,,,,,,,,,,,,,,,,,,,,,,,,,,,,,,,,,,,,,,,,,,,,,,,,,,,,,,,,,,,,,,,,,,,,,,,,,,,,,,,,,,,,,,,,,,,,,,,,,,,,,,,,,,,,,,,,,,,,,,,,,,,,,,,,,,,,,,,,,,,,,,,,,,,,,,,,,,,,,,,,,,,,,,,,,,,,,,,,,,,,,,,,,,,,,,
,,,,,,,Tools & Hardware,Abrasives,Grinding Wheels,,49-94-1920,"49-94-1920 Milw 7""x1/8""x5/8"" DKO Masonry Cut Off Disc",,,,Milwaukee Accessory (4031),Milwaukee Accessory,Milwaukee,,49-94-1920,,Tools & Hardware>Abrasives & Polishing>Grinding & Cut-Off Wheels,"Milwaukee Accessory, Milwaukee, 49-94-1920 Milw 7""x1/8""x5/8"" DKO Masonry Cut Off Disc, 49-94-1920","MILW 7""X1/8""X5/8"" DKO MASONRY CUT OFF DISC","Milwaukee 49-94-1920 Milw 7""x1/8""x5/8"" DKO Masonry Cut Off Disc 49-94-1920, dimension_wxh=7 in x 1/8 in","Milwaukee 49-94-1920 Milw 7""x1/8""x5/8"" DKO Masonry Cut Off Disc 49-94-1920, dimension_wxh=7 in x 1/8 in. High performance industrial and commercial grade 49-94-1920 milw 7""x1/8""x5/8"" dko masonry cut off disc designed for professional applications.","Milwaukee 49-94-1920 Milw 7""x1/8""x5/8"" DKO Masonry Cut Off Disc, dimension_wxh=7 in x 1/8 in",,,,,,,,,,,,,,,,,,,,,,,,,,,,,,,,,,,,,,,,,,,,,,,,,,,,,,,,,,,,,,,,,,,,,,,,,,,,,,,,,,,,,,,,,,,,,,,,,,,,,,,,,,,,,,,,,,,,,,,,,,,,,,,,,,,,,,,,,,,,,,,,,,,,,,,,,,,,,,,,,,,,,,,,,,,,,,,,,,,,,,,,,,,,,,,,,,,,,,,,,,,,,,,,,,,,,,,,,,,,,,,,
,,,,,,,Tools & Hardware,Abrasives,Grinding Wheels,,49-94-1925,"49-94-1925 Milw 10""x1/8""x5/8"" Masonry Cut Off Disc",,,,Milwaukee Accessory (4031),Milwaukee Accessory,Milwaukee,,49-94-1925,,Tools & Hardware>Abrasives & Polishing>Grinding & Cut-Off Wheels,"Milwaukee Accessory, Milwaukee, 49-94-1925 Milw 10""x1/8""x5/8"" Masonry Cut Off Disc, 49-94-1925","MILW 10""X1/8""X5/8"" MASONRY CUT OFF DISC","Milwaukee 49-94-1925 Milw 10""x1/8""x5/8"" Masonry Cut Off Disc 49-94-1925, dimension_wxh=10 in x 1/8 in","Milwaukee 49-94-1925 Milw 10""x1/8""x5/8"" Masonry Cut Off Disc 49-94-1925, dimension_wxh=10 in x 1/8 in. High performance industrial and commercial grade 49-94-1925 milw 10""x1/8""x5/8"" masonry cut off disc designed for professional applications.","Milwaukee 49-94-1925 Milw 10""x1/8""x5/8"" Masonry Cut Off Disc, dimension_wxh=10 in x 1/8 in",,,,,,,,,,,,,,,,,,,,,,,,,,,,,,,,,,,,,,,,,,,,,,,,,,,,,,,,,,,,,,,,,,,,,,,,,,,,,,,,,,,,,,,,,,,,,,,,,,,,,,,,,,,,,,,,,,,,,,,,,,,,,,,,,,,,,,,,,,,,,,,,,,,,,,,,,,,,,,,,,,,,,,,,,,,,,,,,,,,,,,,,,,,,,,,,,,,,,,,,,,,,,,,,,,,,,,,,,,,,,,,,
,,,,,,,Tools & Hardware,Abrasives,Grinding Wheels,,49-94-1935,"49-94-1935 Milw 12""x1/8""x1"" Masonry Cut Off Disc",,,,Milwaukee Accessory (4031),Milwaukee Accessory,Milwaukee,,49-94-1935,,Tools & Hardware>Abrasives & Polishing>Grinding & Cut-Off Wheels,"Milwaukee Accessory, Milwaukee, 49-94-1935 Milw 12""x1/8""x1"" Masonry Cut Off Disc, 49-94-1935","MILW 12""X1/8""X1"" MASONRY CUT OFF DISC","Milwaukee 49-94-1935 Milw 12""x1/8""x1"" Masonry Cut Off Disc 49-94-1935, dimension_wxh=12 in x 1/8 in","Milwaukee 49-94-1935 Milw 12""x1/8""x1"" Masonry Cut Off Disc 49-94-1935, dimension_wxh=12 in x 1/8 in. High performance industrial and commercial grade 49-94-1935 milw 12""x1/8""x1"" masonry cut off disc designed for professional applications.","Milwaukee 49-94-1935 Milw 12""x1/8""x1"" Masonry Cut Off Disc, dimension_wxh=12 in x 1/8 in",,,,,,,,,,,,,,,,,,,,,,,,,,,,,,,,,,,,,,,,,,,,,,,,,,,,,,,,,,,,,,,,,,,,,,,,,,,,,,,,,,,,,,,,,,,,,,,,,,,,,,,,,,,,,,,,,,,,,,,,,,,,,,,,,,,,,,,,,,,,,,,,,,,,,,,,,,,,,,,,,,,,,,,,,,,,,,,,,,,,,,,,,,,,,,,,,,,,,,,,,,,,,,,,,,,,,,,,,,,,,,,,
,,,,,,,Tools & Hardware,Abrasives,Grinding Wheels,,49-94-1940,"49-94-1940 Milw 14""x1/8""x1"" Masonry Cut Off Disc",,,,Milwaukee Accessory (4031),Milwaukee Accessory,Milwaukee,,49-94-1940,,Tools & Hardware>Abrasives & Polishing>Grinding & Cut-Off Wheels,"Milwaukee Accessory, Milwaukee, 49-94-1940 Milw 14""x1/8""x1"" Masonry Cut Off Disc, 49-94-1940","MILW 14""X1/8""X1"" MASONRY CUT OFF DISC","Milwaukee 49-94-1940 Milw 14""x1/8""x1"" Masonry Cut Off Disc 49-94-1940, dimension_wxh=14 in x 1/8 in","Milwaukee 49-94-1940 Milw 14""x1/8""x1"" Masonry Cut Off Disc 49-94-1940, dimension_wxh=14 in x 1/8 in. High performance industrial and commercial grade 49-94-1940 milw 14""x1/8""x1"" masonry cut off disc designed for professional applications.","Milwaukee 49-94-1940 Milw 14""x1/8""x1"" Masonry Cut Off Disc, dimension_wxh=14 in x 1/8 in",,,,,,,,,,,,,,,,,,,,,,,,,,,,,,,,,,,,,,,,,,,,,,,,,,,,,,,,,,,,,,,,,,,,,,,,,,,,,,,,,,,,,,,,,,,,,,,,,,,,,,,,,,,,,,,,,,,,,,,,,,,,,,,,,,,,,,,,,,,,,,,,,,,,,,,,,,,,,,,,,,,,,,,,,,,,,,,,,,,,,,,,,,,,,,,,,,,,,,,,,,,,,,,,,,,,,,,,,,,,,,,,
,,,,,,,Tools & Hardware,Abrasives,Grinding Wheels,,49-94-0501,"49-94-0501 Milw 4""x1/4""x5/8"" Metal Grinding Wheel",,,,Milwaukee Accessory (4031),Milwaukee Accessory,Milwaukee,,49-94-0501,,Tools & Hardware>Abrasives & Polishing>Grinding & Cut-Off Wheels,"Milwaukee Accessory, Milwaukee, Grinding Wheel, 49-94-0501","MILW 4""X1/4""X5/8"" METAL GRINDING WHEEL","Milwaukee Grinding Wheel 49-94-0501, dimension_wxh=4 in x 1/4 in","Milwaukee Grinding Wheel 49-94-0501, dimension_wxh=4 in x 1/4 in. High performance industrial and commercial grade grinding wheel designed for professional applications.","Milwaukee Grinding Wheel, dimension_wxh=4 in x 1/4 in",,,,,,,,,,,,,,,,,,,,,,,,,,,Grinding Wheel,,,,,,,,,,,,,,,,,,,,,,,,,,,,,,,,,,,,,,,,,,,,,,,,,,,,,,,,,,,,,,,,,,,,,,,,,,,,,,,,,,,,,,,,,,,,,,,,,,,,,,,,,,,,,,,,,,,,,,,,,,,,,,,,,,,,,,,,,,,,,,,,,,,,,,,,,,,,,,,,,,,,,,,,,,,,,,,,,,,,,,,,,,,,,,,,,,,,,
,,,,,,,Tools & Hardware,Abrasives,Grinding Wheels,,49-94-0503,"49-94-0503 Milw 4-1/2""x1/4""x7/8"" Metal Grinding Wheel",,,,Milwaukee Accessory (4031),Milwaukee Accessory,Milwaukee,,49-94-0503,,Tools & Hardware>Abrasives & Polishing>Grinding & Cut-Off Wheels,"Milwaukee Accessory, Milwaukee, Grinding Wheel, 49-94-0503","MILW 4-1/2""X1/4""X7/8"" METAL GRINDING WHEEL","Milwaukee Grinding Wheel 49-94-0503, dimension_wxh=4-1/2 in x 1/4 in","Milwaukee Grinding Wheel 49-94-0503, dimension_wxh=4-1/2 in x 1/4 in. High performance industrial and commercial grade grinding wheel designed for professional applications.","Milwaukee Grinding Wheel, dimension_wxh=4-1/2 in x 1/4 in",,,,,,,,,,,,,,,,,,,,,,,,,,,Grinding Wheel,,,,,,,,,,,,,,,,,,,,,,,,,,,,,,,,,,,,,,,,,,,,,,,,,,,,,,,,,,,,,,,,,,,,,,,,,,,,,,,,,,,,,,,,,,,,,,,,,,,,,,,,,,,,,,,,,,,,,,,,,,,,,,,,,,,,,,,,,,,,,,,,,,,,,,,,,,,,,,,,,,,,,,,,,,,,,,,,,,,,,,,,,,,,,,,,,,,,,
,,,,,,,Tools & Hardware,Abrasives,Grinding Wheels,,49-94-0523,"49-94-0523 Milw 6""x1/4""x7/8"" Metal Grinding Wheel",,,,Milwaukee Accessory (4031),Milwaukee Accessory,Milwaukee,,49-94-0523,,Tools & Hardware>Abrasives & Polishing>Grinding & Cut-Off Wheels,"Milwaukee Accessory, Milwaukee, Grinding Wheel, 49-94-0523","MILW 6""X1/4""X7/8"" METAL GRINDING WHEEL","Milwaukee Grinding Wheel 49-94-0523, dimension_wxh=6 in x 1/4 in","Milwaukee Grinding Wheel 49-94-0523, dimension_wxh=6 in x 1/4 in. High performance industrial and commercial grade grinding wheel designed for professional applications.","Milwaukee Grinding Wheel, dimension_wxh=6 in x 1/4 in",,,,,,,,,,,,,,,,,,,,,,,,,,,Grinding Wheel,,,,,,,,,,,,,,,,,,,,,,,,,,,,,,,,,,,,,,,,,,,,,,,,,,,,,,,,,,,,,,,,,,,,,,,,,,,,,,,,,,,,,,,,,,,,,,,,,,,,,,,,,,,,,,,,,,,,,,,,,,,,,,,,,,,,,,,,,,,,,,,,,,,,,,,,,,,,,,,,,,,,,,,,,,,,,,,,,,,,,,,,,,,,,,,,,,,,,
,,,,,,,Tools & Hardware,Abrasives,Grinding Wheels,,49-94-1955,"49-94-1955 Milw 4-1/2""x1/4""x7/8"" Masonry Grinding Wheel",,,,Milwaukee Accessory (4031),Milwaukee Accessory,Milwaukee,,49-94-1955,,Tools & Hardware>Abrasives & Polishing>Grinding & Cut-Off Wheels,"Milwaukee Accessory, Milwaukee, Grinding Wheel, 49-94-1955","MILW 4-1/2""X1/4""X7/8"" MASONRY GRINDING WHEEL","Milwaukee Grinding Wheel 49-94-1955, dimension_wxh=4-1/2 in x 1/4 in","Milwaukee Grinding Wheel 49-94-1955, dimension_wxh=4-1/2 in x 1/4 in. High performance industrial and commercial grade grinding wheel designed for professional applications.","Milwaukee Grinding Wheel, dimension_wxh=4-1/2 in x 1/4 in",,,,,,,,,,,,,,,,,,,,,,,,,,,Grinding Wheel,,,,,,,,,,,,,,,,,,,,,,,,,,,,,,,,,,,,,,,,,,,,,,,,,,,,,,,,,,,,,,,,,,,,,,,,,,,,,,,,,,,,,,,,,,,,,,,,,,,,,,,,,,,,,,,,,,,,,,,,,,,,,,,,,,,,,,,,,,,,,,,,,,,,,,,,,,,,,,,,,,,,,,,,,,,,,,,,,,,,,,,,,,,,,,,,,,,,,
,,,,,,,Tools & Hardware,Abrasives,Grinding Wheels,,49-94-1965,"49-94-1965 Milw 7""x1/4""x7/8"" Masonry Grinding Wheel",,,,Milwaukee Accessory (4031),Milwaukee Accessory,Milwaukee,,49-94-1965,,Tools & Hardware>Abrasives & Polishing>Grinding & Cut-Off Wheels,"Milwaukee Accessory, Milwaukee, Grinding Wheel, 49-94-1965","MILW 7""X1/4""X7/8"" MASONRY GRINDING WHEEL","Milwaukee Grinding Wheel 49-94-1965, dimension_wxh=7 in x 1/4 in","Milwaukee Grinding Wheel 49-94-1965, dimension_wxh=7 in x 1/4 in. High performance industrial and commercial grade grinding wheel designed for professional applications.","Milwaukee Grinding Wheel, dimension_wxh=7 in x 1/4 in",,,,,,,,,,,,,,,,,,,,,,,,,,,Grinding Wheel,,,,,,,,,,,,,,,,,,,,,,,,,,,,,,,,,,,,,,,,,,,,,,,,,,,,,,,,,,,,,,,,,,,,,,,,,,,,,,,,,,,,,,,,,,,,,,,,,,,,,,,,,,,,,,,,,,,,,,,,,,,,,,,,,,,,,,,,,,,,,,,,,,,,,,,,,,,,,,,,,,,,,,,,,,,,,,,,,,,,,,,,,,,,,,,,,,,,,
,,,,,,,Tools & Hardware,Abrasives,Grinding Wheels,,49-94-0513,"49-94-0513 Milw 5""x1/4""x7/8"" Metal Grinding Wheel",,,,Milwaukee Accessory (4031),Milwaukee Accessory,Milwaukee,,49-94-0513,,Tools & Hardware>Abrasives & Polishing>Grinding & Cut-Off Wheels,"Milwaukee Accessory, Milwaukee, Grinding Wheel, 49-94-0513","MILW 5""X1/4""X7/8"" METAL GRINDING WHEEL","Milwaukee Grinding Wheel 49-94-0513, dimension_wxh=5 in x 1/4 in","Milwaukee Grinding Wheel 49-94-0513, dimension_wxh=5 in x 1/4 in. High performance industrial and commercial grade grinding wheel designed for professional applications.","Milwaukee Grinding Wheel, dimension_wxh=5 in x 1/4 in",,,,,,,,,,,,,,,,,,,,,,,,,,,Grinding Wheel,,,,,,,,,,,,,,,,,,,,,,,,,,,,,,,,,,,,,,,,,,,,,,,,,,,,,,,,,,,,,,,,,,,,,,,,,,,,,,,,,,,,,,,,,,,,,,,,,,,,,,,,,,,,,,,,,,,,,,,,,,,,,,,,,,,,,,,,,,,,,,,,,,,,,,,,,,,,,,,,,,,,,,,,,,,,,,,,,,,,,,,,,,,,,,,,,,,,,
,,,,,,,Tools & Hardware,Abrasives,Grinding Wheels,,49-94-0533,"49-94-0533 Milw 7""x1/4""x7/8"" Metal Grinding Wheel",,,,Milwaukee Accessory (4031),Milwaukee Accessory,Milwaukee,,49-94-0533,,Tools & Hardware>Abrasives & Polishing>Grinding & Cut-Off Wheels,"Milwaukee Accessory, Milwaukee, Grinding Wheel, 49-94-0533","MILW 7""X1/4""X7/8"" METAL GRINDING WHEEL","Milwaukee Grinding Wheel 49-94-0533, dimension_wxh=7 in x 1/4 in","Milwaukee Grinding Wheel 49-94-0533, dimension_wxh=7 in x 1/4 in. High performance industrial and commercial grade grinding wheel designed for professional applications.","Milwaukee Grinding Wheel, dimension_wxh=7 in x 1/4 in",,,,,,,,,,,,,,,,,,,,,,,,,,,Grinding Wheel,,,,,,,,,,,,,,,,,,,,,,,,,,,,,,,,,,,,,,,,,,,,,,,,,,,,,,,,,,,,,,,,,,,,,,,,,,,,,,,,,,,,,,,,,,,,,,,,,,,,,,,,,,,,,,,,,,,,,,,,,,,,,,,,,,,,,,,,,,,,,,,,,,,,,,,,,,,,,,,,,,,,,,,,,,,,,,,,,,,,,,,,,,,,,,,,,,,,,
,,,,,,,Tools & Hardware,Abrasives,Sanding Belts & Discs,,DFBLBLOMFN01G,DFBLBLOMFN01G Diablo 220 Grit - Flat Edge Sanding Sponge,,,,Freud Inc (2435),Freud Inc,Diablo,,DFBLBLOMFN01G,,Tools & Hardware>Abrasives & Polishing>Sanding Belts & Discs,"Freud Inc, Diablo, DFBLBLOMFN01G Diablo 220 Grit - Flat Edge Sanding Sponge, DFBLBLOMFN01G",DIABLO 220 GRIT - FLAT EDGE SANDING SPONGE,Diablo DFBLBLOMFN01G Diablo 220 Grit - Flat Edge Sanding Sponge DFBLBLOMFN01G,Diablo DFBLBLOMFN01G Diablo 220 Grit - Flat Edge Sanding Sponge DFBLBLOMFN01G. High performance industrial and commercial grade dfblblomfn01g diablo 220 grit - flat edge sanding sponge designed for professional applications.,Diablo DFBLBLOMFN01G Diablo 220 Grit - Flat Edge Sanding Sponge,,,,,,,,,,,,,,,,,,,,,,,,,,,,,,,,,,,,,,,,,,,,,,,,,,,,,,,,,,,,,,,,,,,,,,,,,,,,,,,,,,,,,,,,,,,,,,,,,,,,,,,,,,,,,,,,,,,,,,,,,,,,,,,,,,,,,,,,,,,,,,,,,,,,,,,,,,,,,,,,,,,,,,,,,,,,,,,,,,,,,,,,,,,,,,,,,,,,,,,,,,,,,,,,,,,,,,,,,,,,,,,,
,,,,,,,Lighting & Ceiling Fans,Commercial Lighting,Wrap & Strip Lights,,1700-1PK-BB40,3/4x60' Vinyl Elect Tape,,,3M,3 M Co (5293),3 M Co,3M,,1700-1PK-BB40,,Lighting & Electrical>Light Fixtures>LED Wrap & Linear Fixtures,"3 M Co, 3M, 3/4x60' Vinyl Elect Tape, 1700-1PK-BB40",3/4X60' VINYL ELECT TAPE,3M 3/4x60' Vinyl Elect Tape 1700-1PK-BB40,3M 3/4x60' Vinyl Elect Tape 1700-1PK-BB40. High performance industrial and commercial grade 3/4x60' vinyl elect tape designed for professional applications.,3M 3/4x60' Vinyl Elect Tape,,,,,,,,,,,,,,,,,,,,,,,,,,,,,,,,,,,,,,,,,,,,,,,,,,,,,,,,,,,,,,,,,,,,,,,,,,,,,,,,,,,,,,,,,,,,,,,,,,,,,,,,,,,,,,,,,,,,,,,,,,,,,,,,,,,,,,,,,,,,,,,,,,,,,,,,,,,,,,,,,,,,,,,,,,,,,,,,,,,,,,,,,,,,,,,,,,,,,,,,,,,,,,,,,,,,,,,,,,,,,,,,
,,,,,,,Lighting & Ceiling Fans,Commercial Lighting,Wrap & Strip Lights,,ASH-40-40-04,1.5x1.5x13' Legacy Emseal Tape,,,,Emseal Joint Systems Ltd (EMSJO),Emseal Joint Systems Ltd,,,ASH-40-40-04,,Lighting & Electrical>Light Fixtures>LED Wrap & Linear Fixtures,"Emseal Joint Systems Ltd, 1.5x1.5x13' Legacy Emseal Tape, ASH-40-40-04",1.5X1.5X13' LEGACY EMSEAL TAPE,1.5x1.5x13' Legacy Emseal Tape ASH-40-40-04,1.5x1.5x13' Legacy Emseal Tape ASH-40-40-04. High performance industrial and commercial grade 1.5x1.5x13' legacy emseal tape designed for professional applications.,1.5x1.5x13' Legacy Emseal Tape,,,,,,,,,,,,,,,,,,,,,,,,,,,,,,,,,,,,,,,,,,,,,,,,,,,,,,,,,,,,,,,,,,,,,,,,,,,,,,,,,,,,,,,,,,,,,,,,,,,,,,,,,,,,,,,,,,,,,,,,,,,,,,,,,,,,,,,,,,,,,,,,,,,,,,,,,,,,,,,,,,,,,,,,,,,,,,,,,,,,,,,,,,,,,,,,,,,,,,,,,,,,,,,,,,,,,,,,,,,,,,,,
,,,,,,,Appliances,Large Appliances,Dishwashers,,KDFM404KPS,KDFM404KPS Dishwasher SS,,,,Appliance Dealers Cooperative (APPDE),Appliance Dealers Cooperative,,,KDFM404KPS,,Appliances & Consumer Electronics>Kitchen Appliances>Built-In Dishwashers,"Appliance Dealers Cooperative, Dishwasher, KDFM404KPS",DISHWASHER SS,Dishwasher KDFM404KPS,Dishwasher KDFM404KPS. High performance industrial and commercial grade dishwasher designed for professional applications.,Dishwasher,,,,,,,,,,,,,,,,,,,,,,,,,,,Dishwasher,,,,,,,,,,,,,,,,,,,,,,,,,,,,,,,,,,,,,,,,,,,,,,,,,,,,,,,,,,,,,,,,,,,,,,,,,,,,,,,,,,,,,,,,,,,,,,,,,,,,,,,,,,,,,,,,,,,,,,,,,,,,,,,,,,,,,,,,,,,,,,,,,,,,,,,,,,,,,,,,,,,,,,,,,,,,,,,,,,,,,,,,,,,,,,,,,,,,,
,,,,,,,Appliances,Large Appliances,Dishwashers,,PDSH4816AF,PDSH4816AF Dishwasher SS - Display Only,,,,Appliance Dealers Cooperative (APPDE),Appliance Dealers Cooperative,,,PDSH4816AF,,Appliances & Consumer Electronics>Kitchen Appliances>Built-In Dishwashers,"Appliance Dealers Cooperative, Dishwasher, PDSH4816AF",DISHWASHER SS - DISPLAY ONLY,Dishwasher PDSH4816AF,Dishwasher PDSH4816AF. High performance industrial and commercial grade dishwasher designed for professional applications.,Dishwasher,,,,,,,,,,,,,,,,,,,,,,,,,,,Dishwasher,,,,,,,,,,,,,,,,,,,,,,,,,,,,,,,,,,,,,,,,,,,,,,,,,,,,,,,,,,,,,,,,,,,,,,,,,,,,,,,,,,,,,,,,,,,,,,,,,,,,,,,,,,,,,,,,,,,,,,,,,,,,,,,,,,,,,,,,,,,,,,,,,,,,,,,,,,,,,,,,,,,,,,,,,,,,,,,,,,,,,,,,,,,,,,,,,,,,,
,,,,,,,Appliances,Large Appliances,Dishwashers,,PDT715SYVFS,PDT715SYVFS Ge Dishwasher SS,,,,Appliance Dealers Cooperative (APPDE),Appliance Dealers Cooperative,,,PDT715SYVFS,,Appliances & Consumer Electronics>Kitchen Appliances>Built-In Dishwashers,"Appliance Dealers Cooperative, Dishwasher, PDT715SYVFS",GE DISHWASHER SS,Dishwasher PDT715SYVFS,Dishwasher PDT715SYVFS. High performance industrial and commercial grade dishwasher designed for professional applications.,Dishwasher,,,,,,,,,,,,,,,,,,,,,,,,,,,Dishwasher,,,,,,,,,,,,,,,,,,,,,,,,,,,,,,,,,,,,,,,,,,,,,,,,,,,,,,,,,,,,,,,,,,,,,,,,,,,,,,,,,,,,,,,,,,,,,,,,,,,,,,,,,,,,,,,,,,,,,,,,,,,,,,,,,,,,,,,,,,,,,,,,,,,,,,,,,,,,,,,,,,,,,,,,,,,,,,,,,,,,,,,,,,,,,,,,,,,,,
,,,,,,,Appliances,Large Appliances,Dishwashers,,LDPH5554D,LDPH5554D LG Dishwasher BSS,,,,Appliance Dealers Cooperative (APPDE),Appliance Dealers Cooperative,,,LDPH5554D,,Appliances & Consumer Electronics>Kitchen Appliances>Built-In Dishwashers,"Appliance Dealers Cooperative, Dishwasher, LDPH5554D",LG DISHWASHER BSS,Dishwasher LDPH5554D,Dishwasher LDPH5554D. High performance industrial and commercial grade dishwasher designed for professional applications.,Dishwasher,,,,,,,,,,,,,,,,,,,,,,,,,,,Dishwasher,,,,,,,,,,,,,,,,,,,,,,,,,,,,,,,,,,,,,,,,,,,,,,,,,,,,,,,,,,,,,,,,,,,,,,,,,,,,,,,,,,,,,,,,,,,,,,,,,,,,,,,,,,,,,,,,,,,,,,,,,,,,,,,,,,,,,,,,,,,,,,,,,,,,,,,,,,,,,,,,,,,,,,,,,,,,,,,,,,,,,,,,,,,,,,,,,,,,,
,,,,,,,Appliances,Large Appliances,Dishwashers,,WDTS7024RZ,WDTS7024RZ Dishwasher SS - Display Only,,,,Appliance Dealers Cooperative (APPDE),Appliance Dealers Cooperative,,,WDTS7024RZ,,Appliances & Consumer Electronics>Kitchen Appliances>Built-In Dishwashers,"Appliance Dealers Cooperative, Dishwasher, WDTS7024RZ",DISHWASHER SS - DISPLAY ONLY,Dishwasher WDTS7024RZ,Dishwasher WDTS7024RZ. High performance industrial and commercial grade dishwasher designed for professional applications.,Dishwasher,,,,,,,,,,,,,,,,,,,,,,,,,,,Dishwasher,,,,,,,,,,,,,,,,,,,,,,,,,,,,,,,,,,,,,,,,,,,,,,,,,,,,,,,,,,,,,,,,,,,,,,,,,,,,,,,,,,,,,,,,,,,,,,,,,,,,,,,,,,,,,,,,,,,,,,,,,,,,,,,,,,,,,,,,,,,,,,,,,,,,,,,,,,,,,,,,,,,,,,,,,,,,,,,,,,,,,,,,,,,,,,,,,,,,,
,,,,,,,Appliances,Large Appliances,Dishwashers,,PDD415PYYFS,PDD415PYYFS GE Dishwasher SS,,,,Appliance Dealers Cooperative (APPDE),Appliance Dealers Cooperative,,,PDD415PYYFS,,Appliances & Consumer Electronics>Kitchen Appliances>Built-In Dishwashers,"Appliance Dealers Cooperative, Dishwasher, PDD415PYYFS",GE DISHWASHER SS,Dishwasher PDD415PYYFS,Dishwasher PDD415PYYFS. High performance industrial and commercial grade dishwasher designed for professional applications.,Dishwasher,,,,,,,,,,,,,,,,,,,,,,,,,,,Dishwasher,,,,,,,,,,,,,,,,,,,,,,,,,,,,,,,,,,,,,,,,,,,,,,,,,,,,,,,,,,,,,,,,,,,,,,,,,,,,,,,,,,,,,,,,,,,,,,,,,,,,,,,,,,,,,,,,,,,,,,,,,,,,,,,,,,,,,,,,,,,,,,,,,,,,,,,,,,,,,,,,,,,,,,,,,,,,,,,,,,,,,,,,,,,,,,,,,,,,,
,,,,,,,Appliances,Large Appliances,Dishwashers,,KDTS424SBE,KDTS424SBE Kitchen Aid Dishwasher Bk,,,,Appliance Dealers Cooperative (APPDE),Appliance Dealers Cooperative,,,KDTS424SBE,,Appliances & Consumer Electronics>Kitchen Appliances>Built-In Dishwashers,"Appliance Dealers Cooperative, Dishwasher, KDTS424SBE",KITCHEN AID DISHWASHER BK,Dishwasher KDTS424SBE,Dishwasher KDTS424SBE. High performance industrial and commercial grade dishwasher designed for professional applications.,Dishwasher,,,,,,,,,,,,,,,,,,,,,,,,,,,Dishwasher,,,,,,,,,,,,,,,,,,,,,,,,,,,,,,,,,,,,,,,,,,,,,,,,,,,,,,,,,,,,,,,,,,,,,,,,,,,,,,,,,,,,,,,,,,,,,,,,,,,,,,,,,,,,,,,,,,,,,,,,,,,,,,,,,,,,,,,,,,,,,,,,,,,,,,,,,,,,,,,,,,,,,,,,,,,,,,,,,,,,,,,,,,,,,,,,,,,,,
,,,,,,,Appliances,Large Appliances,Dishwashers,,KDTS324SPS,KDTS324SPS Kitchen Aid Dishwasher SS,,,,Appliance Dealers Cooperative (APPDE),Appliance Dealers Cooperative,,,KDTS324SPS,,Appliances & Consumer Electronics>Kitchen Appliances>Built-In Dishwashers,"Appliance Dealers Cooperative, Dishwasher, KDTS324SPS",KITCHEN AID DISHWASHER SS,Dishwasher KDTS324SPS,Dishwasher KDTS324SPS. High performance industrial and commercial grade dishwasher designed for professional applications.,Dishwasher,,,,,,,,,,,,,,,,,,,,,,,,,,,Dishwasher,,,,,,,,,,,,,,,,,,,,,,,,,,,,,,,,,,,,,,,,,,,,,,,,,,,,,,,,,,,,,,,,,,,,,,,,,,,,,,,,,,,,,,,,,,,,,,,,,,,,,,,,,,,,,,,,,,,,,,,,,,,,,,,,,,,,,,,,,,,,,,,,,,,,,,,,,,,,,,,,,,,,,,,,,,,,,,,,,,,,,,,,,,,,,,,,,,,,,
,,,,,,,Appliances,Large Appliances,Dishwashers,,KDPS624SJP,KDPS624SJP Dishwasher Juniper - Display Only,,,,Appliance Dealers Cooperative (APPDE),Appliance Dealers Cooperative,,,KDPS624SJP,,Appliances & Consumer Electronics>Kitchen Appliances>Built-In Dishwashers,"Appliance Dealers Cooperative, Dishwasher, KDPS624SJP",DISHWASHER JUNIPER - DISPLAY ONLY,Dishwasher KDPS624SJP,Dishwasher KDPS624SJP. High performance industrial and commercial grade dishwasher designed for professional applications.,Dishwasher,,,,,,,,,,,,,,,,,,,,,,,,,,,Dishwasher,,,,,,,,,,,,,,,,,,,,,,,,,,,,,,,,,,,,,,,,,,,,,,,,,,,,,,,,,,,,,,,,,,,,,,,,,,,,,,,,,,,,,,,,,,,,,,,,,,,,,,,,,,,,,,,,,,,,,,,,,,,,,,,,,,,,,,,,,,,,,,,,,,,,,,,,,,,,,,,,,,,,,,,,,,,,,,,,,,,,,,,,,,,,,,,,,,,,,
,,,,,,,Appliances,Large Appliances,Dishwashers,,KDTS624SBE,KDTS624SBE Dishwasher BO Display Only,,,,Appliance Dealers Cooperative (APPDE),Appliance Dealers Cooperative,,,KDTS624SBE,,Appliances & Consumer Electronics>Kitchen Appliances>Built-In Dishwashers,"Appliance Dealers Cooperative, Dishwasher, KDTS624SBE",DISHWASHER BO DISPLAY ONLY,Dishwasher KDTS624SBE,Dishwasher KDTS624SBE. High performance industrial and commercial grade dishwasher designed for professional applications.,Dishwasher,,,,,,,,,,,,,,,,,,,,,,,,,,,Dishwasher,,,,,,,,,,,,,,,,,,,,,,,,,,,,,,,,,,,,,,,,,,,,,,,,,,,,,,,,,,,,,,,,,,,,,,,,,,,,,,,,,,,,,,,,,,,,,,,,,,,,,,,,,,,,,,,,,,,,,,,,,,,,,,,,,,,,,,,,,,,,,,,,,,,,,,,,,,,,,,,,,,,,,,,,,,,,,,,,,,,,,,,,,,,,,,,,,,,,,
,,,,,,,Tools & Hardware,Power Tools,Blowers & Vacuums,,D519127,D519127 Heater Kit,,,,V & V Appliance Parts Inc (VVAPP),V & V Appliance Parts Inc,,,D519127,,Tools & Hardware>Power Tools>Blowers & Sweepers,"V & V Appliance Parts Inc, D519127 Heater Kit, D519127",HEATER KIT,D519127 Heater Kit D519127,D519127 Heater Kit D519127. High performance industrial and commercial grade d519127 heater kit designed for professional applications.,D519127 Heater Kit,,,,,,,,,,,,,,,,,,,,,,,,,,,,,,,,,,,,,,,,,,,,,,,,,,,,,,,,,,,,,,,,,,,,,,,,,,,,,,,,,,,,,,,,,,,,,,,,,,,,,,,,,,,,,,,,,,,,,,,,,,,,,,,,,,,,,,,,,,,,,,,,,,,,,,,,,,,,,,,,,,,,,,,,,,,,,,,,,,,,,,,,,,,,,,,,,,,,,,,,,,,,,,,,,,,,,,,,,,,,,,,,
,,,,,,,Tools & Hardware,Power Tools,Blowers & Vacuums,,DF7004WE,DF7004WE Speed Queen Elect Dryer Wh,,,,Appliance Dealers Cooperative (APPDE),Appliance Dealers Cooperative,,,DF7004WE,,Tools & Hardware>Power Tools>Blowers & Sweepers,"Appliance Dealers Cooperative, DF7004WE Speed Queen Elect Dryer Wh, DF7004WE",SPEED QUEEN ELECT DRYER WH,DF7004WE Speed Queen Elect Dryer Wh DF7004WE,DF7004WE Speed Queen Elect Dryer Wh DF7004WE. High performance industrial and commercial grade df7004we speed queen elect dryer wh designed for professional applications.,DF7004WE Speed Queen Elect Dryer Wh,,,,,,,,,,,,,,,,,,,,,,,,,,,,,,,,,,,,,,,,,,,,,,,,,,,,,,,,,,,,,,,,,,,,,,,,,,,,,,,,,,,,,,,,,,,,,,,,,,,,,,,,,,,,,,,,,,,,,,,,,,,,,,,,,,,,,,,,,,,,,,,,,,,,,,,,,,,,,,,,,,,,,,,,,,,,,,,,,,,,,,,,,,,,,,,,,,,,,,,,,,,,,,,,,,,,,,,,,,,,,,,,
,,,,,,,Tools & Hardware,Power Tools,Blowers & Vacuums,,DR7004BE,DR7004BE SQ Elect Dryer Bk,,,,Appliance Dealers Cooperative (APPDE),Appliance Dealers Cooperative,,,DR7004BE,,Tools & Hardware>Power Tools>Blowers & Sweepers,"Appliance Dealers Cooperative, DR7004BE SQ Elect Dryer Bk, DR7004BE",SQ ELECT DRYER BK,DR7004BE SQ Elect Dryer Bk DR7004BE,DR7004BE SQ Elect Dryer Bk DR7004BE. High performance industrial and commercial grade dr7004be sq elect dryer bk designed for professional applications.,DR7004BE SQ Elect Dryer Bk,,,,,,,,,,,,,,,,,,,,,,,,,,,,,,,,,,,,,,,,,,,,,,,,,,,,,,,,,,,,,,,,,,,,,,,,,,,,,,,,,,,,,,,,,,,,,,,,,,,,,,,,,,,,,,,,,,,,,,,,,,,,,,,,,,,,,,,,,,,,,,,,,,,,,,,,,,,,,,,,,,,,,,,,,,,,,,,,,,,,,,,,,,,,,,,,,,,,,,,,,,,,,,,,,,,,,,,,,,,,,,,,
,,,,,,,Tools & Hardware,Power Tools,Blowers & Vacuums,,DV2000WE,DV2000WE SQ Elect Dryer Wh,,,,Appliance Dealers Cooperative (APPDE),Appliance Dealers Cooperative,,,DV2000WE,,Tools & Hardware>Power Tools>Blowers & Sweepers,"Appliance Dealers Cooperative, DV2000WE SQ Elect Dryer Wh, DV2000WE",SQ ELECT DRYER WH,DV2000WE SQ Elect Dryer Wh DV2000WE,DV2000WE SQ Elect Dryer Wh DV2000WE. High performance industrial and commercial grade dv2000we sq elect dryer wh designed for professional applications.,DV2000WE SQ Elect Dryer Wh,,,,,,,,,,,,,,,,,,,,,,,,,,,,,,,,,,,,,,,,,,,,,,,,,,,,,,,,,,,,,,,,,,,,,,,,,,,,,,,,,,,,,,,,,,,,,,,,,,,,,,,,,,,,,,,,,,,,,,,,,,,,,,,,,,,,,,,,,,,,,,,,,,,,,,,,,,,,,,,,,,,,,,,,,,,,,,,,,,,,,,,,,,,,,,,,,,,,,,,,,,,,,,,,,,,,,,,,,,,,,,,,
,,,,,,,Tools & Hardware,Power Tools,Blowers & Vacuums,,DC5004WE,DC5004WE SQ Elect Dryer Wh,,,,Appliance Dealers Cooperative (APPDE),Appliance Dealers Cooperative,,,DC5004WE,,Tools & Hardware>Power Tools>Blowers & Sweepers,"Appliance Dealers Cooperative, DC5004WE SQ Elect Dryer Wh, DC5004WE",SQ ELECT DRYER WH,DC5004WE SQ Elect Dryer Wh DC5004WE,DC5004WE SQ Elect Dryer Wh DC5004WE. High performance industrial and commercial grade dc5004we sq elect dryer wh designed for professional applications.,DC5004WE SQ Elect Dryer Wh,,,,,,,,,,,,,,,,,,,,,,,,,,,,,,,,,,,,,,,,,,,,,,,,,,,,,,,,,,,,,,,,,,,,,,,,,,,,,,,,,,,,,,,,,,,,,,,,,,,,,,,,,,,,,,,,,,,,,,,,,,,,,,,,,,,,,,,,,,,,,,,,,,,,,,,,,,,,,,,,,,,,,,,,,,,,,,,,,,,,,,,,,,,,,,,,,,,,,,,,,,,,,,,,,,,,,,,,,,,,,,,,
,,,,,,,Tools & Hardware,Power Tools,Blowers & Vacuums,,DC5004BE,DC5004BE SQ Elect Dryer Bk,,,,Appliance Dealers Cooperative (APPDE),Appliance Dealers Cooperative,,,DC5004BE,,Tools & Hardware>Power Tools>Blowers & Sweepers,"Appliance Dealers Cooperative, DC5004BE SQ Elect Dryer Bk, DC5004BE",SQ ELECT DRYER BK,DC5004BE SQ Elect Dryer Bk DC5004BE,DC5004BE SQ Elect Dryer Bk DC5004BE. High performance industrial and commercial grade dc5004be sq elect dryer bk designed for professional applications.,DC5004BE SQ Elect Dryer Bk,,,,,,,,,,,,,,,,,,,,,,,,,,,,,,,,,,,,,,,,,,,,,,,,,,,,,,,,,,,,,,,,,,,,,,,,,,,,,,,,,,,,,,,,,,,,,,,,,,,,,,,,,,,,,,,,,,,,,,,,,,,,,,,,,,,,,,,,,,,,,,,,,,,,,,,,,,,,,,,,,,,,,,,,,,,,,,,,,,,,,,,,,,,,,,,,,,,,,,,,,,,,,,,,,,,,,,,,,,,,,,,,
,,,,,,,Appliances,Kitchen Appliances,Microwaves,,WKE100HWA,WKE100HWA LG Laundry Center Wh - Display,,,,Appliance Dealers Cooperative (APPDE),Appliance Dealers Cooperative,,,WKE100HWA,,Appliances & Consumer Electronics>Kitchen Appliances>Microwave Ovens,"Appliance Dealers Cooperative, WKE100HWA LG Laundry Center Wh - Display, WKE100HWA",LG LAUNDRY CENTER WH - DISPLAY,WKE100HWA LG Laundry Center Wh - Display WKE100HWA,WKE100HWA LG Laundry Center Wh - Display WKE100HWA. High performance industrial and commercial grade wke100hwa lg laundry center wh - display designed for professional applications.,WKE100HWA LG Laundry Center Wh - Display,,,,,,,,,,,,,,,,,,,,,,,,,,,,,,,,,,,,,,,,,,,,,,,,,,,,,,,,,,,,,,,,,,,,,,,,,,,,,,,,,,,,,,,,,,,,,,,,,,,,,,,,,,,,,,,,,,,,,,,,,,,,,,,,,,,,,,,,,,,,,,,,,,,,,,,,,,,,,,,,,,,,,,,,,,,,,,,,,,,,,,,,,,,,,,,,,,,,,,,,,,,,,,,,,,,,,,,,,,,,,,,,
,,,,,,,Appliances,Large Appliances,Dishwashers,,FF7011WN,FF7011WN Speed Queen Washer Wh,,,,Appliance Dealers Cooperative (APPDE),Appliance Dealers Cooperative,,,FF7011WN,,Appliances & Consumer Electronics>Kitchen Appliances>Built-In Dishwashers,"Appliance Dealers Cooperative, FF7011WN Speed Queen Washer Wh, FF7011WN",SPEED QUEEN WASHER WH,FF7011WN Speed Queen Washer Wh FF7011WN,FF7011WN Speed Queen Washer Wh FF7011WN. High performance industrial and commercial grade ff7011wn speed queen washer wh designed for professional applications.,FF7011WN Speed Queen Washer Wh,,,,,,,,,,,,,,,,,,,,,,,,,,,,,,,,,,,,,,,,,,,,,,,,,,,,,,,,,,,,,,,,,,,,,,,,,,,,,,,,,,,,,,,,,,,,,,,,,,,,,,,,,,,,,,,,,,,,,,,,,,,,,,,,,,,,,,,,,,,,,,,,,,,,,,,,,,,,,,,,,,,,,,,,,,,,,,,,,,,,,,,,,,,,,,,,,,,,,,,,,,,,,,,,,,,,,,,,,,,,,,,,
,,,,,,,Tools & Hardware,Power Tools,Blowers & Vacuums,,PTD70GBPTDG,PTD70GBPTDG GE Gas Dryer DG,,,,Appliance Dealers Cooperative (APPDE),Appliance Dealers Cooperative,,,PTD70GBPTDG,,Tools & Hardware>Power Tools>Blowers & Sweepers,"Appliance Dealers Cooperative, PTD70GBPTDG GE Gas Dryer DG, PTD70GBPTDG",GE GAS DRYER DG,PTD70GBPTDG GE Gas Dryer DG PTD70GBPTDG,PTD70GBPTDG GE Gas Dryer DG PTD70GBPTDG. High performance industrial and commercial grade ptd70gbptdg ge gas dryer dg designed for professional applications.,PTD70GBPTDG GE Gas Dryer DG,,,,,,,,,,,,,,,,,,,,,,,,,,,,,,,,,,,,,,,,,,,,,,,,,,,,,,,,,,,,,,,,,,,,,,,,,,,,,,,,,,,,,,,,,,,,,,,,,,,,,,,,,,,,,,,,,,,,,,,,,,,,,,,,,,,,,,,,,,,,,,,,,,,,,,,,,,,,,,,,,,,,,,,,,,,,,,,,,,,,,,,,,,,,,,,,,,,,,,,,,,,,,,,,,,,,,,,,,,,,,,,,
,,,,,,,Tools & Hardware,Power Tools,Blowers & Vacuums,,PTD70GBSTWS,PTD70GBSTWS GE Gas Dryer Wh,,,,Appliance Dealers Cooperative (APPDE),Appliance Dealers Cooperative,,,PTD70GBSTWS,,Tools & Hardware>Power Tools>Blowers & Sweepers,"Appliance Dealers Cooperative, PTD70GBSTWS GE Gas Dryer Wh, PTD70GBSTWS",GE GAS DRYER WH,PTD70GBSTWS GE Gas Dryer Wh PTD70GBSTWS,PTD70GBSTWS GE Gas Dryer Wh PTD70GBSTWS. High performance industrial and commercial grade ptd70gbstws ge gas dryer wh designed for professional applications.,PTD70GBSTWS GE Gas Dryer Wh,,,,,,,,,,,,,,,,,,,,,,,,,,,,,,,,,,,,,,,,,,,,,,,,,,,,,,,,,,,,,,,,,,,,,,,,,,,,,,,,,,,,,,,,,,,,,,,,,,,,,,,,,,,,,,,,,,,,,,,,,,,,,,,,,,,,,,,,,,,,,,,,,,,,,,,,,,,,,,,,,,,,,,,,,,,,,,,,,,,,,,,,,,,,,,,,,,,,,,,,,,,,,,,,,,,,,,,,,,,,,,,,
,,,,,,,Tools & Hardware,Power Tools,Blowers & Vacuums,,DR5004WG,DR5004WG SQ Gas Dryer Wh,,,,Appliance Dealers Cooperative (APPDE),Appliance Dealers Cooperative,,,DR5004WG,,Tools & Hardware>Power Tools>Blowers & Sweepers,"Appliance Dealers Cooperative, DR5004WG SQ Gas Dryer Wh, DR5004WG",SQ GAS DRYER WH,DR5004WG SQ Gas Dryer Wh DR5004WG,DR5004WG SQ Gas Dryer Wh DR5004WG. High performance industrial and commercial grade dr5004wg sq gas dryer wh designed for professional applications.,DR5004WG SQ Gas Dryer Wh,,,,,,,,,,,,,,,,,,,,,,,,,,,,,,,,,,,,,,,,,,,,,,,,,,,,,,,,,,,,,,,,,,,,,,,,,,,,,,,,,,,,,,,,,,,,,,,,,,,,,,,,,,,,,,,,,,,,,,,,,,,,,,,,,,,,,,,,,,,,,,,,,,,,,,,,,,,,,,,,,,,,,,,,,,,,,,,,,,,,,,,,,,,,,,,,,,,,,,,,,,,,,,,,,,,,,,,,,,,,,,,,
,,,,,,,Tools & Hardware,Power Tools,Blowers & Vacuums,,DR7004BG,DR7004BG SQ Gas Dryer Bk,,,,Appliance Dealers Cooperative (APPDE),Appliance Dealers Cooperative,,,DR7004BG,,Tools & Hardware>Power Tools>Blowers & Sweepers,"Appliance Dealers Cooperative, DR7004BG SQ Gas Dryer Bk, DR7004BG",SQ GAS DRYER BK,DR7004BG SQ Gas Dryer Bk DR7004BG,DR7004BG SQ Gas Dryer Bk DR7004BG. High performance industrial and commercial grade dr7004bg sq gas dryer bk designed for professional applications.,DR7004BG SQ Gas Dryer Bk,,,,,,,,,,,,,,,,,,,,,,,,,,,,,,,,,,,,,,,,,,,,,,,,,,,,,,,,,,,,,,,,,,,,,,,,,,,,,,,,,,,,,,,,,,,,,,,,,,,,,,,,,,,,,,,,,,,,,,,,,,,,,,,,,,,,,,,,,,,,,,,,,,,,,,,,,,,,,,,,,,,,,,,,,,,,,,,,,,,,,,,,,,,,,,,,,,,,,,,,,,,,,,,,,,,,,,,,,,,,,,,,
,,,,,,,Tools & Hardware,Power Tools,Blowers & Vacuums,,DR7004WG,DR7004WG SQ Gas Dryer Wh,,,,Appliance Dealers Cooperative (APPDE),Appliance Dealers Cooperative,,,DR7004WG,,Tools & Hardware>Power Tools>Blowers & Sweepers,"Appliance Dealers Cooperative, DR7004WG SQ Gas Dryer Wh, DR7004WG",SQ GAS DRYER WH,DR7004WG SQ Gas Dryer Wh DR7004WG,DR7004WG SQ Gas Dryer Wh DR7004WG. High performance industrial and commercial grade dr7004wg sq gas dryer wh designed for professional applications.,DR7004WG SQ Gas Dryer Wh,,,,,,,,,,,,,,,,,,,,,,,,,,,,,,,,,,,,,,,,,,,,,,,,,,,,,,,,,,,,,,,,,,,,,,,,,,,,,,,,,,,,,,,,,,,,,,,,,,,,,,,,,,,,,,,,,,,,,,,,,,,,,,,,,,,,,,,,,,,,,,,,,,,,,,,,,,,,,,,,,,,,,,,,,,,,,,,,,,,,,,,,,,,,,,,,,,,,,,,,,,,,,,,,,,,,,,,,,,,,,,,,
,,,,,,,Tools & Hardware,Power Tools,Blowers & Vacuums,,DV2000WG,DV2000WG SQ Gas Dryer Wh,,,,Appliance Dealers Cooperative (APPDE),Appliance Dealers Cooperative,,,DV2000WG,,Tools & Hardware>Power Tools>Blowers & Sweepers,"Appliance Dealers Cooperative, DV2000WG SQ Gas Dryer Wh, DV2000WG",SQ GAS DRYER WH,DV2000WG SQ Gas Dryer Wh DV2000WG,DV2000WG SQ Gas Dryer Wh DV2000WG. High performance industrial and commercial grade dv2000wg sq gas dryer wh designed for professional applications.,DV2000WG SQ Gas Dryer Wh,,,,,,,,,,,,,,,,,,,,,,,,,,,,,,,,,,,,,,,,,,,,,,,,,,,,,,,,,,,,,,,,,,,,,,,,,,,,,,,,,,,,,,,,,,,,,,,,,,,,,,,,,,,,,,,,,,,,,,,,,,,,,,,,,,,,,,,,,,,,,,,,,,,,,,,,,,,,,,,,,,,,,,,,,,,,,,,,,,,,,,,,,,,,,,,,,,,,,,,,,,,,,,,,,,,,,,,,,,,,,,,,
,,,,,,,Tools & Hardware,Power Tools,Blowers & Vacuums,,DC5004WG,DC5004WG SQ Gas Dryer Wh,,,,Appliance Dealers Cooperative (APPDE),Appliance Dealers Cooperative,,,DC5004WG,,Tools & Hardware>Power Tools>Blowers & Sweepers,"Appliance Dealers Cooperative, DC5004WG SQ Gas Dryer Wh, DC5004WG",SQ GAS DRYER WH,DC5004WG SQ Gas Dryer Wh DC5004WG,DC5004WG SQ Gas Dryer Wh DC5004WG. High performance industrial and commercial grade dc5004wg sq gas dryer wh designed for professional applications.,DC5004WG SQ Gas Dryer Wh,,,,,,,,,,,,,,,,,,,,,,,,,,,,,,,,,,,,,,,,,,,,,,,,,,,,,,,,,,,,,,,,,,,,,,,,,,,,,,,,,,,,,,,,,,,,,,,,,,,,,,,,,,,,,,,,,,,,,,,,,,,,,,,,,,,,,,,,,,,,,,,,,,,,,,,,,,,,,,,,,,,,,,,,,,,,,,,,,,,,,,,,,,,,,,,,,,,,,,,,,,,,,,,,,,,,,,,,,,,,,,,,
,,,,,,,Tools & Hardware,Power Tools,Blowers & Vacuums,,DC5004BG,DC5004BG SQ Gas Dryer Bk,,,,Appliance Dealers Cooperative (APPDE),Appliance Dealers Cooperative,,,DC5004BG,,Tools & Hardware>Power Tools>Blowers & Sweepers,"Appliance Dealers Cooperative, DC5004BG SQ Gas Dryer Bk, DC5004BG",SQ GAS DRYER BK,DC5004BG SQ Gas Dryer Bk DC5004BG,DC5004BG SQ Gas Dryer Bk DC5004BG. High performance industrial and commercial grade dc5004bg sq gas dryer bk designed for professional applications.,DC5004BG SQ Gas Dryer Bk,,,,,,,,,,,,,,,,,,,,,,,,,,,,,,,,,,,,,,,,,,,,,,,,,,,,,,,,,,,,,,,,,,,,,,,,,,,,,,,,,,,,,,,,,,,,,,,,,,,,,,,,,,,,,,,,,,,,,,,,,,,,,,,,,,,,,,,,,,,,,,,,,,,,,,,,,,,,,,,,,,,,,,,,,,,,,,,,,,,,,,,,,,,,,,,,,,,,,,,,,,,,,,,,,,,,,,,,,,,,,,,,
,,,,,,,Appliances,Large Appliances,Dishwashers,,PTW705BSTWS,PTW705BSTWS GE Washer Wh,,,,Appliance Dealers Cooperative (APPDE),Appliance Dealers Cooperative,,,PTW705BSTWS,,Appliances & Consumer Electronics>Kitchen Appliances>Built-In Dishwashers,"Appliance Dealers Cooperative, PTW705BSTWS GE Washer Wh, PTW705BSTWS",GE WASHER WH,PTW705BSTWS GE Washer Wh PTW705BSTWS,PTW705BSTWS GE Washer Wh PTW705BSTWS. High performance industrial and commercial grade ptw705bstws ge washer wh designed for professional applications.,PTW705BSTWS GE Washer Wh,,,,,,,,,,,,,,,,,,,,,,,,,,,,,,,,,,,,,,,,,,,,,,,,,,,,,,,,,,,,,,,,,,,,,,,,,,,,,,,,,,,,,,,,,,,,,,,,,,,,,,,,,,,,,,,,,,,,,,,,,,,,,,,,,,,,,,,,,,,,,,,,,,,,,,,,,,,,,,,,,,,,,,,,,,,,,,,,,,,,,,,,,,,,,,,,,,,,,,,,,,,,,,,,,,,,,,,,,,,,,,,,
,,,,,,,Appliances,Large Appliances,Dishwashers,,MVWP586GW,MVWP586GW Washer Wh - Display,,,,Appliance Dealers Cooperative (APPDE),Appliance Dealers Cooperative,,,MVWP586GW,,Appliances & Consumer Electronics>Kitchen Appliances>Built-In Dishwashers,"Appliance Dealers Cooperative, MVWP586GW Washer Wh - Display, MVWP586GW",WASHER WH - DISPLAY,MVWP586GW Washer Wh - Display MVWP586GW,MVWP586GW Washer Wh - Display MVWP586GW. High performance industrial and commercial grade mvwp586gw washer wh - display designed for professional applications.,MVWP586GW Washer Wh - Display,,,,,,,,,,,,,,,,,,,,,,,,,,,,,,,,,,,,,,,,,,,,,,,,,,,,,,,,,,,,,,,,,,,,,,,,,,,,,,,,,,,,,,,,,,,,,,,,,,,,,,,,,,,,,,,,,,,,,,,,,,,,,,,,,,,,,,,,,,,,,,,,,,,,,,,,,,,,,,,,,,,,,,,,,,,,,,,,,,,,,,,,,,,,,,,,,,,,,,,,,,,,,,,,,,,,,,,,,,,,,,,,
,,,,,,,Appliances,Large Appliances,Dishwashers,,TV2000WN,TV2000WN SQ Elect Washer,,,,Appliance Dealers Cooperative (APPDE),Appliance Dealers Cooperative,,,TV2000WN,,Appliances & Consumer Electronics>Kitchen Appliances>Built-In Dishwashers,"Appliance Dealers Cooperative, TV2000WN SQ Elect Washer, TV2000WN",SQ ELECT WASHER,TV2000WN SQ Elect Washer TV2000WN,TV2000WN SQ Elect Washer TV2000WN. High performance industrial and commercial grade tv2000wn sq elect washer designed for professional applications.,TV2000WN SQ Elect Washer,,,,,,,,,,,,,,,,,,,,,,,,,,,,,,,,,,,,,,,,,,,,,,,,,,,,,,,,,,,,,,,,,,,,,,,,,,,,,,,,,,,,,,,,,,,,,,,,,,,,,,,,,,,,,,,,,,,,,,,,,,,,,,,,,,,,,,,,,,,,,,,,,,,,,,,,,,,,,,,,,,,,,,,,,,,,,,,,,,,,,,,,,,,,,,,,,,,,,,,,,,,,,,,,,,,,,,,,,,,,,,,,
,,,,,,,Appliances,Large Appliances,Dishwashers,,TC5003BN,TC5003BN SQ Washer Bk,,,,Appliance Dealers Cooperative (APPDE),Appliance Dealers Cooperative,,,TC5003BN,,Appliances & Consumer Electronics>Kitchen Appliances>Built-In Dishwashers,"Appliance Dealers Cooperative, TC5003BN SQ Washer Bk, TC5003BN",SQ WASHER BK,TC5003BN SQ Washer Bk TC5003BN,TC5003BN SQ Washer Bk TC5003BN. High performance industrial and commercial grade tc5003bn sq washer bk designed for professional applications.,TC5003BN SQ Washer Bk,,,,,,,,,,,,,,,,,,,,,,,,,,,,,,,,,,,,,,,,,,,,,,,,,,,,,,,,,,,,,,,,,,,,,,,,,,,,,,,,,,,,,,,,,,,,,,,,,,,,,,,,,,,,,,,,,,,,,,,,,,,,,,,,,,,,,,,,,,,,,,,,,,,,,,,,,,,,,,,,,,,,,,,,,,,,,,,,,,,,,,,,,,,,,,,,,,,,,,,,,,,,,,,,,,,,,,,,,,,,,,,,
,,,,,,,Appliances,Large Appliances,Dishwashers,,TR7006WN,TR7006WN Speed Queen Washer Wh,,,,Appliance Dealers Cooperative (APPDE),Appliance Dealers Cooperative,,,TR7006WN,,Appliances & Consumer Electronics>Kitchen Appliances>Built-In Dishwashers,"Appliance Dealers Cooperative, TR7006WN Speed Queen Washer Wh, TR7006WN",SPEED QUEEN WASHER WH,TR7006WN Speed Queen Washer Wh TR7006WN,TR7006WN Speed Queen Washer Wh TR7006WN. High performance industrial and commercial grade tr7006wn speed queen washer wh designed for professional applications.,TR7006WN Speed Queen Washer Wh,,,,,,,,,,,,,,,,,,,,,,,,,,,,,,,,,,,,,,,,,,,,,,,,,,,,,,,,,,,,,,,,,,,,,,,,,,,,,,,,,,,,,,,,,,,,,,,,,,,,,,,,,,,,,,,,,,,,,,,,,,,,,,,,,,,,,,,,,,,,,,,,,,,,,,,,,,,,,,,,,,,,,,,,,,,,,,,,,,,,,,,,,,,,,,,,,,,,,,,,,,,,,,,,,,,,,,,,,,,,,,,,
,,,,,,,Appliances,Large Appliances,Dishwashers,,TR7006BN,TR7006BN Speed Queen Washer Bk,,,,Appliance Dealers Cooperative (APPDE),Appliance Dealers Cooperative,,,TR7006BN,,Appliances & Consumer Electronics>Kitchen Appliances>Built-In Dishwashers,"Appliance Dealers Cooperative, TR7006BN Speed Queen Washer Bk, TR7006BN",SPEED QUEEN WASHER BK,TR7006BN Speed Queen Washer Bk TR7006BN,TR7006BN Speed Queen Washer Bk TR7006BN. High performance industrial and commercial grade tr7006bn speed queen washer bk designed for professional applications.,TR7006BN Speed Queen Washer Bk,,,,,,,,,,,,,,,,,,,,,,,,,,,,,,,,,,,,,,,,,,,,,,,,,,,,,,,,,,,,,,,,,,,,,,,,,,,,,,,,,,,,,,,,,,,,,,,,,,,,,,,,,,,,,,,,,,,,,,,,,,,,,,,,,,,,,,,,,,,,,,,,,,,,,,,,,,,,,,,,,,,,,,,,,,,,,,,,,,,,,,,,,,,,,,,,,,,,,,,,,,,,,,,,,,,,,,,,,,,,,,,,
,,,,,,,Appliances,Large Appliances,Dishwashers,,TR5006WN,TR5006WN Speed Queen Washer Wh,,,,Appliance Dealers Cooperative (APPDE),Appliance Dealers Cooperative,,,TR5006WN,,Appliances & Consumer Electronics>Kitchen Appliances>Built-In Dishwashers,"Appliance Dealers Cooperative, TR5006WN Speed Queen Washer Wh, TR5006WN",SPEED QUEEN WASHER WH,TR5006WN Speed Queen Washer Wh TR5006WN,TR5006WN Speed Queen Washer Wh TR5006WN. High performance industrial and commercial grade tr5006wn speed queen washer wh designed for professional applications.,TR5006WN Speed Queen Washer Wh,,,,,,,,,,,,,,,,,,,,,,,,,,,,,,,,,,,,,,,,,,,,,,,,,,,,,,,,,,,,,,,,,,,,,,,,,,,,,,,,,,,,,,,,,,,,,,,,,,,,,,,,,,,,,,,,,,,,,,,,,,,,,,,,,,,,,,,,,,,,,,,,,,,,,,,,,,,,,,,,,,,,,,,,,,,,,,,,,,,,,,,,,,,,,,,,,,,,,,,,,,,,,,,,,,,,,,,,,,,,,,,,
,,,,,,,Tools & Hardware,Abrasives,Sanding Belts & Discs,,05134545001,9516 Kneeling Pad& Bttl Opener,,,,Wera Tools NA Inc (WERTO),Wera Tools NA Inc,,,05134545001,,Tools & Hardware>Abrasives & Polishing>Sanding Belts & Discs,"Wera Tools NA Inc, 9516 Kneeling Pad& Bttl Opener, 05134545001",KNEELING PAD& BTTL OPENER,9516 Kneeling Pad& Bttl Opener 05134545001,9516 Kneeling Pad& Bttl Opener 05134545001. High performance industrial and commercial grade 9516 kneeling pad& bttl opener designed for professional applications.,9516 Kneeling Pad& Bttl Opener,,,,,,,,,,,,,,,,,,,,,,,,,,,,,,,,,,,,,,,,,,,,,,,,,,,,,,,,,,,,,,,,,,,,,,,,,,,,,,,,,,,,,,,,,,,,,,,,,,,,,,,,,,,,,,,,,,,,,,,,,,,,,,,,,,,,,,,,,,,,,,,,,,,,,,,,,,,,,,,,,,,,,,,,,,,,,,,,,,,,,,,,,,,,,,,,,,,,,,,,,,,,,,,,,,,,,,,,,,,,,,,,
,,,,,,,Tools & Hardware,Power Tools,Blowers & Vacuums,,LNL65301,LNL65301 Digital Tire Pressure - Inflator Gauge,,,,-,,,,LNL65301,,Tools & Hardware>Power Tools>Blowers & Sweepers,"LNL65301 Digital Tire Pressure - Inflator Gauge, LNL65301",DIGITAL TIRE PRESSURE - INFLATOR GAUGE,LNL65301 Digital Tire Pressure - Inflator Gauge LNL65301,LNL65301 Digital Tire Pressure - Inflator Gauge LNL65301. High performance industrial and commercial grade lnl65301 digital tire pressure - inflator gauge designed for professional applications.,LNL65301 Digital Tire Pressure - Inflator Gauge,,,,,,,,,,,,,,,,,,,,,,,,,,,,,,,,,,,,,,,,,,,,,,,,,,,,,,,,,,,,,,,,,,,,,,,,,,,,,,,,,,,,,,,,,,,,,,,,,,,,,,,,,,,,,,,,,,,,,,,,,,,,,,,,,,,,,,,,,,,,,,,,,,,,,,,,,,,,,,,,,,,,,,,,,,,,,,,,,,,,,,,,,,,,,,,,,,,,,,,,,,,,,,,,,,,,,,,,,,,,,,,,
,,,,,,,Building Materials,Decking & Railing,Railing Kits,,25-A,Charcoal Black 25-A Mortar - Type N,,,,Rees Cast Stone Company (REECA),Rees Cast Stone Company,,,25-A,,Building Materials>Decking & Porch>Railing Kits & Balusters,"Rees Cast Stone Company, Charcoal Black 25-A Mortar - Type N, 25-A",BLACK 25-A MORTAR - TYPE N,Charcoal Black 25-A Mortar - Type N 25-A,Charcoal Black 25-A Mortar - Type N 25-A. High performance industrial and commercial grade charcoal black 25-a mortar - type n designed for professional applications.,Charcoal Black 25-A Mortar - Type N,,,,,,,,,,,,,,,,,,,,,,,,,,,,,,,,,,,,,,,,,,,,,,,,,,,,,,,,,,,,,,,,,,,,,,,,,,,,,,,,,,,,,,,,,,,,,,,,,,,,,,,,,,,,,,,,,,,,,,,,,,,,,,,,,,,,,,,,,,,,,,,,,,,,,,,,,,,,,,,,,,,,,,,,,,,,,,,,,,,,,,,,,,,,,,,,,,,,,,,,,,,,,,,,,,,,,,,,,,,,,,,,
,,,,,,,Building Materials,Decking & Railing,Railing Kits,,38-E,Dark Chocolate 38-E Mortar - Type N,,,,Rees Cast Stone Company (REECA),Rees Cast Stone Company,,,38-E,,Building Materials>Decking & Porch>Railing Kits & Balusters,"Rees Cast Stone Company, Dark Chocolate 38-E Mortar - Type N, 38-E",CHOCOLATE 38-E MORTAR - TYPE N,Dark Chocolate 38-E Mortar - Type N 38-E,Dark Chocolate 38-E Mortar - Type N 38-E. High performance industrial and commercial grade dark chocolate 38-e mortar - type n designed for professional applications.,Dark Chocolate 38-E Mortar - Type N,,,,,,,,,,,,,,,,,,,,,,,,,,,,,,,,,,,,,,,,,,,,,,,,,,,,,,,,,,,,,,,,,,,,,,,,,,,,,,,,,,,,,,,,,,,,,,,,,,,,,,,,,,,,,,,,,,,,,,,,,,,,,,,,,,,,,,,,,,,,,,,,,,,,,,,,,,,,,,,,,,,,,,,,,,,,,,,,,,,,,,,,,,,,,,,,,,,,,,,,,,,,,,,,,,,,,,,,,,,,,,,,
,,,,,,,Lighting & Ceiling Fans,Commercial Lighting,Wrap & Strip Lights,,59-J,Light Buff 59-J Mortar - Type N,,,,Rees Cast Stone Company (REECA),Rees Cast Stone Company,,,59-J,,Lighting & Electrical>Light Fixtures>LED Wrap & Linear Fixtures,"Rees Cast Stone Company, Light, 59-J",BUFF 59-J MORTAR - TYPE N,Light 59-J,Light 59-J. High performance industrial and commercial grade light designed for professional applications.,Light,,,,,,,,,,,,,,,,,,,,,,,,,,,Light,,,,,,,,,,,,,,,,,,,,,,,,,,,,,,,,,,,,,,,,,,,,,,,,,,,,,,,,,,,,,,,,,,,,,,,,,,,,,,,,,,,,,,,,,,,,,,,,,,,,,,,,,,,,,,,,,,,,,,,,,,,,,,,,,,,,,,,,,,,,,,,,,,,,,,,,,,,,,,,,,,,,,,,,,,,,,,,,,,,,,,,,,,,,,,,,,,,,,
,,,,,,,Lighting & Ceiling Fans,Commercial Lighting,Wrap & Strip Lights,,44-A,Light Chocolate 44-A Mortar - Type N,,,,Rees Cast Stone Company (REECA),Rees Cast Stone Company,,,44-A,,Lighting & Electrical>Light Fixtures>LED Wrap & Linear Fixtures,"Rees Cast Stone Company, Light, 44-A",CHOCOLATE 44-A MORTAR - TYPE N,Light 44-A,Light 44-A. High performance industrial and commercial grade light designed for professional applications.,Light,,,,,,,,,,,,,,,,,,,,,,,,,,,Light,,,,,,,,,,,,,,,,,,,,,,,,,,,,,,,,,,,,,,,,,,,,,,,,,,,,,,,,,,,,,,,,,,,,,,,,,,,,,,,,,,,,,,,,,,,,,,,,,,,,,,,,,,,,,,,,,,,,,,,,,,,,,,,,,,,,,,,,,,,,,,,,,,,,,,,,,,,,,,,,,,,,,,,,,,,,,,,,,,,,,,,,,,,,,,,,,,,,,
,,,,,,,Building Materials,Decking & Railing,Railing Kits,,543302126,6' Wh Select T-Rail Kit Horiz - w/Sq Composite Balusters,TREX,,,U S Lumber (3073),U S Lumber,TREX,,543302126,,Building Materials>Decking & Porch>Railing Kits & Balusters,"U S Lumber, TREX, 6' Wh Select T-Rail Kit Horiz - w/Sq Composite Balusters, 543302126",6' WH SELECT T-RAIL KIT HORIZ - W/SQ COMPOSITE BALUSTERS,TREX 6' Wh Select T-Rail Kit Horiz - w/Sq Composite Balusters 543302126,TREX 6' Wh Select T-Rail Kit Horiz - w/Sq Composite Balusters 543302126. High performance industrial and commercial grade 6' wh select t-rail kit horiz - w/sq composite balusters designed for professional applications.,TREX 6' Wh Select T-Rail Kit Horiz - w/Sq Composite Balusters,,,,,,,,,,,,,,,,,,,,,,,,,,,,,,,,,,,,,,,,,,,,,,,,,,,,,,,,,,,,,,,,,,,,,,,,,,,,,,,,,,,,,,,,,,,,,,,,,,,,,,,,,,,,,,,,,,,,,,,,,,,,,,,,,,,,,,,,,,,,,,,,,,,,,,,,,,,,,,,,,,,,,,,,,,,,,,,,,,,,,,,,,,,,,,,,,,,,,,,,,,,,,,,,,,,,,,,,,,,,,,,,
,,,,,,,Building Materials,Decking & Railing,Railing Kits,,543302146,8' Wh Select T-Rail Kit Horiz - w/Sq Composite Balusters,TREX,,,U S Lumber (3073),U S Lumber,TREX,,543302146,,Building Materials>Decking & Porch>Railing Kits & Balusters,"U S Lumber, TREX, 8' Wh Select T-Rail Kit Horiz - w/Sq Composite Balusters, 543302146",8' WH SELECT T-RAIL KIT HORIZ - W/SQ COMPOSITE BALUSTERS,TREX 8' Wh Select T-Rail Kit Horiz - w/Sq Composite Balusters 543302146,TREX 8' Wh Select T-Rail Kit Horiz - w/Sq Composite Balusters 543302146. High performance industrial and commercial grade 8' wh select t-rail kit horiz - w/sq composite balusters designed for professional applications.,TREX 8' Wh Select T-Rail Kit Horiz - w/Sq Composite Balusters,,,,,,,,,,,,,,,,,,,,,,,,,,,,,,,,,,,,,,,,,,,,,,,,,,,,,,,,,,,,,,,,,,,,,,,,,,,,,,,,,,,,,,,,,,,,,,,,,,,,,,,,,,,,,,,,,,,,,,,,,,,,,,,,,,,,,,,,,,,,,,,,,,,,,,,,,,,,,,,,,,,,,,,,,,,,,,,,,,,,,,,,,,,,,,,,,,,,,,,,,,,,,,,,,,,,,,,,,,,,,,,,
,,,,,,,Building Materials,Decking & Railing,Railing Kits,,73019603,Finyline Wh 6' Fl Rail Kit Sq,,,,-,,,,73019603,,Building Materials>Decking & Porch>Railing Kits & Balusters,"Finyline Wh 6' Fl Rail Kit Sq, 73019603",WH 6' FL RAIL KIT SQ,Finyline Wh 6' Fl Rail Kit Sq 73019603,Finyline Wh 6' Fl Rail Kit Sq 73019603. High performance industrial and commercial grade finyline wh 6' fl rail kit sq designed for professional applications.,Finyline Wh 6' Fl Rail Kit Sq,,,,,,,,,,,,,,,,,,,,,,,,,,,,,,,,,,,,,,,,,,,,,,,,,,,,,,,,,,,,,,,,,,,,,,,,,,,,,,,,,,,,,,,,,,,,,,,,,,,,,,,,,,,,,,,,,,,,,,,,,,,,,,,,,,,,,,,,,,,,,,,,,,,,,,,,,,,,,,,,,,,,,,,,,,,,,,,,,,,,,,,,,,,,,,,,,,,,,,,,,,,,,,,,,,,,,,,,,,,,,,,,
,,,,,,,Building Materials,Decking & Railing,Railing Kits,,73019652,Finyline Wh 8' Fl Rail Kit Sq,,,,-,,,,73019652,,Building Materials>Decking & Porch>Railing Kits & Balusters,"Finyline Wh 8' Fl Rail Kit Sq, 73019652",WH 8' FL RAIL KIT SQ,Finyline Wh 8' Fl Rail Kit Sq 73019652,Finyline Wh 8' Fl Rail Kit Sq 73019652. High performance industrial and commercial grade finyline wh 8' fl rail kit sq designed for professional applications.,Finyline Wh 8' Fl Rail Kit Sq,,,,,,,,,,,,,,,,,,,,,,,,,,,,,,,,,,,,,,,,,,,,,,,,,,,,,,,,,,,,,,,,,,,,,,,,,,,,,,,,,,,,,,,,,,,,,,,,,,,,,,,,,,,,,,,,,,,,,,,,,,,,,,,,,,,,,,,,,,,,,,,,,,,,,,,,,,,,,,,,,,,,,,,,,,,,,,,,,,,,,,,,,,,,,,,,,,,,,,,,,,,,,,,,,,,,,,,,,,,,,,,,
,,,,,,,Building Materials,Decking & Railing,Railing Kits,,73019517,Finyline Wh 10' Fl Rail Kit Sq,,,,-,,,,73019517,,Building Materials>Decking & Porch>Railing Kits & Balusters,"Finyline Wh 10' Fl Rail Kit Sq, 73019517",WH 10' FL RAIL KIT SQ,Finyline Wh 10' Fl Rail Kit Sq 73019517,Finyline Wh 10' Fl Rail Kit Sq 73019517. High performance industrial and commercial grade finyline wh 10' fl rail kit sq designed for professional applications.,Finyline Wh 10' Fl Rail Kit Sq,,,,,,,,,,,,,,,,,,,,,,,,,,,,,,,,,,,,,,,,,,,,,,,,,,,,,,,,,,,,,,,,,,,,,,,,,,,,,,,,,,,,,,,,,,,,,,,,,,,,,,,,,,,,,,,,,,,,,,,,,,,,,,,,,,,,,,,,,,,,,,,,,,,,,,,,,,,,,,,,,,,,,,,,,,,,,,,,,,,,,,,,,,,,,,,,,,,,,,,,,,,,,,,,,,,,,,,,,,,,,,,,
,,,,,,,Building Materials,Decking & Railing,Railing Kits,,73019602,Finyline Wh 6' Fl Rail Kit Rd - w/Black Alum Balusters,,,,-,,,,73019602,,Building Materials>Decking & Porch>Railing Kits & Balusters,"Finyline Wh 6' Fl Rail Kit Rd - w/Black Alum Balusters, 73019602",WH 6' FL RAIL KIT RD - W/BLACK ALUM BALUSTERS,Finyline Wh 6' Fl Rail Kit Rd - w/Black Alum Balusters 73019602,Finyline Wh 6' Fl Rail Kit Rd - w/Black Alum Balusters 73019602. High performance industrial and commercial grade finyline wh 6' fl rail kit rd - w/black alum balusters designed for professional applications.,Finyline Wh 6' Fl Rail Kit Rd - w/Black Alum Balusters,,,,,,,,,,,,,,,,,,,,,,,,,,,,,,,,,,,,,,,,,,,,,,,,,,,,,,,,,,,,,,,,,,,,,,,,,,,,,,,,,,,,,,,,,,,,,,,,,,,,,,,,,,,,,,,,,,,,,,,,,,,,,,,,,,,,,,,,,,,,,,,,,,,,,,,,,,,,,,,,,,,,,,,,,,,,,,,,,,,,,,,,,,,,,,,,,,,,,,,,,,,,,,,,,,,,,,,,,,,,,,,,
,,,,,,,Building Materials,Decking & Railing,Railing Kits,,73019651,Finyline Wh 8' Fl Rail Kit Rd - w/Black Alum Balusters,,,,-,,,,73019651,,Building Materials>Decking & Porch>Railing Kits & Balusters,"Finyline Wh 8' Fl Rail Kit Rd - w/Black Alum Balusters, 73019651",WH 8' FL RAIL KIT RD - W/BLACK ALUM BALUSTERS,Finyline Wh 8' Fl Rail Kit Rd - w/Black Alum Balusters 73019651,Finyline Wh 8' Fl Rail Kit Rd - w/Black Alum Balusters 73019651. High performance industrial and commercial grade finyline wh 8' fl rail kit rd - w/black alum balusters designed for professional applications.,Finyline Wh 8' Fl Rail Kit Rd - w/Black Alum Balusters,,,,,,,,,,,,,,,,,,,,,,,,,,,,,,,,,,,,,,,,,,,,,,,,,,,,,,,,,,,,,,,,,,,,,,,,,,,,,,,,,,,,,,,,,,,,,,,,,,,,,,,,,,,,,,,,,,,,,,,,,,,,,,,,,,,,,,,,,,,,,,,,,,,,,,,,,,,,,,,,,,,,,,,,,,,,,,,,,,,,,,,,,,,,,,,,,,,,,,,,,,,,,,,,,,,,,,,,,,,,,,,,
,,,,,,,Building Materials,Decking & Railing,Railing Kits,,73019516,Finyline Wh 10' Fl Rail Kit Rd - w/Black Alum Balusters,,,,-,,,,73019516,,Building Materials>Decking & Porch>Railing Kits & Balusters,"Finyline Wh 10' Fl Rail Kit Rd - w/Black Alum Balusters, 73019516",WH 10' FL RAIL KIT RD - W/BLACK ALUM BALUSTERS,Finyline Wh 10' Fl Rail Kit Rd - w/Black Alum Balusters 73019516,Finyline Wh 10' Fl Rail Kit Rd - w/Black Alum Balusters 73019516. High performance industrial and commercial grade finyline wh 10' fl rail kit rd - w/black alum balusters designed for professional applications.,Finyline Wh 10' Fl Rail Kit Rd - w/Black Alum Balusters,,,,,,,,,,,,,,,,,,,,,,,,,,,,,,,,,,,,,,,,,,,,,,,,,,,,,,,,,,,,,,,,,,,,,,,,,,,,,,,,,,,,,,,,,,,,,,,,,,,,,,,,,,,,,,,,,,,,,,,,,,,,,,,,,,,,,,,,,,,,,,,,,,,,,,,,,,,,,,,,,,,,,,,,,,,,,,,,,,,,,,,,,,,,,,,,,,,,,,,,,,,,,,,,,,,,,,,,,,,,,,,,
,,,,,,,Building Materials,Decking & Railing,Railing Kits,,543300256,6' Black Select Classic Horiz - Rail w/Rnd Black Alum Baluster,TREX,,,Boise Cascade Building Materials (BOICA),Boise Cascade Building Materials,TREX,,543300256,,Building Materials>Decking & Porch>Railing Kits & Balusters,"Boise Cascade Building Materials, TREX, 6' Black Select Classic Horiz - Rail w/Rnd Black Alum Baluster, 543300256",6' BLACK SELECT CLASSIC HORIZ - RAIL W/RND BLACK ALUM BALUSTER,TREX 6' Black Select Classic Horiz - Rail w/Rnd Black Alum Baluster 543300256,TREX 6' Black Select Classic Horiz - Rail w/Rnd Black Alum Baluster 543300256. High performance industrial and commercial grade 6' black select classic horiz - rail w/rnd black alum baluster designed for professional applications.,TREX 6' Black Select Classic Horiz - Rail w/Rnd Black Alum Baluster,,,,,,,,,,,,,,,,,,,,,,,,,,,,,,,,,,,,,,,,,,,,,,,,,,,,,,,,,,,,,,,,,,,,,,,,,,,,,,,,,,,,,,,,,,,,,,,,,,,,,,,,,,,,,,,,,,,,,,,,,,,,,,,,,,,,,,,,,,,,,,,,,,,,,,,,,,,,,,,,,,,,,,,,,,,,,,,,,,,,,,,,,,,,,,,,,,,,,,,,,,,,,,,,,,,,,,,,,,,,,,,,
,,,,,,,Building Materials,Decking & Railing,Railing Kits,,543300276,8' Black Select Classic Horiz - Rail w/Rnd Black Alum Baluster,TREX,,,Boise Cascade Building Materials (BOICA),Boise Cascade Building Materials,TREX,,543300276,,Building Materials>Decking & Porch>Railing Kits & Balusters,"Boise Cascade Building Materials, TREX, 8' Black Select Classic Horiz - Rail w/Rnd Black Alum Baluster, 543300276",8' BLACK SELECT CLASSIC HORIZ - RAIL W/RND BLACK ALUM BALUSTER,TREX 8' Black Select Classic Horiz - Rail w/Rnd Black Alum Baluster 543300276,TREX 8' Black Select Classic Horiz - Rail w/Rnd Black Alum Baluster 543300276. High performance industrial and commercial grade 8' black select classic horiz - rail w/rnd black alum baluster designed for professional applications.,TREX 8' Black Select Classic Horiz - Rail w/Rnd Black Alum Baluster,,,,,,,,,,,,,,,,,,,,,,,,,,,,,,,,,,,,,,,,,,,,,,,,,,,,,,,,,,,,,,,,,,,,,,,,,,,,,,,,,,,,,,,,,,,,,,,,,,,,,,,,,,,,,,,,,,,,,,,,,,,,,,,,,,,,,,,,,,,,,,,,,,,,,,,,,,,,,,,,,,,,,,,,,,,,,,,,,,,,,,,,,,,,,,,,,,,,,,,,,,,,,,,,,,,,,,,,,,,,,,,,
,,,,,,,Lighting & Ceiling Fans,Indoor Lighting,Chandeliers & Pendants,,73045028,Custom Finyline Wh Gate Sq Bal,,,,-,,,,73045028,,Lighting & Electrical>Light Fixtures>Chandeliers & Pendants,"Custom Finyline Wh Gate Sq Bal, 73045028",FINYLINE WH GATE SQ BAL,Custom Finyline Wh Gate Sq Bal 73045028,Custom Finyline Wh Gate Sq Bal 73045028. High performance industrial and commercial grade custom finyline wh gate sq bal designed for professional applications.,Custom Finyline Wh Gate Sq Bal,,,,,,,,,,,,,,,,,,,,,,,,,,,,,,,,,,,,,,,,,,,,,,,,,,,,,,,,,,,,,,,,,,,,,,,,,,,,,,,,,,,,,,,,,,,,,,,,,,,,,,,,,,,,,,,,,,,,,,,,,,,,,,,,,,,,,,,,,,,,,,,,,,,,,,,,,,,,,,,,,,,,,,,,,,,,,,,,,,,,,,,,,,,,,,,,,,,,,,,,,,,,,,,,,,,,,,,,,,,,,,,,
,,,,,,,Lighting & Ceiling Fans,Indoor Lighting,Chandeliers & Pendants,,73045031,Custom Finyline Wh Gate Rd - w/Black Alum Balusters,,,,-,,,,73045031,,Lighting & Electrical>Light Fixtures>Chandeliers & Pendants,"Custom Finyline Wh Gate Rd - w/Black Alum Balusters, 73045031",FINYLINE WH GATE RD - W/BLACK ALUM BALUSTERS,Custom Finyline Wh Gate Rd - w/Black Alum Balusters 73045031,Custom Finyline Wh Gate Rd - w/Black Alum Balusters 73045031. High performance industrial and commercial grade custom finyline wh gate rd - w/black alum balusters designed for professional applications.,Custom Finyline Wh Gate Rd - w/Black Alum Balusters,,,,,,,,,,,,,,,,,,,,,,,,,,,,,,,,,,,,,,,,,,,,,,,,,,,,,,,,,,,,,,,,,,,,,,,,,,,,,,,,,,,,,,,,,,,,,,,,,,,,,,,,,,,,,,,,,,,,,,,,,,,,,,,,,,,,,,,,,,,,,,,,,,,,,,,,,,,,,,,,,,,,,,,,,,,,,,,,,,,,,,,,,,,,,,,,,,,,,,,,,,,,,,,,,,,,,,,,,,,,,,,,
,,,,,,,Building Materials,Decking & Railing,Railing Kits,,543340126,"6'x36"" Select Alm w/Sq Bal Hor - Assembled Black Rail Panel",TREX,,,Boise Cascade Building Materials (BOICA),Boise Cascade Building Materials,TREX,,543340126,,Building Materials>Decking & Porch>Railing Kits & Balusters,"Boise Cascade Building Materials, TREX, 6'x36"" Select Alm w/Sq Bal Hor - Assembled Black Rail Panel, 543340126","6'X36"" SELECT ALM W/SQ BAL HOR - ASSEMBLED BLACK RAIL PANEL","TREX 6'x36"" Select Alm w/Sq Bal Hor - Assembled Black Rail Panel 543340126","TREX 6'x36"" Select Alm w/Sq Bal Hor - Assembled Black Rail Panel 543340126. High performance industrial and commercial grade 6'x36"" select alm w/sq bal hor - assembled black rail panel designed for professional applications.","TREX 6'x36"" Select Alm w/Sq Bal Hor - Assembled Black Rail Panel",,,,,,,,,,,,,,,,,,,,,,,,,,,,,,,,,,,,,,,,,,,,,,,,,,,,,,,,,,,,,,,,,,,,,,,,,,,,,,,,,,,,,,,,,,,,,,,,,,,,,,,,,,,,,,,,,,,,,,,,,,,,,,,,,,,,,,,,,,,,,,,,,,,,,,,,,,,,,,,,,,,,,,,,,,,,,,,,,,,,,,,,,,,,,,,,,,,,,,,,,,,,,,,,,,,,,,,,,,,,,,,,
,,,,,,,Building Materials,Decking & Railing,Railing Kits,,543340127,"6'x36"" Select Alm w/Sq Bal Str - Assembled Black Rail Panel",TREX,,,Boise Cascade Building Materials (BOICA),Boise Cascade Building Materials,TREX,,543340127,,Building Materials>Decking & Porch>Railing Kits & Balusters,"Boise Cascade Building Materials, TREX, 6'x36"" Select Alm w/Sq Bal Str - Assembled Black Rail Panel, 543340127","6'X36"" SELECT ALM W/SQ BAL STR - ASSEMBLED BLACK RAIL PANEL","TREX 6'x36"" Select Alm w/Sq Bal Str - Assembled Black Rail Panel 543340127","TREX 6'x36"" Select Alm w/Sq Bal Str - Assembled Black Rail Panel 543340127. High performance industrial and commercial grade 6'x36"" select alm w/sq bal str - assembled black rail panel designed for professional applications.","TREX 6'x36"" Select Alm w/Sq Bal Str - Assembled Black Rail Panel",,,,,,,,,,,,,,,,,,,,,,,,,,,,,,,,,,,,,,,,,,,,,,,,,,,,,,,,,,,,,,,,,,,,,,,,,,,,,,,,,,,,,,,,,,,,,,,,,,,,,,,,,,,,,,,,,,,,,,,,,,,,,,,,,,,,,,,,,,,,,,,,,,,,,,,,,,,,,,,,,,,,,,,,,,,,,,,,,,,,,,,,,,,,,,,,,,,,,,,,,,,,,,,,,,,,,,,,,,,,,,,,
,,,,,,,Building Materials,Decking & Railing,Railing Kits,,543340146,"8'x36"" Select Alm w/Sq Bal Hor - Assembled Black Rail Panel",TREX,,,Boise Cascade Building Materials (BOICA),Boise Cascade Building Materials,TREX,,543340146,,Building Materials>Decking & Porch>Railing Kits & Balusters,"Boise Cascade Building Materials, TREX, 8'x36"" Select Alm w/Sq Bal Hor - Assembled Black Rail Panel, 543340146","8'X36"" SELECT ALM W/SQ BAL HOR - ASSEMBLED BLACK RAIL PANEL","TREX 8'x36"" Select Alm w/Sq Bal Hor - Assembled Black Rail Panel 543340146","TREX 8'x36"" Select Alm w/Sq Bal Hor - Assembled Black Rail Panel 543340146. High performance industrial and commercial grade 8'x36"" select alm w/sq bal hor - assembled black rail panel designed for professional applications.","TREX 8'x36"" Select Alm w/Sq Bal Hor - Assembled Black Rail Panel",,,,,,,,,,,,,,,,,,,,,,,,,,,,,,,,,,,,,,,,,,,,,,,,,,,,,,,,,,,,,,,,,,,,,,,,,,,,,,,,,,,,,,,,,,,,,,,,,,,,,,,,,,,,,,,,,,,,,,,,,,,,,,,,,,,,,,,,,,,,,,,,,,,,,,,,,,,,,,,,,,,,,,,,,,,,,,,,,,,,,,,,,,,,,,,,,,,,,,,,,,,,,,,,,,,,,,,,,,,,,,,,
,,,,,,,Building Materials,Decking & Railing,Railing Kits,,543340147,"8'x36"" Select Alm w/Sq Bal Str - Assembled Black Rail Panel",TREX,,,Boise Cascade Building Materials (BOICA),Boise Cascade Building Materials,TREX,,543340147,,Building Materials>Decking & Porch>Railing Kits & Balusters,"Boise Cascade Building Materials, TREX, 8'x36"" Select Alm w/Sq Bal Str - Assembled Black Rail Panel, 543340147","8'X36"" SELECT ALM W/SQ BAL STR - ASSEMBLED BLACK RAIL PANEL","TREX 8'x36"" Select Alm w/Sq Bal Str - Assembled Black Rail Panel 543340147","TREX 8'x36"" Select Alm w/Sq Bal Str - Assembled Black Rail Panel 543340147. High performance industrial and commercial grade 8'x36"" select alm w/sq bal str - assembled black rail panel designed for professional applications.","TREX 8'x36"" Select Alm w/Sq Bal Str - Assembled Black Rail Panel",,,,,,,,,,,,,,,,,,,,,,,,,,,,,,,,,,,,,,,,,,,,,,,,,,,,,,,,,,,,,,,,,,,,,,,,,,,,,,,,,,,,,,,,,,,,,,,,,,,,,,,,,,,,,,,,,,,,,,,,,,,,,,,,,,,,,,,,,,,,,,,,,,,,,,,,,,,,,,,,,,,,,,,,,,,,,,,,,,,,,,,,,,,,,,,,,,,,,,,,,,,,,,,,,,,,,,,,,,,,,,,,
,,,,,,,Building Materials,Decking & Railing,Composite Decking,,ADB15516CS,1x6-16' Coastline Sq Edge - Vintage Azek PVC Decking,TIMBERTECH,,,Parksite (6151),Parksite,TIMBERTECH,,ADB15516CS,,Building Materials>Decking & Porch>Composite & PVC Decking,"Parksite, TIMBERTECH, Decking, ADB15516CS",1X6-16' COASTLINE SQ EDGE - VINTAGE AZEK PVC DECKING,TIMBERTECH Decking ADB15516CS,TIMBERTECH Decking ADB15516CS. High performance industrial and commercial grade decking designed for professional applications.,TIMBERTECH Decking,,,,,,,,,,,,,,,,,,,,,,,,,,,Decking,,,,,,,,,,,,,,,,,,,,,,,,,,,,,,,,,,,,,,,,,,,,,,,,,,,,,,,,,,,,,,,,,,,,,,,,,,,,,,,,,,,,,,,,,,,,,,,,,,,,,,,,,,,,,,,,,,,,,,,,,,,,,,,,,,,,,,,,,,,,,,,,,,,,,,,,,,,,,,,,,,,,,,,,,,,,,,,,,,,,,,,,,,,,,,,,,,,,,
,,,,,,,Building Materials,Decking & Railing,Composite Decking,,ADB15520CS,1x6-20' Coastline Sq Edge - Vintage Azek PVC Decking,TIMBERTECH,,,Parksite (6151),Parksite,TIMBERTECH,,ADB15520CS,,Building Materials>Decking & Porch>Composite & PVC Decking,"Parksite, TIMBERTECH, Decking, ADB15520CS",1X6-20' COASTLINE SQ EDGE - VINTAGE AZEK PVC DECKING,TIMBERTECH Decking ADB15520CS,TIMBERTECH Decking ADB15520CS. High performance industrial and commercial grade decking designed for professional applications.,TIMBERTECH Decking,,,,,,,,,,,,,,,,,,,,,,,,,,,Decking,,,,,,,,,,,,,,,,,,,,,,,,,,,,,,,,,,,,,,,,,,,,,,,,,,,,,,,,,,,,,,,,,,,,,,,,,,,,,,,,,,,,,,,,,,,,,,,,,,,,,,,,,,,,,,,,,,,,,,,,,,,,,,,,,,,,,,,,,,,,,,,,,,,,,,,,,,,,,,,,,,,,,,,,,,,,,,,,,,,,,,,,,,,,,,,,,,,,,
,,,,,,,Building Materials,Decking & Railing,Composite Decking,,ADB15516EW,1x6-16' English Walnut Sq Edge - Vintage Azek PVC Decking,TIMBERTECH,,,Parksite (6151),Parksite,TIMBERTECH,,ADB15516EW,,Building Materials>Decking & Porch>Composite & PVC Decking,"Parksite, TIMBERTECH, Decking, ADB15516EW",1X6-16' ENGLISH WALNUT SQ EDGE - VINTAGE AZEK PVC DECKING,TIMBERTECH Decking ADB15516EW,TIMBERTECH Decking ADB15516EW. High performance industrial and commercial grade decking designed for professional applications.,TIMBERTECH Decking,,,,,,,,,,,,,,,,,,,,,,,,,,,Decking,,,,,,,,,,,,,,,,,,,,,,,,,,,,,,,,,,,,,,,,,,,,,,,,,,,,,,,,,,,,,,,,,,,,,,,,,,,,,,,,,,,,,,,,,,,,,,,,,,,,,,,,,,,,,,,,,,,,,,,,,,,,,,,,,,,,,,,,,,,,,,,,,,,,,,,,,,,,,,,,,,,,,,,,,,,,,,,,,,,,,,,,,,,,,,,,,,,,,
,,,,,,,Building Materials,Decking & Railing,Composite Decking,,ADB15520EW,1x6-20' English Walnut Sq Edge - Vintage Azek PVC Decking,TIMBERTECH,,,Parksite (6151),Parksite,TIMBERTECH,,ADB15520EW,,Building Materials>Decking & Porch>Composite & PVC Decking,"Parksite, TIMBERTECH, Decking, ADB15520EW",1X6-20' ENGLISH WALNUT SQ EDGE - VINTAGE AZEK PVC DECKING,TIMBERTECH Decking ADB15520EW,TIMBERTECH Decking ADB15520EW. High performance industrial and commercial grade decking designed for professional applications.,TIMBERTECH Decking,,,,,,,,,,,,,,,,,,,,,,,,,,,Decking,,,,,,,,,,,,,,,,,,,,,,,,,,,,,,,,,,,,,,,,,,,,,,,,,,,,,,,,,,,,,,,,,,,,,,,,,,,,,,,,,,,,,,,,,,,,,,,,,,,,,,,,,,,,,,,,,,,,,,,,,,,,,,,,,,,,,,,,,,,,,,,,,,,,,,,,,,,,,,,,,,,,,,,,,,,,,,,,,,,,,,,,,,,,,,,,,,,,,
,,,,,,,Building Materials,Decking & Railing,Composite Decking,,ADB15516MH,1x6-16' Mahogany Sq Edge - Vintage Azek PVC Decking,TIMBERTECH,,,Parksite (6151),Parksite,TIMBERTECH,,ADB15516MH,,Building Materials>Decking & Porch>Composite & PVC Decking,"Parksite, TIMBERTECH, Decking, ADB15516MH",1X6-16' MAHOGANY SQ EDGE - VINTAGE AZEK PVC DECKING,TIMBERTECH Decking ADB15516MH,TIMBERTECH Decking ADB15516MH. High performance industrial and commercial grade decking designed for professional applications.,TIMBERTECH Decking,,,,,,,,,,,,,,,,,,,,,,,,,,,Decking,,,,,,,,,,,,,,,,,,,,,,,,,,,,,,,,,,,,,,,,,,,,,,,,,,,,,,,,,,,,,,,,,,,,,,,,,,,,,,,,,,,,,,,,,,,,,,,,,,,,,,,,,,,,,,,,,,,,,,,,,,,,,,,,,,,,,,,,,,,,,,,,,,,,,,,,,,,,,,,,,,,,,,,,,,,,,,,,,,,,,,,,,,,,,,,,,,,,,
,,,,,,,Building Materials,Decking & Railing,Composite Decking,,ADB15520MH,1x6-20' Mahogany Sq Edge - Vintage Azek PVC Decking,TIMBERTECH,,,Parksite (6151),Parksite,TIMBERTECH,,ADB15520MH,,Building Materials>Decking & Porch>Composite & PVC Decking,"Parksite, TIMBERTECH, Decking, ADB15520MH",1X6-20' MAHOGANY SQ EDGE - VINTAGE AZEK PVC DECKING,TIMBERTECH Decking ADB15520MH,TIMBERTECH Decking ADB15520MH. High performance industrial and commercial grade decking designed for professional applications.,TIMBERTECH Decking,,,,,,,,,,,,,,,,,,,,,,,,,,,Decking,,,,,,,,,,,,,,,,,,,,,,,,,,,,,,,,,,,,,,,,,,,,,,,,,,,,,,,,,,,,,,,,,,,,,,,,,,,,,,,,,,,,,,,,,,,,,,,,,,,,,,,,,,,,,,,,,,,,,,,,,,,,,,,,,,,,,,,,,,,,,,,,,,,,,,,,,,,,,,,,,,,,,,,,,,,,,,,,,,,,,,,,,,,,,,,,,,,,,
,,,,,,,Building Materials,Decking & Railing,Composite Decking,,ADB15516WT,1x6-16' Weathered Teak Sq Edge - Vintage Azek PVC Decking,TIMBERTECH,,,Parksite (6151),Parksite,TIMBERTECH,,ADB15516WT,,Building Materials>Decking & Porch>Composite & PVC Decking,"Parksite, TIMBERTECH, Decking, ADB15516WT",1X6-16' WEATHERED TEAK SQ EDGE - VINTAGE AZEK PVC DECKING,TIMBERTECH Decking ADB15516WT,TIMBERTECH Decking ADB15516WT. High performance industrial and commercial grade decking designed for professional applications.,TIMBERTECH Decking,,,,,,,,,,,,,,,,,,,,,,,,,,,Decking,,,,,,,,,,,,,,,,,,,,,,,,,,,,,,,,,,,,,,,,,,,,,,,,,,,,,,,,,,,,,,,,,,,,,,,,,,,,,,,,,,,,,,,,,,,,,,,,,,,,,,,,,,,,,,,,,,,,,,,,,,,,,,,,,,,,,,,,,,,,,,,,,,,,,,,,,,,,,,,,,,,,,,,,,,,,,,,,,,,,,,,,,,,,,,,,,,,,,
,,,,,,,Building Materials,Decking & Railing,Composite Decking,,ADB15520WT,1x6-20' Weathered Teak Sq Edge - Vintage Azek PVC Decking,TIMBERTECH,,,Parksite (6151),Parksite,TIMBERTECH,,ADB15520WT,,Building Materials>Decking & Porch>Composite & PVC Decking,"Parksite, TIMBERTECH, Decking, ADB15520WT",1X6-20' WEATHERED TEAK SQ EDGE - VINTAGE AZEK PVC DECKING,TIMBERTECH Decking ADB15520WT,TIMBERTECH Decking ADB15520WT. High performance industrial and commercial grade decking designed for professional applications.,TIMBERTECH Decking,,,,,,,,,,,,,,,,,,,,,,,,,,,Decking,,,,,,,,,,,,,,,,,,,,,,,,,,,,,,,,,,,,,,,,,,,,,,,,,,,,,,,,,,,,,,,,,,,,,,,,,,,,,,,,,,,,,,,,,,,,,,,,,,,,,,,,,,,,,,,,,,,,,,,,,,,,,,,,,,,,,,,,,,,,,,,,,,,,,,,,,,,,,,,,,,,,,,,,,,,,,,,,,,,,,,,,,,,,,,,,,,,,,
,,,,,,,Building Materials,Decking & Railing,Composite Decking,,AGB15512CS,1x6-12' Coastline Grooved - Vintage Azek PVC Decking,TIMBERTECH,,,Parksite (6151),Parksite,TIMBERTECH,,AGB15512CS,,Building Materials>Decking & Porch>Composite & PVC Decking,"Parksite, TIMBERTECH, Decking, AGB15512CS",1X6-12' COASTLINE GROOVED - VINTAGE AZEK PVC DECKING,TIMBERTECH Decking AGB15512CS,TIMBERTECH Decking AGB15512CS. High performance industrial and commercial grade decking designed for professional applications.,TIMBERTECH Decking,,,,,,,,,,,,,,,,,,,,,,,,,,,Decking,,,,,,,,,,,,,,,,,,,,,,,,,,,,,,,,,,,,,,,,,,,,,,,,,,,,,,,,,,,,,,,,,,,,,,,,,,,,,,,,,,,,,,,,,,,,,,,,,,,,,,,,,,,,,,,,,,,,,,,,,,,,,,,,,,,,,,,,,,,,,,,,,,,,,,,,,,,,,,,,,,,,,,,,,,,,,,,,,,,,,,,,,,,,,,,,,,,,,
,,,,,,,Building Materials,Decking & Railing,Composite Decking,,AGB15516CS,1x6-16' Coastline Grooved - Vintage Azek PVC Decking,TIMBERTECH,,,Parksite (6151),Parksite,TIMBERTECH,,AGB15516CS,,Building Materials>Decking & Porch>Composite & PVC Decking,"Parksite, TIMBERTECH, Decking, AGB15516CS",1X6-16' COASTLINE GROOVED - VINTAGE AZEK PVC DECKING,TIMBERTECH Decking AGB15516CS,TIMBERTECH Decking AGB15516CS. High performance industrial and commercial grade decking designed for professional applications.,TIMBERTECH Decking,,,,,,,,,,,,,,,,,,,,,,,,,,,Decking,,,,,,,,,,,,,,,,,,,,,,,,,,,,,,,,,,,,,,,,,,,,,,,,,,,,,,,,,,,,,,,,,,,,,,,,,,,,,,,,,,,,,,,,,,,,,,,,,,,,,,,,,,,,,,,,,,,,,,,,,,,,,,,,,,,,,,,,,,,,,,,,,,,,,,,,,,,,,,,,,,,,,,,,,,,,,,,,,,,,,,,,,,,,,,,,,,,,,
,,,,,,,Building Materials,Decking & Railing,Composite Decking,,AGB15520CS,1x6-20' Coastline Grooved - Vintage Azek PVC Decking,TIMBERTECH,,,Parksite (6151),Parksite,TIMBERTECH,,AGB15520CS,,Building Materials>Decking & Porch>Composite & PVC Decking,"Parksite, TIMBERTECH, Decking, AGB15520CS",1X6-20' COASTLINE GROOVED - VINTAGE AZEK PVC DECKING,TIMBERTECH Decking AGB15520CS,TIMBERTECH Decking AGB15520CS. High performance industrial and commercial grade decking designed for professional applications.,TIMBERTECH Decking,,,,,,,,,,,,,,,,,,,,,,,,,,,Decking,,,,,,,,,,,,,,,,,,,,,,,,,,,,,,,,,,,,,,,,,,,,,,,,,,,,,,,,,,,,,,,,,,,,,,,,,,,,,,,,,,,,,,,,,,,,,,,,,,,,,,,,,,,,,,,,,,,,,,,,,,,,,,,,,,,,,,,,,,,,,,,,,,,,,,,,,,,,,,,,,,,,,,,,,,,,,,,,,,,,,,,,,,,,,,,,,,,,,
,,,,,,,Building Materials,Decking & Railing,Composite Decking,,AGB15512EW,1x6-12' English Walnut Grooved - Vintage Azek PVC Decking,TIMBERTECH,,,Parksite (6151),Parksite,TIMBERTECH,,AGB15512EW,,Building Materials>Decking & Porch>Composite & PVC Decking,"Parksite, TIMBERTECH, Decking, AGB15512EW",1X6-12' ENGLISH WALNUT GROOVED - VINTAGE AZEK PVC DECKING,TIMBERTECH Decking AGB15512EW,TIMBERTECH Decking AGB15512EW. High performance industrial and commercial grade decking designed for professional applications.,TIMBERTECH Decking,,,,,,,,,,,,,,,,,,,,,,,,,,,Decking,,,,,,,,,,,,,,,,,,,,,,,,,,,,,,,,,,,,,,,,,,,,,,,,,,,,,,,,,,,,,,,,,,,,,,,,,,,,,,,,,,,,,,,,,,,,,,,,,,,,,,,,,,,,,,,,,,,,,,,,,,,,,,,,,,,,,,,,,,,,,,,,,,,,,,,,,,,,,,,,,,,,,,,,,,,,,,,,,,,,,,,,,,,,,,,,,,,,,
,,,,,,,Building Materials,Decking & Railing,Composite Decking,,AGB15516EW,1x6-16' English Walnut Grooved - Vintage Azek PVC Decking,TIMBERTECH,,,Parksite (6151),Parksite,TIMBERTECH,,AGB15516EW,,Building Materials>Decking & Porch>Composite & PVC Decking,"Parksite, TIMBERTECH, Decking, AGB15516EW",1X6-16' ENGLISH WALNUT GROOVED - VINTAGE AZEK PVC DECKING,TIMBERTECH Decking AGB15516EW,TIMBERTECH Decking AGB15516EW. High performance industrial and commercial grade decking designed for professional applications.,TIMBERTECH Decking,,,,,,,,,,,,,,,,,,,,,,,,,,,Decking,,,,,,,,,,,,,,,,,,,,,,,,,,,,,,,,,,,,,,,,,,,,,,,,,,,,,,,,,,,,,,,,,,,,,,,,,,,,,,,,,,,,,,,,,,,,,,,,,,,,,,,,,,,,,,,,,,,,,,,,,,,,,,,,,,,,,,,,,,,,,,,,,,,,,,,,,,,,,,,,,,,,,,,,,,,,,,,,,,,,,,,,,,,,,,,,,,,,,
,,,,,,,Building Materials,Decking & Railing,Composite Decking,,AGB15520EW,1x6-20' English Walnut Grooved - Vintage Azek PVC Decking,TIMBERTECH,,,Parksite (6151),Parksite,TIMBERTECH,,AGB15520EW,,Building Materials>Decking & Porch>Composite & PVC Decking,"Parksite, TIMBERTECH, Decking, AGB15520EW",1X6-20' ENGLISH WALNUT GROOVED - VINTAGE AZEK PVC DECKING,TIMBERTECH Decking AGB15520EW,TIMBERTECH Decking AGB15520EW. High performance industrial and commercial grade decking designed for professional applications.,TIMBERTECH Decking,,,,,,,,,,,,,,,,,,,,,,,,,,,Decking,,,,,,,,,,,,,,,,,,,,,,,,,,,,,,,,,,,,,,,,,,,,,,,,,,,,,,,,,,,,,,,,,,,,,,,,,,,,,,,,,,,,,,,,,,,,,,,,,,,,,,,,,,,,,,,,,,,,,,,,,,,,,,,,,,,,,,,,,,,,,,,,,,,,,,,,,,,,,,,,,,,,,,,,,,,,,,,,,,,,,,,,,,,,,,,,,,,,,
,,,,,,,Building Materials,Decking & Railing,Composite Decking,,AGB15512MH,1x6-12' Mahogany Grooved - Vintage Azek PVC Decking,TIMBERTECH,,,Parksite (6151),Parksite,TIMBERTECH,,AGB15512MH,,Building Materials>Decking & Porch>Composite & PVC Decking,"Parksite, TIMBERTECH, Decking, AGB15512MH",1X6-12' MAHOGANY GROOVED - VINTAGE AZEK PVC DECKING,TIMBERTECH Decking AGB15512MH,TIMBERTECH Decking AGB15512MH. High performance industrial and commercial grade decking designed for professional applications.,TIMBERTECH Decking,,,,,,,,,,,,,,,,,,,,,,,,,,,Decking,,,,,,,,,,,,,,,,,,,,,,,,,,,,,,,,,,,,,,,,,,,,,,,,,,,,,,,,,,,,,,,,,,,,,,,,,,,,,,,,,,,,,,,,,,,,,,,,,,,,,,,,,,,,,,,,,,,,,,,,,,,,,,,,,,,,,,,,,,,,,,,,,,,,,,,,,,,,,,,,,,,,,,,,,,,,,,,,,,,,,,,,,,,,,,,,,,,,,
,,,,,,,Building Materials,Decking & Railing,Composite Decking,,AGB15516MH,1x6-16' Mahogany Grooved - Vintage Azek PVC Decking,TIMBERTECH,,,Parksite (6151),Parksite,TIMBERTECH,,AGB15516MH,,Building Materials>Decking & Porch>Composite & PVC Decking,"Parksite, TIMBERTECH, Decking, AGB15516MH",1X6-16' MAHOGANY GROOVED - VINTAGE AZEK PVC DECKING,TIMBERTECH Decking AGB15516MH,TIMBERTECH Decking AGB15516MH. High performance industrial and commercial grade decking designed for professional applications.,TIMBERTECH Decking,,,,,,,,,,,,,,,,,,,,,,,,,,,Decking,,,,,,,,,,,,,,,,,,,,,,,,,,,,,,,,,,,,,,,,,,,,,,,,,,,,,,,,,,,,,,,,,,,,,,,,,,,,,,,,,,,,,,,,,,,,,,,,,,,,,,,,,,,,,,,,,,,,,,,,,,,,,,,,,,,,,,,,,,,,,,,,,,,,,,,,,,,,,,,,,,,,,,,,,,,,,,,,,,,,,,,,,,,,,,,,,,,,,
,,,,,,,Building Materials,Decking & Railing,Composite Decking,,AGB15520MH,1x6-20' Mahogany Grooved - Vintage Azek PVC Decking,TIMBERTECH,,,Parksite (6151),Parksite,TIMBERTECH,,AGB15520MH,,Building Materials>Decking & Porch>Composite & PVC Decking,"Parksite, TIMBERTECH, Decking, AGB15520MH",1X6-20' MAHOGANY GROOVED - VINTAGE AZEK PVC DECKING,TIMBERTECH Decking AGB15520MH,TIMBERTECH Decking AGB15520MH. High performance industrial and commercial grade decking designed for professional applications.,TIMBERTECH Decking,,,,,,,,,,,,,,,,,,,,,,,,,,,Decking,,,,,,,,,,,,,,,,,,,,,,,,,,,,,,,,,,,,,,,,,,,,,,,,,,,,,,,,,,,,,,,,,,,,,,,,,,,,,,,,,,,,,,,,,,,,,,,,,,,,,,,,,,,,,,,,,,,,,,,,,,,,,,,,,,,,,,,,,,,,,,,,,,,,,,,,,,,,,,,,,,,,,,,,,,,,,,,,,,,,,,,,,,,,,,,,,,,,,
,,,,,,,Building Materials,Decking & Railing,Composite Decking,,AGB15512WT,1x6-12' Weathered Teak Grooved - Vintage Azek PVC Decking,TIMBERTECH,,,Parksite (6151),Parksite,TIMBERTECH,,AGB15512WT,,Building Materials>Decking & Porch>Composite & PVC Decking,"Parksite, TIMBERTECH, Decking, AGB15512WT",1X6-12' WEATHERED TEAK GROOVED - VINTAGE AZEK PVC DECKING,TIMBERTECH Decking AGB15512WT,TIMBERTECH Decking AGB15512WT. High performance industrial and commercial grade decking designed for professional applications.,TIMBERTECH Decking,,,,,,,,,,,,,,,,,,,,,,,,,,,Decking,,,,,,,,,,,,,,,,,,,,,,,,,,,,,,,,,,,,,,,,,,,,,,,,,,,,,,,,,,,,,,,,,,,,,,,,,,,,,,,,,,,,,,,,,,,,,,,,,,,,,,,,,,,,,,,,,,,,,,,,,,,,,,,,,,,,,,,,,,,,,,,,,,,,,,,,,,,,,,,,,,,,,,,,,,,,,,,,,,,,,,,,,,,,,,,,,,,,,
,,,,,,,Building Materials,Decking & Railing,Composite Decking,,AGB15516WT,1x6-16' Weathered Teak Grooved - Vintage Azek PVC Decking,TIMBERTECH,,,Parksite (6151),Parksite,TIMBERTECH,,AGB15516WT,,Building Materials>Decking & Porch>Composite & PVC Decking,"Parksite, TIMBERTECH, Decking, AGB15516WT",1X6-16' WEATHERED TEAK GROOVED - VINTAGE AZEK PVC DECKING,TIMBERTECH Decking AGB15516WT,TIMBERTECH Decking AGB15516WT. High performance industrial and commercial grade decking designed for professional applications.,TIMBERTECH Decking,,,,,,,,,,,,,,,,,,,,,,,,,,,Decking,,,,,,,,,,,,,,,,,,,,,,,,,,,,,,,,,,,,,,,,,,,,,,,,,,,,,,,,,,,,,,,,,,,,,,,,,,,,,,,,,,,,,,,,,,,,,,,,,,,,,,,,,,,,,,,,,,,,,,,,,,,,,,,,,,,,,,,,,,,,,,,,,,,,,,,,,,,,,,,,,,,,,,,,,,,,,,,,,,,,,,,,,,,,,,,,,,,,,
,,,,,,,Building Materials,Decking & Railing,Composite Decking,,AGB15520WT,1x6-20' Weathered Teak Grooved - Vintage Azek PVC Decking,TIMBERTECH,,,Parksite (6151),Parksite,TIMBERTECH,,AGB15520WT,,Building Materials>Decking & Porch>Composite & PVC Decking,"Parksite, TIMBERTECH, Decking, AGB15520WT",1X6-20' WEATHERED TEAK GROOVED - VINTAGE AZEK PVC DECKING,TIMBERTECH Decking AGB15520WT,TIMBERTECH Decking AGB15520WT. High performance industrial and commercial grade decking designed for professional applications.,TIMBERTECH Decking,,,,,,,,,,,,,,,,,,,,,,,,,,,Decking,,,,,,,,,,,,,,,,,,,,,,,,,,,,,,,,,,,,,,,,,,,,,,,,,,,,,,,,,,,,,,,,,,,,,,,,,,,,,,,,,,,,,,,,,,,,,,,,,,,,,,,,,,,,,,,,,,,,,,,,,,,,,,,,,,,,,,,,,,,,,,,,,,,,,,,,,,,,,,,,,,,,,,,,,,,,,,,,,,,,,,,,,,,,,,,,,,,,,
,,,,,,,Building Materials,Decking & Railing,Composite Decking,,ADB15516AW,1x6-16' American Walnut Sq Edg - Landmark Azek PVC Decking,TIMBERTECH,,,Parksite (6151),Parksite,TIMBERTECH,,ADB15516AW,,Building Materials>Decking & Porch>Composite & PVC Decking,"Parksite, TIMBERTECH, Decking, ADB15516AW",1X6-16' AMERICAN WALNUT SQ EDG - LANDMARK AZEK PVC DECKING,TIMBERTECH Decking ADB15516AW,TIMBERTECH Decking ADB15516AW. High performance industrial and commercial grade decking designed for professional applications.,TIMBERTECH Decking,,,,,,,,,,,,,,,,,,,,,,,,,,,Decking,,,,,,,,,,,,,,,,,,,,,,,,,,,,,,,,,,,,,,,,,,,,,,,,,,,,,,,,,,,,,,,,,,,,,,,,,,,,,,,,,,,,,,,,,,,,,,,,,,,,,,,,,,,,,,,,,,,,,,,,,,,,,,,,,,,,,,,,,,,,,,,,,,,,,,,,,,,,,,,,,,,,,,,,,,,,,,,,,,,,,,,,,,,,,,,,,,,,,
,,,,,,,Building Materials,Decking & Railing,Composite Decking,,ADB15520AW,1x6-20' American Walnut Sq Edg - Landmark Azek PVC Decking,TIMBERTECH,,,Parksite (6151),Parksite,TIMBERTECH,,ADB15520AW,,Building Materials>Decking & Porch>Composite & PVC Decking,"Parksite, TIMBERTECH, Decking, ADB15520AW",1X6-20' AMERICAN WALNUT SQ EDG - LANDMARK AZEK PVC DECKING,TIMBERTECH Decking ADB15520AW,TIMBERTECH Decking ADB15520AW. High performance industrial and commercial grade decking designed for professional applications.,TIMBERTECH Decking,,,,,,,,,,,,,,,,,,,,,,,,,,,Decking,,,,,,,,,,,,,,,,,,,,,,,,,,,,,,,,,,,,,,,,,,,,,,,,,,,,,,,,,,,,,,,,,,,,,,,,,,,,,,,,,,,,,,,,,,,,,,,,,,,,,,,,,,,,,,,,,,,,,,,,,,,,,,,,,,,,,,,,,,,,,,,,,,,,,,,,,,,,,,,,,,,,,,,,,,,,,,,,,,,,,,,,,,,,,,,,,,,,,
,,,,,,,Building Materials,Decking & Railing,Railing Kits,,ADB15516CG,1x6-16' Castle Gate Sq Edge - Landmark Azek PVC Decking,TIMBERTECH,,,Parksite (6151),Parksite,TIMBERTECH,,ADB15516CG,,Building Materials>Decking & Porch>Railing Kits & Balusters,"Parksite, TIMBERTECH, Decking, ADB15516CG",1X6-16' CASTLE GATE SQ EDGE - LANDMARK AZEK PVC DECKING,TIMBERTECH Decking ADB15516CG,TIMBERTECH Decking ADB15516CG. High performance industrial and commercial grade decking designed for professional applications.,TIMBERTECH Decking,,,,,,,,,,,,,,,,,,,,,,,,,,,Decking,,,,,,,,,,,,,,,,,,,,,,,,,,,,,,,,,,,,,,,,,,,,,,,,,,,,,,,,,,,,,,,,,,,,,,,,,,,,,,,,,,,,,,,,,,,,,,,,,,,,,,,,,,,,,,,,,,,,,,,,,,,,,,,,,,,,,,,,,,,,,,,,,,,,,,,,,,,,,,,,,,,,,,,,,,,,,,,,,,,,,,,,,,,,,,,,,,,,,
,,,,,,,Building Materials,Decking & Railing,Railing Kits,,ADB15520CG,1x6-20' Castle Gate Sq Edge - Landmark Azek PVC Decking,TIMBERTECH,,,Parksite (6151),Parksite,TIMBERTECH,,ADB15520CG,,Building Materials>Decking & Porch>Railing Kits & Balusters,"Parksite, TIMBERTECH, Decking, ADB15520CG",1X6-20' CASTLE GATE SQ EDGE - LANDMARK AZEK PVC DECKING,TIMBERTECH Decking ADB15520CG,TIMBERTECH Decking ADB15520CG. High performance industrial and commercial grade decking designed for professional applications.,TIMBERTECH Decking,,,,,,,,,,,,,,,,,,,,,,,,,,,Decking,,,,,,,,,,,,,,,,,,,,,,,,,,,,,,,,,,,,,,,,,,,,,,,,,,,,,,,,,,,,,,,,,,,,,,,,,,,,,,,,,,,,,,,,,,,,,,,,,,,,,,,,,,,,,,,,,,,,,,,,,,,,,,,,,,,,,,,,,,,,,,,,,,,,,,,,,,,,,,,,,,,,,,,,,,,,,,,,,,,,,,,,,,,,,,,,,,,,,
,,,,,,,Building Materials,Decking & Railing,Composite Decking,,ADB15516FW,1x6-16' French White Oak Sq Ed - Landmark Azek PVC Decking,TIMBERTECH,,,Parksite (6151),Parksite,TIMBERTECH,,ADB15516FW,,Building Materials>Decking & Porch>Composite & PVC Decking,"Parksite, TIMBERTECH, Decking, ADB15516FW",1X6-16' FRENCH WHITE OAK SQ ED - LANDMARK AZEK PVC DECKING,TIMBERTECH Decking ADB15516FW,TIMBERTECH Decking ADB15516FW. High performance industrial and commercial grade decking designed for professional applications.,TIMBERTECH Decking,,,,,,,,,,,,,,,,,,,,,,,,,,,Decking,,,,,,,,,,,,,,,,,,,,,,,,,,,,,,,,,,,,,,,,,,,,,,,,,,,,,,,,,,,,,,,,,,,,,,,,,,,,,,,,,,,,,,,,,,,,,,,,,,,,,,,,,,,,,,,,,,,,,,,,,,,,,,,,,,,,,,,,,,,,,,,,,,,,,,,,,,,,,,,,,,,,,,,,,,,,,,,,,,,,,,,,,,,,,,,,,,,,,
,,,,,,,Building Materials,Decking & Railing,Composite Decking,,ADB15520FW,1x6-20' French White Oak Sq Ed - Landmark Azek PVC Decking,TIMBERTECH,,,Parksite (6151),Parksite,TIMBERTECH,,ADB15520FW,,Building Materials>Decking & Porch>Composite & PVC Decking,"Parksite, TIMBERTECH, Decking, ADB15520FW",1X6-20' FRENCH WHITE OAK SQ ED - LANDMARK AZEK PVC DECKING,TIMBERTECH Decking ADB15520FW,TIMBERTECH Decking ADB15520FW. High performance industrial and commercial grade decking designed for professional applications.,TIMBERTECH Decking,,,,,,,,,,,,,,,,,,,,,,,,,,,Decking,,,,,,,,,,,,,,,,,,,,,,,,,,,,,,,,,,,,,,,,,,,,,,,,,,,,,,,,,,,,,,,,,,,,,,,,,,,,,,,,,,,,,,,,,,,,,,,,,,,,,,,,,,,,,,,,,,,,,,,,,,,,,,,,,,,,,,,,,,,,,,,,,,,,,,,,,,,,,,,,,,,,,,,,,,,,,,,,,,,,,,,,,,,,,,,,,,,,,
,,,,,,,Building Materials,Decking & Railing,Composite Decking,,AGB15512AW,1x6-12' American Walnut Groove - Landmark Azek PVC Decking,TIMBERTECH,,,Parksite (6151),Parksite,TIMBERTECH,,AGB15512AW,,Building Materials>Decking & Porch>Composite & PVC Decking,"Parksite, TIMBERTECH, Decking, AGB15512AW",1X6-12' AMERICAN WALNUT GROOVE - LANDMARK AZEK PVC DECKING,TIMBERTECH Decking AGB15512AW,TIMBERTECH Decking AGB15512AW. High performance industrial and commercial grade decking designed for professional applications.,TIMBERTECH Decking,,,,,,,,,,,,,,,,,,,,,,,,,,,Decking,,,,,,,,,,,,,,,,,,,,,,,,,,,,,,,,,,,,,,,,,,,,,,,,,,,,,,,,,,,,,,,,,,,,,,,,,,,,,,,,,,,,,,,,,,,,,,,,,,,,,,,,,,,,,,,,,,,,,,,,,,,,,,,,,,,,,,,,,,,,,,,,,,,,,,,,,,,,,,,,,,,,,,,,,,,,,,,,,,,,,,,,,,,,,,,,,,,,,
,,,,,,,Building Materials,Decking & Railing,Composite Decking,,AGB15516AW,1x6-16' American Walnut Groove - Landmark Azek PVC Decking,TIMBERTECH,,,Parksite (6151),Parksite,TIMBERTECH,,AGB15516AW,,Building Materials>Decking & Porch>Composite & PVC Decking,"Parksite, TIMBERTECH, Decking, AGB15516AW",1X6-16' AMERICAN WALNUT GROOVE - LANDMARK AZEK PVC DECKING,TIMBERTECH Decking AGB15516AW,TIMBERTECH Decking AGB15516AW. High performance industrial and commercial grade decking designed for professional applications.,TIMBERTECH Decking,,,,,,,,,,,,,,,,,,,,,,,,,,,Decking,,,,,,,,,,,,,,,,,,,,,,,,,,,,,,,,,,,,,,,,,,,,,,,,,,,,,,,,,,,,,,,,,,,,,,,,,,,,,,,,,,,,,,,,,,,,,,,,,,,,,,,,,,,,,,,,,,,,,,,,,,,,,,,,,,,,,,,,,,,,,,,,,,,,,,,,,,,,,,,,,,,,,,,,,,,,,,,,,,,,,,,,,,,,,,,,,,,,,
,,,,,,,Building Materials,Decking & Railing,Composite Decking,,AGB15520AW,1x6-20' American Walnut Groove - Landmark Azek PVC Decking,TIMBERTECH,,,Parksite (6151),Parksite,TIMBERTECH,,AGB15520AW,,Building Materials>Decking & Porch>Composite & PVC Decking,"Parksite, TIMBERTECH, Decking, AGB15520AW",1X6-20' AMERICAN WALNUT GROOVE - LANDMARK AZEK PVC DECKING,TIMBERTECH Decking AGB15520AW,TIMBERTECH Decking AGB15520AW. High performance industrial and commercial grade decking designed for professional applications.,TIMBERTECH Decking,,,,,,,,,,,,,,,,,,,,,,,,,,,Decking,,,,,,,,,,,,,,,,,,,,,,,,,,,,,,,,,,,,,,,,,,,,,,,,,,,,,,,,,,,,,,,,,,,,,,,,,,,,,,,,,,,,,,,,,,,,,,,,,,,,,,,,,,,,,,,,,,,,,,,,,,,,,,,,,,,,,,,,,,,,,,,,,,,,,,,,,,,,,,,,,,,,,,,,,,,,,,,,,,,,,,,,,,,,,,,,,,,,,
,,,,,,,Building Materials,Decking & Railing,Railing Kits,,AGB15512CG,1x6-12' Castle Gate Grooved - Landmark Azek PVC Decking,TIMBERTECH,,,Parksite (6151),Parksite,TIMBERTECH,,AGB15512CG,,Building Materials>Decking & Porch>Railing Kits & Balusters,"Parksite, TIMBERTECH, Decking, AGB15512CG",1X6-12' CASTLE GATE GROOVED - LANDMARK AZEK PVC DECKING,TIMBERTECH Decking AGB15512CG,TIMBERTECH Decking AGB15512CG. High performance industrial and commercial grade decking designed for professional applications.,TIMBERTECH Decking,,,,,,,,,,,,,,,,,,,,,,,,,,,Decking,,,,,,,,,,,,,,,,,,,,,,,,,,,,,,,,,,,,,,,,,,,,,,,,,,,,,,,,,,,,,,,,,,,,,,,,,,,,,,,,,,,,,,,,,,,,,,,,,,,,,,,,,,,,,,,,,,,,,,,,,,,,,,,,,,,,,,,,,,,,,,,,,,,,,,,,,,,,,,,,,,,,,,,,,,,,,,,,,,,,,,,,,,,,,,,,,,,,,
,,,,,,,Building Materials,Decking & Railing,Railing Kits,,AGB15516CG,1x6-16' Castle Gate Grooved - Landmark Azek PVC Decking,TIMBERTECH,,,Parksite (6151),Parksite,TIMBERTECH,,AGB15516CG,,Building Materials>Decking & Porch>Railing Kits & Balusters,"Parksite, TIMBERTECH, Decking, AGB15516CG",1X6-16' CASTLE GATE GROOVED - LANDMARK AZEK PVC DECKING,TIMBERTECH Decking AGB15516CG,TIMBERTECH Decking AGB15516CG. High performance industrial and commercial grade decking designed for professional applications.,TIMBERTECH Decking,,,,,,,,,,,,,,,,,,,,,,,,,,,Decking,,,,,,,,,,,,,,,,,,,,,,,,,,,,,,,,,,,,,,,,,,,,,,,,,,,,,,,,,,,,,,,,,,,,,,,,,,,,,,,,,,,,,,,,,,,,,,,,,,,,,,,,,,,,,,,,,,,,,,,,,,,,,,,,,,,,,,,,,,,,,,,,,,,,,,,,,,,,,,,,,,,,,,,,,,,,,,,,,,,,,,,,,,,,,,,,,,,,,
,,,,,,,Building Materials,Decking & Railing,Railing Kits,,AGB15520CG,1x6-20' Castle Gate Grooved - Landmark Azek PVC Decking,TIMBERTECH,,,Parksite (6151),Parksite,TIMBERTECH,,AGB15520CG,,Building Materials>Decking & Porch>Railing Kits & Balusters,"Parksite, TIMBERTECH, Decking, AGB15520CG",1X6-20' CASTLE GATE GROOVED - LANDMARK AZEK PVC DECKING,TIMBERTECH Decking AGB15520CG,TIMBERTECH Decking AGB15520CG. High performance industrial and commercial grade decking designed for professional applications.,TIMBERTECH Decking,,,,,,,,,,,,,,,,,,,,,,,,,,,Decking,,,,,,,,,,,,,,,,,,,,,,,,,,,,,,,,,,,,,,,,,,,,,,,,,,,,,,,,,,,,,,,,,,,,,,,,,,,,,,,,,,,,,,,,,,,,,,,,,,,,,,,,,,,,,,,,,,,,,,,,,,,,,,,,,,,,,,,,,,,,,,,,,,,,,,,,,,,,,,,,,,,,,,,,,,,,,,,,,,,,,,,,,,,,,,,,,,,,,
,,,,,,,Building Materials,Decking & Railing,Composite Decking,,AGB15512FW,1x6-12' French White Oak Groov - Landmark Azek PVC Decking,TIMBERTECH,,,Parksite (6151),Parksite,TIMBERTECH,,AGB15512FW,,Building Materials>Decking & Porch>Composite & PVC Decking,"Parksite, TIMBERTECH, Decking, AGB15512FW",1X6-12' FRENCH WHITE OAK GROOV - LANDMARK AZEK PVC DECKING,TIMBERTECH Decking AGB15512FW,TIMBERTECH Decking AGB15512FW. High performance industrial and commercial grade decking designed for professional applications.,TIMBERTECH Decking,,,,,,,,,,,,,,,,,,,,,,,,,,,Decking,,,,,,,,,,,,,,,,,,,,,,,,,,,,,,,,,,,,,,,,,,,,,,,,,,,,,,,,,,,,,,,,,,,,,,,,,,,,,,,,,,,,,,,,,,,,,,,,,,,,,,,,,,,,,,,,,,,,,,,,,,,,,,,,,,,,,,,,,,,,,,,,,,,,,,,,,,,,,,,,,,,,,,,,,,,,,,,,,,,,,,,,,,,,,,,,,,,,,
,,,,,,,Building Materials,Decking & Railing,Composite Decking,,AGB15516FW,1x6-16' French White Oak Groov - Landmark Azek PVC Decking,TIMBERTECH,,,Parksite (6151),Parksite,TIMBERTECH,,AGB15516FW,,Building Materials>Decking & Porch>Composite & PVC Decking,"Parksite, TIMBERTECH, Decking, AGB15516FW",1X6-16' FRENCH WHITE OAK GROOV - LANDMARK AZEK PVC DECKING,TIMBERTECH Decking AGB15516FW,TIMBERTECH Decking AGB15516FW. High performance industrial and commercial grade decking designed for professional applications.,TIMBERTECH Decking,,,,,,,,,,,,,,,,,,,,,,,,,,,Decking,,,,,,,,,,,,,,,,,,,,,,,,,,,,,,,,,,,,,,,,,,,,,,,,,,,,,,,,,,,,,,,,,,,,,,,,,,,,,,,,,,,,,,,,,,,,,,,,,,,,,,,,,,,,,,,,,,,,,,,,,,,,,,,,,,,,,,,,,,,,,,,,,,,,,,,,,,,,,,,,,,,,,,,,,,,,,,,,,,,,,,,,,,,,,,,,,,,,,
,,,,,,,Building Materials,Decking & Railing,Composite Decking,,AGB15520FW,1x6-20' French White Oak Groov - Landmark Azek PVC Decking,TIMBERTECH,,,Parksite (6151),Parksite,TIMBERTECH,,AGB15520FW,,Building Materials>Decking & Porch>Composite & PVC Decking,"Parksite, TIMBERTECH, Decking, AGB15520FW",1X6-20' FRENCH WHITE OAK GROOV - LANDMARK AZEK PVC DECKING,TIMBERTECH Decking AGB15520FW,TIMBERTECH Decking AGB15520FW. High performance industrial and commercial grade decking designed for professional applications.,TIMBERTECH Decking,,,,,,,,,,,,,,,,,,,,,,,,,,,Decking,,,,,,,,,,,,,,,,,,,,,,,,,,,,,,,,,,,,,,,,,,,,,,,,,,,,,,,,,,,,,,,,,,,,,,,,,,,,,,,,,,,,,,,,,,,,,,,,,,,,,,,,,,,,,,,,,,,,,,,,,,,,,,,,,,,,,,,,,,,,,,,,,,,,,,,,,,,,,,,,,,,,,,,,,,,,,,,,,,,,,,,,,,,,,,,,,,,,,
,,,,,,,Building Materials,Decking & Railing,Composite Decking,,ADCB15516BS,1x6-16' Brownstone Sq Edge - Harvest Azek PVC Decking,TIMBERTECH,,,Parksite (6151),Parksite,TIMBERTECH,,ADCB15516BS,,Building Materials>Decking & Porch>Composite & PVC Decking,"Parksite, TIMBERTECH, Decking, ADCB15516BS",1X6-16' BROWNSTONE SQ EDGE - HARVEST AZEK PVC DECKING,TIMBERTECH Decking ADCB15516BS,TIMBERTECH Decking ADCB15516BS. High performance industrial and commercial grade decking designed for professional applications.,TIMBERTECH Decking,,,,,,,,,,,,,,,,,,,,,,,,,,,Decking,,,,,,,,,,,,,,,,,,,,,,,,,,,,,,,,,,,,,,,,,,,,,,,,,,,,,,,,,,,,,,,,,,,,,,,,,,,,,,,,,,,,,,,,,,,,,,,,,,,,,,,,,,,,,,,,,,,,,,,,,,,,,,,,,,,,,,,,,,,,,,,,,,,,,,,,,,,,,,,,,,,,,,,,,,,,,,,,,,,,,,,,,,,,,,,,,,,,,
,,,,,,,Building Materials,Decking & Railing,Composite Decking,,ADCB15520BS,1x6-20' Brownstone Sq Edge - Harvest Azek PVC Decking,TIMBERTECH,,,Parksite (6151),Parksite,TIMBERTECH,,ADCB15520BS,,Building Materials>Decking & Porch>Composite & PVC Decking,"Parksite, TIMBERTECH, Decking, ADCB15520BS",1X6-20' BROWNSTONE SQ EDGE - HARVEST AZEK PVC DECKING,TIMBERTECH Decking ADCB15520BS,TIMBERTECH Decking ADCB15520BS. High performance industrial and commercial grade decking designed for professional applications.,TIMBERTECH Decking,,,,,,,,,,,,,,,,,,,,,,,,,,,Decking,,,,,,,,,,,,,,,,,,,,,,,,,,,,,,,,,,,,,,,,,,,,,,,,,,,,,,,,,,,,,,,,,,,,,,,,,,,,,,,,,,,,,,,,,,,,,,,,,,,,,,,,,,,,,,,,,,,,,,,,,,,,,,,,,,,,,,,,,,,,,,,,,,,,,,,,,,,,,,,,,,,,,,,,,,,,,,,,,,,,,,,,,,,,,,,,,,,,,
,,,,,,,Building Materials,Decking & Railing,Composite Decking,,ADCB15516SG,1x6-16' Slate Gray Sq Edge - Harvest Azek PVC Decking,TIMBERTECH,,,Parksite (6151),Parksite,TIMBERTECH,,ADCB15516SG,,Building Materials>Decking & Porch>Composite & PVC Decking,"Parksite, TIMBERTECH, Decking, ADCB15516SG",1X6-16' SLATE GRAY SQ EDGE - HARVEST AZEK PVC DECKING,TIMBERTECH Decking ADCB15516SG,TIMBERTECH Decking ADCB15516SG. High performance industrial and commercial grade decking designed for professional applications.,TIMBERTECH Decking,,,,,,,,,,,,,,,,,,,,,,,,,,,Decking,,,,,,,,,,,,,,,,,,,,,,,,,,,,,,,,,,,,,,,,,,,,,,,,,,,,,,,,,,,,,,,,,,,,,,,,,,,,,,,,,,,,,,,,,,,,,,,,,,,,,,,,,,,,,,,,,,,,,,,,,,,,,,,,,,,,,,,,,,,,,,,,,,,,,,,,,,,,,,,,,,,,,,,,,,,,,,,,,,,,,,,,,,,,,,,,,,,,,
,,,,,,,Building Materials,Decking & Railing,Composite Decking,,ADCB15520SG,1x6-20' Slate Gray Sq Edge - Harvest Azek PVC Decking,TIMBERTECH,,,Parksite (6151),Parksite,TIMBERTECH,,ADCB15520SG,,Building Materials>Decking & Porch>Composite & PVC Decking,"Parksite, TIMBERTECH, Decking, ADCB15520SG",1X6-20' SLATE GRAY SQ EDGE - HARVEST AZEK PVC DECKING,TIMBERTECH Decking ADCB15520SG,TIMBERTECH Decking ADCB15520SG. High performance industrial and commercial grade decking designed for professional applications.,TIMBERTECH Decking,,,,,,,,,,,,,,,,,,,,,,,,,,,Decking,,,,,,,,,,,,,,,,,,,,,,,,,,,,,,,,,,,,,,,,,,,,,,,,,,,,,,,,,,,,,,,,,,,,,,,,,,,,,,,,,,,,,,,,,,,,,,,,,,,,,,,,,,,,,,,,,,,,,,,,,,,,,,,,,,,,,,,,,,,,,,,,,,,,,,,,,,,,,,,,,,,,,,,,,,,,,,,,,,,,,,,,,,,,,,,,,,,,,
,,,,,,,Building Materials,Decking & Railing,Composite Decking,,AGB15512BS,1x6-12' Brownstone Grooved - Harvest Azek PVC Decking,TIMBERTECH,,,Parksite (6151),Parksite,TIMBERTECH,,AGB15512BS,,Building Materials>Decking & Porch>Composite & PVC Decking,"Parksite, TIMBERTECH, Decking, AGB15512BS",1X6-12' BROWNSTONE GROOVED - HARVEST AZEK PVC DECKING,TIMBERTECH Decking AGB15512BS,TIMBERTECH Decking AGB15512BS. High performance industrial and commercial grade decking designed for professional applications.,TIMBERTECH Decking,,,,,,,,,,,,,,,,,,,,,,,,,,,Decking,,,,,,,,,,,,,,,,,,,,,,,,,,,,,,,,,,,,,,,,,,,,,,,,,,,,,,,,,,,,,,,,,,,,,,,,,,,,,,,,,,,,,,,,,,,,,,,,,,,,,,,,,,,,,,,,,,,,,,,,,,,,,,,,,,,,,,,,,,,,,,,,,,,,,,,,,,,,,,,,,,,,,,,,,,,,,,,,,,,,,,,,,,,,,,,,,,,,,
,,,,,,,Building Materials,Decking & Railing,Composite Decking,,AGB15516BS,1x6-16' Brownstone Grooved - Harvest Azek PVC Decking,TIMBERTECH,,,Parksite (6151),Parksite,TIMBERTECH,,AGB15516BS,,Building Materials>Decking & Porch>Composite & PVC Decking,"Parksite, TIMBERTECH, Decking, AGB15516BS",1X6-16' BROWNSTONE GROOVED - HARVEST AZEK PVC DECKING,TIMBERTECH Decking AGB15516BS,TIMBERTECH Decking AGB15516BS. High performance industrial and commercial grade decking designed for professional applications.,TIMBERTECH Decking,,,,,,,,,,,,,,,,,,,,,,,,,,,Decking,,,,,,,,,,,,,,,,,,,,,,,,,,,,,,,,,,,,,,,,,,,,,,,,,,,,,,,,,,,,,,,,,,,,,,,,,,,,,,,,,,,,,,,,,,,,,,,,,,,,,,,,,,,,,,,,,,,,,,,,,,,,,,,,,,,,,,,,,,,,,,,,,,,,,,,,,,,,,,,,,,,,,,,,,,,,,,,,,,,,,,,,,,,,,,,,,,,,,
,,,,,,,Building Materials,Decking & Railing,Composite Decking,,AGB15520BS,1x6-20' Brownstone Grooved - Harvest Azek PVC Decking,TIMBERTECH,,,Parksite (6151),Parksite,TIMBERTECH,,AGB15520BS,,Building Materials>Decking & Porch>Composite & PVC Decking,"Parksite, TIMBERTECH, Decking, AGB15520BS",1X6-20' BROWNSTONE GROOVED - HARVEST AZEK PVC DECKING,TIMBERTECH Decking AGB15520BS,TIMBERTECH Decking AGB15520BS. High performance industrial and commercial grade decking designed for professional applications.,TIMBERTECH Decking,,,,,,,,,,,,,,,,,,,,,,,,,,,Decking,,,,,,,,,,,,,,,,,,,,,,,,,,,,,,,,,,,,,,,,,,,,,,,,,,,,,,,,,,,,,,,,,,,,,,,,,,,,,,,,,,,,,,,,,,,,,,,,,,,,,,,,,,,,,,,,,,,,,,,,,,,,,,,,,,,,,,,,,,,,,,,,,,,,,,,,,,,,,,,,,,,,,,,,,,,,,,,,,,,,,,,,,,,,,,,,,,,,,
,,,,,,,Building Materials,Decking & Railing,Composite Decking,,AGB15512SG,1x6-12' Slate Gray Grooved - Harvest Azek PVC Decking,TIMBERTECH,,,Parksite (6151),Parksite,TIMBERTECH,,AGB15512SG,,Building Materials>Decking & Porch>Composite & PVC Decking,"Parksite, TIMBERTECH, Decking, AGB15512SG",1X6-12' SLATE GRAY GROOVED - HARVEST AZEK PVC DECKING,TIMBERTECH Decking AGB15512SG,TIMBERTECH Decking AGB15512SG. High performance industrial and commercial grade decking designed for professional applications.,TIMBERTECH Decking,,,,,,,,,,,,,,,,,,,,,,,,,,,Decking,,,,,,,,,,,,,,,,,,,,,,,,,,,,,,,,,,,,,,,,,,,,,,,,,,,,,,,,,,,,,,,,,,,,,,,,,,,,,,,,,,,,,,,,,,,,,,,,,,,,,,,,,,,,,,,,,,,,,,,,,,,,,,,,,,,,,,,,,,,,,,,,,,,,,,,,,,,,,,,,,,,,,,,,,,,,,,,,,,,,,,,,,,,,,,,,,,,,,
,,,,,,,Building Materials,Decking & Railing,Composite Decking,,AGB15516SG,1x6-16' Slate Gray Grooved - Harvest Azek PVC Decking,TIMBERTECH,,,Parksite (6151),Parksite,TIMBERTECH,,AGB15516SG,,Building Materials>Decking & Porch>Composite & PVC Decking,"Parksite, TIMBERTECH, Decking, AGB15516SG",1X6-16' SLATE GRAY GROOVED - HARVEST AZEK PVC DECKING,TIMBERTECH Decking AGB15516SG,TIMBERTECH Decking AGB15516SG. High performance industrial and commercial grade decking designed for professional applications.,TIMBERTECH Decking,,,,,,,,,,,,,,,,,,,,,,,,,,,Decking,,,,,,,,,,,,,,,,,,,,,,,,,,,,,,,,,,,,,,,,,,,,,,,,,,,,,,,,,,,,,,,,,,,,,,,,,,,,,,,,,,,,,,,,,,,,,,,,,,,,,,,,,,,,,,,,,,,,,,,,,,,,,,,,,,,,,,,,,,,,,,,,,,,,,,,,,,,,,,,,,,,,,,,,,,,,,,,,,,,,,,,,,,,,,,,,,,,,,
,,,,,,,Building Materials,Decking & Railing,Composite Decking,,AGB15520SG,1x6-20' Slate Gray Grooved - Harvest Azek PVC Decking,TIMBERTECH,,,Parksite (6151),Parksite,TIMBERTECH,,AGB15520SG,,Building Materials>Decking & Porch>Composite & PVC Decking,"Parksite, TIMBERTECH, Decking, AGB15520SG",1X6-20' SLATE GRAY GROOVED - HARVEST AZEK PVC DECKING,TIMBERTECH Decking AGB15520SG,TIMBERTECH Decking AGB15520SG. High performance industrial and commercial grade decking designed for professional applications.,TIMBERTECH Decking,,,,,,,,,,,,,,,,,,,,,,,,,,,Decking,,,,,,,,,,,,,,,,,,,,,,,,,,,,,,,,,,,,,,,,,,,,,,,,,,,,,,,,,,,,,,,,,,,,,,,,,,,,,,,,,,,,,,,,,,,,,,,,,,,,,,,,,,,,,,,,,,,,,,,,,,,,,,,,,,,,,,,,,,,,,,,,,,,,,,,,,,,,,,,,,,,,,,,,,,,,,,,,,,,,,,,,,,,,,,,,,,,,,
,,,,,,,Building Materials,Decking & Railing,Railing Kits,,543140016,1nx6-16' Biscayne Sq Edge - Trex Transcend Lineage Decking,TREX,,,U S Lumber (3073),U S Lumber,TREX,,543140016,,Building Materials>Decking & Porch>Railing Kits & Balusters,"U S Lumber, TREX, Decking, 543140016",1NX6-16' BISCAYNE SQ EDGE - TREX TRANSCEND LINEAGE DECKING,TREX Decking 543140016,TREX Decking 543140016. High performance industrial and commercial grade decking designed for professional applications.,TREX Decking,,,,,,,,,,,,,,,,,,,,,,,,,,,Decking,,,,,,,,,,,,,,,,,,,,,,,,,,,,,,,,,,,,,,,,,,,,,,,,,,,,,,,,,,,,,,,,,,,,,,,,,,,,,,,,,,,,,,,,,,,,,,,,,,,,,,,,,,,,,,,,,,,,,,,,,,,,,,,,,,,,,,,,,,,,,,,,,,,,,,,,,,,,,,,,,,,,,,,,,,,,,,,,,,,,,,,,,,,,,,,,,,,,,
,,,,,,,Building Materials,Decking & Railing,Railing Kits,,543140020,1nx6-20' Biscayne Sq Edge - Trex Transcend Lineage Decking,TREX,,,U S Lumber (3073),U S Lumber,TREX,,543140020,,Building Materials>Decking & Porch>Railing Kits & Balusters,"U S Lumber, TREX, Decking, 543140020",1NX6-20' BISCAYNE SQ EDGE - TREX TRANSCEND LINEAGE DECKING,TREX Decking 543140020,TREX Decking 543140020. High performance industrial and commercial grade decking designed for professional applications.,TREX Decking,,,,,,,,,,,,,,,,,,,,,,,,,,,Decking,,,,,,,,,,,,,,,,,,,,,,,,,,,,,,,,,,,,,,,,,,,,,,,,,,,,,,,,,,,,,,,,,,,,,,,,,,,,,,,,,,,,,,,,,,,,,,,,,,,,,,,,,,,,,,,,,,,,,,,,,,,,,,,,,,,,,,,,,,,,,,,,,,,,,,,,,,,,,,,,,,,,,,,,,,,,,,,,,,,,,,,,,,,,,,,,,,,,,
,,,,,,,Building Materials,Decking & Railing,Composite Decking,,543142016,1nx6-16' Carmel Sq Edge - Trex Transcend Lineage Decking,TREX,,,U S Lumber (3073),U S Lumber,TREX,,543142016,,Building Materials>Decking & Porch>Composite & PVC Decking,"U S Lumber, TREX, Decking, 543142016",1NX6-16' CARMEL SQ EDGE - TREX TRANSCEND LINEAGE DECKING,TREX Decking 543142016,TREX Decking 543142016. High performance industrial and commercial grade decking designed for professional applications.,TREX Decking,,,,,,,,,,,,,,,,,,,,,,,,,,,Decking,,,,,,,,,,,,,,,,,,,,,,,,,,,,,,,,,,,,,,,,,,,,,,,,,,,,,,,,,,,,,,,,,,,,,,,,,,,,,,,,,,,,,,,,,,,,,,,,,,,,,,,,,,,,,,,,,,,,,,,,,,,,,,,,,,,,,,,,,,,,,,,,,,,,,,,,,,,,,,,,,,,,,,,,,,,,,,,,,,,,,,,,,,,,,,,,,,,,,
,,,,,,,Building Materials,Decking & Railing,Composite Decking,,543142020,1nx6-20' Carmel Sq Edge - Trex Transcend Lineage Decking,TREX,,,U S Lumber (3073),U S Lumber,TREX,,543142020,,Building Materials>Decking & Porch>Composite & PVC Decking,"U S Lumber, TREX, Decking, 543142020",1NX6-20' CARMEL SQ EDGE - TREX TRANSCEND LINEAGE DECKING,TREX Decking 543142020,TREX Decking 543142020. High performance industrial and commercial grade decking designed for professional applications.,TREX Decking,,,,,,,,,,,,,,,,,,,,,,,,,,,Decking,,,,,,,,,,,,,,,,,,,,,,,,,,,,,,,,,,,,,,,,,,,,,,,,,,,,,,,,,,,,,,,,,,,,,,,,,,,,,,,,,,,,,,,,,,,,,,,,,,,,,,,,,,,,,,,,,,,,,,,,,,,,,,,,,,,,,,,,,,,,,,,,,,,,,,,,,,,,,,,,,,,,,,,,,,,,,,,,,,,,,,,,,,,,,,,,,,,,,
,,,,,,,Building Materials,Decking & Railing,Railing Kits,,543144016,1nx6-16' Island Mist Sq Edge - Trex Transcend Lineage Decking,TREX,,,U S Lumber (3073),U S Lumber,TREX,,543144016,,Building Materials>Decking & Porch>Railing Kits & Balusters,"U S Lumber, TREX, Decking, 543144016",1NX6-16' ISLAND MIST SQ EDGE - TREX TRANSCEND LINEAGE DECKING,TREX Decking 543144016,TREX Decking 543144016. High performance industrial and commercial grade decking designed for professional applications.,TREX Decking,,,,,,,,,,,,,,,,,,,,,,,,,,,Decking,,,,,,,,,,,,,,,,,,,,,,,,,,,,,,,,,,,,,,,,,,,,,,,,,,,,,,,,,,,,,,,,,,,,,,,,,,,,,,,,,,,,,,,,,,,,,,,,,,,,,,,,,,,,,,,,,,,,,,,,,,,,,,,,,,,,,,,,,,,,,,,,,,,,,,,,,,,,,,,,,,,,,,,,,,,,,,,,,,,,,,,,,,,,,,,,,,,,,
,,,,,,,Building Materials,Decking & Railing,Railing Kits,,543144020,1nx6-20' Island Mist Sq Edge - Trex Transcend Lineage Decking,TREX,,,U S Lumber (3073),U S Lumber,TREX,,543144020,,Building Materials>Decking & Porch>Railing Kits & Balusters,"U S Lumber, TREX, Decking, 543144020",1NX6-20' ISLAND MIST SQ EDGE - TREX TRANSCEND LINEAGE DECKING,TREX Decking 543144020,TREX Decking 543144020. High performance industrial and commercial grade decking designed for professional applications.,TREX Decking,,,,,,,,,,,,,,,,,,,,,,,,,,,Decking,,,,,,,,,,,,,,,,,,,,,,,,,,,,,,,,,,,,,,,,,,,,,,,,,,,,,,,,,,,,,,,,,,,,,,,,,,,,,,,,,,,,,,,,,,,,,,,,,,,,,,,,,,,,,,,,,,,,,,,,,,,,,,,,,,,,,,,,,,,,,,,,,,,,,,,,,,,,,,,,,,,,,,,,,,,,,,,,,,,,,,,,,,,,,,,,,,,,,
,,,,,,,Building Materials,Decking & Railing,Railing Kits,,543143016,1nx6-16' Jasper Sq Edge - Trex Transcend Lineage Decking,TREX,,,U S Lumber (3073),U S Lumber,TREX,,543143016,,Building Materials>Decking & Porch>Railing Kits & Balusters,"U S Lumber, TREX, Decking, 543143016",1NX6-16' JASPER SQ EDGE - TREX TRANSCEND LINEAGE DECKING,TREX Decking 543143016,TREX Decking 543143016. High performance industrial and commercial grade decking designed for professional applications.,TREX Decking,,,,,,,,,,,,,,,,,,,,,,,,,,,Decking,,,,,,,,,,,,,,,,,,,,,,,,,,,,,,,,,,,,,,,,,,,,,,,,,,,,,,,,,,,,,,,,,,,,,,,,,,,,,,,,,,,,,,,,,,,,,,,,,,,,,,,,,,,,,,,,,,,,,,,,,,,,,,,,,,,,,,,,,,,,,,,,,,,,,,,,,,,,,,,,,,,,,,,,,,,,,,,,,,,,,,,,,,,,,,,,,,,,,
,,,,,,,Building Materials,Decking & Railing,Railing Kits,,543143020,1nx6-20' Jasper Sq Edge - Trex Transcend Lineage Decking,TREX,,,U S Lumber (3073),U S Lumber,TREX,,543143020,,Building Materials>Decking & Porch>Railing Kits & Balusters,"U S Lumber, TREX, Decking, 543143020",1NX6-20' JASPER SQ EDGE - TREX TRANSCEND LINEAGE DECKING,TREX Decking 543143020,TREX Decking 543143020. High performance industrial and commercial grade decking designed for professional applications.,TREX Decking,,,,,,,,,,,,,,,,,,,,,,,,,,,Decking,,,,,,,,,,,,,,,,,,,,,,,,,,,,,,,,,,,,,,,,,,,,,,,,,,,,,,,,,,,,,,,,,,,,,,,,,,,,,,,,,,,,,,,,,,,,,,,,,,,,,,,,,,,,,,,,,,,,,,,,,,,,,,,,,,,,,,,,,,,,,,,,,,,,,,,,,,,,,,,,,,,,,,,,,,,,,,,,,,,,,,,,,,,,,,,,,,,,,
,,,,,,,Building Materials,Decking & Railing,Composite Decking,,543141016,1nx6-16' Rainier Sq Edge - Trex Transcend Lineage Decking,TREX,,,U S Lumber (3073),U S Lumber,TREX,,543141016,,Building Materials>Decking & Porch>Composite & PVC Decking,"U S Lumber, TREX, Decking, 543141016",1NX6-16' RAINIER SQ EDGE - TREX TRANSCEND LINEAGE DECKING,TREX Decking 543141016,TREX Decking 543141016. High performance industrial and commercial grade decking designed for professional applications.,TREX Decking,,,,,,,,,,,,,,,,,,,,,,,,,,,Decking,,,,,,,,,,,,,,,,,,,,,,,,,,,,,,,,,,,,,,,,,,,,,,,,,,,,,,,,,,,,,,,,,,,,,,,,,,,,,,,,,,,,,,,,,,,,,,,,,,,,,,,,,,,,,,,,,,,,,,,,,,,,,,,,,,,,,,,,,,,,,,,,,,,,,,,,,,,,,,,,,,,,,,,,,,,,,,,,,,,,,,,,,,,,,,,,,,,,,
,,,,,,,Building Materials,Decking & Railing,Composite Decking,,543141020,1nx6-20' Rainier Sq Edge - Trex Transcend Lineage Decking,TREX,,,U S Lumber (3073),U S Lumber,TREX,,543141020,,Building Materials>Decking & Porch>Composite & PVC Decking,"U S Lumber, TREX, Decking, 543141020",1NX6-20' RAINIER SQ EDGE - TREX TRANSCEND LINEAGE DECKING,TREX Decking 543141020,TREX Decking 543141020. High performance industrial and commercial grade decking designed for professional applications.,TREX Decking,,,,,,,,,,,,,,,,,,,,,,,,,,,Decking,,,,,,,,,,,,,,,,,,,,,,,,,,,,,,,,,,,,,,,,,,,,,,,,,,,,,,,,,,,,,,,,,,,,,,,,,,,,,,,,,,,,,,,,,,,,,,,,,,,,,,,,,,,,,,,,,,,,,,,,,,,,,,,,,,,,,,,,,,,,,,,,,,,,,,,,,,,,,,,,,,,,,,,,,,,,,,,,,,,,,,,,,,,,,,,,,,,,,
,,,,,,,Building Materials,Decking & Railing,Composite Decking,,543140412,1nx6-12' Biscayne Grooved - Trex Transcend Lineage Decking,TREX,,,U S Lumber (3073),U S Lumber,TREX,,543140412,,Building Materials>Decking & Porch>Composite & PVC Decking,"U S Lumber, TREX, Decking, 543140412",1NX6-12' BISCAYNE GROOVED - TREX TRANSCEND LINEAGE DECKING,TREX Decking 543140412,TREX Decking 543140412. High performance industrial and commercial grade decking designed for professional applications.,TREX Decking,,,,,,,,,,,,,,,,,,,,,,,,,,,Decking,,,,,,,,,,,,,,,,,,,,,,,,,,,,,,,,,,,,,,,,,,,,,,,,,,,,,,,,,,,,,,,,,,,,,,,,,,,,,,,,,,,,,,,,,,,,,,,,,,,,,,,,,,,,,,,,,,,,,,,,,,,,,,,,,,,,,,,,,,,,,,,,,,,,,,,,,,,,,,,,,,,,,,,,,,,,,,,,,,,,,,,,,,,,,,,,,,,,,
,,,,,,,Building Materials,Decking & Railing,Composite Decking,,543140416,1nx6-16' Biscayne Grooved - Trex Transcend Lineage Decking,TREX,,,U S Lumber (3073),U S Lumber,TREX,,543140416,,Building Materials>Decking & Porch>Composite & PVC Decking,"U S Lumber, TREX, Decking, 543140416",1NX6-16' BISCAYNE GROOVED - TREX TRANSCEND LINEAGE DECKING,TREX Decking 543140416,TREX Decking 543140416. High performance industrial and commercial grade decking designed for professional applications.,TREX Decking,,,,,,,,,,,,,,,,,,,,,,,,,,,Decking,,,,,,,,,,,,,,,,,,,,,,,,,,,,,,,,,,,,,,,,,,,,,,,,,,,,,,,,,,,,,,,,,,,,,,,,,,,,,,,,,,,,,,,,,,,,,,,,,,,,,,,,,,,,,,,,,,,,,,,,,,,,,,,,,,,,,,,,,,,,,,,,,,,,,,,,,,,,,,,,,,,,,,,,,,,,,,,,,,,,,,,,,,,,,,,,,,,,,
,,,,,,,Building Materials,Decking & Railing,Composite Decking,,543140420,1nx6-20' Biscayne Grooved - Trex Transcend Lineage Decking,TREX,,,U S Lumber (3073),U S Lumber,TREX,,543140420,,Building Materials>Decking & Porch>Composite & PVC Decking,"U S Lumber, TREX, Decking, 543140420",1NX6-20' BISCAYNE GROOVED - TREX TRANSCEND LINEAGE DECKING,TREX Decking 543140420,TREX Decking 543140420. High performance industrial and commercial grade decking designed for professional applications.,TREX Decking,,,,,,,,,,,,,,,,,,,,,,,,,,,Decking,,,,,,,,,,,,,,,,,,,,,,,,,,,,,,,,,,,,,,,,,,,,,,,,,,,,,,,,,,,,,,,,,,,,,,,,,,,,,,,,,,,,,,,,,,,,,,,,,,,,,,,,,,,,,,,,,,,,,,,,,,,,,,,,,,,,,,,,,,,,,,,,,,,,,,,,,,,,,,,,,,,,,,,,,,,,,,,,,,,,,,,,,,,,,,,,,,,,,
,,,,,,,Building Materials,Decking & Railing,Composite Decking,,543142412,1nx6-12' Carmel Grooved - Trex Transcend Lineage Decking,TREX,,,U S Lumber (3073),U S Lumber,TREX,,543142412,,Building Materials>Decking & Porch>Composite & PVC Decking,"U S Lumber, TREX, Decking, 543142412",1NX6-12' CARMEL GROOVED - TREX TRANSCEND LINEAGE DECKING,TREX Decking 543142412,TREX Decking 543142412. High performance industrial and commercial grade decking designed for professional applications.,TREX Decking,,,,,,,,,,,,,,,,,,,,,,,,,,,Decking,,,,,,,,,,,,,,,,,,,,,,,,,,,,,,,,,,,,,,,,,,,,,,,,,,,,,,,,,,,,,,,,,,,,,,,,,,,,,,,,,,,,,,,,,,,,,,,,,,,,,,,,,,,,,,,,,,,,,,,,,,,,,,,,,,,,,,,,,,,,,,,,,,,,,,,,,,,,,,,,,,,,,,,,,,,,,,,,,,,,,,,,,,,,,,,,,,,,,
,,,,,,,Building Materials,Decking & Railing,Composite Decking,,543142416,1nx6-16' Carmel Grooved - Trex Transcend Lineage Decking,TREX,,,U S Lumber (3073),U S Lumber,TREX,,543142416,,Building Materials>Decking & Porch>Composite & PVC Decking,"U S Lumber, TREX, Decking, 543142416",1NX6-16' CARMEL GROOVED - TREX TRANSCEND LINEAGE DECKING,TREX Decking 543142416,TREX Decking 543142416. High performance industrial and commercial grade decking designed for professional applications.,TREX Decking,,,,,,,,,,,,,,,,,,,,,,,,,,,Decking,,,,,,,,,,,,,,,,,,,,,,,,,,,,,,,,,,,,,,,,,,,,,,,,,,,,,,,,,,,,,,,,,,,,,,,,,,,,,,,,,,,,,,,,,,,,,,,,,,,,,,,,,,,,,,,,,,,,,,,,,,,,,,,,,,,,,,,,,,,,,,,,,,,,,,,,,,,,,,,,,,,,,,,,,,,,,,,,,,,,,,,,,,,,,,,,,,,,,
,,,,,,,Building Materials,Decking & Railing,Composite Decking,,543142420,1nx6-20' Carmel Grooved - Trex Transcend Lineage Decking,TREX,,,U S Lumber (3073),U S Lumber,TREX,,543142420,,Building Materials>Decking & Porch>Composite & PVC Decking,"U S Lumber, TREX, Decking, 543142420",1NX6-20' CARMEL GROOVED - TREX TRANSCEND LINEAGE DECKING,TREX Decking 543142420,TREX Decking 543142420. High performance industrial and commercial grade decking designed for professional applications.,TREX Decking,,,,,,,,,,,,,,,,,,,,,,,,,,,Decking,,,,,,,,,,,,,,,,,,,,,,,,,,,,,,,,,,,,,,,,,,,,,,,,,,,,,,,,,,,,,,,,,,,,,,,,,,,,,,,,,,,,,,,,,,,,,,,,,,,,,,,,,,,,,,,,,,,,,,,,,,,,,,,,,,,,,,,,,,,,,,,,,,,,,,,,,,,,,,,,,,,,,,,,,,,,,,,,,,,,,,,,,,,,,,,,,,,,,
,,,,,,,Building Materials,Decking & Railing,Composite Decking,,543144412,1nx6-12' Island Mist Grooved - Trex Transcend Lineage Decking,TREX,,,U S Lumber (3073),U S Lumber,TREX,,543144412,,Building Materials>Decking & Porch>Composite & PVC Decking,"U S Lumber, TREX, Decking, 543144412",1NX6-12' ISLAND MIST GROOVED - TREX TRANSCEND LINEAGE DECKING,TREX Decking 543144412,TREX Decking 543144412. High performance industrial and commercial grade decking designed for professional applications.,TREX Decking,,,,,,,,,,,,,,,,,,,,,,,,,,,Decking,,,,,,,,,,,,,,,,,,,,,,,,,,,,,,,,,,,,,,,,,,,,,,,,,,,,,,,,,,,,,,,,,,,,,,,,,,,,,,,,,,,,,,,,,,,,,,,,,,,,,,,,,,,,,,,,,,,,,,,,,,,,,,,,,,,,,,,,,,,,,,,,,,,,,,,,,,,,,,,,,,,,,,,,,,,,,,,,,,,,,,,,,,,,,,,,,,,,,
,,,,,,,Building Materials,Decking & Railing,Composite Decking,,543144416,1nx6-16' Island Mist Grooved - Trex Transcend Lineage Decking,TREX,,,U S Lumber (3073),U S Lumber,TREX,,543144416,,Building Materials>Decking & Porch>Composite & PVC Decking,"U S Lumber, TREX, Decking, 543144416",1NX6-16' ISLAND MIST GROOVED - TREX TRANSCEND LINEAGE DECKING,TREX Decking 543144416,TREX Decking 543144416. High performance industrial and commercial grade decking designed for professional applications.,TREX Decking,,,,,,,,,,,,,,,,,,,,,,,,,,,Decking,,,,,,,,,,,,,,,,,,,,,,,,,,,,,,,,,,,,,,,,,,,,,,,,,,,,,,,,,,,,,,,,,,,,,,,,,,,,,,,,,,,,,,,,,,,,,,,,,,,,,,,,,,,,,,,,,,,,,,,,,,,,,,,,,,,,,,,,,,,,,,,,,,,,,,,,,,,,,,,,,,,,,,,,,,,,,,,,,,,,,,,,,,,,,,,,,,,,,
,,,,,,,Building Materials,Decking & Railing,Composite Decking,,543144420,1nx6-20' Island Mist Grooved - Trex Transcend Lineage Decking,TREX,,,U S Lumber (3073),U S Lumber,TREX,,543144420,,Building Materials>Decking & Porch>Composite & PVC Decking,"U S Lumber, TREX, Decking, 543144420",1NX6-20' ISLAND MIST GROOVED - TREX TRANSCEND LINEAGE DECKING,TREX Decking 543144420,TREX Decking 543144420. High performance industrial and commercial grade decking designed for professional applications.,TREX Decking,,,,,,,,,,,,,,,,,,,,,,,,,,,Decking,,,,,,,,,,,,,,,,,,,,,,,,,,,,,,,,,,,,,,,,,,,,,,,,,,,,,,,,,,,,,,,,,,,,,,,,,,,,,,,,,,,,,,,,,,,,,,,,,,,,,,,,,,,,,,,,,,,,,,,,,,,,,,,,,,,,,,,,,,,,,,,,,,,,,,,,,,,,,,,,,,,,,,,,,,,,,,,,,,,,,,,,,,,,,,,,,,,,,
,,,,,,,Building Materials,Decking & Railing,Composite Decking,,543143412,1nx6-12' Jasper Grooved - Trex Transcend Lineage Decking,TREX,,,U S Lumber (3073),U S Lumber,TREX,,543143412,,Building Materials>Decking & Porch>Composite & PVC Decking,"U S Lumber, TREX, Decking, 543143412",1NX6-12' JASPER GROOVED - TREX TRANSCEND LINEAGE DECKING,TREX Decking 543143412,TREX Decking 543143412. High performance industrial and commercial grade decking designed for professional applications.,TREX Decking,,,,,,,,,,,,,,,,,,,,,,,,,,,Decking,,,,,,,,,,,,,,,,,,,,,,,,,,,,,,,,,,,,,,,,,,,,,,,,,,,,,,,,,,,,,,,,,,,,,,,,,,,,,,,,,,,,,,,,,,,,,,,,,,,,,,,,,,,,,,,,,,,,,,,,,,,,,,,,,,,,,,,,,,,,,,,,,,,,,,,,,,,,,,,,,,,,,,,,,,,,,,,,,,,,,,,,,,,,,,,,,,,,,
,,,,,,,Building Materials,Decking & Railing,Composite Decking,,543143416,1nx6-16' Jasper Grooved - Trex Transcend Lineage Decking,TREX,,,U S Lumber (3073),U S Lumber,TREX,,543143416,,Building Materials>Decking & Porch>Composite & PVC Decking,"U S Lumber, TREX, Decking, 543143416",1NX6-16' JASPER GROOVED - TREX TRANSCEND LINEAGE DECKING,TREX Decking 543143416,TREX Decking 543143416. High performance industrial and commercial grade decking designed for professional applications.,TREX Decking,,,,,,,,,,,,,,,,,,,,,,,,,,,Decking,,,,,,,,,,,,,,,,,,,,,,,,,,,,,,,,,,,,,,,,,,,,,,,,,,,,,,,,,,,,,,,,,,,,,,,,,,,,,,,,,,,,,,,,,,,,,,,,,,,,,,,,,,,,,,,,,,,,,,,,,,,,,,,,,,,,,,,,,,,,,,,,,,,,,,,,,,,,,,,,,,,,,,,,,,,,,,,,,,,,,,,,,,,,,,,,,,,,,
,,,,,,,Building Materials,Decking & Railing,Composite Decking,,543143420,1nx6-20' Jasper Grooved - Trex Transcend Lineage Decking,TREX,,,U S Lumber (3073),U S Lumber,TREX,,543143420,,Building Materials>Decking & Porch>Composite & PVC Decking,"U S Lumber, TREX, Decking, 543143420",1NX6-20' JASPER GROOVED - TREX TRANSCEND LINEAGE DECKING,TREX Decking 543143420,TREX Decking 543143420. High performance industrial and commercial grade decking designed for professional applications.,TREX Decking,,,,,,,,,,,,,,,,,,,,,,,,,,,Decking,,,,,,,,,,,,,,,,,,,,,,,,,,,,,,,,,,,,,,,,,,,,,,,,,,,,,,,,,,,,,,,,,,,,,,,,,,,,,,,,,,,,,,,,,,,,,,,,,,,,,,,,,,,,,,,,,,,,,,,,,,,,,,,,,,,,,,,,,,,,,,,,,,,,,,,,,,,,,,,,,,,,,,,,,,,,,,,,,,,,,,,,,,,,,,,,,,,,,
,,,,,,,Building Materials,Decking & Railing,Composite Decking,,543141412,1nx6-12' Rainier Grooved - Trex Transcend Lineage Decking,TREX,,,U S Lumber (3073),U S Lumber,TREX,,543141412,,Building Materials>Decking & Porch>Composite & PVC Decking,"U S Lumber, TREX, Decking, 543141412",1NX6-12' RAINIER GROOVED - TREX TRANSCEND LINEAGE DECKING,TREX Decking 543141412,TREX Decking 543141412. High performance industrial and commercial grade decking designed for professional applications.,TREX Decking,,,,,,,,,,,,,,,,,,,,,,,,,,,Decking,,,,,,,,,,,,,,,,,,,,,,,,,,,,,,,,,,,,,,,,,,,,,,,,,,,,,,,,,,,,,,,,,,,,,,,,,,,,,,,,,,,,,,,,,,,,,,,,,,,,,,,,,,,,,,,,,,,,,,,,,,,,,,,,,,,,,,,,,,,,,,,,,,,,,,,,,,,,,,,,,,,,,,,,,,,,,,,,,,,,,,,,,,,,,,,,,,,,,
,,,,,,,Building Materials,Decking & Railing,Composite Decking,,543141416,1nx6-16' Rainier Grooved - Trex Transcend Lineage Decking,TREX,,,U S Lumber (3073),U S Lumber,TREX,,543141416,,Building Materials>Decking & Porch>Composite & PVC Decking,"U S Lumber, TREX, Decking, 543141416",1NX6-16' RAINIER GROOVED - TREX TRANSCEND LINEAGE DECKING,TREX Decking 543141416,TREX Decking 543141416. High performance industrial and commercial grade decking designed for professional applications.,TREX Decking,,,,,,,,,,,,,,,,,,,,,,,,,,,Decking,,,,,,,,,,,,,,,,,,,,,,,,,,,,,,,,,,,,,,,,,,,,,,,,,,,,,,,,,,,,,,,,,,,,,,,,,,,,,,,,,,,,,,,,,,,,,,,,,,,,,,,,,,,,,,,,,,,,,,,,,,,,,,,,,,,,,,,,,,,,,,,,,,,,,,,,,,,,,,,,,,,,,,,,,,,,,,,,,,,,,,,,,,,,,,,,,,,,,
,,,,,,,Building Materials,Decking & Railing,Composite Decking,,543141420,1nx6-20' Rainier Grooved - Trex Transcend Lineage Decking,TREX,,,U S Lumber (3073),U S Lumber,TREX,,543141420,,Building Materials>Decking & Porch>Composite & PVC Decking,"U S Lumber, TREX, Decking, 543141420",1NX6-20' RAINIER GROOVED - TREX TRANSCEND LINEAGE DECKING,TREX Decking 543141420,TREX Decking 543141420. High performance industrial and commercial grade decking designed for professional applications.,TREX Decking,,,,,,,,,,,,,,,,,,,,,,,,,,,Decking,,,,,,,,,,,,,,,,,,,,,,,,,,,,,,,,,,,,,,,,,,,,,,,,,,,,,,,,,,,,,,,,,,,,,,,,,,,,,,,,,,,,,,,,,,,,,,,,,,,,,,,,,,,,,,,,,,,,,,,,,,,,,,,,,,,,,,,,,,,,,,,,,,,,,,,,,,,,,,,,,,,,,,,,,,,,,,,,,,,,,,,,,,,,,,,,,,,,,
,,,,,,,Building Materials,Decking & Railing,Railing Kits,,1513703,1nx6-16' Hatteras Sq Edge - Trex Transcend Lineage Decking,TREX,,,Boise Cascade Building Materials (BOICA),Boise Cascade Building Materials,TREX,,1513703,,Building Materials>Decking & Porch>Railing Kits & Balusters,"Boise Cascade Building Materials, TREX, Decking, 1513703",1NX6-16' HATTERAS SQ EDGE - TREX TRANSCEND LINEAGE DECKING,TREX Decking 1513703,TREX Decking 1513703. High performance industrial and commercial grade decking designed for professional applications.,TREX Decking,,,,,,,,,,,,,,,,,,,,,,,,,,,Decking,,,,,,,,,,,,,,,,,,,,,,,,,,,,,,,,,,,,,,,,,,,,,,,,,,,,,,,,,,,,,,,,,,,,,,,,,,,,,,,,,,,,,,,,,,,,,,,,,,,,,,,,,,,,,,,,,,,,,,,,,,,,,,,,,,,,,,,,,,,,,,,,,,,,,,,,,,,,,,,,,,,,,,,,,,,,,,,,,,,,,,,,,,,,,,,,,,,,,
,,,,,,,Building Materials,Decking & Railing,Railing Kits,,1513704,1nx6-20' Hatteras Sq Edge - Trex Transcend Lineage Decking,TREX,,,Boise Cascade Building Materials (BOICA),Boise Cascade Building Materials,TREX,,1513704,,Building Materials>Decking & Porch>Railing Kits & Balusters,"Boise Cascade Building Materials, TREX, Decking, 1513704",1NX6-20' HATTERAS SQ EDGE - TREX TRANSCEND LINEAGE DECKING,TREX Decking 1513704,TREX Decking 1513704. High performance industrial and commercial grade decking designed for professional applications.,TREX Decking,,,,,,,,,,,,,,,,,,,,,,,,,,,Decking,,,,,,,,,,,,,,,,,,,,,,,,,,,,,,,,,,,,,,,,,,,,,,,,,,,,,,,,,,,,,,,,,,,,,,,,,,,,,,,,,,,,,,,,,,,,,,,,,,,,,,,,,,,,,,,,,,,,,,,,,,,,,,,,,,,,,,,,,,,,,,,,,,,,,,,,,,,,,,,,,,,,,,,,,,,,,,,,,,,,,,,,,,,,,,,,,,,,,
,,,,,,,Building Materials,Decking & Railing,Composite Decking,,1513705,1nx6-12' Hatteras Grooved - Trex Transcend Lineage Decking,TREX,,,Boise Cascade Building Materials (BOICA),Boise Cascade Building Materials,TREX,,1513705,,Building Materials>Decking & Porch>Composite & PVC Decking,"Boise Cascade Building Materials, TREX, Decking, 1513705",1NX6-12' HATTERAS GROOVED - TREX TRANSCEND LINEAGE DECKING,TREX Decking 1513705,TREX Decking 1513705. High performance industrial and commercial grade decking designed for professional applications.,TREX Decking,,,,,,,,,,,,,,,,,,,,,,,,,,,Decking,,,,,,,,,,,,,,,,,,,,,,,,,,,,,,,,,,,,,,,,,,,,,,,,,,,,,,,,,,,,,,,,,,,,,,,,,,,,,,,,,,,,,,,,,,,,,,,,,,,,,,,,,,,,,,,,,,,,,,,,,,,,,,,,,,,,,,,,,,,,,,,,,,,,,,,,,,,,,,,,,,,,,,,,,,,,,,,,,,,,,,,,,,,,,,,,,,,,,
,,,,,,,Building Materials,Decking & Railing,Composite Decking,,1513706,1nx6-16' Hatteras Grooved - Trex Transcend Lineage Decking,TREX,,,Boise Cascade Building Materials (BOICA),Boise Cascade Building Materials,TREX,,1513706,,Building Materials>Decking & Porch>Composite & PVC Decking,"Boise Cascade Building Materials, TREX, Decking, 1513706",1NX6-16' HATTERAS GROOVED - TREX TRANSCEND LINEAGE DECKING,TREX Decking 1513706,TREX Decking 1513706. High performance industrial and commercial grade decking designed for professional applications.,TREX Decking,,,,,,,,,,,,,,,,,,,,,,,,,,,Decking,,,,,,,,,,,,,,,,,,,,,,,,,,,,,,,,,,,,,,,,,,,,,,,,,,,,,,,,,,,,,,,,,,,,,,,,,,,,,,,,,,,,,,,,,,,,,,,,,,,,,,,,,,,,,,,,,,,,,,,,,,,,,,,,,,,,,,,,,,,,,,,,,,,,,,,,,,,,,,,,,,,,,,,,,,,,,,,,,,,,,,,,,,,,,,,,,,,,,
,,,,,,,Building Materials,Decking & Railing,Composite Decking,,1513707,1nx6-20' Hatteras Grooved - Trex Transcend Lineage Decking,TREX,,,Boise Cascade Building Materials (BOICA),Boise Cascade Building Materials,TREX,,1513707,,Building Materials>Decking & Porch>Composite & PVC Decking,"Boise Cascade Building Materials, TREX, Decking, 1513707",1NX6-20' HATTERAS GROOVED - TREX TRANSCEND LINEAGE DECKING,TREX Decking 1513707,TREX Decking 1513707. High performance industrial and commercial grade decking designed for professional applications.,TREX Decking,,,,,,,,,,,,,,,,,,,,,,,,,,,Decking,,,,,,,,,,,,,,,,,,,,,,,,,,,,,,,,,,,,,,,,,,,,,,,,,,,,,,,,,,,,,,,,,,,,,,,,,,,,,,,,,,,,,,,,,,,,,,,,,,,,,,,,,,,,,,,,,,,,,,,,,,,,,,,,,,,,,,,,,,,,,,,,,,,,,,,,,,,,,,,,,,,,,,,,,,,,,,,,,,,,,,,,,,,,,,,,,,,,,
,,,,,,,Building Materials,Decking & Railing,Composite Decking,,1513708,1nx6-16' Salt Flat Sq Edge - Trex Transcend Lineage Decking,TREX,,,Boise Cascade Building Materials (BOICA),Boise Cascade Building Materials,TREX,,1513708,,Building Materials>Decking & Porch>Composite & PVC Decking,"Boise Cascade Building Materials, TREX, Decking, 1513708",1NX6-16' SALT FLAT SQ EDGE - TREX TRANSCEND LINEAGE DECKING,TREX Decking 1513708,TREX Decking 1513708. High performance industrial and commercial grade decking designed for professional applications.,TREX Decking,,,,,,,,,,,,,,,,,,,,,,,,,,,Decking,,,,,,,,,,,,,,,,,,,,,,,,,,,,,,,,,,,,,,,,,,,,,,,,,,,,,,,,,,,,,,,,,,,,,,,,,,,,,,,,,,,,,,,,,,,,,,,,,,,,,,,,,,,,,,,,,,,,,,,,,,,,,,,,,,,,,,,,,,,,,,,,,,,,,,,,,,,,,,,,,,,,,,,,,,,,,,,,,,,,,,,,,,,,,,,,,,,,,
,,,,,,,Building Materials,Decking & Railing,Railing Kits,,1513709,1nx6-20' Salt Flat Sq Edge - Trex Transcend Lineage Decking,TREX,,,Boise Cascade Building Materials (BOICA),Boise Cascade Building Materials,TREX,,1513709,,Building Materials>Decking & Porch>Railing Kits & Balusters,"Boise Cascade Building Materials, TREX, Decking, 1513709",1NX6-20' SALT FLAT SQ EDGE - TREX TRANSCEND LINEAGE DECKING,TREX Decking 1513709,TREX Decking 1513709. High performance industrial and commercial grade decking designed for professional applications.,TREX Decking,,,,,,,,,,,,,,,,,,,,,,,,,,,Decking,,,,,,,,,,,,,,,,,,,,,,,,,,,,,,,,,,,,,,,,,,,,,,,,,,,,,,,,,,,,,,,,,,,,,,,,,,,,,,,,,,,,,,,,,,,,,,,,,,,,,,,,,,,,,,,,,,,,,,,,,,,,,,,,,,,,,,,,,,,,,,,,,,,,,,,,,,,,,,,,,,,,,,,,,,,,,,,,,,,,,,,,,,,,,,,,,,,,,
,,,,,,,Building Materials,Decking & Railing,Composite Decking,,1513710,1nx6-12' Salt Flat Grooved - Trex Transcend Lineage Decking,TREX,,,Boise Cascade Building Materials (BOICA),Boise Cascade Building Materials,TREX,,1513710,,Building Materials>Decking & Porch>Composite & PVC Decking,"Boise Cascade Building Materials, TREX, Decking, 1513710",1NX6-12' SALT FLAT GROOVED - TREX TRANSCEND LINEAGE DECKING,TREX Decking 1513710,TREX Decking 1513710. High performance industrial and commercial grade decking designed for professional applications.,TREX Decking,,,,,,,,,,,,,,,,,,,,,,,,,,,Decking,,,,,,,,,,,,,,,,,,,,,,,,,,,,,,,,,,,,,,,,,,,,,,,,,,,,,,,,,,,,,,,,,,,,,,,,,,,,,,,,,,,,,,,,,,,,,,,,,,,,,,,,,,,,,,,,,,,,,,,,,,,,,,,,,,,,,,,,,,,,,,,,,,,,,,,,,,,,,,,,,,,,,,,,,,,,,,,,,,,,,,,,,,,,,,,,,,,,,
,,,,,,,Building Materials,Decking & Railing,Composite Decking,,1513711,1nx6-16' Salt Flat Grooved - Trex Transcend Lineage Decking,TREX,,,Boise Cascade Building Materials (BOICA),Boise Cascade Building Materials,TREX,,1513711,,Building Materials>Decking & Porch>Composite & PVC Decking,"Boise Cascade Building Materials, TREX, Decking, 1513711",1NX6-16' SALT FLAT GROOVED - TREX TRANSCEND LINEAGE DECKING,TREX Decking 1513711,TREX Decking 1513711. High performance industrial and commercial grade decking designed for professional applications.,TREX Decking,,,,,,,,,,,,,,,,,,,,,,,,,,,Decking,,,,,,,,,,,,,,,,,,,,,,,,,,,,,,,,,,,,,,,,,,,,,,,,,,,,,,,,,,,,,,,,,,,,,,,,,,,,,,,,,,,,,,,,,,,,,,,,,,,,,,,,,,,,,,,,,,,,,,,,,,,,,,,,,,,,,,,,,,,,,,,,,,,,,,,,,,,,,,,,,,,,,,,,,,,,,,,,,,,,,,,,,,,,,,,,,,,,,
,,,,,,,Building Materials,Decking & Railing,Composite Decking,,1513712,1nx6-20' Salt Flat Grooved - Trex Transcend Lineage Decking,TREX,,,Boise Cascade Building Materials (BOICA),Boise Cascade Building Materials,TREX,,1513712,,Building Materials>Decking & Porch>Composite & PVC Decking,"Boise Cascade Building Materials, TREX, Decking, 1513712",1NX6-20' SALT FLAT GROOVED - TREX TRANSCEND LINEAGE DECKING,TREX Decking 1513712,TREX Decking 1513712. High performance industrial and commercial grade decking designed for professional applications.,TREX Decking,,,,,,,,,,,,,,,,,,,,,,,,,,,Decking,,,,,,,,,,,,,,,,,,,,,,,,,,,,,,,,,,,,,,,,,,,,,,,,,,,,,,,,,,,,,,,,,,,,,,,,,,,,,,,,,,,,,,,,,,,,,,,,,,,,,,,,,,,,,,,,,,,,,,,,,,,,,,,,,,,,,,,,,,,,,,,,,,,,,,,,,,,,,,,,,,,,,,,,,,,,,,,,,,,,,,,,,,,,,,,,,,,,,
,,,,,,,Building Materials,Decking & Railing,Composite Decking,,1513717,1nx6-16' Honey Grove Sq Edge - Trex Enhance Naturals Decking,TREX,,,Boise Cascade Building Materials (BOICA),Boise Cascade Building Materials,TREX,,1513717,,Building Materials>Decking & Porch>Composite & PVC Decking,"Boise Cascade Building Materials, TREX, Decking, 1513717",1NX6-16' HONEY GROVE SQ EDGE - TREX ENHANCE NATURALS DECKING,TREX Decking 1513717,TREX Decking 1513717. High performance industrial and commercial grade decking designed for professional applications.,TREX Decking,,,,,,,,,,,,,,,,,,,,,,,,,,,Decking,,,,,,,,,,,,,,,,,,,,,,,,,,,,,,,,,,,,,,,,,,,,,,,,,,,,,,,,,,,,,,,,,,,,,,,,,,,,,,,,,,,,,,,,,,,,,,,,,,,,,,,,,,,,,,,,,,,,,,,,,,,,,,,,,,,,,,,,,,,,,,,,,,,,,,,,,,,,,,,,,,,,,,,,,,,,,,,,,,,,,,,,,,,,,,,,,,,,,
,,,,,,,Building Materials,Decking & Railing,Composite Decking,,1513718,1nx6-20' Honey Grove Sq Edge - Trex Enhance Naturals Decking,TREX,,,Boise Cascade Building Materials (BOICA),Boise Cascade Building Materials,TREX,,1513718,,Building Materials>Decking & Porch>Composite & PVC Decking,"Boise Cascade Building Materials, TREX, Decking, 1513718",1NX6-20' HONEY GROVE SQ EDGE - TREX ENHANCE NATURALS DECKING,TREX Decking 1513718,TREX Decking 1513718. High performance industrial and commercial grade decking designed for professional applications.,TREX Decking,,,,,,,,,,,,,,,,,,,,,,,,,,,Decking,,,,,,,,,,,,,,,,,,,,,,,,,,,,,,,,,,,,,,,,,,,,,,,,,,,,,,,,,,,,,,,,,,,,,,,,,,,,,,,,,,,,,,,,,,,,,,,,,,,,,,,,,,,,,,,,,,,,,,,,,,,,,,,,,,,,,,,,,,,,,,,,,,,,,,,,,,,,,,,,,,,,,,,,,,,,,,,,,,,,,,,,,,,,,,,,,,,,,
,,,,,,,Building Materials,Decking & Railing,Composite Decking,,1513719,1nx6-12' Honey Grove Grooved - Trex Enhance Naturals Decking,TREX,,,Boise Cascade Building Materials (BOICA),Boise Cascade Building Materials,TREX,,1513719,,Building Materials>Decking & Porch>Composite & PVC Decking,"Boise Cascade Building Materials, TREX, Decking, 1513719",1NX6-12' HONEY GROVE GROOVED - TREX ENHANCE NATURALS DECKING,TREX Decking 1513719,TREX Decking 1513719. High performance industrial and commercial grade decking designed for professional applications.,TREX Decking,,,,,,,,,,,,,,,,,,,,,,,,,,,Decking,,,,,,,,,,,,,,,,,,,,,,,,,,,,,,,,,,,,,,,,,,,,,,,,,,,,,,,,,,,,,,,,,,,,,,,,,,,,,,,,,,,,,,,,,,,,,,,,,,,,,,,,,,,,,,,,,,,,,,,,,,,,,,,,,,,,,,,,,,,,,,,,,,,,,,,,,,,,,,,,,,,,,,,,,,,,,,,,,,,,,,,,,,,,,,,,,,,,,
,,,,,,,Building Materials,Decking & Railing,Composite Decking,,1513720,1nx6-16' Honey Grove Grooved - Trex Enhance Naturals Decking,TREX,,,Boise Cascade Building Materials (BOICA),Boise Cascade Building Materials,TREX,,1513720,,Building Materials>Decking & Porch>Composite & PVC Decking,"Boise Cascade Building Materials, TREX, Decking, 1513720",1NX6-16' HONEY GROVE GROOVED - TREX ENHANCE NATURALS DECKING,TREX Decking 1513720,TREX Decking 1513720. High performance industrial and commercial grade decking designed for professional applications.,TREX Decking,,,,,,,,,,,,,,,,,,,,,,,,,,,Decking,,,,,,,,,,,,,,,,,,,,,,,,,,,,,,,,,,,,,,,,,,,,,,,,,,,,,,,,,,,,,,,,,,,,,,,,,,,,,,,,,,,,,,,,,,,,,,,,,,,,,,,,,,,,,,,,,,,,,,,,,,,,,,,,,,,,,,,,,,,,,,,,,,,,,,,,,,,,,,,,,,,,,,,,,,,,,,,,,,,,,,,,,,,,,,,,,,,,,
,,,,,,,Building Materials,Decking & Railing,Composite Decking,,1513721,1nx6-20' Honey Grove Grooved - Trex Enhance Naturals Decking,TREX,,,Boise Cascade Building Materials (BOICA),Boise Cascade Building Materials,TREX,,1513721,,Building Materials>Decking & Porch>Composite & PVC Decking,"Boise Cascade Building Materials, TREX, Decking, 1513721",1NX6-20' HONEY GROVE GROOVED - TREX ENHANCE NATURALS DECKING,TREX Decking 1513721,TREX Decking 1513721. High performance industrial and commercial grade decking designed for professional applications.,TREX Decking,,,,,,,,,,,,,,,,,,,,,,,,,,,Decking,,,,,,,,,,,,,,,,,,,,,,,,,,,,,,,,,,,,,,,,,,,,,,,,,,,,,,,,,,,,,,,,,,,,,,,,,,,,,,,,,,,,,,,,,,,,,,,,,,,,,,,,,,,,,,,,,,,,,,,,,,,,,,,,,,,,,,,,,,,,,,,,,,,,,,,,,,,,,,,,,,,,,,,,,,,,,,,,,,,,,,,,,,,,,,,,,,,,,
,,,,,,,Building Materials,Decking & Railing,Composite Decking,,1513724,1nx6-16' Tide Pool Sq Edge - Trex Enhance Basics Decking,TREX,,,Boise Cascade Building Materials (BOICA),Boise Cascade Building Materials,TREX,,1513724,,Building Materials>Decking & Porch>Composite & PVC Decking,"Boise Cascade Building Materials, TREX, Decking, 1513724",1NX6-16' TIDE POOL SQ EDGE - TREX ENHANCE BASICS DECKING,TREX Decking 1513724,TREX Decking 1513724. High performance industrial and commercial grade decking designed for professional applications.,TREX Decking,,,,,,,,,,,,,,,,,,,,,,,,,,,Decking,,,,,,,,,,,,,,,,,,,,,,,,,,,,,,,,,,,,,,,,,,,,,,,,,,,,,,,,,,,,,,,,,,,,,,,,,,,,,,,,,,,,,,,,,,,,,,,,,,,,,,,,,,,,,,,,,,,,,,,,,,,,,,,,,,,,,,,,,,,,,,,,,,,,,,,,,,,,,,,,,,,,,,,,,,,,,,,,,,,,,,,,,,,,,,,,,,,,,
,,,,,,,Building Materials,Decking & Railing,Composite Decking,,1513725,1nx6-20' Tide Pool Sq Edge - Trex Enhance Basics Decking,TREX,,,Boise Cascade Building Materials (BOICA),Boise Cascade Building Materials,TREX,,1513725,,Building Materials>Decking & Porch>Composite & PVC Decking,"Boise Cascade Building Materials, TREX, Decking, 1513725",1NX6-20' TIDE POOL SQ EDGE - TREX ENHANCE BASICS DECKING,TREX Decking 1513725,TREX Decking 1513725. High performance industrial and commercial grade decking designed for professional applications.,TREX Decking,,,,,,,,,,,,,,,,,,,,,,,,,,,Decking,,,,,,,,,,,,,,,,,,,,,,,,,,,,,,,,,,,,,,,,,,,,,,,,,,,,,,,,,,,,,,,,,,,,,,,,,,,,,,,,,,,,,,,,,,,,,,,,,,,,,,,,,,,,,,,,,,,,,,,,,,,,,,,,,,,,,,,,,,,,,,,,,,,,,,,,,,,,,,,,,,,,,,,,,,,,,,,,,,,,,,,,,,,,,,,,,,,,,
,,,,,,,Building Materials,Decking & Railing,Composite Decking,,1513726,1nx6-12' Tide Pool Grooved - Trex Enhance Basics Decking,TREX,,,Boise Cascade Building Materials (BOICA),Boise Cascade Building Materials,TREX,,1513726,,Building Materials>Decking & Porch>Composite & PVC Decking,"Boise Cascade Building Materials, TREX, Decking, 1513726",1NX6-12' TIDE POOL GROOVED - TREX ENHANCE BASICS DECKING,TREX Decking 1513726,TREX Decking 1513726. High performance industrial and commercial grade decking designed for professional applications.,TREX Decking,,,,,,,,,,,,,,,,,,,,,,,,,,,Decking,,,,,,,,,,,,,,,,,,,,,,,,,,,,,,,,,,,,,,,,,,,,,,,,,,,,,,,,,,,,,,,,,,,,,,,,,,,,,,,,,,,,,,,,,,,,,,,,,,,,,,,,,,,,,,,,,,,,,,,,,,,,,,,,,,,,,,,,,,,,,,,,,,,,,,,,,,,,,,,,,,,,,,,,,,,,,,,,,,,,,,,,,,,,,,,,,,,,,
,,,,,,,Building Materials,Decking & Railing,Composite Decking,,1513727,1nx6-16' Tide Pool Grooved - Trex Enhance Basics Decking,TREX,,,Boise Cascade Building Materials (BOICA),Boise Cascade Building Materials,TREX,,1513727,,Building Materials>Decking & Porch>Composite & PVC Decking,"Boise Cascade Building Materials, TREX, Decking, 1513727",1NX6-16' TIDE POOL GROOVED - TREX ENHANCE BASICS DECKING,TREX Decking 1513727,TREX Decking 1513727. High performance industrial and commercial grade decking designed for professional applications.,TREX Decking,,,,,,,,,,,,,,,,,,,,,,,,,,,Decking,,,,,,,,,,,,,,,,,,,,,,,,,,,,,,,,,,,,,,,,,,,,,,,,,,,,,,,,,,,,,,,,,,,,,,,,,,,,,,,,,,,,,,,,,,,,,,,,,,,,,,,,,,,,,,,,,,,,,,,,,,,,,,,,,,,,,,,,,,,,,,,,,,,,,,,,,,,,,,,,,,,,,,,,,,,,,,,,,,,,,,,,,,,,,,,,,,,,,
,,,,,,,Building Materials,Decking & Railing,Composite Decking,,1513728,1nx6-20' Tide Pool Grooved - Trex Enhance Basics Decking,TREX,,,Boise Cascade Building Materials (BOICA),Boise Cascade Building Materials,TREX,,1513728,,Building Materials>Decking & Porch>Composite & PVC Decking,"Boise Cascade Building Materials, TREX, Decking, 1513728",1NX6-20' TIDE POOL GROOVED - TREX ENHANCE BASICS DECKING,TREX Decking 1513728,TREX Decking 1513728. High performance industrial and commercial grade decking designed for professional applications.,TREX Decking,,,,,,,,,,,,,,,,,,,,,,,,,,,Decking,,,,,,,,,,,,,,,,,,,,,,,,,,,,,,,,,,,,,,,,,,,,,,,,,,,,,,,,,,,,,,,,,,,,,,,,,,,,,,,,,,,,,,,,,,,,,,,,,,,,,,,,,,,,,,,,,,,,,,,,,,,,,,,,,,,,,,,,,,,,,,,,,,,,,,,,,,,,,,,,,,,,,,,,,,,,,,,,,,,,,,,,,,,,,,,,,,,,,
,,,,,,,Building Materials,Decking & Railing,Composite Decking,,543076016,1nx6-16' Cinnamon Cove Sq Edge - Trex Enhance Naturals Decking,TREX,,,Boise Cascade Building Materials (BOICA),Boise Cascade Building Materials,TREX,,543076016,,Building Materials>Decking & Porch>Composite & PVC Decking,"Boise Cascade Building Materials, TREX, Decking, 543076016",1NX6-16' CINNAMON COVE SQ EDGE - TREX ENHANCE NATURALS DECKING,TREX Decking 543076016,TREX Decking 543076016. High performance industrial and commercial grade decking designed for professional applications.,TREX Decking,,,,,,,,,,,,,,,,,,,,,,,,,,,Decking,,,,,,,,,,,,,,,,,,,,,,,,,,,,,,,,,,,,,,,,,,,,,,,,,,,,,,,,,,,,,,,,,,,,,,,,,,,,,,,,,,,,,,,,,,,,,,,,,,,,,,,,,,,,,,,,,,,,,,,,,,,,,,,,,,,,,,,,,,,,,,,,,,,,,,,,,,,,,,,,,,,,,,,,,,,,,,,,,,,,,,,,,,,,,,,,,,,,,
,,,,,,,Building Materials,Decking & Railing,Composite Decking,,543076020,1nx6-20' Cinnamon Cove Sq Edge - Trex Enhance Naturals Decking,TREX,,,Boise Cascade Building Materials (BOICA),Boise Cascade Building Materials,TREX,,543076020,,Building Materials>Decking & Porch>Composite & PVC Decking,"Boise Cascade Building Materials, TREX, Decking, 543076020",1NX6-20' CINNAMON COVE SQ EDGE - TREX ENHANCE NATURALS DECKING,TREX Decking 543076020,TREX Decking 543076020. High performance industrial and commercial grade decking designed for professional applications.,TREX Decking,,,,,,,,,,,,,,,,,,,,,,,,,,,Decking,,,,,,,,,,,,,,,,,,,,,,,,,,,,,,,,,,,,,,,,,,,,,,,,,,,,,,,,,,,,,,,,,,,,,,,,,,,,,,,,,,,,,,,,,,,,,,,,,,,,,,,,,,,,,,,,,,,,,,,,,,,,,,,,,,,,,,,,,,,,,,,,,,,,,,,,,,,,,,,,,,,,,,,,,,,,,,,,,,,,,,,,,,,,,,,,,,,,,
,,,,,,,Building Materials,Decking & Railing,Composite Decking,,543076412,1nx6-12' Cinnamon Cove Grooved - Trex Enhance Naturals Decking,TREX,,,Boise Cascade Building Materials (BOICA),Boise Cascade Building Materials,TREX,,543076412,,Building Materials>Decking & Porch>Composite & PVC Decking,"Boise Cascade Building Materials, TREX, Decking, 543076412",1NX6-12' CINNAMON COVE GROOVED - TREX ENHANCE NATURALS DECKING,TREX Decking 543076412,TREX Decking 543076412. High performance industrial and commercial grade decking designed for professional applications.,TREX Decking,,,,,,,,,,,,,,,,,,,,,,,,,,,Decking,,,,,,,,,,,,,,,,,,,,,,,,,,,,,,,,,,,,,,,,,,,,,,,,,,,,,,,,,,,,,,,,,,,,,,,,,,,,,,,,,,,,,,,,,,,,,,,,,,,,,,,,,,,,,,,,,,,,,,,,,,,,,,,,,,,,,,,,,,,,,,,,,,,,,,,,,,,,,,,,,,,,,,,,,,,,,,,,,,,,,,,,,,,,,,,,,,,,,
,,,,,,,Building Materials,Decking & Railing,Composite Decking,,543076416,1nx6-16' Cinnamon Cove Grooved - Trex Enhance Naturals Decking,TREX,,,Boise Cascade Building Materials (BOICA),Boise Cascade Building Materials,TREX,,543076416,,Building Materials>Decking & Porch>Composite & PVC Decking,"Boise Cascade Building Materials, TREX, Decking, 543076416",1NX6-16' CINNAMON COVE GROOVED - TREX ENHANCE NATURALS DECKING,TREX Decking 543076416,TREX Decking 543076416. High performance industrial and commercial grade decking designed for professional applications.,TREX Decking,,,,,,,,,,,,,,,,,,,,,,,,,,,Decking,,,,,,,,,,,,,,,,,,,,,,,,,,,,,,,,,,,,,,,,,,,,,,,,,,,,,,,,,,,,,,,,,,,,,,,,,,,,,,,,,,,,,,,,,,,,,,,,,,,,,,,,,,,,,,,,,,,,,,,,,,,,,,,,,,,,,,,,,,,,,,,,,,,,,,,,,,,,,,,,,,,,,,,,,,,,,,,,,,,,,,,,,,,,,,,,,,,,,
,,,,,,,Building Materials,Decking & Railing,Composite Decking,,543076420,1nx6-20' Cinnamon Cove Grooved - Trex Enhance Naturals Decking,TREX,,,Boise Cascade Building Materials (BOICA),Boise Cascade Building Materials,TREX,,543076420,,Building Materials>Decking & Porch>Composite & PVC Decking,"Boise Cascade Building Materials, TREX, Decking, 543076420",1NX6-20' CINNAMON COVE GROOVED - TREX ENHANCE NATURALS DECKING,TREX Decking 543076420,TREX Decking 543076420. High performance industrial and commercial grade decking designed for professional applications.,TREX Decking,,,,,,,,,,,,,,,,,,,,,,,,,,,Decking,,,,,,,,,,,,,,,,,,,,,,,,,,,,,,,,,,,,,,,,,,,,,,,,,,,,,,,,,,,,,,,,,,,,,,,,,,,,,,,,,,,,,,,,,,,,,,,,,,,,,,,,,,,,,,,,,,,,,,,,,,,,,,,,,,,,,,,,,,,,,,,,,,,,,,,,,,,,,,,,,,,,,,,,,,,,,,,,,,,,,,,,,,,,,,,,,,,,,
,,,,,,,Building Materials,Decking & Railing,Composite Decking,,1516870,1nx6-16' Golden Hour Sq Edge - Trex Enhance Naturals Decking,TREX,,,Boise Cascade Building Materials (BOICA),Boise Cascade Building Materials,TREX,,1516870,,Building Materials>Decking & Porch>Composite & PVC Decking,"Boise Cascade Building Materials, TREX, Decking, 1516870",1NX6-16' GOLDEN HOUR SQ EDGE - TREX ENHANCE NATURALS DECKING,TREX Decking 1516870,TREX Decking 1516870. High performance industrial and commercial grade decking designed for professional applications.,TREX Decking,,,,,,,,,,,,,,,,,,,,,,,,,,,Decking,,,,,,,,,,,,,,,,,,,,,,,,,,,,,,,,,,,,,,,,,,,,,,,,,,,,,,,,,,,,,,,,,,,,,,,,,,,,,,,,,,,,,,,,,,,,,,,,,,,,,,,,,,,,,,,,,,,,,,,,,,,,,,,,,,,,,,,,,,,,,,,,,,,,,,,,,,,,,,,,,,,,,,,,,,,,,,,,,,,,,,,,,,,,,,,,,,,,,
,,,,,,,Building Materials,Decking & Railing,Composite Decking,,1516871,1nx6-20' Golden Hour Sq Edge - Trex Enhance Naturals Decking,TREX,,,Boise Cascade Building Materials (BOICA),Boise Cascade Building Materials,TREX,,1516871,,Building Materials>Decking & Porch>Composite & PVC Decking,"Boise Cascade Building Materials, TREX, Decking, 1516871",1NX6-20' GOLDEN HOUR SQ EDGE - TREX ENHANCE NATURALS DECKING,TREX Decking 1516871,TREX Decking 1516871. High performance industrial and commercial grade decking designed for professional applications.,TREX Decking,,,,,,,,,,,,,,,,,,,,,,,,,,,Decking,,,,,,,,,,,,,,,,,,,,,,,,,,,,,,,,,,,,,,,,,,,,,,,,,,,,,,,,,,,,,,,,,,,,,,,,,,,,,,,,,,,,,,,,,,,,,,,,,,,,,,,,,,,,,,,,,,,,,,,,,,,,,,,,,,,,,,,,,,,,,,,,,,,,,,,,,,,,,,,,,,,,,,,,,,,,,,,,,,,,,,,,,,,,,,,,,,,,,
,,,,,,,Building Materials,Decking & Railing,Composite Decking,,1516872,1nx6-12' Golden Hour Grooved - Trex Enhance Naturals Decking,TREX,,,Boise Cascade Building Materials (BOICA),Boise Cascade Building Materials,TREX,,1516872,,Building Materials>Decking & Porch>Composite & PVC Decking,"Boise Cascade Building Materials, TREX, Decking, 1516872",1NX6-12' GOLDEN HOUR GROOVED - TREX ENHANCE NATURALS DECKING,TREX Decking 1516872,TREX Decking 1516872. High performance industrial and commercial grade decking designed for professional applications.,TREX Decking,,,,,,,,,,,,,,,,,,,,,,,,,,,Decking,,,,,,,,,,,,,,,,,,,,,,,,,,,,,,,,,,,,,,,,,,,,,,,,,,,,,,,,,,,,,,,,,,,,,,,,,,,,,,,,,,,,,,,,,,,,,,,,,,,,,,,,,,,,,,,,,,,,,,,,,,,,,,,,,,,,,,,,,,,,,,,,,,,,,,,,,,,,,,,,,,,,,,,,,,,,,,,,,,,,,,,,,,,,,,,,,,,,,
,,,,,,,Building Materials,Decking & Railing,Composite Decking,,1516873,1nx6-16' Golden Hour Grooved - Trex Enhance Naturals Decking,TREX,,,Boise Cascade Building Materials (BOICA),Boise Cascade Building Materials,TREX,,1516873,,Building Materials>Decking & Porch>Composite & PVC Decking,"Boise Cascade Building Materials, TREX, Decking, 1516873",1NX6-16' GOLDEN HOUR GROOVED - TREX ENHANCE NATURALS DECKING,TREX Decking 1516873,TREX Decking 1516873. High performance industrial and commercial grade decking designed for professional applications.,TREX Decking,,,,,,,,,,,,,,,,,,,,,,,,,,,Decking,,,,,,,,,,,,,,,,,,,,,,,,,,,,,,,,,,,,,,,,,,,,,,,,,,,,,,,,,,,,,,,,,,,,,,,,,,,,,,,,,,,,,,,,,,,,,,,,,,,,,,,,,,,,,,,,,,,,,,,,,,,,,,,,,,,,,,,,,,,,,,,,,,,,,,,,,,,,,,,,,,,,,,,,,,,,,,,,,,,,,,,,,,,,,,,,,,,,,
,,,,,,,Building Materials,Decking & Railing,Composite Decking,,1516874,1nx6-20' Golden Hour Grooved - Trex Enhance Naturals Decking,TREX,,,Boise Cascade Building Materials (BOICA),Boise Cascade Building Materials,TREX,,1516874,,Building Materials>Decking & Porch>Composite & PVC Decking,"Boise Cascade Building Materials, TREX, Decking, 1516874",1NX6-20' GOLDEN HOUR GROOVED - TREX ENHANCE NATURALS DECKING,TREX Decking 1516874,TREX Decking 1516874. High performance industrial and commercial grade decking designed for professional applications.,TREX Decking,,,,,,,,,,,,,,,,,,,,,,,,,,,Decking,,,,,,,,,,,,,,,,,,,,,,,,,,,,,,,,,,,,,,,,,,,,,,,,,,,,,,,,,,,,,,,,,,,,,,,,,,,,,,,,,,,,,,,,,,,,,,,,,,,,,,,,,,,,,,,,,,,,,,,,,,,,,,,,,,,,,,,,,,,,,,,,,,,,,,,,,,,,,,,,,,,,,,,,,,,,,,,,,,,,,,,,,,,,,,,,,,,,,
,,,,,,,Building Materials,Decking & Railing,Composite Decking,,1516879,1nx6-16' Pebble Beach Sq Edge - Trex Enhance Basics Decking,TREX,,,Boise Cascade Building Materials (BOICA),Boise Cascade Building Materials,TREX,,1516879,,Building Materials>Decking & Porch>Composite & PVC Decking,"Boise Cascade Building Materials, TREX, Decking, 1516879",1NX6-16' PEBBLE BEACH SQ EDGE - TREX ENHANCE BASICS DECKING,TREX Decking 1516879,TREX Decking 1516879. High performance industrial and commercial grade decking designed for professional applications.,TREX Decking,,,,,,,,,,,,,,,,,,,,,,,,,,,Decking,,,,,,,,,,,,,,,,,,,,,,,,,,,,,,,,,,,,,,,,,,,,,,,,,,,,,,,,,,,,,,,,,,,,,,,,,,,,,,,,,,,,,,,,,,,,,,,,,,,,,,,,,,,,,,,,,,,,,,,,,,,,,,,,,,,,,,,,,,,,,,,,,,,,,,,,,,,,,,,,,,,,,,,,,,,,,,,,,,,,,,,,,,,,,,,,,,,,,
,,,,,,,Building Materials,Decking & Railing,Composite Decking,,1516880,1nx6-20' Pebble Beach Sq Edge - Trex Enhance Basics Decking,TREX,,,Boise Cascade Building Materials (BOICA),Boise Cascade Building Materials,TREX,,1516880,,Building Materials>Decking & Porch>Composite & PVC Decking,"Boise Cascade Building Materials, TREX, Decking, 1516880",1NX6-20' PEBBLE BEACH SQ EDGE - TREX ENHANCE BASICS DECKING,TREX Decking 1516880,TREX Decking 1516880. High performance industrial and commercial grade decking designed for professional applications.,TREX Decking,,,,,,,,,,,,,,,,,,,,,,,,,,,Decking,,,,,,,,,,,,,,,,,,,,,,,,,,,,,,,,,,,,,,,,,,,,,,,,,,,,,,,,,,,,,,,,,,,,,,,,,,,,,,,,,,,,,,,,,,,,,,,,,,,,,,,,,,,,,,,,,,,,,,,,,,,,,,,,,,,,,,,,,,,,,,,,,,,,,,,,,,,,,,,,,,,,,,,,,,,,,,,,,,,,,,,,,,,,,,,,,,,,,
,,,,,,,Building Materials,Decking & Railing,Composite Decking,,1516881,1nx6-12' Pebble Beach Grooved - Trex Enhance Basics Decking,TREX,,,Boise Cascade Building Materials (BOICA),Boise Cascade Building Materials,TREX,,1516881,,Building Materials>Decking & Porch>Composite & PVC Decking,"Boise Cascade Building Materials, TREX, Decking, 1516881",1NX6-12' PEBBLE BEACH GROOVED - TREX ENHANCE BASICS DECKING,TREX Decking 1516881,TREX Decking 1516881. High performance industrial and commercial grade decking designed for professional applications.,TREX Decking,,,,,,,,,,,,,,,,,,,,,,,,,,,Decking,,,,,,,,,,,,,,,,,,,,,,,,,,,,,,,,,,,,,,,,,,,,,,,,,,,,,,,,,,,,,,,,,,,,,,,,,,,,,,,,,,,,,,,,,,,,,,,,,,,,,,,,,,,,,,,,,,,,,,,,,,,,,,,,,,,,,,,,,,,,,,,,,,,,,,,,,,,,,,,,,,,,,,,,,,,,,,,,,,,,,,,,,,,,,,,,,,,,,
,,,,,,,Building Materials,Decking & Railing,Composite Decking,,1516882,1nx6-16' Pebble Beach Grooved - Trex Enhance Basics Decking,TREX,,,Boise Cascade Building Materials (BOICA),Boise Cascade Building Materials,TREX,,1516882,,Building Materials>Decking & Porch>Composite & PVC Decking,"Boise Cascade Building Materials, TREX, Decking, 1516882",1NX6-16' PEBBLE BEACH GROOVED - TREX ENHANCE BASICS DECKING,TREX Decking 1516882,TREX Decking 1516882. High performance industrial and commercial grade decking designed for professional applications.,TREX Decking,,,,,,,,,,,,,,,,,,,,,,,,,,,Decking,,,,,,,,,,,,,,,,,,,,,,,,,,,,,,,,,,,,,,,,,,,,,,,,,,,,,,,,,,,,,,,,,,,,,,,,,,,,,,,,,,,,,,,,,,,,,,,,,,,,,,,,,,,,,,,,,,,,,,,,,,,,,,,,,,,,,,,,,,,,,,,,,,,,,,,,,,,,,,,,,,,,,,,,,,,,,,,,,,,,,,,,,,,,,,,,,,,,,
,,,,,,,Building Materials,Decking & Railing,Composite Decking,,1516883,1nx6-20' Pebble Beach Grooved - Trex Enhance Basics Decking,TREX,,,Boise Cascade Building Materials (BOICA),Boise Cascade Building Materials,TREX,,1516883,,Building Materials>Decking & Porch>Composite & PVC Decking,"Boise Cascade Building Materials, TREX, Decking, 1516883",1NX6-20' PEBBLE BEACH GROOVED - TREX ENHANCE BASICS DECKING,TREX Decking 1516883,TREX Decking 1516883. High performance industrial and commercial grade decking designed for professional applications.,TREX Decking,,,,,,,,,,,,,,,,,,,,,,,,,,,Decking,,,,,,,,,,,,,,,,,,,,,,,,,,,,,,,,,,,,,,,,,,,,,,,,,,,,,,,,,,,,,,,,,,,,,,,,,,,,,,,,,,,,,,,,,,,,,,,,,,,,,,,,,,,,,,,,,,,,,,,,,,,,,,,,,,,,,,,,,,,,,,,,,,,,,,,,,,,,,,,,,,,,,,,,,,,,,,,,,,,,,,,,,,,,,,,,,,,,,
,,,,,,,Building Materials,Decking & Railing,Composite Decking,,543005016,7/8nx6-16' Malted Barley Sq Edge - Trex Select 2.0 Decking,TREX,,,Boise Cascade Building Materials (BOICA),Boise Cascade Building Materials,TREX,,543005016,,Building Materials>Decking & Porch>Composite & PVC Decking,"Boise Cascade Building Materials, TREX, Decking, 543005016",7/8NX6-16' MALTED BARLEY SQ EDGE - TREX SELECT 2.0 DECKING,TREX Decking 543005016,TREX Decking 543005016. High performance industrial and commercial grade decking designed for professional applications.,TREX Decking,,,,,,,,,,,,,,,,,,,,,,,,,,,Decking,,,,,,,,,,,,,,,,,,,,,,,,,,,,,,,,,,,,,,,,,,,,,,,,,,,,,,,,,,,,,,,,,,,,,,,,,,,,,,,,,,,,,,,,,,,,,,,,,,,,,,,,,,,,,,,,,,,,,,,,,,,,,,,,,,,,,,,,,,,,,,,,,,,,,,,,,,,,,,,,,,,,,,,,,,,,,,,,,,,,,,,,,,,,,,,,,,,,,
,,,,,,,Building Materials,Decking & Railing,Composite Decking,,543005020,7/8nx6-20' Malted Barley Sq Edge - Trex Select 2.0 Decking,TREX,,,Boise Cascade Building Materials (BOICA),Boise Cascade Building Materials,TREX,,543005020,,Building Materials>Decking & Porch>Composite & PVC Decking,"Boise Cascade Building Materials, TREX, Decking, 543005020",7/8NX6-20' MALTED BARLEY SQ EDGE - TREX SELECT 2.0 DECKING,TREX Decking 543005020,TREX Decking 543005020. High performance industrial and commercial grade decking designed for professional applications.,TREX Decking,,,,,,,,,,,,,,,,,,,,,,,,,,,Decking,,,,,,,,,,,,,,,,,,,,,,,,,,,,,,,,,,,,,,,,,,,,,,,,,,,,,,,,,,,,,,,,,,,,,,,,,,,,,,,,,,,,,,,,,,,,,,,,,,,,,,,,,,,,,,,,,,,,,,,,,,,,,,,,,,,,,,,,,,,,,,,,,,,,,,,,,,,,,,,,,,,,,,,,,,,,,,,,,,,,,,,,,,,,,,,,,,,,,
,,,,,,,Building Materials,Decking & Railing,Composite Decking,,543005412,7/8nx6-12' Malted Barley Grooved - Trex Select 2.0 Decking,TREX,,,Boise Cascade Building Materials (BOICA),Boise Cascade Building Materials,TREX,,543005412,,Building Materials>Decking & Porch>Composite & PVC Decking,"Boise Cascade Building Materials, TREX, Decking, 543005412",7/8NX6-12' MALTED BARLEY GROOVED - TREX SELECT 2.0 DECKING,TREX Decking 543005412,TREX Decking 543005412. High performance industrial and commercial grade decking designed for professional applications.,TREX Decking,,,,,,,,,,,,,,,,,,,,,,,,,,,Decking,,,,,,,,,,,,,,,,,,,,,,,,,,,,,,,,,,,,,,,,,,,,,,,,,,,,,,,,,,,,,,,,,,,,,,,,,,,,,,,,,,,,,,,,,,,,,,,,,,,,,,,,,,,,,,,,,,,,,,,,,,,,,,,,,,,,,,,,,,,,,,,,,,,,,,,,,,,,,,,,,,,,,,,,,,,,,,,,,,,,,,,,,,,,,,,,,,,,,
,,,,,,,Building Materials,Decking & Railing,Composite Decking,,543005416,7/8nx6-16' Malted Barley Grooved - Trex Select 2.0 Decking,TREX,,,Boise Cascade Building Materials (BOICA),Boise Cascade Building Materials,TREX,,543005416,,Building Materials>Decking & Porch>Composite & PVC Decking,"Boise Cascade Building Materials, TREX, Decking, 543005416",7/8NX6-16' MALTED BARLEY GROOVED - TREX SELECT 2.0 DECKING,TREX Decking 543005416,TREX Decking 543005416. High performance industrial and commercial grade decking designed for professional applications.,TREX Decking,,,,,,,,,,,,,,,,,,,,,,,,,,,Decking,,,,,,,,,,,,,,,,,,,,,,,,,,,,,,,,,,,,,,,,,,,,,,,,,,,,,,,,,,,,,,,,,,,,,,,,,,,,,,,,,,,,,,,,,,,,,,,,,,,,,,,,,,,,,,,,,,,,,,,,,,,,,,,,,,,,,,,,,,,,,,,,,,,,,,,,,,,,,,,,,,,,,,,,,,,,,,,,,,,,,,,,,,,,,,,,,,,,,
,,,,,,,Building Materials,Decking & Railing,Composite Decking,,543005420,7/8nx6-20' Malted Barley Grooved - Trex Select 2.0 Decking,TREX,,,Boise Cascade Building Materials (BOICA),Boise Cascade Building Materials,TREX,,543005420,,Building Materials>Decking & Porch>Composite & PVC Decking,"Boise Cascade Building Materials, TREX, Decking, 543005420",7/8NX6-20' MALTED BARLEY GROOVED - TREX SELECT 2.0 DECKING,TREX Decking 543005420,TREX Decking 543005420. High performance industrial and commercial grade decking designed for professional applications.,TREX Decking,,,,,,,,,,,,,,,,,,,,,,,,,,,Decking,,,,,,,,,,,,,,,,,,,,,,,,,,,,,,,,,,,,,,,,,,,,,,,,,,,,,,,,,,,,,,,,,,,,,,,,,,,,,,,,,,,,,,,,,,,,,,,,,,,,,,,,,,,,,,,,,,,,,,,,,,,,,,,,,,,,,,,,,,,,,,,,,,,,,,,,,,,,,,,,,,,,,,,,,,,,,,,,,,,,,,,,,,,,,,,,,,,,,
,,,,,,,Building Materials,Decking & Railing,Composite Decking,,1516891,7/8nx6-16' Millstone Sq Edge - Trex Select 2.0 Decking,TREX,,,Boise Cascade Building Materials (BOICA),Boise Cascade Building Materials,TREX,,1516891,,Building Materials>Decking & Porch>Composite & PVC Decking,"Boise Cascade Building Materials, TREX, Decking, 1516891",7/8NX6-16' MILLSTONE SQ EDGE - TREX SELECT 2.0 DECKING,TREX Decking 1516891,TREX Decking 1516891. High performance industrial and commercial grade decking designed for professional applications.,TREX Decking,,,,,,,,,,,,,,,,,,,,,,,,,,,Decking,,,,,,,,,,,,,,,,,,,,,,,,,,,,,,,,,,,,,,,,,,,,,,,,,,,,,,,,,,,,,,,,,,,,,,,,,,,,,,,,,,,,,,,,,,,,,,,,,,,,,,,,,,,,,,,,,,,,,,,,,,,,,,,,,,,,,,,,,,,,,,,,,,,,,,,,,,,,,,,,,,,,,,,,,,,,,,,,,,,,,,,,,,,,,,,,,,,,,
,,,,,,,Building Materials,Decking & Railing,Composite Decking,,1516892,7/8nx6-20' Millstone Sq Edge -Trex Select 2.0 Decking,TREX,,,Boise Cascade Building Materials (BOICA),Boise Cascade Building Materials,TREX,,1516892,,Building Materials>Decking & Porch>Composite & PVC Decking,"Boise Cascade Building Materials, TREX, Decking, 1516892",7/8NX6-20' MILLSTONE SQ EDGE -TREX SELECT 2.0 DECKING,TREX Decking 1516892,TREX Decking 1516892. High performance industrial and commercial grade decking designed for professional applications.,TREX Decking,,,,,,,,,,,,,,,,,,,,,,,,,,,Decking,,,,,,,,,,,,,,,,,,,,,,,,,,,,,,,,,,,,,,,,,,,,,,,,,,,,,,,,,,,,,,,,,,,,,,,,,,,,,,,,,,,,,,,,,,,,,,,,,,,,,,,,,,,,,,,,,,,,,,,,,,,,,,,,,,,,,,,,,,,,,,,,,,,,,,,,,,,,,,,,,,,,,,,,,,,,,,,,,,,,,,,,,,,,,,,,,,,,,
,,,,,,,Building Materials,Decking & Railing,Composite Decking,,1516893,7/8nx6-12' Millstone Grooved - Trex Select 2.0 Decking,TREX,,,Boise Cascade Building Materials (BOICA),Boise Cascade Building Materials,TREX,,1516893,,Building Materials>Decking & Porch>Composite & PVC Decking,"Boise Cascade Building Materials, TREX, Decking, 1516893",7/8NX6-12' MILLSTONE GROOVED - TREX SELECT 2.0 DECKING,TREX Decking 1516893,TREX Decking 1516893. High performance industrial and commercial grade decking designed for professional applications.,TREX Decking,,,,,,,,,,,,,,,,,,,,,,,,,,,Decking,,,,,,,,,,,,,,,,,,,,,,,,,,,,,,,,,,,,,,,,,,,,,,,,,,,,,,,,,,,,,,,,,,,,,,,,,,,,,,,,,,,,,,,,,,,,,,,,,,,,,,,,,,,,,,,,,,,,,,,,,,,,,,,,,,,,,,,,,,,,,,,,,,,,,,,,,,,,,,,,,,,,,,,,,,,,,,,,,,,,,,,,,,,,,,,,,,,,,
,,,,,,,Building Materials,Decking & Railing,Composite Decking,,1516894,7/8nx6-16' Millstone Grooved - Trex Select 2.0 Decking,TREX,,,Boise Cascade Building Materials (BOICA),Boise Cascade Building Materials,TREX,,1516894,,Building Materials>Decking & Porch>Composite & PVC Decking,"Boise Cascade Building Materials, TREX, Decking, 1516894",7/8NX6-16' MILLSTONE GROOVED - TREX SELECT 2.0 DECKING,TREX Decking 1516894,TREX Decking 1516894. High performance industrial and commercial grade decking designed for professional applications.,TREX Decking,,,,,,,,,,,,,,,,,,,,,,,,,,,Decking,,,,,,,,,,,,,,,,,,,,,,,,,,,,,,,,,,,,,,,,,,,,,,,,,,,,,,,,,,,,,,,,,,,,,,,,,,,,,,,,,,,,,,,,,,,,,,,,,,,,,,,,,,,,,,,,,,,,,,,,,,,,,,,,,,,,,,,,,,,,,,,,,,,,,,,,,,,,,,,,,,,,,,,,,,,,,,,,,,,,,,,,,,,,,,,,,,,,,
,,,,,,,Building Materials,Decking & Railing,Composite Decking,,1516895,7/8nx6-20' Millstone Grooved - Trex Select 2.0 Decking,TREX,,,Boise Cascade Building Materials (BOICA),Boise Cascade Building Materials,TREX,,1516895,,Building Materials>Decking & Porch>Composite & PVC Decking,"Boise Cascade Building Materials, TREX, Decking, 1516895",7/8NX6-20' MILLSTONE GROOVED - TREX SELECT 2.0 DECKING,TREX Decking 1516895,TREX Decking 1516895. High performance industrial and commercial grade decking designed for professional applications.,TREX Decking,,,,,,,,,,,,,,,,,,,,,,,,,,,Decking,,,,,,,,,,,,,,,,,,,,,,,,,,,,,,,,,,,,,,,,,,,,,,,,,,,,,,,,,,,,,,,,,,,,,,,,,,,,,,,,,,,,,,,,,,,,,,,,,,,,,,,,,,,,,,,,,,,,,,,,,,,,,,,,,,,,,,,,,,,,,,,,,,,,,,,,,,,,,,,,,,,,,,,,,,,,,,,,,,,,,,,,,,,,,,,,,,,,,
,,,,,,,Building Materials,Decking & Railing,Railing Kits,,543007016,7/8nx6-16' Whiskey Barrel Sq Edge - Trex Select 2.0 Decking,TREX,,,Boise Cascade Building Materials (BOICA),Boise Cascade Building Materials,TREX,,543007016,,Building Materials>Decking & Porch>Railing Kits & Balusters,"Boise Cascade Building Materials, TREX, Decking, 543007016",7/8NX6-16' WHISKEY BARREL SQ EDGE - TREX SELECT 2.0 DECKING,TREX Decking 543007016,TREX Decking 543007016. High performance industrial and commercial grade decking designed for professional applications.,TREX Decking,,,,,,,,,,,,,,,,,,,,,,,,,,,Decking,,,,,,,,,,,,,,,,,,,,,,,,,,,,,,,,,,,,,,,,,,,,,,,,,,,,,,,,,,,,,,,,,,,,,,,,,,,,,,,,,,,,,,,,,,,,,,,,,,,,,,,,,,,,,,,,,,,,,,,,,,,,,,,,,,,,,,,,,,,,,,,,,,,,,,,,,,,,,,,,,,,,,,,,,,,,,,,,,,,,,,,,,,,,,,,,,,,,,
,,,,,,,Building Materials,Decking & Railing,Railing Kits,,543007020,7/8nx6-20' Whiskey Barrel Sq Edge - Trex Select 2.0 Decking,TREX,,,Boise Cascade Building Materials (BOICA),Boise Cascade Building Materials,TREX,,543007020,,Building Materials>Decking & Porch>Railing Kits & Balusters,"Boise Cascade Building Materials, TREX, Decking, 543007020",7/8NX6-20' WHISKEY BARREL SQ EDGE - TREX SELECT 2.0 DECKING,TREX Decking 543007020,TREX Decking 543007020. High performance industrial and commercial grade decking designed for professional applications.,TREX Decking,,,,,,,,,,,,,,,,,,,,,,,,,,,Decking,,,,,,,,,,,,,,,,,,,,,,,,,,,,,,,,,,,,,,,,,,,,,,,,,,,,,,,,,,,,,,,,,,,,,,,,,,,,,,,,,,,,,,,,,,,,,,,,,,,,,,,,,,,,,,,,,,,,,,,,,,,,,,,,,,,,,,,,,,,,,,,,,,,,,,,,,,,,,,,,,,,,,,,,,,,,,,,,,,,,,,,,,,,,,,,,,,,,,
,,,,,,,Building Materials,Decking & Railing,Composite Decking,,543007412,7/8nx6-12' Whiskey Barrel Grooved - Trex Select 2.0 Decking,TREX,,,Boise Cascade Building Materials (BOICA),Boise Cascade Building Materials,TREX,,543007412,,Building Materials>Decking & Porch>Composite & PVC Decking,"Boise Cascade Building Materials, TREX, Decking, 543007412",7/8NX6-12' WHISKEY BARREL GROOVED - TREX SELECT 2.0 DECKING,TREX Decking 543007412,TREX Decking 543007412. High performance industrial and commercial grade decking designed for professional applications.,TREX Decking,,,,,,,,,,,,,,,,,,,,,,,,,,,Decking,,,,,,,,,,,,,,,,,,,,,,,,,,,,,,,,,,,,,,,,,,,,,,,,,,,,,,,,,,,,,,,,,,,,,,,,,,,,,,,,,,,,,,,,,,,,,,,,,,,,,,,,,,,,,,,,,,,,,,,,,,,,,,,,,,,,,,,,,,,,,,,,,,,,,,,,,,,,,,,,,,,,,,,,,,,,,,,,,,,,,,,,,,,,,,,,,,,,,
,,,,,,,Building Materials,Decking & Railing,Composite Decking,,543007416,7/8nx6-16' Whiskey Barrel Grooved - Trex Select 2.0 Decking,TREX,,,Boise Cascade Building Materials (BOICA),Boise Cascade Building Materials,TREX,,543007416,,Building Materials>Decking & Porch>Composite & PVC Decking,"Boise Cascade Building Materials, TREX, Decking, 543007416",7/8NX6-16' WHISKEY BARREL GROOVED - TREX SELECT 2.0 DECKING,TREX Decking 543007416,TREX Decking 543007416. High performance industrial and commercial grade decking designed for professional applications.,TREX Decking,,,,,,,,,,,,,,,,,,,,,,,,,,,Decking,,,,,,,,,,,,,,,,,,,,,,,,,,,,,,,,,,,,,,,,,,,,,,,,,,,,,,,,,,,,,,,,,,,,,,,,,,,,,,,,,,,,,,,,,,,,,,,,,,,,,,,,,,,,,,,,,,,,,,,,,,,,,,,,,,,,,,,,,,,,,,,,,,,,,,,,,,,,,,,,,,,,,,,,,,,,,,,,,,,,,,,,,,,,,,,,,,,,,
,,,,,,,Building Materials,Decking & Railing,Composite Decking,,543007420,7/8nx6-20' Whiskey Barrel Grooved - Trex Select 2.0 Decking,TREX,,,Boise Cascade Building Materials (BOICA),Boise Cascade Building Materials,TREX,,543007420,,Building Materials>Decking & Porch>Composite & PVC Decking,"Boise Cascade Building Materials, TREX, Decking, 543007420",7/8NX6-20' WHISKEY BARREL GROOVED - TREX SELECT 2.0 DECKING,TREX Decking 543007420,TREX Decking 543007420. High performance industrial and commercial grade decking designed for professional applications.,TREX Decking,,,,,,,,,,,,,,,,,,,,,,,,,,,Decking,,,,,,,,,,,,,,,,,,,,,,,,,,,,,,,,,,,,,,,,,,,,,,,,,,,,,,,,,,,,,,,,,,,,,,,,,,,,,,,,,,,,,,,,,,,,,,,,,,,,,,,,,,,,,,,,,,,,,,,,,,,,,,,,,,,,,,,,,,,,,,,,,,,,,,,,,,,,,,,,,,,,,,,,,,,,,,,,,,,,,,,,,,,,,,,,,,,,,
,,,,,,,Tools & Hardware,Abrasives,Sanding Belts & Discs,,ADR5117512CS,1x12-12' Coastline - Vintage Azek PVC Fascia,TIMBERTECH,,,Parksite (6151),Parksite,TIMBERTECH,,ADR5117512CS,,Tools & Hardware>Abrasives & Polishing>Sanding Belts & Discs,"Parksite, TIMBERTECH, 1x12-12' Coastline - Vintage Azek PVC Fascia, ADR5117512CS",1X12-12' COASTLINE - VINTAGE AZEK PVC FASCIA,TIMBERTECH 1x12-12' Coastline - Vintage Azek PVC Fascia ADR5117512CS,TIMBERTECH 1x12-12' Coastline - Vintage Azek PVC Fascia ADR5117512CS. High performance industrial and commercial grade 1x12-12' coastline - vintage azek pvc fascia designed for professional applications.,TIMBERTECH 1x12-12' Coastline - Vintage Azek PVC Fascia,,,,,,,,,,,,,,,,,,,,,,,,,,,,,,,,,,,,,,,,,,,,,,,,,,,,,,,,,,,,,,,,,,,,,,,,,,,,,,,,,,,,,,,,,,,,,,,,,,,,,,,,,,,,,,,,,,,,,,,,,,,,,,,,,,,,,,,,,,,,,,,,,,,,,,,,,,,,,,,,,,,,,,,,,,,,,,,,,,,,,,,,,,,,,,,,,,,,,,,,,,,,,,,,,,,,,,,,,,,,,,,,
,,,,,,,Building Materials,Decking & Railing,Railing Kits,,ADR5117512MH,1x12-12' Mahogany - Vintage Azek PVC Fascia,TIMBERTECH,,,Parksite (6151),Parksite,TIMBERTECH,,ADR5117512MH,,Building Materials>Decking & Porch>Railing Kits & Balusters,"Parksite, TIMBERTECH, 1x12-12' Mahogany - Vintage Azek PVC Fascia, ADR5117512MH",1X12-12' MAHOGANY - VINTAGE AZEK PVC FASCIA,TIMBERTECH 1x12-12' Mahogany - Vintage Azek PVC Fascia ADR5117512MH,TIMBERTECH 1x12-12' Mahogany - Vintage Azek PVC Fascia ADR5117512MH. High performance industrial and commercial grade 1x12-12' mahogany - vintage azek pvc fascia designed for professional applications.,TIMBERTECH 1x12-12' Mahogany - Vintage Azek PVC Fascia,,,,,,,,,,,,,,,,,,,,,,,,,,,,,,,,,,,,,,,,,,,,,,,,,,,,,,,,,,,,,,,,,,,,,,,,,,,,,,,,,,,,,,,,,,,,,,,,,,,,,,,,,,,,,,,,,,,,,,,,,,,,,,,,,,,,,,,,,,,,,,,,,,,,,,,,,,,,,,,,,,,,,,,,,,,,,,,,,,,,,,,,,,,,,,,,,,,,,,,,,,,,,,,,,,,,,,,,,,,,,,,,
,,,,,,,Building Materials,Decking & Railing,Railing Kits,,ADR5117512WT,1x12-12' Weathered Teak - Vintage Azek PVC Fascia,TIMBERTECH,,,Parksite (6151),Parksite,TIMBERTECH,,ADR5117512WT,,Building Materials>Decking & Porch>Railing Kits & Balusters,"Parksite, TIMBERTECH, 1x12-12' Weathered Teak - Vintage Azek PVC Fascia, ADR5117512WT",1X12-12' WEATHERED TEAK - VINTAGE AZEK PVC FASCIA,TIMBERTECH 1x12-12' Weathered Teak - Vintage Azek PVC Fascia ADR5117512WT,TIMBERTECH 1x12-12' Weathered Teak - Vintage Azek PVC Fascia ADR5117512WT. High performance industrial and commercial grade 1x12-12' weathered teak - vintage azek pvc fascia designed for professional applications.,TIMBERTECH 1x12-12' Weathered Teak - Vintage Azek PVC Fascia,,,,,,,,,,,,,,,,,,,,,,,,,,,,,,,,,,,,,,,,,,,,,,,,,,,,,,,,,,,,,,,,,,,,,,,,,,,,,,,,,,,,,,,,,,,,,,,,,,,,,,,,,,,,,,,,,,,,,,,,,,,,,,,,,,,,,,,,,,,,,,,,,,,,,,,,,,,,,,,,,,,,,,,,,,,,,,,,,,,,,,,,,,,,,,,,,,,,,,,,,,,,,,,,,,,,,,,,,,,,,,,,
,,,,,,,Building Materials,Decking & Railing,Railing Kits,,ADR5117512AW,1x12-12' American Walnut - Landmark Azek PVC Fascia,TIMBERTECH,,,Parksite (6151),Parksite,TIMBERTECH,,ADR5117512AW,,Building Materials>Decking & Porch>Railing Kits & Balusters,"Parksite, TIMBERTECH, 1x12-12' American Walnut - Landmark Azek PVC Fascia, ADR5117512AW",1X12-12' AMERICAN WALNUT - LANDMARK AZEK PVC FASCIA,TIMBERTECH 1x12-12' American Walnut - Landmark Azek PVC Fascia ADR5117512AW,TIMBERTECH 1x12-12' American Walnut - Landmark Azek PVC Fascia ADR5117512AW. High performance industrial and commercial grade 1x12-12' american walnut - landmark azek pvc fascia designed for professional applications.,TIMBERTECH 1x12-12' American Walnut - Landmark Azek PVC Fascia,,,,,,,,,,,,,,,,,,,,,,,,,,,,,,,,,,,,,,,,,,,,,,,,,,,,,,,,,,,,,,,,,,,,,,,,,,,,,,,,,,,,,,,,,,,,,,,,,,,,,,,,,,,,,,,,,,,,,,,,,,,,,,,,,,,,,,,,,,,,,,,,,,,,,,,,,,,,,,,,,,,,,,,,,,,,,,,,,,,,,,,,,,,,,,,,,,,,,,,,,,,,,,,,,,,,,,,,,,,,,,,,
,,,,,,,Building Materials,Decking & Railing,Railing Kits,,ADR5117512CG,1x12-12' Castle Gate - Landmark Azek PVC Fascia,TIMBERTECH,,,Parksite (6151),Parksite,TIMBERTECH,,ADR5117512CG,,Building Materials>Decking & Porch>Railing Kits & Balusters,"Parksite, TIMBERTECH, 1x12-12' Castle Gate - Landmark Azek PVC Fascia, ADR5117512CG",1X12-12' CASTLE GATE - LANDMARK AZEK PVC FASCIA,TIMBERTECH 1x12-12' Castle Gate - Landmark Azek PVC Fascia ADR5117512CG,TIMBERTECH 1x12-12' Castle Gate - Landmark Azek PVC Fascia ADR5117512CG. High performance industrial and commercial grade 1x12-12' castle gate - landmark azek pvc fascia designed for professional applications.,TIMBERTECH 1x12-12' Castle Gate - Landmark Azek PVC Fascia,,,,,,,,,,,,,,,,,,,,,,,,,,,,,,,,,,,,,,,,,,,,,,,,,,,,,,,,,,,,,,,,,,,,,,,,,,,,,,,,,,,,,,,,,,,,,,,,,,,,,,,,,,,,,,,,,,,,,,,,,,,,,,,,,,,,,,,,,,,,,,,,,,,,,,,,,,,,,,,,,,,,,,,,,,,,,,,,,,,,,,,,,,,,,,,,,,,,,,,,,,,,,,,,,,,,,,,,,,,,,,,,
,,,,,,,Tools & Hardware,Abrasives,Sanding Belts & Discs,,ADR5117512FW,1x12-12' French White Oak - Landmark Azek PVC Fascia,TIMBERTECH,,,Parksite (6151),Parksite,TIMBERTECH,,ADR5117512FW,,Tools & Hardware>Abrasives & Polishing>Sanding Belts & Discs,"Parksite, TIMBERTECH, 1x12-12' French White Oak - Landmark Azek PVC Fascia, ADR5117512FW",1X12-12' FRENCH WHITE OAK - LANDMARK AZEK PVC FASCIA,TIMBERTECH 1x12-12' French White Oak - Landmark Azek PVC Fascia ADR5117512FW,TIMBERTECH 1x12-12' French White Oak - Landmark Azek PVC Fascia ADR5117512FW. High performance industrial and commercial grade 1x12-12' french white oak - landmark azek pvc fascia designed for professional applications.,TIMBERTECH 1x12-12' French White Oak - Landmark Azek PVC Fascia,,,,,,,,,,,,,,,,,,,,,,,,,,,,,,,,,,,,,,,,,,,,,,,,,,,,,,,,,,,,,,,,,,,,,,,,,,,,,,,,,,,,,,,,,,,,,,,,,,,,,,,,,,,,,,,,,,,,,,,,,,,,,,,,,,,,,,,,,,,,,,,,,,,,,,,,,,,,,,,,,,,,,,,,,,,,,,,,,,,,,,,,,,,,,,,,,,,,,,,,,,,,,,,,,,,,,,,,,,,,,,,,
,,,,,,,Tools & Hardware,Abrasives,Sanding Belts & Discs,,1508395,1x8-12' Brownstone - Harvest Azek PVC Fascia,TIMBERTECH,,,Parksite (6151),Parksite,TIMBERTECH,,1508395,,Tools & Hardware>Abrasives & Polishing>Sanding Belts & Discs,"Parksite, TIMBERTECH, 1x8-12' Brownstone - Harvest Azek PVC Fascia, 1508395",1X8-12' BROWNSTONE - HARVEST AZEK PVC FASCIA,TIMBERTECH 1x8-12' Brownstone - Harvest Azek PVC Fascia 1508395,TIMBERTECH 1x8-12' Brownstone - Harvest Azek PVC Fascia 1508395. High performance industrial and commercial grade 1x8-12' brownstone - harvest azek pvc fascia designed for professional applications.,TIMBERTECH 1x8-12' Brownstone - Harvest Azek PVC Fascia,,,,,,,,,,,,,,,,,,,,,,,,,,,,,,,,,,,,,,,,,,,,,,,,,,,,,,,,,,,,,,,,,,,,,,,,,,,,,,,,,,,,,,,,,,,,,,,,,,,,,,,,,,,,,,,,,,,,,,,,,,,,,,,,,,,,,,,,,,,,,,,,,,,,,,,,,,,,,,,,,,,,,,,,,,,,,,,,,,,,,,,,,,,,,,,,,,,,,,,,,,,,,,,,,,,,,,,,,,,,,,,,
,,,,,,,Building Materials,Decking & Railing,Railing Kits,,1508396,1x8-12' Slate Gray - Harvest Azek PVC Fascia,TIMBERTECH,,,Parksite (6151),Parksite,TIMBERTECH,,1508396,,Building Materials>Decking & Porch>Railing Kits & Balusters,"Parksite, TIMBERTECH, 1x8-12' Slate Gray - Harvest Azek PVC Fascia, 1508396",1X8-12' SLATE GRAY - HARVEST AZEK PVC FASCIA,TIMBERTECH 1x8-12' Slate Gray - Harvest Azek PVC Fascia 1508396,TIMBERTECH 1x8-12' Slate Gray - Harvest Azek PVC Fascia 1508396. High performance industrial and commercial grade 1x8-12' slate gray - harvest azek pvc fascia designed for professional applications.,TIMBERTECH 1x8-12' Slate Gray - Harvest Azek PVC Fascia,,,,,,,,,,,,,,,,,,,,,,,,,,,,,,,,,,,,,,,,,,,,,,,,,,,,,,,,,,,,,,,,,,,,,,,,,,,,,,,,,,,,,,,,,,,,,,,,,,,,,,,,,,,,,,,,,,,,,,,,,,,,,,,,,,,,,,,,,,,,,,,,,,,,,,,,,,,,,,,,,,,,,,,,,,,,,,,,,,,,,,,,,,,,,,,,,,,,,,,,,,,,,,,,,,,,,,,,,,,,,,,,
,,,,,,,Building Materials,Decking & Railing,Railing Kits,,ADCR5117512BS,1x12-12' Brownstone - Harvest Azek PVC Fascia,TIMBERTECH,,,Parksite (6151),Parksite,TIMBERTECH,,ADCR5117512BS,,Building Materials>Decking & Porch>Railing Kits & Balusters,"Parksite, TIMBERTECH, 1x12-12' Brownstone - Harvest Azek PVC Fascia, ADCR5117512BS",1X12-12' BROWNSTONE - HARVEST AZEK PVC FASCIA,TIMBERTECH 1x12-12' Brownstone - Harvest Azek PVC Fascia ADCR5117512BS,TIMBERTECH 1x12-12' Brownstone - Harvest Azek PVC Fascia ADCR5117512BS. High performance industrial and commercial grade 1x12-12' brownstone - harvest azek pvc fascia designed for professional applications.,TIMBERTECH 1x12-12' Brownstone - Harvest Azek PVC Fascia,,,,,,,,,,,,,,,,,,,,,,,,,,,,,,,,,,,,,,,,,,,,,,,,,,,,,,,,,,,,,,,,,,,,,,,,,,,,,,,,,,,,,,,,,,,,,,,,,,,,,,,,,,,,,,,,,,,,,,,,,,,,,,,,,,,,,,,,,,,,,,,,,,,,,,,,,,,,,,,,,,,,,,,,,,,,,,,,,,,,,,,,,,,,,,,,,,,,,,,,,,,,,,,,,,,,,,,,,,,,,,,,
,,,,,,,Building Materials,Decking & Railing,Railing Kits,,ADCR5117512SG,1x12-12' Slate Gray - Harvest Azek PVC Fascia,TIMBERTECH,,,Parksite (6151),Parksite,TIMBERTECH,,ADCR5117512SG,,Building Materials>Decking & Porch>Railing Kits & Balusters,"Parksite, TIMBERTECH, 1x12-12' Slate Gray - Harvest Azek PVC Fascia, ADCR5117512SG",1X12-12' SLATE GRAY - HARVEST AZEK PVC FASCIA,TIMBERTECH 1x12-12' Slate Gray - Harvest Azek PVC Fascia ADCR5117512SG,TIMBERTECH 1x12-12' Slate Gray - Harvest Azek PVC Fascia ADCR5117512SG. High performance industrial and commercial grade 1x12-12' slate gray - harvest azek pvc fascia designed for professional applications.,TIMBERTECH 1x12-12' Slate Gray - Harvest Azek PVC Fascia,,,,,,,,,,,,,,,,,,,,,,,,,,,,,,,,,,,,,,,,,,,,,,,,,,,,,,,,,,,,,,,,,,,,,,,,,,,,,,,,,,,,,,,,,,,,,,,,,,,,,,,,,,,,,,,,,,,,,,,,,,,,,,,,,,,,,,,,,,,,,,,,,,,,,,,,,,,,,,,,,,,,,,,,,,,,,,,,,,,,,,,,,,,,,,,,,,,,,,,,,,,,,,,,,,,,,,,,,,,,,,,,
,,,,,,,Electrical,Fittings & Conduit,Cord Grips & Connectors,,543140908,1x8-12' Biscayne - Trex Lineage,TREX,,,U S Lumber (3073),U S Lumber,TREX,,543140908,,Electrical>Conduit & Fittings>Cord Grips & Connectors,"U S Lumber, TREX, 1x8-12' Biscayne - Trex Lineage, 543140908",1X8-12' BISCAYNE - TREX LINEAGE,TREX 1x8-12' Biscayne - Trex Lineage 543140908,TREX 1x8-12' Biscayne - Trex Lineage 543140908. High performance industrial and commercial grade 1x8-12' biscayne - trex lineage designed for professional applications.,TREX 1x8-12' Biscayne - Trex Lineage,,,,,,,,,,,,,,,,,,,,,,,,,,,,,,,,,,,,,,,,,,,,,,,,,,,,,,,,,,,,,,,,,,,,,,,,,,,,,,,,,,,,,,,,,,,,,,,,,,,,,,,,,,,,,,,,,,,,,,,,,,,,,,,,,,,,,,,,,,,,,,,,,,,,,,,,,,,,,,,,,,,,,,,,,,,,,,,,,,,,,,,,,,,,,,,,,,,,,,,,,,,,,,,,,,,,,,,,,,,,,,,,
,,,,,,,Electrical,Fittings & Conduit,Cord Grips & Connectors,,543142908,1x8-12' Carmel - Trex Lineage,TREX,,,U S Lumber (3073),U S Lumber,TREX,,543142908,,Electrical>Conduit & Fittings>Cord Grips & Connectors,"U S Lumber, TREX, 1x8-12' Carmel - Trex Lineage, 543142908",1X8-12' CARMEL - TREX LINEAGE,TREX 1x8-12' Carmel - Trex Lineage 543142908,TREX 1x8-12' Carmel - Trex Lineage 543142908. High performance industrial and commercial grade 1x8-12' carmel - trex lineage designed for professional applications.,TREX 1x8-12' Carmel - Trex Lineage,,,,,,,,,,,,,,,,,,,,,,,,,,,,,,,,,,,,,,,,,,,,,,,,,,,,,,,,,,,,,,,,,,,,,,,,,,,,,,,,,,,,,,,,,,,,,,,,,,,,,,,,,,,,,,,,,,,,,,,,,,,,,,,,,,,,,,,,,,,,,,,,,,,,,,,,,,,,,,,,,,,,,,,,,,,,,,,,,,,,,,,,,,,,,,,,,,,,,,,,,,,,,,,,,,,,,,,,,,,,,,,,
,,,,,,,Electrical,Fittings & Conduit,Cord Grips & Connectors,,543143908,1x8-12' Jasper - Trex Lineage,TREX,,,U S Lumber (3073),U S Lumber,TREX,,543143908,,Electrical>Conduit & Fittings>Cord Grips & Connectors,"U S Lumber, TREX, 1x8-12' Jasper - Trex Lineage, 543143908",1X8-12' JASPER - TREX LINEAGE,TREX 1x8-12' Jasper - Trex Lineage 543143908,TREX 1x8-12' Jasper - Trex Lineage 543143908. High performance industrial and commercial grade 1x8-12' jasper - trex lineage designed for professional applications.,TREX 1x8-12' Jasper - Trex Lineage,,,,,,,,,,,,,,,,,,,,,,,,,,,,,,,,,,,,,,,,,,,,,,,,,,,,,,,,,,,,,,,,,,,,,,,,,,,,,,,,,,,,,,,,,,,,,,,,,,,,,,,,,,,,,,,,,,,,,,,,,,,,,,,,,,,,,,,,,,,,,,,,,,,,,,,,,,,,,,,,,,,,,,,,,,,,,,,,,,,,,,,,,,,,,,,,,,,,,,,,,,,,,,,,,,,,,,,,,,,,,,,,
,,,,,,,Electrical,Fittings & Conduit,Cord Grips & Connectors,,543140912,1x12-12' Biscayne - Trex Lineage,TREX,,,U S Lumber (3073),U S Lumber,TREX,,543140912,,Electrical>Conduit & Fittings>Cord Grips & Connectors,"U S Lumber, TREX, 1x12-12' Biscayne - Trex Lineage, 543140912",1X12-12' BISCAYNE - TREX LINEAGE,TREX 1x12-12' Biscayne - Trex Lineage 543140912,TREX 1x12-12' Biscayne - Trex Lineage 543140912. High performance industrial and commercial grade 1x12-12' biscayne - trex lineage designed for professional applications.,TREX 1x12-12' Biscayne - Trex Lineage,,,,,,,,,,,,,,,,,,,,,,,,,,,,,,,,,,,,,,,,,,,,,,,,,,,,,,,,,,,,,,,,,,,,,,,,,,,,,,,,,,,,,,,,,,,,,,,,,,,,,,,,,,,,,,,,,,,,,,,,,,,,,,,,,,,,,,,,,,,,,,,,,,,,,,,,,,,,,,,,,,,,,,,,,,,,,,,,,,,,,,,,,,,,,,,,,,,,,,,,,,,,,,,,,,,,,,,,,,,,,,,,
,,,,,,,Building Materials,Decking & Railing,Railing Kits,,543142912,1x12-12' Carmel - Trex Lineage,TREX,,,U S Lumber (3073),U S Lumber,TREX,,543142912,,Building Materials>Decking & Porch>Railing Kits & Balusters,"U S Lumber, TREX, 1x12-12' Carmel - Trex Lineage, 543142912",1X12-12' CARMEL - TREX LINEAGE,TREX 1x12-12' Carmel - Trex Lineage 543142912,TREX 1x12-12' Carmel - Trex Lineage 543142912. High performance industrial and commercial grade 1x12-12' carmel - trex lineage designed for professional applications.,TREX 1x12-12' Carmel - Trex Lineage,,,,,,,,,,,,,,,,,,,,,,,,,,,,,,,,,,,,,,,,,,,,,,,,,,,,,,,,,,,,,,,,,,,,,,,,,,,,,,,,,,,,,,,,,,,,,,,,,,,,,,,,,,,,,,,,,,,,,,,,,,,,,,,,,,,,,,,,,,,,,,,,,,,,,,,,,,,,,,,,,,,,,,,,,,,,,,,,,,,,,,,,,,,,,,,,,,,,,,,,,,,,,,,,,,,,,,,,,,,,,,,,
,,,,,,,Building Materials,Decking & Railing,Railing Kits,,543143912,1x12-12' Jasper - Trex Lineage,TREX,,,U S Lumber (3073),U S Lumber,TREX,,543143912,,Building Materials>Decking & Porch>Railing Kits & Balusters,"U S Lumber, TREX, 1x12-12' Jasper - Trex Lineage, 543143912",1X12-12' JASPER - TREX LINEAGE,TREX 1x12-12' Jasper - Trex Lineage 543143912,TREX 1x12-12' Jasper - Trex Lineage 543143912. High performance industrial and commercial grade 1x12-12' jasper - trex lineage designed for professional applications.,TREX 1x12-12' Jasper - Trex Lineage,,,,,,,,,,,,,,,,,,,,,,,,,,,,,,,,,,,,,,,,,,,,,,,,,,,,,,,,,,,,,,,,,,,,,,,,,,,,,,,,,,,,,,,,,,,,,,,,,,,,,,,,,,,,,,,,,,,,,,,,,,,,,,,,,,,,,,,,,,,,,,,,,,,,,,,,,,,,,,,,,,,,,,,,,,,,,,,,,,,,,,,,,,,,,,,,,,,,,,,,,,,,,,,,,,,,,,,,,,,,,,,,
,,,,,,,Electrical,Fittings & Conduit,Cord Grips & Connectors,,1513715,1x12-12' Hatteras - Trex Lineage,TREX,,,Boise Cascade Building Materials (BOICA),Boise Cascade Building Materials,TREX,,1513715,,Electrical>Conduit & Fittings>Cord Grips & Connectors,"Boise Cascade Building Materials, TREX, 1x12-12' Hatteras - Trex Lineage, 1513715",1X12-12' HATTERAS - TREX LINEAGE,TREX 1x12-12' Hatteras - Trex Lineage 1513715,TREX 1x12-12' Hatteras - Trex Lineage 1513715. High performance industrial and commercial grade 1x12-12' hatteras - trex lineage designed for professional applications.,TREX 1x12-12' Hatteras - Trex Lineage,,,,,,,,,,,,,,,,,,,,,,,,,,,,,,,,,,,,,,,,,,,,,,,,,,,,,,,,,,,,,,,,,,,,,,,,,,,,,,,,,,,,,,,,,,,,,,,,,,,,,,,,,,,,,,,,,,,,,,,,,,,,,,,,,,,,,,,,,,,,,,,,,,,,,,,,,,,,,,,,,,,,,,,,,,,,,,,,,,,,,,,,,,,,,,,,,,,,,,,,,,,,,,,,,,,,,,,,,,,,,,,,
,,,,,,,Building Materials,Decking & Railing,Railing Kits,,1513716,1x12-12' Salt Flat - Trex Lineage,TREX,,,Boise Cascade Building Materials (BOICA),Boise Cascade Building Materials,TREX,,1513716,,Building Materials>Decking & Porch>Railing Kits & Balusters,"Boise Cascade Building Materials, TREX, 1x12-12' Salt Flat - Trex Lineage, 1513716",1X12-12' SALT FLAT - TREX LINEAGE,TREX 1x12-12' Salt Flat - Trex Lineage 1513716,TREX 1x12-12' Salt Flat - Trex Lineage 1513716. High performance industrial and commercial grade 1x12-12' salt flat - trex lineage designed for professional applications.,TREX 1x12-12' Salt Flat - Trex Lineage,,,,,,,,,,,,,,,,,,,,,,,,,,,,,,,,,,,,,,,,,,,,,,,,,,,,,,,,,,,,,,,,,,,,,,,,,,,,,,,,,,,,,,,,,,,,,,,,,,,,,,,,,,,,,,,,,,,,,,,,,,,,,,,,,,,,,,,,,,,,,,,,,,,,,,,,,,,,,,,,,,,,,,,,,,,,,,,,,,,,,,,,,,,,,,,,,,,,,,,,,,,,,,,,,,,,,,,,,,,,,,,,
,,,,,,,Building Materials,Decking & Railing,Railing Kits,,1513722,1x8-12' Honey Grove - Trex Enhance Naturals Fascia,TREX,,,Boise Cascade Building Materials (BOICA),Boise Cascade Building Materials,TREX,,1513722,,Building Materials>Decking & Porch>Railing Kits & Balusters,"Boise Cascade Building Materials, TREX, 1x8-12' Honey Grove - Trex Enhance Naturals Fascia, 1513722",1X8-12' HONEY GROVE - TREX ENHANCE NATURALS FASCIA,TREX 1x8-12' Honey Grove - Trex Enhance Naturals Fascia 1513722,TREX 1x8-12' Honey Grove - Trex Enhance Naturals Fascia 1513722. High performance industrial and commercial grade 1x8-12' honey grove - trex enhance naturals fascia designed for professional applications.,TREX 1x8-12' Honey Grove - Trex Enhance Naturals Fascia,,,,,,,,,,,,,,,,,,,,,,,,,,,,,,,,,,,,,,,,,,,,,,,,,,,,,,,,,,,,,,,,,,,,,,,,,,,,,,,,,,,,,,,,,,,,,,,,,,,,,,,,,,,,,,,,,,,,,,,,,,,,,,,,,,,,,,,,,,,,,,,,,,,,,,,,,,,,,,,,,,,,,,,,,,,,,,,,,,,,,,,,,,,,,,,,,,,,,,,,,,,,,,,,,,,,,,,,,,,,,,,,
,,,,,,,Building Materials,Decking & Railing,Railing Kits,,1513723,1x12-12' Honey Grove - Trex Enhance Naturals Fascia,TREX,,,Boise Cascade Building Materials (BOICA),Boise Cascade Building Materials,TREX,,1513723,,Building Materials>Decking & Porch>Railing Kits & Balusters,"Boise Cascade Building Materials, TREX, 1x12-12' Honey Grove - Trex Enhance Naturals Fascia, 1513723",1X12-12' HONEY GROVE - TREX ENHANCE NATURALS FASCIA,TREX 1x12-12' Honey Grove - Trex Enhance Naturals Fascia 1513723,TREX 1x12-12' Honey Grove - Trex Enhance Naturals Fascia 1513723. High performance industrial and commercial grade 1x12-12' honey grove - trex enhance naturals fascia designed for professional applications.,TREX 1x12-12' Honey Grove - Trex Enhance Naturals Fascia,,,,,,,,,,,,,,,,,,,,,,,,,,,,,,,,,,,,,,,,,,,,,,,,,,,,,,,,,,,,,,,,,,,,,,,,,,,,,,,,,,,,,,,,,,,,,,,,,,,,,,,,,,,,,,,,,,,,,,,,,,,,,,,,,,,,,,,,,,,,,,,,,,,,,,,,,,,,,,,,,,,,,,,,,,,,,,,,,,,,,,,,,,,,,,,,,,,,,,,,,,,,,,,,,,,,,,,,,,,,,,,,
,,,,,,,Tools & Hardware,Abrasives,Sanding Belts & Discs,,1513729,1x8-12' Tide Pool - Trex Enhance Basics Fascia,TREX,,,Boise Cascade Building Materials (BOICA),Boise Cascade Building Materials,TREX,,1513729,,Tools & Hardware>Abrasives & Polishing>Sanding Belts & Discs,"Boise Cascade Building Materials, TREX, 1x8-12' Tide Pool - Trex Enhance Basics Fascia, 1513729",1X8-12' TIDE POOL - TREX ENHANCE BASICS FASCIA,TREX 1x8-12' Tide Pool - Trex Enhance Basics Fascia 1513729,TREX 1x8-12' Tide Pool - Trex Enhance Basics Fascia 1513729. High performance industrial and commercial grade 1x8-12' tide pool - trex enhance basics fascia designed for professional applications.,TREX 1x8-12' Tide Pool - Trex Enhance Basics Fascia,,,,,,,,,,,,,,,,,,,,,,,,,,,,,,,,,,,,,,,,,,,,,,,,,,,,,,,,,,,,,,,,,,,,,,,,,,,,,,,,,,,,,,,,,,,,,,,,,,,,,,,,,,,,,,,,,,,,,,,,,,,,,,,,,,,,,,,,,,,,,,,,,,,,,,,,,,,,,,,,,,,,,,,,,,,,,,,,,,,,,,,,,,,,,,,,,,,,,,,,,,,,,,,,,,,,,,,,,,,,,,,,
,,,,,,,Tools & Hardware,Abrasives,Sanding Belts & Discs,,1513730,1x12-12' Tide Pool - Trex Enhance Basics Fascia,TREX,,,Boise Cascade Building Materials (BOICA),Boise Cascade Building Materials,TREX,,1513730,,Tools & Hardware>Abrasives & Polishing>Sanding Belts & Discs,"Boise Cascade Building Materials, TREX, 1x12-12' Tide Pool - Trex Enhance Basics Fascia, 1513730",1X12-12' TIDE POOL - TREX ENHANCE BASICS FASCIA,TREX 1x12-12' Tide Pool - Trex Enhance Basics Fascia 1513730,TREX 1x12-12' Tide Pool - Trex Enhance Basics Fascia 1513730. High performance industrial and commercial grade 1x12-12' tide pool - trex enhance basics fascia designed for professional applications.,TREX 1x12-12' Tide Pool - Trex Enhance Basics Fascia,,,,,,,,,,,,,,,,,,,,,,,,,,,,,,,,,,,,,,,,,,,,,,,,,,,,,,,,,,,,,,,,,,,,,,,,,,,,,,,,,,,,,,,,,,,,,,,,,,,,,,,,,,,,,,,,,,,,,,,,,,,,,,,,,,,,,,,,,,,,,,,,,,,,,,,,,,,,,,,,,,,,,,,,,,,,,,,,,,,,,,,,,,,,,,,,,,,,,,,,,,,,,,,,,,,,,,,,,,,,,,,,
,,,,,,,Building Materials,Decking & Railing,Railing Kits,,543076916,1x8-12' Cinnamon Cove - Trex Enhance Naturals Fascia,TREX,,,Boise Cascade Building Materials (BOICA),Boise Cascade Building Materials,TREX,,543076916,,Building Materials>Decking & Porch>Railing Kits & Balusters,"Boise Cascade Building Materials, TREX, 1x8-12' Cinnamon Cove - Trex Enhance Naturals Fascia, 543076916",1X8-12' CINNAMON COVE - TREX ENHANCE NATURALS FASCIA,TREX 1x8-12' Cinnamon Cove - Trex Enhance Naturals Fascia 543076916,TREX 1x8-12' Cinnamon Cove - Trex Enhance Naturals Fascia 543076916. High performance industrial and commercial grade 1x8-12' cinnamon cove - trex enhance naturals fascia designed for professional applications.,TREX 1x8-12' Cinnamon Cove - Trex Enhance Naturals Fascia,,,,,,,,,,,,,,,,,,,,,,,,,,,,,,,,,,,,,,,,,,,,,,,,,,,,,,,,,,,,,,,,,,,,,,,,,,,,,,,,,,,,,,,,,,,,,,,,,,,,,,,,,,,,,,,,,,,,,,,,,,,,,,,,,,,,,,,,,,,,,,,,,,,,,,,,,,,,,,,,,,,,,,,,,,,,,,,,,,,,,,,,,,,,,,,,,,,,,,,,,,,,,,,,,,,,,,,,,,,,,,,,
,,,,,,,Building Materials,Decking & Railing,Railing Kits,,1516876,1x8-12' Golden Hour - Trex Enhance Naturals Fascia,TREX,,,Boise Cascade Building Materials (BOICA),Boise Cascade Building Materials,TREX,,1516876,,Building Materials>Decking & Porch>Railing Kits & Balusters,"Boise Cascade Building Materials, TREX, 1x8-12' Golden Hour - Trex Enhance Naturals Fascia, 1516876",1X8-12' GOLDEN HOUR - TREX ENHANCE NATURALS FASCIA,TREX 1x8-12' Golden Hour - Trex Enhance Naturals Fascia 1516876,TREX 1x8-12' Golden Hour - Trex Enhance Naturals Fascia 1516876. High performance industrial and commercial grade 1x8-12' golden hour - trex enhance naturals fascia designed for professional applications.,TREX 1x8-12' Golden Hour - Trex Enhance Naturals Fascia,,,,,,,,,,,,,,,,,,,,,,,,,,,,,,,,,,,,,,,,,,,,,,,,,,,,,,,,,,,,,,,,,,,,,,,,,,,,,,,,,,,,,,,,,,,,,,,,,,,,,,,,,,,,,,,,,,,,,,,,,,,,,,,,,,,,,,,,,,,,,,,,,,,,,,,,,,,,,,,,,,,,,,,,,,,,,,,,,,,,,,,,,,,,,,,,,,,,,,,,,,,,,,,,,,,,,,,,,,,,,,,,
,,,,,,,Building Materials,Decking & Railing,Railing Kits,,543076936,1x12-12' Cinnamon Cove - Trex Enhance Naturals Fascia,TREX,,,Boise Cascade Building Materials (BOICA),Boise Cascade Building Materials,TREX,,543076936,,Building Materials>Decking & Porch>Railing Kits & Balusters,"Boise Cascade Building Materials, TREX, 1x12-12' Cinnamon Cove - Trex Enhance Naturals Fascia, 543076936",1X12-12' CINNAMON COVE - TREX ENHANCE NATURALS FASCIA,TREX 1x12-12' Cinnamon Cove - Trex Enhance Naturals Fascia 543076936,TREX 1x12-12' Cinnamon Cove - Trex Enhance Naturals Fascia 543076936. High performance industrial and commercial grade 1x12-12' cinnamon cove - trex enhance naturals fascia designed for professional applications.,TREX 1x12-12' Cinnamon Cove - Trex Enhance Naturals Fascia,,,,,,,,,,,,,,,,,,,,,,,,,,,,,,,,,,,,,,,,,,,,,,,,,,,,,,,,,,,,,,,,,,,,,,,,,,,,,,,,,,,,,,,,,,,,,,,,,,,,,,,,,,,,,,,,,,,,,,,,,,,,,,,,,,,,,,,,,,,,,,,,,,,,,,,,,,,,,,,,,,,,,,,,,,,,,,,,,,,,,,,,,,,,,,,,,,,,,,,,,,,,,,,,,,,,,,,,,,,,,,,,
,,,,,,,Building Materials,Decking & Railing,Railing Kits,,1516878,1x12-12' Golden Hour - Trex Enhance Naturals Fascia,TREX,,,Boise Cascade Building Materials (BOICA),Boise Cascade Building Materials,TREX,,1516878,,Building Materials>Decking & Porch>Railing Kits & Balusters,"Boise Cascade Building Materials, TREX, 1x12-12' Golden Hour - Trex Enhance Naturals Fascia, 1516878",1X12-12' GOLDEN HOUR - TREX ENHANCE NATURALS FASCIA,TREX 1x12-12' Golden Hour - Trex Enhance Naturals Fascia 1516878,TREX 1x12-12' Golden Hour - Trex Enhance Naturals Fascia 1516878. High performance industrial and commercial grade 1x12-12' golden hour - trex enhance naturals fascia designed for professional applications.,TREX 1x12-12' Golden Hour - Trex Enhance Naturals Fascia,,,,,,,,,,,,,,,,,,,,,,,,,,,,,,,,,,,,,,,,,,,,,,,,,,,,,,,,,,,,,,,,,,,,,,,,,,,,,,,,,,,,,,,,,,,,,,,,,,,,,,,,,,,,,,,,,,,,,,,,,,,,,,,,,,,,,,,,,,,,,,,,,,,,,,,,,,,,,,,,,,,,,,,,,,,,,,,,,,,,,,,,,,,,,,,,,,,,,,,,,,,,,,,,,,,,,,,,,,,,,,,,
,,,,,,,Building Materials,Decking & Railing,Railing Kits,,1516884,1x8-12' Pebble Beach - Trex Enhance Basics Fascia,TREX,,,Boise Cascade Building Materials (BOICA),Boise Cascade Building Materials,TREX,,1516884,,Building Materials>Decking & Porch>Railing Kits & Balusters,"Boise Cascade Building Materials, TREX, 1x8-12' Pebble Beach - Trex Enhance Basics Fascia, 1516884",1X8-12' PEBBLE BEACH - TREX ENHANCE BASICS FASCIA,TREX 1x8-12' Pebble Beach - Trex Enhance Basics Fascia 1516884,TREX 1x8-12' Pebble Beach - Trex Enhance Basics Fascia 1516884. High performance industrial and commercial grade 1x8-12' pebble beach - trex enhance basics fascia designed for professional applications.,TREX 1x8-12' Pebble Beach - Trex Enhance Basics Fascia,,,,,,,,,,,,,,,,,,,,,,,,,,,,,,,,,,,,,,,,,,,,,,,,,,,,,,,,,,,,,,,,,,,,,,,,,,,,,,,,,,,,,,,,,,,,,,,,,,,,,,,,,,,,,,,,,,,,,,,,,,,,,,,,,,,,,,,,,,,,,,,,,,,,,,,,,,,,,,,,,,,,,,,,,,,,,,,,,,,,,,,,,,,,,,,,,,,,,,,,,,,,,,,,,,,,,,,,,,,,,,,,
,,,,,,,Building Materials,Decking & Railing,Railing Kits,,1516885,1x12-12' Pebble Beach - Trex Enhance Basics Fascia,TREX,,,Boise Cascade Building Materials (BOICA),Boise Cascade Building Materials,TREX,,1516885,,Building Materials>Decking & Porch>Railing Kits & Balusters,"Boise Cascade Building Materials, TREX, 1x12-12' Pebble Beach - Trex Enhance Basics Fascia, 1516885",1X12-12' PEBBLE BEACH - TREX ENHANCE BASICS FASCIA,TREX 1x12-12' Pebble Beach - Trex Enhance Basics Fascia 1516885,TREX 1x12-12' Pebble Beach - Trex Enhance Basics Fascia 1516885. High performance industrial and commercial grade 1x12-12' pebble beach - trex enhance basics fascia designed for professional applications.,TREX 1x12-12' Pebble Beach - Trex Enhance Basics Fascia,,,,,,,,,,,,,,,,,,,,,,,,,,,,,,,,,,,,,,,,,,,,,,,,,,,,,,,,,,,,,,,,,,,,,,,,,,,,,,,,,,,,,,,,,,,,,,,,,,,,,,,,,,,,,,,,,,,,,,,,,,,,,,,,,,,,,,,,,,,,,,,,,,,,,,,,,,,,,,,,,,,,,,,,,,,,,,,,,,,,,,,,,,,,,,,,,,,,,,,,,,,,,,,,,,,,,,,,,,,,,,,,
,,,,,,,Building Materials,Decking & Railing,Railing Kits,,543005916,1x8-12' Malted Barley - Trex Select 2.0 Fascia,TREX,,,Boise Cascade Building Materials (BOICA),Boise Cascade Building Materials,TREX,,543005916,,Building Materials>Decking & Porch>Railing Kits & Balusters,"Boise Cascade Building Materials, TREX, 1x8-12' Malted Barley - Trex Select 2.0 Fascia, 543005916",1X8-12' MALTED BARLEY - TREX SELECT 2.0 FASCIA,TREX 1x8-12' Malted Barley - Trex Select 2.0 Fascia 543005916,TREX 1x8-12' Malted Barley - Trex Select 2.0 Fascia 543005916. High performance industrial and commercial grade 1x8-12' malted barley - trex select 2.0 fascia designed for professional applications.,TREX 1x8-12' Malted Barley - Trex Select 2.0 Fascia,,,,,,,,,,,,,,,,,,,,,,,,,,,,,,,,,,,,,,,,,,,,,,,,,,,,,,,,,,,,,,,,,,,,,,,,,,,,,,,,,,,,,,,,,,,,,,,,,,,,,,,,,,,,,,,,,,,,,,,,,,,,,,,,,,,,,,,,,,,,,,,,,,,,,,,,,,,,,,,,,,,,,,,,,,,,,,,,,,,,,,,,,,,,,,,,,,,,,,,,,,,,,,,,,,,,,,,,,,,,,,,,
,,,,,,,Tools & Hardware,Abrasives,Sanding Belts & Discs,,1516902,1x8-12' Millstone - Trex Select 2.0 Fascia,TREX,,,Boise Cascade Building Materials (BOICA),Boise Cascade Building Materials,TREX,,1516902,,Tools & Hardware>Abrasives & Polishing>Sanding Belts & Discs,"Boise Cascade Building Materials, TREX, 1x8-12' Millstone - Trex Select 2.0 Fascia, 1516902",1X8-12' MILLSTONE - TREX SELECT 2.0 FASCIA,TREX 1x8-12' Millstone - Trex Select 2.0 Fascia 1516902,TREX 1x8-12' Millstone - Trex Select 2.0 Fascia 1516902. High performance industrial and commercial grade 1x8-12' millstone - trex select 2.0 fascia designed for professional applications.,TREX 1x8-12' Millstone - Trex Select 2.0 Fascia,,,,,,,,,,,,,,,,,,,,,,,,,,,,,,,,,,,,,,,,,,,,,,,,,,,,,,,,,,,,,,,,,,,,,,,,,,,,,,,,,,,,,,,,,,,,,,,,,,,,,,,,,,,,,,,,,,,,,,,,,,,,,,,,,,,,,,,,,,,,,,,,,,,,,,,,,,,,,,,,,,,,,,,,,,,,,,,,,,,,,,,,,,,,,,,,,,,,,,,,,,,,,,,,,,,,,,,,,,,,,,,,
,,,,,,,Building Materials,Decking & Railing,Railing Kits,,543007916,1x8-12' Whiskey Barrel - Trex Select 2.0 Fascia,TREX,,,Boise Cascade Building Materials (BOICA),Boise Cascade Building Materials,TREX,,543007916,,Building Materials>Decking & Porch>Railing Kits & Balusters,"Boise Cascade Building Materials, TREX, 1x8-12' Whiskey Barrel - Trex Select 2.0 Fascia, 543007916",1X8-12' WHISKEY BARREL - TREX SELECT 2.0 FASCIA,TREX 1x8-12' Whiskey Barrel - Trex Select 2.0 Fascia 543007916,TREX 1x8-12' Whiskey Barrel - Trex Select 2.0 Fascia 543007916. High performance industrial and commercial grade 1x8-12' whiskey barrel - trex select 2.0 fascia designed for professional applications.,TREX 1x8-12' Whiskey Barrel - Trex Select 2.0 Fascia,,,,,,,,,,,,,,,,,,,,,,,,,,,,,,,,,,,,,,,,,,,,,,,,,,,,,,,,,,,,,,,,,,,,,,,,,,,,,,,,,,,,,,,,,,,,,,,,,,,,,,,,,,,,,,,,,,,,,,,,,,,,,,,,,,,,,,,,,,,,,,,,,,,,,,,,,,,,,,,,,,,,,,,,,,,,,,,,,,,,,,,,,,,,,,,,,,,,,,,,,,,,,,,,,,,,,,,,,,,,,,,,
,,,,,,,Building Materials,Decking & Railing,Railing Kits,,543005936,1x12-12' Malted Barley - Trex Select 2.0 Fascia,TREX,,,Boise Cascade Building Materials (BOICA),Boise Cascade Building Materials,TREX,,543005936,,Building Materials>Decking & Porch>Railing Kits & Balusters,"Boise Cascade Building Materials, TREX, 1x12-12' Malted Barley - Trex Select 2.0 Fascia, 543005936",1X12-12' MALTED BARLEY - TREX SELECT 2.0 FASCIA,TREX 1x12-12' Malted Barley - Trex Select 2.0 Fascia 543005936,TREX 1x12-12' Malted Barley - Trex Select 2.0 Fascia 543005936. High performance industrial and commercial grade 1x12-12' malted barley - trex select 2.0 fascia designed for professional applications.,TREX 1x12-12' Malted Barley - Trex Select 2.0 Fascia,,,,,,,,,,,,,,,,,,,,,,,,,,,,,,,,,,,,,,,,,,,,,,,,,,,,,,,,,,,,,,,,,,,,,,,,,,,,,,,,,,,,,,,,,,,,,,,,,,,,,,,,,,,,,,,,,,,,,,,,,,,,,,,,,,,,,,,,,,,,,,,,,,,,,,,,,,,,,,,,,,,,,,,,,,,,,,,,,,,,,,,,,,,,,,,,,,,,,,,,,,,,,,,,,,,,,,,,,,,,,,,,
,,,,,,,Tools & Hardware,Abrasives,Sanding Belts & Discs,,1516905,1x12-12' Millstone - Trex Select 2.0 Fascia,TREX,,,Boise Cascade Building Materials (BOICA),Boise Cascade Building Materials,TREX,,1516905,,Tools & Hardware>Abrasives & Polishing>Sanding Belts & Discs,"Boise Cascade Building Materials, TREX, 1x12-12' Millstone - Trex Select 2.0 Fascia, 1516905",1X12-12' MILLSTONE - TREX SELECT 2.0 FASCIA,TREX 1x12-12' Millstone - Trex Select 2.0 Fascia 1516905,TREX 1x12-12' Millstone - Trex Select 2.0 Fascia 1516905. High performance industrial and commercial grade 1x12-12' millstone - trex select 2.0 fascia designed for professional applications.,TREX 1x12-12' Millstone - Trex Select 2.0 Fascia,,,,,,,,,,,,,,,,,,,,,,,,,,,,,,,,,,,,,,,,,,,,,,,,,,,,,,,,,,,,,,,,,,,,,,,,,,,,,,,,,,,,,,,,,,,,,,,,,,,,,,,,,,,,,,,,,,,,,,,,,,,,,,,,,,,,,,,,,,,,,,,,,,,,,,,,,,,,,,,,,,,,,,,,,,,,,,,,,,,,,,,,,,,,,,,,,,,,,,,,,,,,,,,,,,,,,,,,,,,,,,,,
,,,,,,,Building Materials,Decking & Railing,Railing Kits,,543007936,1x12-12' Whiskey Barrel - Trex Select 2.0 Fascia,TREX,,,Boise Cascade Building Materials (BOICA),Boise Cascade Building Materials,TREX,,543007936,,Building Materials>Decking & Porch>Railing Kits & Balusters,"Boise Cascade Building Materials, TREX, 1x12-12' Whiskey Barrel - Trex Select 2.0 Fascia, 543007936",1X12-12' WHISKEY BARREL - TREX SELECT 2.0 FASCIA,TREX 1x12-12' Whiskey Barrel - Trex Select 2.0 Fascia 543007936,TREX 1x12-12' Whiskey Barrel - Trex Select 2.0 Fascia 543007936. High performance industrial and commercial grade 1x12-12' whiskey barrel - trex select 2.0 fascia designed for professional applications.,TREX 1x12-12' Whiskey Barrel - Trex Select 2.0 Fascia,,,,,,,,,,,,,,,,,,,,,,,,,,,,,,,,,,,,,,,,,,,,,,,,,,,,,,,,,,,,,,,,,,,,,,,,,,,,,,,,,,,,,,,,,,,,,,,,,,,,,,,,,,,,,,,,,,,,,,,,,,,,,,,,,,,,,,,,,,,,,,,,,,,,,,,,,,,,,,,,,,,,,,,,,,,,,,,,,,,,,,,,,,,,,,,,,,,,,,,,,,,,,,,,,,,,,,,,,,,,,,,,
,,,,,,,Building Materials,Decking & Railing,Railing Kits,,543144908,1x8-12' Island Mist - Trex Lineage,TREX,,,U S Lumber (3073),U S Lumber,TREX,,543144908,,Building Materials>Decking & Porch>Railing Kits & Balusters,"U S Lumber, TREX, 1x8-12' Island Mist - Trex Lineage, 543144908",1X8-12' ISLAND MIST - TREX LINEAGE,TREX 1x8-12' Island Mist - Trex Lineage 543144908,TREX 1x8-12' Island Mist - Trex Lineage 543144908. High performance industrial and commercial grade 1x8-12' island mist - trex lineage designed for professional applications.,TREX 1x8-12' Island Mist - Trex Lineage,,,,,,,,,,,,,,,,,,,,,,,,,,,,,,,,,,,,,,,,,,,,,,,,,,,,,,,,,,,,,,,,,,,,,,,,,,,,,,,,,,,,,,,,,,,,,,,,,,,,,,,,,,,,,,,,,,,,,,,,,,,,,,,,,,,,,,,,,,,,,,,,,,,,,,,,,,,,,,,,,,,,,,,,,,,,,,,,,,,,,,,,,,,,,,,,,,,,,,,,,,,,,,,,,,,,,,,,,,,,,,,,
,,,,,,,Electrical,Fittings & Conduit,Cord Grips & Connectors,,543141908,1x8-12' Rainier - Trex Lineage,TREX,,,U S Lumber (3073),U S Lumber,TREX,,543141908,,Electrical>Conduit & Fittings>Cord Grips & Connectors,"U S Lumber, TREX, 1x8-12' Rainier - Trex Lineage, 543141908",1X8-12' RAINIER - TREX LINEAGE,TREX 1x8-12' Rainier - Trex Lineage 543141908,TREX 1x8-12' Rainier - Trex Lineage 543141908. High performance industrial and commercial grade 1x8-12' rainier - trex lineage designed for professional applications.,TREX 1x8-12' Rainier - Trex Lineage,,,,,,,,,,,,,,,,,,,,,,,,,,,,,,,,,,,,,,,,,,,,,,,,,,,,,,,,,,,,,,,,,,,,,,,,,,,,,,,,,,,,,,,,,,,,,,,,,,,,,,,,,,,,,,,,,,,,,,,,,,,,,,,,,,,,,,,,,,,,,,,,,,,,,,,,,,,,,,,,,,,,,,,,,,,,,,,,,,,,,,,,,,,,,,,,,,,,,,,,,,,,,,,,,,,,,,,,,,,,,,,,
,,,,,,,Building Materials,Decking & Railing,Railing Kits,,543144912,1x12-12' Island Mist - Trex Lineage,TREX,,,U S Lumber (3073),U S Lumber,TREX,,543144912,,Building Materials>Decking & Porch>Railing Kits & Balusters,"U S Lumber, TREX, 1x12-12' Island Mist - Trex Lineage, 543144912",1X12-12' ISLAND MIST - TREX LINEAGE,TREX 1x12-12' Island Mist - Trex Lineage 543144912,TREX 1x12-12' Island Mist - Trex Lineage 543144912. High performance industrial and commercial grade 1x12-12' island mist - trex lineage designed for professional applications.,TREX 1x12-12' Island Mist - Trex Lineage,,,,,,,,,,,,,,,,,,,,,,,,,,,,,,,,,,,,,,,,,,,,,,,,,,,,,,,,,,,,,,,,,,,,,,,,,,,,,,,,,,,,,,,,,,,,,,,,,,,,,,,,,,,,,,,,,,,,,,,,,,,,,,,,,,,,,,,,,,,,,,,,,,,,,,,,,,,,,,,,,,,,,,,,,,,,,,,,,,,,,,,,,,,,,,,,,,,,,,,,,,,,,,,,,,,,,,,,,,,,,,,,
,,,,,,,Building Materials,Decking & Railing,Railing Kits,,543141912,1x12-12' Rainier - Trex Lineage,TREX,,,U S Lumber (3073),U S Lumber,TREX,,543141912,,Building Materials>Decking & Porch>Railing Kits & Balusters,"U S Lumber, TREX, 1x12-12' Rainier - Trex Lineage, 543141912",1X12-12' RAINIER - TREX LINEAGE,TREX 1x12-12' Rainier - Trex Lineage 543141912,TREX 1x12-12' Rainier - Trex Lineage 543141912. High performance industrial and commercial grade 1x12-12' rainier - trex lineage designed for professional applications.,TREX 1x12-12' Rainier - Trex Lineage,,,,,,,,,,,,,,,,,,,,,,,,,,,,,,,,,,,,,,,,,,,,,,,,,,,,,,,,,,,,,,,,,,,,,,,,,,,,,,,,,,,,,,,,,,,,,,,,,,,,,,,,,,,,,,,,,,,,,,,,,,,,,,,,,,,,,,,,,,,,,,,,,,,,,,,,,,,,,,,,,,,,,,,,,,,,,,,,,,,,,,,,,,,,,,,,,,,,,,,,,,,,,,,,,,,,,,,,,,,,,,,,
,,,,,,,Electrical,Fittings & Conduit,Cord Grips & Connectors,,1513713,1x8-12' Hatteras - Trex Lineage,TREX,,,Boise Cascade Building Materials (BOICA),Boise Cascade Building Materials,TREX,,1513713,,Electrical>Conduit & Fittings>Cord Grips & Connectors,"Boise Cascade Building Materials, TREX, 1x8-12' Hatteras - Trex Lineage, 1513713",1X8-12' HATTERAS - TREX LINEAGE,TREX 1x8-12' Hatteras - Trex Lineage 1513713,TREX 1x8-12' Hatteras - Trex Lineage 1513713. High performance industrial and commercial grade 1x8-12' hatteras - trex lineage designed for professional applications.,TREX 1x8-12' Hatteras - Trex Lineage,,,,,,,,,,,,,,,,,,,,,,,,,,,,,,,,,,,,,,,,,,,,,,,,,,,,,,,,,,,,,,,,,,,,,,,,,,,,,,,,,,,,,,,,,,,,,,,,,,,,,,,,,,,,,,,,,,,,,,,,,,,,,,,,,,,,,,,,,,,,,,,,,,,,,,,,,,,,,,,,,,,,,,,,,,,,,,,,,,,,,,,,,,,,,,,,,,,,,,,,,,,,,,,,,,,,,,,,,,,,,,,,
,,,,,,,Electrical,Fittings & Conduit,Cord Grips & Connectors,,1513714,1x8-12' Salt Flat - Trex Lineage,TREX,,,Boise Cascade Building Materials (BOICA),Boise Cascade Building Materials,TREX,,1513714,,Electrical>Conduit & Fittings>Cord Grips & Connectors,"Boise Cascade Building Materials, TREX, 1x8-12' Salt Flat - Trex Lineage, 1513714",1X8-12' SALT FLAT - TREX LINEAGE,TREX 1x8-12' Salt Flat - Trex Lineage 1513714,TREX 1x8-12' Salt Flat - Trex Lineage 1513714. High performance industrial and commercial grade 1x8-12' salt flat - trex lineage designed for professional applications.,TREX 1x8-12' Salt Flat - Trex Lineage,,,,,,,,,,,,,,,,,,,,,,,,,,,,,,,,,,,,,,,,,,,,,,,,,,,,,,,,,,,,,,,,,,,,,,,,,,,,,,,,,,,,,,,,,,,,,,,,,,,,,,,,,,,,,,,,,,,,,,,,,,,,,,,,,,,,,,,,,,,,,,,,,,,,,,,,,,,,,,,,,,,,,,,,,,,,,,,,,,,,,,,,,,,,,,,,,,,,,,,,,,,,,,,,,,,,,,,,,,,,,,,,
,,,,,,,Building Materials,Decking & Railing,Railing Kits,,73012503,4x4 Wh Heritage Post Trim RDI,,,,-,,,,73012503,,Building Materials>Decking & Porch>Railing Kits & Balusters,"Trim, 73012503",WH HERITAGE POST TRIM RDI,Trim 73012503,Trim 73012503. High performance industrial and commercial grade trim designed for professional applications.,Trim,,,,,,,,,,,,,,,,,,,,,,,,,,,Trim,,,,,,,,,,,,,,,,,,,,,,,,,,,,,,,,,,,,,,,,,,,,,,,,,,,,,,,,,,,,,,,,,,,,,,,,,,,,,,,,,,,,,,,,,,,,,,,,,,,,,,,,,,,,,,,,,,,,,,,,,,,,,,,,,,,,,,,,,,,,,,,,,,,,,,,,,,,,,,,,,,,,,,,,,,,,,,,,,,,,,,,,,,,,,,,,,,,,,
,,,,,,,Tools & Hardware,Power Tools,Saws & Blades,,73018131,6x6 Wh Elite Post Trim 4pc RDI,,,,-,,,,73018131,,Tools & Hardware>Power Tools>Power Saws,"Trim, 73018131",WH ELITE POST TRIM 4PC RDI,"Trim 73018131, piece_count=4","Trim 73018131, piece_count=4. High performance industrial and commercial grade trim designed for professional applications.","Trim, piece_count=4",,,,,,,,,,,,,,,,,,,,,,,,,,,Trim,,,,,,,,,,,,,,,,,,,,,,,,,,,,,,,,,,,,,,,,,,,,,,,,,,,,,,,,,,,,,,,,,,,,,,,,,,,,,,,,,,,,,,,,,,,,,,,,,,,,,,,,,,,,,,,,,,,,,,,,,,,,,,,,,,,,,,,,,,,,,,,,,,,,,,,,,,,,,,,,,,,,,,,,,,,,,,,,,,,,,,,,,,,,,,,,,,,,,
,,,,,,,Tools & Hardware,Power Tools,Saws & Blades,,73018091,4x4 Wh Elite Post Trim RDI,,,,-,,,,73018091,,Tools & Hardware>Power Tools>Power Saws,"Trim, 73018091",WH ELITE POST TRIM RDI,Trim 73018091,Trim 73018091. High performance industrial and commercial grade trim designed for professional applications.,Trim,,,,,,,,,,,,,,,,,,,,,,,,,,,Trim,,,,,,,,,,,,,,,,,,,,,,,,,,,,,,,,,,,,,,,,,,,,,,,,,,,,,,,,,,,,,,,,,,,,,,,,,,,,,,,,,,,,,,,,,,,,,,,,,,,,,,,,,,,,,,,,,,,,,,,,,,,,,,,,,,,,,,,,,,,,,,,,,,,,,,,,,,,,,,,,,,,,,,,,,,,,,,,,,,,,,,,,,,,,,,,,,,,,,
,,,,,,,Tools & Hardware,Abrasives,Grinding Wheels,,73018066,Clay 6x6 Elite Post Trim RDI - 4pc,,,,-,,,,73018066,,Tools & Hardware>Abrasives & Polishing>Grinding & Cut-Off Wheels,"Trim, 73018066",6X6 ELITE POST TRIM RDI - 4PC,"Trim 73018066, piece_count=4","Trim 73018066, piece_count=4. High performance industrial and commercial grade trim designed for professional applications.","Trim, piece_count=4",,,,,,,,,,,,,,,,,,,,,,,,,,,Trim,,,,,,,,,,,,,,,,,,,,,,,,,,,,,,,,,,,,,,,,,,,,,,,,,,,,,,,,,,,,,,,,,,,,,,,,,,,,,,,,,,,,,,,,,,,,,,,,,,,,,,,,,,,,,,,,,,,,,,,,,,,,,,,,,,,,,,,,,,,,,,,,,,,,,,,,,,,,,,,,,,,,,,,,,,,,,,,,,,,,,,,,,,,,,,,,,,,,,
,,,,,,,Building Materials,Decking & Railing,Railing Kits,,73018076,4x4 Wh Flat Post Cap RDI,,,,-,,,,73018076,,Building Materials>Decking & Porch>Railing Kits & Balusters,"4x4 Wh Flat Post Cap RDI, 73018076",WH FLAT POST CAP RDI,4x4 Wh Flat Post Cap RDI 73018076,4x4 Wh Flat Post Cap RDI 73018076. High performance industrial and commercial grade 4x4 wh flat post cap rdi designed for professional applications.,4x4 Wh Flat Post Cap RDI,,,,,,,,,,,,,,,,,,,,,,,,,,,,,,,,,,,,,,,,,,,,,,,,,,,,,,,,,,,,,,,,,,,,,,,,,,,,,,,,,,,,,,,,,,,,,,,,,,,,,,,,,,,,,,,,,,,,,,,,,,,,,,,,,,,,,,,,,,,,,,,,,,,,,,,,,,,,,,,,,,,,,,,,,,,,,,,,,,,,,,,,,,,,,,,,,,,,,,,,,,,,,,,,,,,,,,,,,,,,,,,,
,,,,,,,Building Materials,Decking & Railing,Railing Kits,,61109087,Wh 4x4-39 Blank Post RDI,,,,-,,,,61109087,,Building Materials>Decking & Porch>Railing Kits & Balusters,"Wh 4x4-39 Blank Post RDI, 61109087",4X4-39 BLANK POST RDI,Wh 4x4-39 Blank Post RDI 61109087,Wh 4x4-39 Blank Post RDI 61109087. High performance industrial and commercial grade wh 4x4-39 blank post rdi designed for professional applications.,Wh 4x4-39 Blank Post RDI,,,,,,,,,,,,,,,,,,,,,,,,,,,,,,,,,,,,,,,,,,,,,,,,,,,,,,,,,,,,,,,,,,,,,,,,,,,,,,,,,,,,,,,,,,,,,,,,,,,,,,,,,,,,,,,,,,,,,,,,,,,,,,,,,,,,,,,,,,,,,,,,,,,,,,,,,,,,,,,,,,,,,,,,,,,,,,,,,,,,,,,,,,,,,,,,,,,,,,,,,,,,,,,,,,,,,,,,,,,,,,,,
,,,,,,,Building Materials,Decking & Railing,Railing Kits,,73018731,Wh 6x6-108 Post Sleeve RDI,,,,-,,,,73018731,,Building Materials>Decking & Porch>Railing Kits & Balusters,"Wh 6x6-108 Post Sleeve RDI, 73018731",6X6-108 POST SLEEVE RDI,Wh 6x6-108 Post Sleeve RDI 73018731,Wh 6x6-108 Post Sleeve RDI 73018731. High performance industrial and commercial grade wh 6x6-108 post sleeve rdi designed for professional applications.,Wh 6x6-108 Post Sleeve RDI,,,,,,,,,,,,,,,,,,,,,,,,,,,,,,,,,,,,,,,,,,,,,,,,,,,,,,,,,,,,,,,,,,,,,,,,,,,,,,,,,,,,,,,,,,,,,,,,,,,,,,,,,,,,,,,,,,,,,,,,,,,,,,,,,,,,,,,,,,,,,,,,,,,,,,,,,,,,,,,,,,,,,,,,,,,,,,,,,,,,,,,,,,,,,,,,,,,,,,,,,,,,,,,,,,,,,,,,,,,,,,,,
,,,,,,,Building Materials,Decking & Railing,Railing Kits,,61109090,Wh 4x4-108 Post Sleeve RDI,,,,-,,,,61109090,,Building Materials>Decking & Porch>Railing Kits & Balusters,"Wh 4x4-108 Post Sleeve RDI, 61109090",4X4-108 POST SLEEVE RDI,Wh 4x4-108 Post Sleeve RDI 61109090,Wh 4x4-108 Post Sleeve RDI 61109090. High performance industrial and commercial grade wh 4x4-108 post sleeve rdi designed for professional applications.,Wh 4x4-108 Post Sleeve RDI,,,,,,,,,,,,,,,,,,,,,,,,,,,,,,,,,,,,,,,,,,,,,,,,,,,,,,,,,,,,,,,,,,,,,,,,,,,,,,,,,,,,,,,,,,,,,,,,,,,,,,,,,,,,,,,,,,,,,,,,,,,,,,,,,,,,,,,,,,,,,,,,,,,,,,,,,,,,,,,,,,,,,,,,,,,,,,,,,,,,,,,,,,,,,,,,,,,,,,,,,,,,,,,,,,,,,,,,,,,,,,,,
,,,,,,,Building Materials,Decking & Railing,Railing Kits,,73053603,Clay 4x4-108 Post Sleeve RDI,,,,-,,,,73053603,,Building Materials>Decking & Porch>Railing Kits & Balusters,"Clay 4x4-108 Post Sleeve RDI, 73053603",4X4-108 POST SLEEVE RDI,Clay 4x4-108 Post Sleeve RDI 73053603,Clay 4x4-108 Post Sleeve RDI 73053603. High performance industrial and commercial grade clay 4x4-108 post sleeve rdi designed for professional applications.,Clay 4x4-108 Post Sleeve RDI,,,,,,,,,,,,,,,,,,,,,,,,,,,,,,,,,,,,,,,,,,,,,,,,,,,,,,,,,,,,,,,,,,,,,,,,,,,,,,,,,,,,,,,,,,,,,,,,,,,,,,,,,,,,,,,,,,,,,,,,,,,,,,,,,,,,,,,,,,,,,,,,,,,,,,,,,,,,,,,,,,,,,,,,,,,,,,,,,,,,,,,,,,,,,,,,,,,,,,,,,,,,,,,,,,,,,,,,,,,,,,,,
,,,,,,,Building Materials,Decking & Railing,Railing Kits,,73053608,Clay 6x6-108 Post Sleeve RDI,,,,-,,,,73053608,,Building Materials>Decking & Porch>Railing Kits & Balusters,"Clay 6x6-108 Post Sleeve RDI, 73053608",6X6-108 POST SLEEVE RDI,Clay 6x6-108 Post Sleeve RDI 73053608,Clay 6x6-108 Post Sleeve RDI 73053608. High performance industrial and commercial grade clay 6x6-108 post sleeve rdi designed for professional applications.,Clay 6x6-108 Post Sleeve RDI,,,,,,,,,,,,,,,,,,,,,,,,,,,,,,,,,,,,,,,,,,,,,,,,,,,,,,,,,,,,,,,,,,,,,,,,,,,,,,,,,,,,,,,,,,,,,,,,,,,,,,,,,,,,,,,,,,,,,,,,,,,,,,,,,,,,,,,,,,,,,,,,,,,,,,,,,,,,,,,,,,,,,,,,,,,,,,,,,,,,,,,,,,,,,,,,,,,,,,,,,,,,,,,,,,,,,,,,,,,,,,,,
,,,,,,,Building Materials,Decking & Railing,Railing Kits,,543340896,"4x4-37"" Black Alum Post Sleeve Select Alum Railing - w/Cap & Skirt",TREX,,,Boise Cascade Building Materials (BOICA),Boise Cascade Building Materials,TREX,,543340896,,Building Materials>Decking & Porch>Railing Kits & Balusters,"Boise Cascade Building Materials, TREX, Railing, 543340896","4X4-37"" BLACK ALUM POST SLEEVE SELECT ALUM RAILING - W/CAP & SKIRT",TREX Railing 543340896,TREX Railing 543340896. High performance industrial and commercial grade railing designed for professional applications.,TREX Railing,,,,,,,,,,,,,,,,,,,,,,,,,,,Railing,,,,,,,,,,,,,,,,,,,,,,,,,,,,,,,,,,,,,,,,,,,,,,,,,,,,,,,,,,,,,,,,,,,,,,,,,,,,,,,,,,,,,,,,,,,,,,,,,,,,,,,,,,,,,,,,,,,,,,,,,,,,,,,,,,,,,,,,,,,,,,,,,,,,,,,,,,,,,,,,,,,,,,,,,,,,,,,,,,,,,,,,,,,,,,,,,,,,,
,,,,,,,Building Materials,Decking & Railing,Railing Kits,,543340898,"4x4-43"" Black Alum Post Sleeve Select Alum Railing w/Cap & Skirt",TREX,,,Boise Cascade Building Materials (BOICA),Boise Cascade Building Materials,TREX,,543340898,,Building Materials>Decking & Porch>Railing Kits & Balusters,"Boise Cascade Building Materials, TREX, Railing, 543340898","4X4-43"" BLACK ALUM POST SLEEVE SELECT ALUM RAILING W/CAP & SKIRT",TREX Railing 543340898,TREX Railing 543340898. High performance industrial and commercial grade railing designed for professional applications.,TREX Railing,,,,,,,,,,,,,,,,,,,,,,,,,,,Railing,,,,,,,,,,,,,,,,,,,,,,,,,,,,,,,,,,,,,,,,,,,,,,,,,,,,,,,,,,,,,,,,,,,,,,,,,,,,,,,,,,,,,,,,,,,,,,,,,,,,,,,,,,,,,,,,,,,,,,,,,,,,,,,,,,,,,,,,,,,,,,,,,,,,,,,,,,,,,,,,,,,,,,,,,,,,,,,,,,,,,,,,,,,,,,,,,,,,,
,,,,,,,Building Materials,Decking & Railing,Railing Kits,,73272TBK,6x6-10' Black Alum Deco - Support Post,DSI Westbury,,,Palmer Donavin Mfg Company (PALDO),Palmer Donavin Mfg Company,DSI Westbury,,73272TBK,,Building Materials>Decking & Porch>Railing Kits & Balusters,"Palmer Donavin Mfg Company, DSI Westbury, 6x6-10' Black Alum Deco - Support Post, 73272TBK",6X6-10' BLACK ALUM DECO - SUPPORT POST,DSI Westbury 6x6-10' Black Alum Deco - Support Post 73272TBK,DSI Westbury 6x6-10' Black Alum Deco - Support Post 73272TBK. High performance industrial and commercial grade 6x6-10' black alum deco - support post designed for professional applications.,DSI Westbury 6x6-10' Black Alum Deco - Support Post,,,,,,,,,,,,,,,,,,,,,,,,,,,,,,,,,,,,,,,,,,,,,,,,,,,,,,,,,,,,,,,,,,,,,,,,,,,,,,,,,,,,,,,,,,,,,,,,,,,,,,,,,,,,,,,,,,,,,,,,,,,,,,,,,,,,,,,,,,,,,,,,,,,,,,,,,,,,,,,,,,,,,,,,,,,,,,,,,,,,,,,,,,,,,,,,,,,,,,,,,,,,,,,,,,,,,,,,,,,,,,,,
,,,,,,,Building Materials,Decking & Railing,Railing Kits,,543302127,6' Wh Select T-Rail Kit Stair - w/Sq Composite Balusters,TREX,,,U S Lumber (3073),U S Lumber,TREX,,543302127,,Building Materials>Decking & Porch>Railing Kits & Balusters,"U S Lumber, TREX, 6' Wh Select T-Rail Kit Stair - w/Sq Composite Balusters, 543302127",6' WH SELECT T-RAIL KIT STAIR - W/SQ COMPOSITE BALUSTERS,TREX 6' Wh Select T-Rail Kit Stair - w/Sq Composite Balusters 543302127,TREX 6' Wh Select T-Rail Kit Stair - w/Sq Composite Balusters 543302127. High performance industrial and commercial grade 6' wh select t-rail kit stair - w/sq composite balusters designed for professional applications.,TREX 6' Wh Select T-Rail Kit Stair - w/Sq Composite Balusters,,,,,,,,,,,,,,,,,,,,,,,,,,,,,,,,,,,,,,,,,,,,,,,,,,,,,,,,,,,,,,,,,,,,,,,,,,,,,,,,,,,,,,,,,,,,,,,,,,,,,,,,,,,,,,,,,,,,,,,,,,,,,,,,,,,,,,,,,,,,,,,,,,,,,,,,,,,,,,,,,,,,,,,,,,,,,,,,,,,,,,,,,,,,,,,,,,,,,,,,,,,,,,,,,,,,,,,,,,,,,,,,
,,,,,,,Building Materials,Decking & Railing,Railing Kits,,543302147,8' Wh Select T-Rail Kit Stair - w/Sq Composite Balusters,TREX,,,U S Lumber (3073),U S Lumber,TREX,,543302147,,Building Materials>Decking & Porch>Railing Kits & Balusters,"U S Lumber, TREX, 8' Wh Select T-Rail Kit Stair - w/Sq Composite Balusters, 543302147",8' WH SELECT T-RAIL KIT STAIR - W/SQ COMPOSITE BALUSTERS,TREX 8' Wh Select T-Rail Kit Stair - w/Sq Composite Balusters 543302147,TREX 8' Wh Select T-Rail Kit Stair - w/Sq Composite Balusters 543302147. High performance industrial and commercial grade 8' wh select t-rail kit stair - w/sq composite balusters designed for professional applications.,TREX 8' Wh Select T-Rail Kit Stair - w/Sq Composite Balusters,,,,,,,,,,,,,,,,,,,,,,,,,,,,,,,,,,,,,,,,,,,,,,,,,,,,,,,,,,,,,,,,,,,,,,,,,,,,,,,,,,,,,,,,,,,,,,,,,,,,,,,,,,,,,,,,,,,,,,,,,,,,,,,,,,,,,,,,,,,,,,,,,,,,,,,,,,,,,,,,,,,,,,,,,,,,,,,,,,,,,,,,,,,,,,,,,,,,,,,,,,,,,,,,,,,,,,,,,,,,,,,,
,,,,,,,Building Materials,Decking & Railing,Railing Kits,,73019599,Finyline Wh 6' Str Rail Kit Sq,,,,-,,,,73019599,,Building Materials>Decking & Porch>Railing Kits & Balusters,"Finyline Wh 6' Str Rail Kit Sq, 73019599",WH 6' STR RAIL KIT SQ,Finyline Wh 6' Str Rail Kit Sq 73019599,Finyline Wh 6' Str Rail Kit Sq 73019599. High performance industrial and commercial grade finyline wh 6' str rail kit sq designed for professional applications.,Finyline Wh 6' Str Rail Kit Sq,,,,,,,,,,,,,,,,,,,,,,,,,,,,,,,,,,,,,,,,,,,,,,,,,,,,,,,,,,,,,,,,,,,,,,,,,,,,,,,,,,,,,,,,,,,,,,,,,,,,,,,,,,,,,,,,,,,,,,,,,,,,,,,,,,,,,,,,,,,,,,,,,,,,,,,,,,,,,,,,,,,,,,,,,,,,,,,,,,,,,,,,,,,,,,,,,,,,,,,,,,,,,,,,,,,,,,,,,,,,,,,,
,,,,,,,Building Materials,Decking & Railing,Railing Kits,,73019648,Finyline Wh 8' Str Rail Kit Sq,,,,-,,,,73019648,,Building Materials>Decking & Porch>Railing Kits & Balusters,"Finyline Wh 8' Str Rail Kit Sq, 73019648",WH 8' STR RAIL KIT SQ,Finyline Wh 8' Str Rail Kit Sq 73019648,Finyline Wh 8' Str Rail Kit Sq 73019648. High performance industrial and commercial grade finyline wh 8' str rail kit sq designed for professional applications.,Finyline Wh 8' Str Rail Kit Sq,,,,,,,,,,,,,,,,,,,,,,,,,,,,,,,,,,,,,,,,,,,,,,,,,,,,,,,,,,,,,,,,,,,,,,,,,,,,,,,,,,,,,,,,,,,,,,,,,,,,,,,,,,,,,,,,,,,,,,,,,,,,,,,,,,,,,,,,,,,,,,,,,,,,,,,,,,,,,,,,,,,,,,,,,,,,,,,,,,,,,,,,,,,,,,,,,,,,,,,,,,,,,,,,,,,,,,,,,,,,,,,,
,,,,,,,Building Materials,Decking & Railing,Railing Kits,,73019598,Finyline Wh 6' Str Rail Kit Rd - w/Black Alum Balusters,,,,-,,,,73019598,,Building Materials>Decking & Porch>Railing Kits & Balusters,"Finyline Wh 6' Str Rail Kit Rd - w/Black Alum Balusters, 73019598",WH 6' STR RAIL KIT RD - W/BLACK ALUM BALUSTERS,Finyline Wh 6' Str Rail Kit Rd - w/Black Alum Balusters 73019598,Finyline Wh 6' Str Rail Kit Rd - w/Black Alum Balusters 73019598. High performance industrial and commercial grade finyline wh 6' str rail kit rd - w/black alum balusters designed for professional applications.,Finyline Wh 6' Str Rail Kit Rd - w/Black Alum Balusters,,,,,,,,,,,,,,,,,,,,,,,,,,,,,,,,,,,,,,,,,,,,,,,,,,,,,,,,,,,,,,,,,,,,,,,,,,,,,,,,,,,,,,,,,,,,,,,,,,,,,,,,,,,,,,,,,,,,,,,,,,,,,,,,,,,,,,,,,,,,,,,,,,,,,,,,,,,,,,,,,,,,,,,,,,,,,,,,,,,,,,,,,,,,,,,,,,,,,,,,,,,,,,,,,,,,,,,,,,,,,,,,
,,,,,,,Building Materials,Decking & Railing,Railing Kits,,73019647,Finyline Wh 8' Str Rail Kit Rd - w/Black Alum Balusters,,,,-,,,,73019647,,Building Materials>Decking & Porch>Railing Kits & Balusters,"Finyline Wh 8' Str Rail Kit Rd - w/Black Alum Balusters, 73019647",WH 8' STR RAIL KIT RD - W/BLACK ALUM BALUSTERS,Finyline Wh 8' Str Rail Kit Rd - w/Black Alum Balusters 73019647,Finyline Wh 8' Str Rail Kit Rd - w/Black Alum Balusters 73019647. High performance industrial and commercial grade finyline wh 8' str rail kit rd - w/black alum balusters designed for professional applications.,Finyline Wh 8' Str Rail Kit Rd - w/Black Alum Balusters,,,,,,,,,,,,,,,,,,,,,,,,,,,,,,,,,,,,,,,,,,,,,,,,,,,,,,,,,,,,,,,,,,,,,,,,,,,,,,,,,,,,,,,,,,,,,,,,,,,,,,,,,,,,,,,,,,,,,,,,,,,,,,,,,,,,,,,,,,,,,,,,,,,,,,,,,,,,,,,,,,,,,,,,,,,,,,,,,,,,,,,,,,,,,,,,,,,,,,,,,,,,,,,,,,,,,,,,,,,,,,,,
,,,,,,,Building Materials,Decking & Railing,Railing Kits,,543300257,6' Black Select Classic Stair - Rail w/Rnd Black Alum Baluster,TREX,,,Boise Cascade Building Materials (BOICA),Boise Cascade Building Materials,TREX,,543300257,,Building Materials>Decking & Porch>Railing Kits & Balusters,"Boise Cascade Building Materials, TREX, 6' Black Select Classic Stair - Rail w/Rnd Black Alum Baluster, 543300257",6' BLACK SELECT CLASSIC STAIR - RAIL W/RND BLACK ALUM BALUSTER,TREX 6' Black Select Classic Stair - Rail w/Rnd Black Alum Baluster 543300257,TREX 6' Black Select Classic Stair - Rail w/Rnd Black Alum Baluster 543300257. High performance industrial and commercial grade 6' black select classic stair - rail w/rnd black alum baluster designed for professional applications.,TREX 6' Black Select Classic Stair - Rail w/Rnd Black Alum Baluster,,,,,,,,,,,,,,,,,,,,,,,,,,,,,,,,,,,,,,,,,,,,,,,,,,,,,,,,,,,,,,,,,,,,,,,,,,,,,,,,,,,,,,,,,,,,,,,,,,,,,,,,,,,,,,,,,,,,,,,,,,,,,,,,,,,,,,,,,,,,,,,,,,,,,,,,,,,,,,,,,,,,,,,,,,,,,,,,,,,,,,,,,,,,,,,,,,,,,,,,,,,,,,,,,,,,,,,,,,,,,,,,
,,,,,,,Building Materials,Decking & Railing,Railing Kits,,543300277,8' Black Select Classic Stair - Rail w/Rnd Black Alum Baluster,TREX,,,Boise Cascade Building Materials (BOICA),Boise Cascade Building Materials,TREX,,543300277,,Building Materials>Decking & Porch>Railing Kits & Balusters,"Boise Cascade Building Materials, TREX, 8' Black Select Classic Stair - Rail w/Rnd Black Alum Baluster, 543300277",8' BLACK SELECT CLASSIC STAIR - RAIL W/RND BLACK ALUM BALUSTER,TREX 8' Black Select Classic Stair - Rail w/Rnd Black Alum Baluster 543300277,TREX 8' Black Select Classic Stair - Rail w/Rnd Black Alum Baluster 543300277. High performance industrial and commercial grade 8' black select classic stair - rail w/rnd black alum baluster designed for professional applications.,TREX 8' Black Select Classic Stair - Rail w/Rnd Black Alum Baluster,,,,,,,,,,,,,,,,,,,,,,,,,,,,,,,,,,,,,,,,,,,,,,,,,,,,,,,,,,,,,,,,,,,,,,,,,,,,,,,,,,,,,,,,,,,,,,,,,,,,,,,,,,,,,,,,,,,,,,,,,,,,,,,,,,,,,,,,,,,,,,,,,,,,,,,,,,,,,,,,,,,,,,,,,,,,,,,,,,,,,,,,,,,,,,,,,,,,,,,,,,,,,,,,,,,,,,,,,,,,,,,,
,,,,,,,Tools & Hardware,Measuring & Layout,Levels & Lasers,,SPB-44BPL,"Patriot 4""x4""x37""/43"" Adjustable Self Leveling Support Post",,,,-,,,,SPB-44BPL,,Tools & Hardware>Hand Tools>Measuring & Layout Tools>Laser Levels,"Patriot 4""x4""x37""/43"" Adjustable Self Leveling Support Post, SPB-44BPL","4""X4""X37""/43"" ADJUSTABLE SELF LEVELING SUPPORT POST","Patriot 4""x4""x37""/43"" Adjustable Self Leveling Support Post SPB-44BPL, dimension_wxh=4 in x 4 in","Patriot 4""x4""x37""/43"" Adjustable Self Leveling Support Post SPB-44BPL, dimension_wxh=4 in x 4 in. High performance industrial and commercial grade patriot 4""x4""x37""/43"" adjustable self leveling support post designed for professional applications.","Patriot 4""x4""x37""/43"" Adjustable Self Leveling Support Post, dimension_wxh=4 in x 4 in",,,,,,,,,,,,,,,,,,,,,,,,,,,,,,,,,,,,,,,,,,,,,,,,,,,,,,,,,,,,,,,,,,,,,,,,,,,,,,,,,,,,,,,,,,,,,,,,,,,,,,,,,,,,,,,,,,,,,,,,,,,,,,,,,,,,,,,,,,,,,,,,,,,,,,,,,,,,,,,,,,,,,,,,,,,,,,,,,,,,,,,,,,,,,,,,,,,,,,,,,,,,,,,,,,,,,,,,,,,,,,,,
,,,,,,,Lighting & Ceiling Fans,Commercial Lighting,Wrap & Strip Lights,,925219,"2""x50' Deck Joist Tape - Protecto Wrap",,,,Palmer Donavin Mfg Company (PALDO),Palmer Donavin Mfg Company,,,925219,,Lighting & Electrical>Light Fixtures>LED Wrap & Linear Fixtures,"Palmer Donavin Mfg Company, 2""x50' Deck Joist Tape - Protecto Wrap, 925219","2""X50' DECK JOIST TAPE - PROTECTO WRAP","2""x50' Deck Joist Tape - Protecto Wrap 925219","2""x50' Deck Joist Tape - Protecto Wrap 925219. High performance industrial and commercial grade 2""x50' deck joist tape - protecto wrap designed for professional applications.","2""x50' Deck Joist Tape - Protecto Wrap",,,,,,,,,,,,,,,,,,,,,,,,,,,,,,,,,,,,,,,,,,,,,,,,,,,,,,,,,,,,,,,,,,,,,,,,,,,,,,,,,,,,,,,,,,,,,,,,,,,,,,,,,,,,,,,,,,,,,,,,,,,,,,,,,,,,,,,,,,,,,,,,,,,,,,,,,,,,,,,,,,,,,,,,,,,,,,,,,,,,,,,,,,,,,,,,,,,,,,,,,,,,,,,,,,,,,,,,,,,,,,,,
,,,,,,,Lighting & Ceiling Fans,Indoor Lighting,Chandeliers & Pendants,,27233,24x48 WH Attic Access Door,AJM,,,A J Manufacturing Inc (AJMAN),A J Manufacturing Inc,AJM,,27233,,Lighting & Electrical>Light Fixtures>Chandeliers & Pendants,"A J Manufacturing Inc, AJM, 24x48 WH Attic Access Door, 27233",WH ATTIC ACCESS DOOR,AJM 24x48 WH Attic Access Door 27233,AJM 24x48 WH Attic Access Door 27233. High performance industrial and commercial grade 24x48 wh attic access door designed for professional applications.,AJM 24x48 WH Attic Access Door,,,,,,,,,,,,,,,,,,,,,,,,,,,,,,,,,,,,,,,,,,,,,,,,,,,,,,,,,,,,,,,,,,,,,,,,,,,,,,,,,,,,,,,,,,,,,,,,,,,,,,,,,,,,,,,,,,,,,,,,,,,,,,,,,,,,,,,,,,,,,,,,,,,,,,,,,,,,,,,,,,,,,,,,,,,,,,,,,,,,,,,,,,,,,,,,,,,,,,,,,,,,,,,,,,,,,,,,,,,,,,,,
,,,,,,,Building Materials,Decking & Railing,Railing Kits,,1517602,6068R Gliding Patio Dr 4500 United Blk Ext/WH Int LowE Arg w/J,United Window & Door,,,United Window & Door Manufacturing (UNIWI),United Window & Door Manufacturing,United Window & Door,,1517602,,Building Materials>Decking & Porch>Railing Kits & Balusters,"United Window & Door Manufacturing, United Window & Door, 6068R Gliding Patio Dr 4500 United Blk Ext/WH Int LowE Arg w/J, 1517602",GLIDING PATIO DR 4500 UNITED BLK EXT/WH INT LOWE ARG W/J,United Window & Door 6068R Gliding Patio Dr 4500 United Blk Ext/WH Int LowE Arg w/J 1517602,United Window & Door 6068R Gliding Patio Dr 4500 United Blk Ext/WH Int LowE Arg w/J 1517602. High performance industrial and commercial grade 6068r gliding patio dr 4500 united blk ext/wh int lowe arg w/j designed for professional applications.,United Window & Door 6068R Gliding Patio Dr 4500 United Blk Ext/WH Int LowE Arg w/J,,,,,,,,,,,,,,,,,,,,,,,,,,,,,,,,,,,,,,,,,,,,,,,,,,,,,,,,,,,,,,,,,,,,,,,,,,,,,,,,,,,,,,,,,,,,,,,,,,,,,,,,,,,,,,,,,,,,,,,,,,,,,,,,,,,,,,,,,,,,,,,,,,,,,,,,,,,,,,,,,,,,,,,,,,,,,,,,,,,,,,,,,,,,,,,,,,,,,,,,,,,,,,,,,,,,,,,,,,,,,,,,
,,,,,,,Building Materials,Decking & Railing,Railing Kits,,1517603,6068L Gliding Patio Dr 4500 United Blk Ext/WH Int LowE Arg w/J,United Window & Door,,,United Window & Door Manufacturing (UNIWI),United Window & Door Manufacturing,United Window & Door,,1517603,,Building Materials>Decking & Porch>Railing Kits & Balusters,"United Window & Door Manufacturing, United Window & Door, 6068L Gliding Patio Dr 4500 United Blk Ext/WH Int LowE Arg w/J, 1517603",GLIDING PATIO DR 4500 UNITED BLK EXT/WH INT LOWE ARG W/J,United Window & Door 6068L Gliding Patio Dr 4500 United Blk Ext/WH Int LowE Arg w/J 1517603,United Window & Door 6068L Gliding Patio Dr 4500 United Blk Ext/WH Int LowE Arg w/J 1517603. High performance industrial and commercial grade 6068l gliding patio dr 4500 united blk ext/wh int lowe arg w/j designed for professional applications.,United Window & Door 6068L Gliding Patio Dr 4500 United Blk Ext/WH Int LowE Arg w/J,,,,,,,,,,,,,,,,,,,,,,,,,,,,,,,,,,,,,,,,,,,,,,,,,,,,,,,,,,,,,,,,,,,,,,,,,,,,,,,,,,,,,,,,,,,,,,,,,,,,,,,,,,,,,,,,,,,,,,,,,,,,,,,,,,,,,,,,,,,,,,,,,,,,,,,,,,,,,,,,,,,,,,,,,,,,,,,,,,,,,,,,,,,,,,,,,,,,,,,,,,,,,,,,,,,,,,,,,,,,,,,,
,,,,,,,Building Materials,Decking & Railing,Railing Kits,,1517604,6068L Gliding Patio Dr 4500 United White LowE Arg w/J,United Window & Door,,,United Window & Door Manufacturing (UNIWI),United Window & Door Manufacturing,United Window & Door,,1517604,,Building Materials>Decking & Porch>Railing Kits & Balusters,"United Window & Door Manufacturing, United Window & Door, 6068L Gliding Patio Dr 4500 United White LowE Arg w/J, 1517604",GLIDING PATIO DR 4500 UNITED WHITE LOWE ARG W/J,United Window & Door 6068L Gliding Patio Dr 4500 United White LowE Arg w/J 1517604,United Window & Door 6068L Gliding Patio Dr 4500 United White LowE Arg w/J 1517604. High performance industrial and commercial grade 6068l gliding patio dr 4500 united white lowe arg w/j designed for professional applications.,United Window & Door 6068L Gliding Patio Dr 4500 United White LowE Arg w/J,,,,,,,,,,,,,,,,,,,,,,,,,,,,,,,,,,,,,,,,,,,,,,,,,,,,,,,,,,,,,,,,,,,,,,,,,,,,,,,,,,,,,,,,,,,,,,,,,,,,,,,,,,,,,,,,,,,,,,,,,,,,,,,,,,,,,,,,,,,,,,,,,,,,,,,,,,,,,,,,,,,,,,,,,,,,,,,,,,,,,,,,,,,,,,,,,,,,,,,,,,,,,,,,,,,,,,,,,,,,,,,,
,,,,,,,Building Materials,Decking & Railing,Railing Kits,,1517605,6068R Gliding Patio Dr 4500 United White LowE Arg w/J,United Window & Door,,,United Window & Door Manufacturing (UNIWI),United Window & Door Manufacturing,United Window & Door,,1517605,,Building Materials>Decking & Porch>Railing Kits & Balusters,"United Window & Door Manufacturing, United Window & Door, 6068R Gliding Patio Dr 4500 United White LowE Arg w/J, 1517605",GLIDING PATIO DR 4500 UNITED WHITE LOWE ARG W/J,United Window & Door 6068R Gliding Patio Dr 4500 United White LowE Arg w/J 1517605,United Window & Door 6068R Gliding Patio Dr 4500 United White LowE Arg w/J 1517605. High performance industrial and commercial grade 6068r gliding patio dr 4500 united white lowe arg w/j designed for professional applications.,United Window & Door 6068R Gliding Patio Dr 4500 United White LowE Arg w/J,,,,,,,,,,,,,,,,,,,,,,,,,,,,,,,,,,,,,,,,,,,,,,,,,,,,,,,,,,,,,,,,,,,,,,,,,,,,,,,,,,,,,,,,,,,,,,,,,,,,,,,,,,,,,,,,,,,,,,,,,,,,,,,,,,,,,,,,,,,,,,,,,,,,,,,,,,,,,,,,,,,,,,,,,,,,,,,,,,,,,,,,,,,,,,,,,,,,,,,,,,,,,,,,,,,,,,,,,,,,,,,,
,,,,,,,Lighting & Ceiling Fans,Commercial Lighting,Wrap & Strip Lights,,FS C01 2004S,"FS C01 Velux Fxd Skylt Gry/Wh - w/Solar Shade RO 21""x26-7/8""",,,,Velux America Inc (VELAM),Velux America Inc,,,FS C01 2004S,,Lighting & Electrical>Light Fixtures>LED Wrap & Linear Fixtures,"Velux America Inc, FS C01 Velux Fxd Skylt Gry/Wh - w/Solar Shade RO 21""x26-7/8"", FS C01 2004S","C01 VELUX FXD SKYLT GRY/WH - W/SOLAR SHADE RO 21""X26-7/8""","FS C01 Velux Fxd Skylt Gry/Wh - w/Solar Shade RO 21""x26-7/8"" FS C01 2004S, dimension_wxh=21 in x 26-7/8 in","FS C01 Velux Fxd Skylt Gry/Wh - w/Solar Shade RO 21""x26-7/8"" FS C01 2004S, dimension_wxh=21 in x 26-7/8 in. High performance industrial and commercial grade fs c01 velux fxd skylt gry/wh - w/solar shade ro 21""x26-7/8"" designed for professional applications.","FS C01 Velux Fxd Skylt Gry/Wh - w/Solar Shade RO 21""x26-7/8"", dimension_wxh=21 in x 26-7/8 in",,,,,,,,,,,,,,,,,,,,,,,,,,,,,,,,,,,,,,,,,,,,,,,,,,,,,,,,,,,,,,,,,,,,,,,,,,,,,,,,,,,,,,,,,,,,,,,,,,,,,,,,,,,,,,,,,,,,,,,,,,,,,,,,,,,,,,,,,,,,,,,,,,,,,,,,,,,,,,,,,,,,,,,,,,,,,,,,,,,,,,,,,,,,,,,,,,,,,,,,,,,,,,,,,,,,,,,,,,,,,,,,
,,,,,,,Lighting & Ceiling Fans,Commercial Lighting,Wrap & Strip Lights,,FS C04 2004S,"FS C04 Velux Fxd Skylt Gry/Wh - w/Solar Shade RO 21""x37-7/8""",,,,Velux America Inc (VELAM),Velux America Inc,,,FS C04 2004S,,Lighting & Electrical>Light Fixtures>LED Wrap & Linear Fixtures,"Velux America Inc, FS C04 Velux Fxd Skylt Gry/Wh - w/Solar Shade RO 21""x37-7/8"", FS C04 2004S","C04 VELUX FXD SKYLT GRY/WH - W/SOLAR SHADE RO 21""X37-7/8""","FS C04 Velux Fxd Skylt Gry/Wh - w/Solar Shade RO 21""x37-7/8"" FS C04 2004S, dimension_wxh=21 in x 37-7/8 in","FS C04 Velux Fxd Skylt Gry/Wh - w/Solar Shade RO 21""x37-7/8"" FS C04 2004S, dimension_wxh=21 in x 37-7/8 in. High performance industrial and commercial grade fs c04 velux fxd skylt gry/wh - w/solar shade ro 21""x37-7/8"" designed for professional applications.","FS C04 Velux Fxd Skylt Gry/Wh - w/Solar Shade RO 21""x37-7/8"", dimension_wxh=21 in x 37-7/8 in",,,,,,,,,,,,,,,,,,,,,,,,,,,,,,,,,,,,,,,,,,,,,,,,,,,,,,,,,,,,,,,,,,,,,,,,,,,,,,,,,,,,,,,,,,,,,,,,,,,,,,,,,,,,,,,,,,,,,,,,,,,,,,,,,,,,,,,,,,,,,,,,,,,,,,,,,,,,,,,,,,,,,,,,,,,,,,,,,,,,,,,,,,,,,,,,,,,,,,,,,,,,,,,,,,,,,,,,,,,,,,,,
,,,,,,,Lighting & Ceiling Fans,Commercial Lighting,Wrap & Strip Lights,,FS C06 2004S,"FS C06 Velux Fxd Skylt Gry/Wh - w/Solar Shade RO 21""x45-7/8""",,,,Velux America Inc (VELAM),Velux America Inc,,,FS C06 2004S,,Lighting & Electrical>Light Fixtures>LED Wrap & Linear Fixtures,"Velux America Inc, FS C06 Velux Fxd Skylt Gry/Wh - w/Solar Shade RO 21""x45-7/8"", FS C06 2004S","C06 VELUX FXD SKYLT GRY/WH - W/SOLAR SHADE RO 21""X45-7/8""","FS C06 Velux Fxd Skylt Gry/Wh - w/Solar Shade RO 21""x45-7/8"" FS C06 2004S, dimension_wxh=21 in x 45-7/8 in","FS C06 Velux Fxd Skylt Gry/Wh - w/Solar Shade RO 21""x45-7/8"" FS C06 2004S, dimension_wxh=21 in x 45-7/8 in. High performance industrial and commercial grade fs c06 velux fxd skylt gry/wh - w/solar shade ro 21""x45-7/8"" designed for professional applications.","FS C06 Velux Fxd Skylt Gry/Wh - w/Solar Shade RO 21""x45-7/8"", dimension_wxh=21 in x 45-7/8 in",,,,,,,,,,,,,,,,,,,,,,,,,,,,,,,,,,,,,,,,,,,,,,,,,,,,,,,,,,,,,,,,,,,,,,,,,,,,,,,,,,,,,,,,,,,,,,,,,,,,,,,,,,,,,,,,,,,,,,,,,,,,,,,,,,,,,,,,,,,,,,,,,,,,,,,,,,,,,,,,,,,,,,,,,,,,,,,,,,,,,,,,,,,,,,,,,,,,,,,,,,,,,,,,,,,,,,,,,,,,,,,,
,,,,,,,Tools & Hardware,Measuring & Layout,Levels & Lasers,,1501831,31.5x14.75 Bsmt ecoLitePlus WH - Hopper DLA w/Screen,PROVIA,,,ProVia (PRODO),ProVia,PROVIA,,1501831,,Tools & Hardware>Hand Tools>Measuring & Layout Tools>Laser Levels,"ProVia, PROVIA, 31.5x14.75 Bsmt ecoLitePlus WH - Hopper DLA w/Screen, 1501831",31.5X14.75 BSMT ECOLITEPLUS WH - HOPPER DLA W/SCREEN,PROVIA 31.5x14.75 Bsmt ecoLitePlus WH - Hopper DLA w/Screen 1501831,PROVIA 31.5x14.75 Bsmt ecoLitePlus WH - Hopper DLA w/Screen 1501831. High performance industrial and commercial grade 31.5x14.75 bsmt ecoliteplus wh - hopper dla w/screen designed for professional applications.,PROVIA 31.5x14.75 Bsmt ecoLitePlus WH - Hopper DLA w/Screen,,,,,,,,,,,,,,,,,,,,,,,,,,,,,,,,,,,,,,,,,,,,,,,,,,,,,,,,,,,,,,,,,,,,,,,,,,,,,,,,,,,,,,,,,,,,,,,,,,,,,,,,,,,,,,,,,,,,,,,,,,,,,,,,,,,,,,,,,,,,,,,,,,,,,,,,,,,,,,,,,,,,,,,,,,,,,,,,,,,,,,,,,,,,,,,,,,,,,,,,,,,,,,,,,,,,,,,,,,,,,,,,
,,,,,,,Tools & Hardware,Measuring & Layout,Levels & Lasers,,1501832,31.5x22.75 Bsmt ecoLitePlus WH - Hopper DLA w/Screen,PROVIA,,,ProVia (PRODO),ProVia,PROVIA,,1501832,,Tools & Hardware>Hand Tools>Measuring & Layout Tools>Laser Levels,"ProVia, PROVIA, 31.5x22.75 Bsmt ecoLitePlus WH - Hopper DLA w/Screen, 1501832",31.5X22.75 BSMT ECOLITEPLUS WH - HOPPER DLA W/SCREEN,PROVIA 31.5x22.75 Bsmt ecoLitePlus WH - Hopper DLA w/Screen 1501832,PROVIA 31.5x22.75 Bsmt ecoLitePlus WH - Hopper DLA w/Screen 1501832. High performance industrial and commercial grade 31.5x22.75 bsmt ecoliteplus wh - hopper dla w/screen designed for professional applications.,PROVIA 31.5x22.75 Bsmt ecoLitePlus WH - Hopper DLA w/Screen,,,,,,,,,,,,,,,,,,,,,,,,,,,,,,,,,,,,,,,,,,,,,,,,,,,,,,,,,,,,,,,,,,,,,,,,,,,,,,,,,,,,,,,,,,,,,,,,,,,,,,,,,,,,,,,,,,,,,,,,,,,,,,,,,,,,,,,,,,,,,,,,,,,,,,,,,,,,,,,,,,,,,,,,,,,,,,,,,,,,,,,,,,,,,,,,,,,,,,,,,,,,,,,,,,,,,,,,,,,,,,,,
,,,,,,,Tools & Hardware,Power Tools,Blowers & Vacuums,,1515974,3030 Slider 3900 United Black WH Int LowE-2 w/Half Scrn w/J,United Window & Door,,,-,,United Window & Door,,1515974,,Tools & Hardware>Power Tools>Blowers & Sweepers,"United Window & Door, 3030 Slider 3900 United Black WH Int LowE-2 w/Half Scrn w/J, 1515974",SLIDER 3900 UNITED BLACK WH INT LOWE-2 W/HALF SCRN W/J,United Window & Door 3030 Slider 3900 United Black WH Int LowE-2 w/Half Scrn w/J 1515974,United Window & Door 3030 Slider 3900 United Black WH Int LowE-2 w/Half Scrn w/J 1515974. High performance industrial and commercial grade 3030 slider 3900 united black wh int lowe-2 w/half scrn w/j designed for professional applications.,United Window & Door 3030 Slider 3900 United Black WH Int LowE-2 w/Half Scrn w/J,,,,,,,,,,,,,,,,,,,,,,,,,,,,,,,,,,,,,,,,,,,,,,,,,,,,,,,,,,,,,,,,,,,,,,,,,,,,,,,,,,,,,,,,,,,,,,,,,,,,,,,,,,,,,,,,,,,,,,,,,,,,,,,,,,,,,,,,,,,,,,,,,,,,,,,,,,,,,,,,,,,,,,,,,,,,,,,,,,,,,,,,,,,,,,,,,,,,,,,,,,,,,,,,,,,,,,,,,,,,,,,,
,,,,,,,Lighting & Ceiling Fans,Commercial Lighting,Wrap & Strip Lights,,640383,"1/2"" 54""x10 Drywall Easi-Lite",,,,Certainteed Gypsum (2765),Certainteed Gypsum,,,640383,,Lighting & Electrical>Light Fixtures>LED Wrap & Linear Fixtures,"Certainteed Gypsum, 1/2"" 54""x10 Drywall Easi-Lite, 640383","1/2"" 54""X10 DRYWALL EASI-LITE","1/2"" 54""x10 Drywall Easi-Lite 640383","1/2"" 54""x10 Drywall Easi-Lite 640383. High performance industrial and commercial grade 1/2"" 54""x10 drywall easi-lite designed for professional applications.","1/2"" 54""x10 Drywall Easi-Lite",,,,,,,,,,,,,,,,,,,,,,,,,,,,,,,,,,,,,,,,,,,,,,,,,,,,,,,,,,,,,,,,,,,,,,,,,,,,,,,,,,,,,,,,,,,,,,,,,,,,,,,,,,,,,,,,,,,,,,,,,,,,,,,,,,,,,,,,,,,,,,,,,,,,,,,,,,,,,,,,,,,,,,,,,,,,,,,,,,,,,,,,,,,,,,,,,,,,,,,,,,,,,,,,,,,,,,,,,,,,,,,,
,,,,,,,Building Materials,Decking & Railing,Railing Kits,,653258,"5/8"" 4x9 Drywall Firelite",,,,Certainteed Gypsum (2765),Certainteed Gypsum,,,653258,,Building Materials>Decking & Porch>Railing Kits & Balusters,"Certainteed Gypsum, 5/8"" 4x9 Drywall Firelite, 653258","5/8"" 4X9 DRYWALL FIRELITE","5/8"" 4x9 Drywall Firelite 653258","5/8"" 4x9 Drywall Firelite 653258. High performance industrial and commercial grade 5/8"" 4x9 drywall firelite designed for professional applications.","5/8"" 4x9 Drywall Firelite",,,,,,,,,,,,,,,,,,,,,,,,,,,,,,,,,,,,,,,,,,,,,,,,,,,,,,,,,,,,,,,,,,,,,,,,,,,,,,,,,,,,,,,,,,,,,,,,,,,,,,,,,,,,,,,,,,,,,,,,,,,,,,,,,,,,,,,,,,,,,,,,,,,,,,,,,,,,,,,,,,,,,,,,,,,,,,,,,,,,,,,,,,,,,,,,,,,,,,,,,,,,,,,,,,,,,,,,,,,,,,,,
,,,,,,,Tools & Hardware,Abrasives,Sanding Belts & Discs,,413S-DBA-36,"413S 36"" Alum Threshold DBZ",HAGER,,,Hager Hinge Co (4189),Hager Hinge Co,HAGER,,413S-DBA-36,,Tools & Hardware>Abrasives & Polishing>Sanding Belts & Discs,"Hager Hinge Co, HAGER, 413S 36"" Alum Threshold DBZ, 413S-DBA-36","36"" ALUM THRESHOLD DBZ","HAGER 413S 36"" Alum Threshold DBZ 413S-DBA-36","HAGER 413S 36"" Alum Threshold DBZ 413S-DBA-36. High performance industrial and commercial grade 413s 36"" alum threshold dbz designed for professional applications.","HAGER 413S 36"" Alum Threshold DBZ",,,,,,,,,,,,,,,,,,,,,,,,,,,,,,,,,,,,,,,,,,,,,,,,,,,,,,,,,,,,,,,,,,,,,,,,,,,,,,,,,,,,,,,,,,,,,,,,,,,,,,,,,,,,,,,,,,,,,,,,,,,,,,,,,,,,,,,,,,,,,,,,,,,,,,,,,,,,,,,,,,,,,,,,,,,,,,,,,,,,,,,,,,,,,,,,,,,,,,,,,,,,,,,,,,,,,,,,,,,,,,,,
,,,,,,,Tools & Hardware,Abrasives,Sanding Belts & Discs,,413S-DBA-72,"413S 72"" Alum Threshold DBZ",HAGER,,,Hager Hinge Co (4189),Hager Hinge Co,HAGER,,413S-DBA-72,,Tools & Hardware>Abrasives & Polishing>Sanding Belts & Discs,"Hager Hinge Co, HAGER, 413S 72"" Alum Threshold DBZ, 413S-DBA-72","72"" ALUM THRESHOLD DBZ","HAGER 413S 72"" Alum Threshold DBZ 413S-DBA-72","HAGER 413S 72"" Alum Threshold DBZ 413S-DBA-72. High performance industrial and commercial grade 413s 72"" alum threshold dbz designed for professional applications.","HAGER 413S 72"" Alum Threshold DBZ",,,,,,,,,,,,,,,,,,,,,,,,,,,,,,,,,,,,,,,,,,,,,,,,,,,,,,,,,,,,,,,,,,,,,,,,,,,,,,,,,,,,,,,,,,,,,,,,,,,,,,,,,,,,,,,,,,,,,,,,,,,,,,,,,,,,,,,,,,,,,,,,,,,,,,,,,,,,,,,,,,,,,,,,,,,,,,,,,,,,,,,,,,,,,,,,,,,,,,,,,,,,,,,,,,,,,,,,,,,,,,,,
,,,,,,,Electrical,Boxes & Covers,Weatherproof Box Covers,,1511506,4'x65' Zip Rainscreen,,,,Huber Eng Wood LLC (3158),Huber Eng Wood LLC,,,1511506,,Electrical>Boxes Enclosures & Covers>Outlet & Switch Covers,"Huber Eng Wood LLC, 4'x65' Zip Rainscreen, 1511506",4'X65' ZIP RAINSCREEN,4'x65' Zip Rainscreen 1511506,4'x65' Zip Rainscreen 1511506. High performance industrial and commercial grade 4'x65' zip rainscreen designed for professional applications.,4'x65' Zip Rainscreen,,,,,,,,,,,,,,,,,,,,,,,,,,,,,,,,,,,,,,,,,,,,,,,,,,,,,,,,,,,,,,,,,,,,,,,,,,,,,,,,,,,,,,,,,,,,,,,,,,,,,,,,,,,,,,,,,,,,,,,,,,,,,,,,,,,,,,,,,,,,,,,,,,,,,,,,,,,,,,,,,,,,,,,,,,,,,,,,,,,,,,,,,,,,,,,,,,,,,,,,,,,,,,,,,,,,,,,,,,,,,,,,
,,,,,,,Building Materials,Decking & Railing,Railing Kits,,1513577,1x8-12' Doug Fir STK Smooth 1S2E,COMMODITY - UNBRANDED,,,Westwood Lumber Sales (WESLU),Westwood Lumber Sales,COMMODITY - UNBRANDED,,1513577,,Building Materials>Decking & Porch>Railing Kits & Balusters,"Westwood Lumber Sales, COMMODITY - UNBRANDED, 1x8-12' Doug Fir STK Smooth 1S2E, 1513577",1X8-12' DOUG FIR STK SMOOTH 1S2E,COMMODITY - UNBRANDED 1x8-12' Doug Fir STK Smooth 1S2E 1513577,COMMODITY - UNBRANDED 1x8-12' Doug Fir STK Smooth 1S2E 1513577. High performance industrial and commercial grade 1x8-12' doug fir stk smooth 1s2e designed for professional applications.,COMMODITY - UNBRANDED 1x8-12' Doug Fir STK Smooth 1S2E,,,,,,,,,,,,,,,,,,,,,,,,,,,,,,,,,,,,,,,,,,,,,,,,,,,,,,,,,,,,,,,,,,,,,,,,,,,,,,,,,,,,,,,,,,,,,,,,,,,,,,,,,,,,,,,,,,,,,,,,,,,,,,,,,,,,,,,,,,,,,,,,,,,,,,,,,,,,,,,,,,,,,,,,,,,,,,,,,,,,,,,,,,,,,,,,,,,,,,,,,,,,,,,,,,,,,,,,,,,,,,,,
,,,,,,,Tools & Hardware,Abrasives,Grinding Wheels,,1513578,1x8-16' Doug Fir STK Smooth 1S2E,COMMODITY - UNBRANDED,,,Westwood Lumber Sales (WESLU),Westwood Lumber Sales,COMMODITY - UNBRANDED,,1513578,,Tools & Hardware>Abrasives & Polishing>Grinding & Cut-Off Wheels,"Westwood Lumber Sales, COMMODITY - UNBRANDED, 1x8-16' Doug Fir STK Smooth 1S2E, 1513578",1X8-16' DOUG FIR STK SMOOTH 1S2E,COMMODITY - UNBRANDED 1x8-16' Doug Fir STK Smooth 1S2E 1513578,COMMODITY - UNBRANDED 1x8-16' Doug Fir STK Smooth 1S2E 1513578. High performance industrial and commercial grade 1x8-16' doug fir stk smooth 1s2e designed for professional applications.,COMMODITY - UNBRANDED 1x8-16' Doug Fir STK Smooth 1S2E,,,,,,,,,,,,,,,,,,,,,,,,,,,,,,,,,,,,,,,,,,,,,,,,,,,,,,,,,,,,,,,,,,,,,,,,,,,,,,,,,,,,,,,,,,,,,,,,,,,,,,,,,,,,,,,,,,,,,,,,,,,,,,,,,,,,,,,,,,,,,,,,,,,,,,,,,,,,,,,,,,,,,,,,,,,,,,,,,,,,,,,,,,,,,,,,,,,,,,,,,,,,,,,,,,,,,,,,,,,,,,,,
,,,,,,,Building Materials,Decking & Railing,Railing Kits,,1513579,1x12-12 'Doug Fir STK Smooth 1S2E,COMMODITY - UNBRANDED,,,Westwood Lumber Sales (WESLU),Westwood Lumber Sales,COMMODITY - UNBRANDED,,1513579,,Building Materials>Decking & Porch>Railing Kits & Balusters,"Westwood Lumber Sales, COMMODITY - UNBRANDED, 1x12-12 'Doug Fir STK Smooth 1S2E, 1513579",'DOUG FIR STK SMOOTH 1S2E,COMMODITY - UNBRANDED 1x12-12 'Doug Fir STK Smooth 1S2E 1513579,COMMODITY - UNBRANDED 1x12-12 'Doug Fir STK Smooth 1S2E 1513579. High performance industrial and commercial grade 1x12-12 'doug fir stk smooth 1s2e designed for professional applications.,COMMODITY - UNBRANDED 1x12-12 'Doug Fir STK Smooth 1S2E,,,,,,,,,,,,,,,,,,,,,,,,,,,,,,,,,,,,,,,,,,,,,,,,,,,,,,,,,,,,,,,,,,,,,,,,,,,,,,,,,,,,,,,,,,,,,,,,,,,,,,,,,,,,,,,,,,,,,,,,,,,,,,,,,,,,,,,,,,,,,,,,,,,,,,,,,,,,,,,,,,,,,,,,,,,,,,,,,,,,,,,,,,,,,,,,,,,,,,,,,,,,,,,,,,,,,,,,,,,,,,,,
,,,,,,,Building Materials,Decking & Railing,Railing Kits,,1513580,1x12-16' Doug Fir STK Smooth 1S2E,COMMODITY - UNBRANDED,,,Westwood Lumber Sales (WESLU),Westwood Lumber Sales,COMMODITY - UNBRANDED,,1513580,,Building Materials>Decking & Porch>Railing Kits & Balusters,"Westwood Lumber Sales, COMMODITY - UNBRANDED, 1x12-16' Doug Fir STK Smooth 1S2E, 1513580",1X12-16' DOUG FIR STK SMOOTH 1S2E,COMMODITY - UNBRANDED 1x12-16' Doug Fir STK Smooth 1S2E 1513580,COMMODITY - UNBRANDED 1x12-16' Doug Fir STK Smooth 1S2E 1513580. High performance industrial and commercial grade 1x12-16' doug fir stk smooth 1s2e designed for professional applications.,COMMODITY - UNBRANDED 1x12-16' Doug Fir STK Smooth 1S2E,,,,,,,,,,,,,,,,,,,,,,,,,,,,,,,,,,,,,,,,,,,,,,,,,,,,,,,,,,,,,,,,,,,,,,,,,,,,,,,,,,,,,,,,,,,,,,,,,,,,,,,,,,,,,,,,,,,,,,,,,,,,,,,,,,,,,,,,,,,,,,,,,,,,,,,,,,,,,,,,,,,,,,,,,,,,,,,,,,,,,,,,,,,,,,,,,,,,,,,,,,,,,,,,,,,,,,,,,,,,,,,,
,,,,,,,Tools & Hardware,Abrasives,Grinding Wheels,,1501767,"3/4"" 4x8T&G Huber Blue PlusOSB - Sub Floor",,,,-,,,,1501767,,Tools & Hardware>Abrasives & Polishing>Grinding & Cut-Off Wheels,"3/4"" 4x8T&G Huber Blue PlusOSB - Sub Floor, 1501767","3/4"" 4X8T&G HUBER BLUE PLUSOSB - SUB FLOOR","3/4"" 4x8T&G Huber Blue PlusOSB - Sub Floor 1501767","3/4"" 4x8T&G Huber Blue PlusOSB - Sub Floor 1501767. High performance industrial and commercial grade 3/4"" 4x8t&g huber blue plusosb - sub floor designed for professional applications.","3/4"" 4x8T&G Huber Blue PlusOSB - Sub Floor",,,,,,,,,,,,,,,,,,,,,,,,,,,,,,,,,,,,,,,,,,,,,,,,,,,,,,,,,,,,,,,,,,,,,,,,,,,,,,,,,,,,,,,,,,,,,,,,,,,,,,,,,,,,,,,,,,,,,,,,,,,,,,,,,,,,,,,,,,,,,,,,,,,,,,,,,,,,,,,,,,,,,,,,,,,,,,,,,,,,,,,,,,,,,,,,,,,,,,,,,,,,,,,,,,,,,,,,,,,,,,,,
,,,,,,,Tools & Hardware,Abrasives,Sanding Belts & Discs,,PP-8BL,8' Premier Rib XL Black,,,,Premier Metals (PREME),Premier Metals,,,PP-8BL,,Tools & Hardware>Abrasives & Polishing>Sanding Belts & Discs,"Premier Metals, 8' Premier Rib XL Black, PP-8BL",8' PREMIER RIB XL BLACK,8' Premier Rib XL Black PP-8BL,8' Premier Rib XL Black PP-8BL. High performance industrial and commercial grade 8' premier rib xl black designed for professional applications.,8' Premier Rib XL Black,,,,,,,,,,,,,,,,,,,,,,,,,,,,,,,,,,,,,,,,,,,,,,,,,,,,,,,,,,,,,,,,,,,,,,,,,,,,,,,,,,,,,,,,,,,,,,,,,,,,,,,,,,,,,,,,,,,,,,,,,,,,,,,,,,,,,,,,,,,,,,,,,,,,,,,,,,,,,,,,,,,,,,,,,,,,,,,,,,,,,,,,,,,,,,,,,,,,,,,,,,,,,,,,,,,,,,,,,,,,,,,,
,,,,,,,Tools & Hardware,Abrasives,Sanding Belts & Discs,,PP-10BL,10' Premier Rib XL Black,,,,Premier Metals (PREME),Premier Metals,,,PP-10BL,,Tools & Hardware>Abrasives & Polishing>Sanding Belts & Discs,"Premier Metals, 10' Premier Rib XL Black, PP-10BL",10' PREMIER RIB XL BLACK,10' Premier Rib XL Black PP-10BL,10' Premier Rib XL Black PP-10BL. High performance industrial and commercial grade 10' premier rib xl black designed for professional applications.,10' Premier Rib XL Black,,,,,,,,,,,,,,,,,,,,,,,,,,,,,,,,,,,,,,,,,,,,,,,,,,,,,,,,,,,,,,,,,,,,,,,,,,,,,,,,,,,,,,,,,,,,,,,,,,,,,,,,,,,,,,,,,,,,,,,,,,,,,,,,,,,,,,,,,,,,,,,,,,,,,,,,,,,,,,,,,,,,,,,,,,,,,,,,,,,,,,,,,,,,,,,,,,,,,,,,,,,,,,,,,,,,,,,,,,,,,,,,
,,,,,,,Tools & Hardware,Abrasives,Sanding Belts & Discs,,PP-12BL,12' Premier Rib XL Black,,,,Premier Metals (PREME),Premier Metals,,,PP-12BL,,Tools & Hardware>Abrasives & Polishing>Sanding Belts & Discs,"Premier Metals, 12' Premier Rib XL Black, PP-12BL",12' PREMIER RIB XL BLACK,12' Premier Rib XL Black PP-12BL,12' Premier Rib XL Black PP-12BL. High performance industrial and commercial grade 12' premier rib xl black designed for professional applications.,12' Premier Rib XL Black,,,,,,,,,,,,,,,,,,,,,,,,,,,,,,,,,,,,,,,,,,,,,,,,,,,,,,,,,,,,,,,,,,,,,,,,,,,,,,,,,,,,,,,,,,,,,,,,,,,,,,,,,,,,,,,,,,,,,,,,,,,,,,,,,,,,,,,,,,,,,,,,,,,,,,,,,,,,,,,,,,,,,,,,,,,,,,,,,,,,,,,,,,,,,,,,,,,,,,,,,,,,,,,,,,,,,,,,,,,,,,,,
,,,,,,,Building Materials,Decking & Railing,Railing Kits,,PP-8CH,8' Premier Rib XL Charcoal,,,,Premier Metals (PREME),Premier Metals,,,PP-8CH,,Building Materials>Decking & Porch>Railing Kits & Balusters,"Premier Metals, 8' Premier Rib XL Charcoal, PP-8CH",8' PREMIER RIB XL CHARCOAL,8' Premier Rib XL Charcoal PP-8CH,8' Premier Rib XL Charcoal PP-8CH. High performance industrial and commercial grade 8' premier rib xl charcoal designed for professional applications.,8' Premier Rib XL Charcoal,,,,,,,,,,,,,,,,,,,,,,,,,,,,,,,,,,,,,,,,,,,,,,,,,,,,,,,,,,,,,,,,,,,,,,,,,,,,,,,,,,,,,,,,,,,,,,,,,,,,,,,,,,,,,,,,,,,,,,,,,,,,,,,,,,,,,,,,,,,,,,,,,,,,,,,,,,,,,,,,,,,,,,,,,,,,,,,,,,,,,,,,,,,,,,,,,,,,,,,,,,,,,,,,,,,,,,,,,,,,,,,,
,,,,,,,Building Materials,Decking & Railing,Railing Kits,,PP-10CH,10' Premier Rib XL Charcoal,,,,Premier Metals (PREME),Premier Metals,,,PP-10CH,,Building Materials>Decking & Porch>Railing Kits & Balusters,"Premier Metals, 10' Premier Rib XL Charcoal, PP-10CH",10' PREMIER RIB XL CHARCOAL,10' Premier Rib XL Charcoal PP-10CH,10' Premier Rib XL Charcoal PP-10CH. High performance industrial and commercial grade 10' premier rib xl charcoal designed for professional applications.,10' Premier Rib XL Charcoal,,,,,,,,,,,,,,,,,,,,,,,,,,,,,,,,,,,,,,,,,,,,,,,,,,,,,,,,,,,,,,,,,,,,,,,,,,,,,,,,,,,,,,,,,,,,,,,,,,,,,,,,,,,,,,,,,,,,,,,,,,,,,,,,,,,,,,,,,,,,,,,,,,,,,,,,,,,,,,,,,,,,,,,,,,,,,,,,,,,,,,,,,,,,,,,,,,,,,,,,,,,,,,,,,,,,,,,,,,,,,,,,
,,,,,,,Building Materials,Decking & Railing,Railing Kits,,PP-12CH,12' Premier Rib XL Charcoal,,,,Premier Metals (PREME),Premier Metals,,,PP-12CH,,Building Materials>Decking & Porch>Railing Kits & Balusters,"Premier Metals, 12' Premier Rib XL Charcoal, PP-12CH",12' PREMIER RIB XL CHARCOAL,12' Premier Rib XL Charcoal PP-12CH,12' Premier Rib XL Charcoal PP-12CH. High performance industrial and commercial grade 12' premier rib xl charcoal designed for professional applications.,12' Premier Rib XL Charcoal,,,,,,,,,,,,,,,,,,,,,,,,,,,,,,,,,,,,,,,,,,,,,,,,,,,,,,,,,,,,,,,,,,,,,,,,,,,,,,,,,,,,,,,,,,,,,,,,,,,,,,,,,,,,,,,,,,,,,,,,,,,,,,,,,,,,,,,,,,,,,,,,,,,,,,,,,,,,,,,,,,,,,,,,,,,,,,,,,,,,,,,,,,,,,,,,,,,,,,,,,,,,,,,,,,,,,,,,,,,,,,,,
,,,,,,,Tools & Hardware,Abrasives,Sanding Belts & Discs,,PP-8WH,8' Premier Rib XL White,,,,Premier Metals (PREME),Premier Metals,,,PP-8WH,,Tools & Hardware>Abrasives & Polishing>Sanding Belts & Discs,"Premier Metals, 8' Premier Rib XL White, PP-8WH",8' PREMIER RIB XL WHITE,8' Premier Rib XL White PP-8WH,8' Premier Rib XL White PP-8WH. High performance industrial and commercial grade 8' premier rib xl white designed for professional applications.,8' Premier Rib XL White,,,,,,,,,,,,,,,,,,,,,,,,,,,,,,,,,,,,,,,,,,,,,,,,,,,,,,,,,,,,,,,,,,,,,,,,,,,,,,,,,,,,,,,,,,,,,,,,,,,,,,,,,,,,,,,,,,,,,,,,,,,,,,,,,,,,,,,,,,,,,,,,,,,,,,,,,,,,,,,,,,,,,,,,,,,,,,,,,,,,,,,,,,,,,,,,,,,,,,,,,,,,,,,,,,,,,,,,,,,,,,,,
,,,,,,,Tools & Hardware,Abrasives,Sanding Belts & Discs,,PP-10WH,10' Premier Rib XL White,,,,Premier Metals (PREME),Premier Metals,,,PP-10WH,,Tools & Hardware>Abrasives & Polishing>Sanding Belts & Discs,"Premier Metals, 10' Premier Rib XL White, PP-10WH",10' PREMIER RIB XL WHITE,10' Premier Rib XL White PP-10WH,10' Premier Rib XL White PP-10WH. High performance industrial and commercial grade 10' premier rib xl white designed for professional applications.,10' Premier Rib XL White,,,,,,,,,,,,,,,,,,,,,,,,,,,,,,,,,,,,,,,,,,,,,,,,,,,,,,,,,,,,,,,,,,,,,,,,,,,,,,,,,,,,,,,,,,,,,,,,,,,,,,,,,,,,,,,,,,,,,,,,,,,,,,,,,,,,,,,,,,,,,,,,,,,,,,,,,,,,,,,,,,,,,,,,,,,,,,,,,,,,,,,,,,,,,,,,,,,,,,,,,,,,,,,,,,,,,,,,,,,,,,,,
,,,,,,,Tools & Hardware,Abrasives,Sanding Belts & Discs,,1504345,OC Duration TruDef Wburg Gray (BDL),,,,Palmer Donavin Mfg Company (PALDO),Palmer Donavin Mfg Company,,,1504345,,Tools & Hardware>Abrasives & Polishing>Sanding Belts & Discs,"Palmer Donavin Mfg Company, OC Duration TruDef Wburg Gray (BDL), 1504345",DURATION TRUDEF WBURG GRAY (BDL),OC Duration TruDef Wburg Gray (BDL) 1504345,OC Duration TruDef Wburg Gray (BDL) 1504345. High performance industrial and commercial grade oc duration trudef wburg gray (bdl) designed for professional applications.,OC Duration TruDef Wburg Gray (BDL),,,,,,,,,,,,,,,,,,,,,,,,,,,,,,,,,,,,,,,,,,,,,,,,,,,,,,,,,,,,,,,,,,,,,,,,,,,,,,,,,,,,,,,,,,,,,,,,,,,,,,,,,,,,,,,,,,,,,,,,,,,,,,,,,,,,,,,,,,,,,,,,,,,,,,,,,,,,,,,,,,,,,,,,,,,,,,,,,,,,,,,,,,,,,,,,,,,,,,,,,,,,,,,,,,,,,,,,,,,,,,,,
,,,,,,,Building Materials,Decking & Railing,Railing Kits,,2733,3'x65' Henry Eaveguard - Ice Guard,,,,Palmer Donavin Mfg Company (PALDO),Palmer Donavin Mfg Company,,,2733,,Building Materials>Decking & Porch>Railing Kits & Balusters,"Palmer Donavin Mfg Company, 3'x65' Henry Eaveguard - Ice Guard, 2733",3'X65' HENRY EAVEGUARD - ICE GUARD,3'x65' Henry Eaveguard - Ice Guard 2733,3'x65' Henry Eaveguard - Ice Guard 2733. High performance industrial and commercial grade 3'x65' henry eaveguard - ice guard designed for professional applications.,3'x65' Henry Eaveguard - Ice Guard,,,,,,,,,,,,,,,,,,,,,,,,,,,,,,,,,,,,,,,,,,,,,,,,,,,,,,,,,,,,,,,,,,,,,,,,,,,,,,,,,,,,,,,,,,,,,,,,,,,,,,,,,,,,,,,,,,,,,,,,,,,,,,,,,,,,,,,,,,,,,,,,,,,,,,,,,,,,,,,,,,,,,,,,,,,,,,,,,,,,,,,,,,,,,,,,,,,,,,,,,,,,,,,,,,,,,,,,,,,,,,,,
,,,,,,,Tools & Hardware,Abrasives,Sanding Belts & Discs,,7547,Ice Guard OC Weathr Lk Mat 2sq,,,,-,,,,7547,,Tools & Hardware>Abrasives & Polishing>Sanding Belts & Discs,"Ice Guard OC Weathr Lk Mat 2sq, 7547",GUARD OC WEATHR LK MAT 2SQ,Ice Guard OC Weathr Lk Mat 2sq 7547,Ice Guard OC Weathr Lk Mat 2sq 7547. High performance industrial and commercial grade ice guard oc weathr lk mat 2sq designed for professional applications.,Ice Guard OC Weathr Lk Mat 2sq,,,,,,,,,,,,,,,,,,,,,,,,,,,,,,,,,,,,,,,,,,,,,,,,,,,,,,,,,,,,,,,,,,,,,,,,,,,,,,,,,,,,,,,,,,,,,,,,,,,,,,,,,,,,,,,,,,,,,,,,,,,,,,,,,,,,,,,,,,,,,,,,,,,,,,,,,,,,,,,,,,,,,,,,,,,,,,,,,,,,,,,,,,,,,,,,,,,,,,,,,,,,,,,,,,,,,,,,,,,,,,,,
,,,,,,,Tools & Hardware,Abrasives,Sanding Belts & Discs,,8912220,"7-1/4""x12' Hardie Sdg Smooth - Primed HardiePlank",JAMESHARDIE,,,Boise Cascade Building Materials (BOICA),Boise Cascade Building Materials,JAMESHARDIE,,8912220,,Tools & Hardware>Abrasives & Polishing>Sanding Belts & Discs,"Boise Cascade Building Materials, JAMESHARDIE, 7-1/4""x12' Hardie Sdg Smooth - Primed HardiePlank, 8912220","7-1/4""X12' HARDIE SDG SMOOTH - PRIMED HARDIEPLANK","JAMESHARDIE 7-1/4""x12' Hardie Sdg Smooth - Primed HardiePlank 8912220","JAMESHARDIE 7-1/4""x12' Hardie Sdg Smooth - Primed HardiePlank 8912220. High performance industrial and commercial grade 7-1/4""x12' hardie sdg smooth - primed hardieplank designed for professional applications.","JAMESHARDIE 7-1/4""x12' Hardie Sdg Smooth - Primed HardiePlank",,,,,,,,,,,,,,,,,,,,,,,,,,,,,,,,,,,,,,,,,,,,,,,,,,,,,,,,,,,,,,,,,,,,,,,,,,,,,,,,,,,,,,,,,,,,,,,,,,,,,,,,,,,,,,,,,,,,,,,,,,,,,,,,,,,,,,,,,,,,,,,,,,,,,,,,,,,,,,,,,,,,,,,,,,,,,,,,,,,,,,,,,,,,,,,,,,,,,,,,,,,,,,,,,,,,,,,,,,,,,,,,
,,,,,,,Tools & Hardware,Abrasives,Sanding Belts & Discs,,8904015,4'x10' HardiePanel Smooth - Primed,JAMESHARDIE,,,Boise Cascade Building Materials (BOICA),Boise Cascade Building Materials,JAMESHARDIE,,8904015,,Tools & Hardware>Abrasives & Polishing>Sanding Belts & Discs,"Boise Cascade Building Materials, JAMESHARDIE, 4'x10' HardiePanel Smooth - Primed, 8904015",4'X10' HARDIEPANEL SMOOTH - PRIMED,JAMESHARDIE 4'x10' HardiePanel Smooth - Primed 8904015,JAMESHARDIE 4'x10' HardiePanel Smooth - Primed 8904015. High performance industrial and commercial grade 4'x10' hardiepanel smooth - primed designed for professional applications.,JAMESHARDIE 4'x10' HardiePanel Smooth - Primed,,,,,,,,,,,,,,,,,,,,,,,,,,,,,,,,,,,,,,,,,,,,,,,,,,,,,,,,,,,,,,,,,,,,,,,,,,,,,,,,,,,,,,,,,,,,,,,,,,,,,,,,,,,,,,,,,,,,,,,,,,,,,,,,,,,,,,,,,,,,,,,,,,,,,,,,,,,,,,,,,,,,,,,,,,,,,,,,,,,,,,,,,,,,,,,,,,,,,,,,,,,,,,,,,,,,,,,,,,,,,,,,
,,,,,,,Tools & Hardware,Abrasives,Sanding Belts & Discs,,25796,"6""x16' Smart Lap Sdg Cedar",LP SMARTSIDE,,,U S Lumber (3073),U S Lumber,LP SMARTSIDE,,25796,,Tools & Hardware>Abrasives & Polishing>Sanding Belts & Discs,"U S Lumber, LP SMARTSIDE, 6""x16' Smart Lap Sdg Cedar, 25796","6""X16' SMART LAP SDG CEDAR","LP SMARTSIDE 6""x16' Smart Lap Sdg Cedar 25796","LP SMARTSIDE 6""x16' Smart Lap Sdg Cedar 25796. High performance industrial and commercial grade 6""x16' smart lap sdg cedar designed for professional applications.","LP SMARTSIDE 6""x16' Smart Lap Sdg Cedar",,,,,,,,,,,,,,,,,,,,,,,,,,,,,,,,,,,,,,,,,,,,,,,,,,,,,,,,,,,,,,,,,,,,,,,,,,,,,,,,,,,,,,,,,,,,,,,,,,,,,,,,,,,,,,,,,,,,,,,,,,,,,,,,,,,,,,,,,,,,,,,,,,,,,,,,,,,,,,,,,,,,,,,,,,,,,,,,,,,,,,,,,,,,,,,,,,,,,,,,,,,,,,,,,,,,,,,,,,,,,,,,
,,,,,,,Building Materials,Decking & Railing,Railing Kits,,40503,"3/8"" 16""x16' Smart Pan Cedar - No-Groove Sq Edge B&B",LP SMARTSIDE,,,U S Lumber (3073),U S Lumber,LP SMARTSIDE,,40503,,Building Materials>Decking & Porch>Railing Kits & Balusters,"U S Lumber, LP SMARTSIDE, 3/8"" 16""x16' Smart Pan Cedar - No-Groove Sq Edge B&B, 40503","3/8"" 16""X16' SMART PAN CEDAR - NO-GROOVE SQ EDGE B&B","LP SMARTSIDE 3/8"" 16""x16' Smart Pan Cedar - No-Groove Sq Edge B&B 40503","LP SMARTSIDE 3/8"" 16""x16' Smart Pan Cedar - No-Groove Sq Edge B&B 40503. High performance industrial and commercial grade 3/8"" 16""x16' smart pan cedar - no-groove sq edge b&b designed for professional applications.","LP SMARTSIDE 3/8"" 16""x16' Smart Pan Cedar - No-Groove Sq Edge B&B",,,,,,,,,,,,,,,,,,,,,,,,,,,,,,,,,,,,,,,,,,,,,,,,,,,,,,,,,,,,,,,,,,,,,,,,,,,,,,,,,,,,,,,,,,,,,,,,,,,,,,,,,,,,,,,,,,,,,,,,,,,,,,,,,,,,,,,,,,,,,,,,,,,,,,,,,,,,,,,,,,,,,,,,,,,,,,,,,,,,,,,,,,,,,,,,,,,,,,,,,,,,,,,,,,,,,,,,,,,,,,,,
,,,,,,,Building Materials,Decking & Railing,Railing Kits,,25825,"3/8"" 4x10 Smart Pan Cedar - No-Groove w/Shiplap Edges",LP SMARTSIDE,,,U S Lumber (3073),U S Lumber,LP SMARTSIDE,,25825,,Building Materials>Decking & Porch>Railing Kits & Balusters,"U S Lumber, LP SMARTSIDE, 3/8"" 4x10 Smart Pan Cedar - No-Groove w/Shiplap Edges, 25825","3/8"" 4X10 SMART PAN CEDAR - NO-GROOVE W/SHIPLAP EDGES","LP SMARTSIDE 3/8"" 4x10 Smart Pan Cedar - No-Groove w/Shiplap Edges 25825","LP SMARTSIDE 3/8"" 4x10 Smart Pan Cedar - No-Groove w/Shiplap Edges 25825. High performance industrial and commercial grade 3/8"" 4x10 smart pan cedar - no-groove w/shiplap edges designed for professional applications.","LP SMARTSIDE 3/8"" 4x10 Smart Pan Cedar - No-Groove w/Shiplap Edges",,,,,,,,,,,,,,,,,,,,,,,,,,,,,,,,,,,,,,,,,,,,,,,,,,,,,,,,,,,,,,,,,,,,,,,,,,,,,,,,,,,,,,,,,,,,,,,,,,,,,,,,,,,,,,,,,,,,,,,,,,,,,,,,,,,,,,,,,,,,,,,,,,,,,,,,,,,,,,,,,,,,,,,,,,,,,,,,,,,,,,,,,,,,,,,,,,,,,,,,,,,,,,,,,,,,,,,,,,,,,,,,
,,,,,,,Appliances,Large Appliances,Refrigerators,,25822,"3/8"" 12""x16' Smart Vented Soff - Cedar Soffit",LP SMARTSIDE,,,U S Lumber (3073),U S Lumber,LP SMARTSIDE,,25822,,Appliances & Consumer Electronics>Kitchen Appliances>Refrigerators,"U S Lumber, LP SMARTSIDE, 3/8"" 12""x16' Smart Vented Soff - Cedar Soffit, 25822","3/8"" 12""X16' SMART VENTED SOFF - CEDAR SOFFIT","LP SMARTSIDE 3/8"" 12""x16' Smart Vented Soff - Cedar Soffit 25822","LP SMARTSIDE 3/8"" 12""x16' Smart Vented Soff - Cedar Soffit 25822. High performance industrial and commercial grade 3/8"" 12""x16' smart vented soff - cedar soffit designed for professional applications.","LP SMARTSIDE 3/8"" 12""x16' Smart Vented Soff - Cedar Soffit",,,,,,,,,,,,,,,,,,,,,,,,,,,,,,,,,,,,,,,,,,,,,,,,,,,,,,,,,,,,,,,,,,,,,,,,,,,,,,,,,,,,,,,,,,,,,,,,,,,,,,,,,,,,,,,,,,,,,,,,,,,,,,,,,,,,,,,,,,,,,,,,,,,,,,,,,,,,,,,,,,,,,,,,,,,,,,,,,,,,,,,,,,,,,,,,,,,,,,,,,,,,,,,,,,,,,,,,,,,,,,,,
,,,,,,,Building Materials,Decking & Railing,Railing Kits,,543650101,Black Alum ADA Wall Mount Trex,TREX,,,Boise Cascade Building Materials (BOICA),Boise Cascade Building Materials,TREX,,543650101,,Building Materials>Decking & Porch>Railing Kits & Balusters,"Boise Cascade Building Materials, TREX, Black Alum ADA Wall Mount Trex, 543650101",ALUM ADA WALL MOUNT TREX,TREX Black Alum ADA Wall Mount Trex 543650101,TREX Black Alum ADA Wall Mount Trex 543650101. High performance industrial and commercial grade black alum ada wall mount trex designed for professional applications.,TREX Black Alum ADA Wall Mount Trex,,,,,,,,,,,,,,,,,,,,,,,,,,,,,,,,,,,,,,,,,,,,,,,,,,,,,,,,,,,,,,,,,,,,,,,,,,,,,,,,,,,,,,,,,,,,,,,,,,,,,,,,,,,,,,,,,,,,,,,,,,,,,,,,,,,,,,,,,,,,,,,,,,,,,,,,,,,,,,,,,,,,,,,,,,,,,,,,,,,,,,,,,,,,,,,,,,,,,,,,,,,,,,,,,,,,,,,,,,,,,,,,
,,,,,,,Electrical,Fittings & Conduit,Cord Grips & Connectors,,543650010,Black Alum ADA Int End Cap - Trex,TREX,,,Boise Cascade Building Materials (BOICA),Boise Cascade Building Materials,TREX,,543650010,,Electrical>Conduit & Fittings>Cord Grips & Connectors,"Boise Cascade Building Materials, TREX, Black Alum ADA Int End Cap - Trex, 543650010",ALUM ADA INT END CAP - TREX,TREX Black Alum ADA Int End Cap - Trex 543650010,TREX Black Alum ADA Int End Cap - Trex 543650010. High performance industrial and commercial grade black alum ada int end cap - trex designed for professional applications.,TREX Black Alum ADA Int End Cap - Trex,,,,,,,,,,,,,,,,,,,,,,,,,,,,,,,,,,,,,,,,,,,,,,,,,,,,,,,,,,,,,,,,,,,,,,,,,,,,,,,,,,,,,,,,,,,,,,,,,,,,,,,,,,,,,,,,,,,,,,,,,,,,,,,,,,,,,,,,,,,,,,,,,,,,,,,,,,,,,,,,,,,,,,,,,,,,,,,,,,,,,,,,,,,,,,,,,,,,,,,,,,,,,,,,,,,,,,,,,,,,,,,,
,,,,,,,Building Materials,Decking & Railing,Railing Kits,,543650048,8' Black Alum ADA Rail Trex,TREX,,,Boise Cascade Building Materials (BOICA),Boise Cascade Building Materials,TREX,,543650048,,Building Materials>Decking & Porch>Railing Kits & Balusters,"Boise Cascade Building Materials, TREX, 8' Black Alum ADA Rail Trex, 543650048",8' BLACK ALUM ADA RAIL TREX,TREX 8' Black Alum ADA Rail Trex 543650048,TREX 8' Black Alum ADA Rail Trex 543650048. High performance industrial and commercial grade 8' black alum ada rail trex designed for professional applications.,TREX 8' Black Alum ADA Rail Trex,,,,,,,,,,,,,,,,,,,,,,,,,,,,,,,,,,,,,,,,,,,,,,,,,,,,,,,,,,,,,,,,,,,,,,,,,,,,,,,,,,,,,,,,,,,,,,,,,,,,,,,,,,,,,,,,,,,,,,,,,,,,,,,,,,,,,,,,,,,,,,,,,,,,,,,,,,,,,,,,,,,,,,,,,,,,,,,,,,,,,,,,,,,,,,,,,,,,,,,,,,,,,,,,,,,,,,,,,,,,,,,,
,,,,,,,Electrical,Fittings & Conduit,Cord Grips & Connectors,,1506969,"1-1/2"" 4x8 Huber Zip R6.6 - Insulated R-Sheathing",,,,-,,,,1506969,,Electrical>Conduit & Fittings>Cord Grips & Connectors,"1-1/2"" 4x8 Huber Zip R6.6 - Insulated R-Sheathing, 1506969","1-1/2"" 4X8 HUBER ZIP R6.6 - INSULATED R-SHEATHING","1-1/2"" 4x8 Huber Zip R6.6 - Insulated R-Sheathing 1506969","1-1/2"" 4x8 Huber Zip R6.6 - Insulated R-Sheathing 1506969. High performance industrial and commercial grade 1-1/2"" 4x8 huber zip r6.6 - insulated r-sheathing designed for professional applications.","1-1/2"" 4x8 Huber Zip R6.6 - Insulated R-Sheathing",,,,,,,,,,,,,,,,,,,,,,,,,,,,,,,,,,,,,,,,,,,,,,,,,,,,,,,,,,,,,,,,,,,,,,,,,,,,,,,,,,,,,,,,,,,,,,,,,,,,,,,,,,,,,,,,,,,,,,,,,,,,,,,,,,,,,,,,,,,,,,,,,,,,,,,,,,,,,,,,,,,,,,,,,,,,,,,,,,,,,,,,,,,,,,,,,,,,,,,,,,,,,,,,,,,,,,,,,,,,,,,,
,,,,,,,Electrical,Fittings & Conduit,Cord Grips & Connectors,,1514681,"1"" 4x8 Huber Zip R3.6 - Insulated R-Sheathing",,,,-,,,,1514681,,Electrical>Conduit & Fittings>Cord Grips & Connectors,"1"" 4x8 Huber Zip R3.6 - Insulated R-Sheathing, 1514681","1"" 4X8 HUBER ZIP R3.6 - INSULATED R-SHEATHING","1"" 4x8 Huber Zip R3.6 - Insulated R-Sheathing 1514681","1"" 4x8 Huber Zip R3.6 - Insulated R-Sheathing 1514681. High performance industrial and commercial grade 1"" 4x8 huber zip r3.6 - insulated r-sheathing designed for professional applications.","1"" 4x8 Huber Zip R3.6 - Insulated R-Sheathing",,,,,,,,,,,,,,,,,,,,,,,,,,,,,,,,,,,,,,,,,,,,,,,,,,,,,,,,,,,,,,,,,,,,,,,,,,,,,,,,,,,,,,,,,,,,,,,,,,,,,,,,,,,,,,,,,,,,,,,,,,,,,,,,,,,,,,,,,,,,,,,,,,,,,,,,,,,,,,,,,,,,,,,,,,,,,,,,,,,,,,,,,,,,,,,,,,,,,,,,,,,,,,,,,,,,,,,,,,,,,,,,
,,,,,,,Electrical,Fittings & Conduit,Cord Grips & Connectors,,1514726,"2"" 4x8 Huber Zip R9.6 - Insulated R-Sheathing",,,,-,,,,1514726,,Electrical>Conduit & Fittings>Cord Grips & Connectors,"2"" 4x8 Huber Zip R9.6 - Insulated R-Sheathing, 1514726","2"" 4X8 HUBER ZIP R9.6 - INSULATED R-SHEATHING","2"" 4x8 Huber Zip R9.6 - Insulated R-Sheathing 1514726","2"" 4x8 Huber Zip R9.6 - Insulated R-Sheathing 1514726. High performance industrial and commercial grade 2"" 4x8 huber zip r9.6 - insulated r-sheathing designed for professional applications.","2"" 4x8 Huber Zip R9.6 - Insulated R-Sheathing",,,,,,,,,,,,,,,,,,,,,,,,,,,,,,,,,,,,,,,,,,,,,,,,,,,,,,,,,,,,,,,,,,,,,,,,,,,,,,,,,,,,,,,,,,,,,,,,,,,,,,,,,,,,,,,,,,,,,,,,,,,,,,,,,,,,,,,,,,,,,,,,,,,,,,,,,,,,,,,,,,,,,,,,,,,,,,,,,,,,,,,,,,,,,,,,,,,,,,,,,,,,,,,,,,,,,,,,,,,,,,,,
,,,,,,,Tools & Hardware,Abrasives,Grinding Wheels,,1728ABL,2x2 Black Fine Fissured 1728BL,,,,Palmer Donavin Mfg Company (PALDO),Palmer Donavin Mfg Company,,,1728ABL,,Tools & Hardware>Abrasives & Polishing>Grinding & Cut-Off Wheels,"Palmer Donavin Mfg Company, 2x2 Black Fine Fissured 1728BL, 1728ABL",BLACK FINE FISSURED 1728BL,2x2 Black Fine Fissured 1728BL 1728ABL,2x2 Black Fine Fissured 1728BL 1728ABL. High performance industrial and commercial grade 2x2 black fine fissured 1728bl designed for professional applications.,2x2 Black Fine Fissured 1728BL,,,,,,,,,,,,,,,,,,,,,,,,,,,,,,,,,,,,,,,,,,,,,,,,,,,,,,,,,,,,,,,,,,,,,,,,,,,,,,,,,,,,,,,,,,,,,,,,,,,,,,,,,,,,,,,,,,,,,,,,,,,,,,,,,,,,,,,,,,,,,,,,,,,,,,,,,,,,,,,,,,,,,,,,,,,,,,,,,,,,,,,,,,,,,,,,,,,,,,,,,,,,,,,,,,,,,,,,,,,,,,,,
,,,,,,,Tools & Hardware,Power Tools,Saws & Blades,,402-R,402R 12V12AH 8D Battery,,,,MillerTech Energy Solutions (MILTE),MillerTech Energy Solutions,,,402-R,,Tools & Hardware>Power Tools>Power Saws,"MillerTech Energy Solutions, 402R 12V12AH 8D Battery, 402-R",12V12AH 8D BATTERY,402R 12V12AH 8D Battery 402-R,402R 12V12AH 8D Battery 402-R. High performance industrial and commercial grade 402r 12v12ah 8d battery designed for professional applications.,402R 12V12AH 8D Battery,,,,,,,,,,,,,,,,,,,,,,,,,,,,,,,,,,,,,,,,,,,,,,,,,,,,,,,,,,,,,,,,,,,,,,,,,,,,,,,,,,,,,,,,,,,,,,,,,,,,,,,,,,,,,,,,,,,,,,,,,,,,,,,,,,,,,,,,,,,,,,,,,,,,,,,,,,,,,,,,,,,,,,,,,,,,,,,,,,,,,,,,,,,,,,,,,,,,,,,,,,,,,,,,,,,,,,,,,,,,,,,,
,,,,,,,Building Materials,Decking & Railing,Railing Kits,,SL1672,SL1672 Jumpstart & Pwr Supply,,,Schumacher,-,,Schumacher,,SL1672,,Building Materials>Decking & Porch>Railing Kits & Balusters,"Schumacher, SL1672 Jumpstart & Pwr Supply, SL1672",JUMPSTART & PWR SUPPLY,Schumacher SL1672 Jumpstart & Pwr Supply SL1672,Schumacher SL1672 Jumpstart & Pwr Supply SL1672. High performance industrial and commercial grade sl1672 jumpstart & pwr supply designed for professional applications.,Schumacher SL1672 Jumpstart & Pwr Supply,,,,,,,,,,,,,,,,,,,,,,,,,,,,,,,,,,,,,,,,,,,,,,,,,,,,,,,,,,,,,,,,,,,,,,,,,,,,,,,,,,,,,,,,,,,,,,,,,,,,,,,,,,,,,,,,,,,,,,,,,,,,,,,,,,,,,,,,,,,,,,,,,,,,,,,,,,,,,,,,,,,,,,,,,,,,,,,,,,,,,,,,,,,,,,,,,,,,,,,,,,,,,,,,,,,,,,,,,,,,,,,,
,,,,,,,Electrical,Fittings & Conduit,Cord Grips & Connectors,,BM-DW20-YLW-6,BM-DW20-YLW-6 Dewalt - Battery Mounts 6pk,,,StealthMounts,Metalmark Industrial Inc (METIN),Metalmark Industrial Inc,StealthMounts,,BM-DW20-YLW-6,,Electrical>Conduit & Fittings>Cord Grips & Connectors,"Metalmark Industrial Inc, StealthMounts, BM-DW20-YLW-6 Dewalt - Battery Mounts 6pk, BM-DW20-YLW-6",DEWALT - BATTERY MOUNTS 6PK,StealthMounts BM-DW20-YLW-6 Dewalt - Battery Mounts 6pk BM-DW20-YLW-6,StealthMounts BM-DW20-YLW-6 Dewalt - Battery Mounts 6pk BM-DW20-YLW-6. High performance industrial and commercial grade bm-dw20-ylw-6 dewalt - battery mounts 6pk designed for professional applications.,StealthMounts BM-DW20-YLW-6 Dewalt - Battery Mounts 6pk,,,,,,,,,,,,,,,,,,,,,,,,,,,,,,,,,,,,,,,,,,,,,,,,,,,,,,,,,,,,,,,,,,,,,,,,,,,,,,,,,,,,,,,,,,,,,,,,,,,,,,,,,,,,,,,,,,,,,,,,,,,,,,,,,,,,,,,,,,,,,,,,,,,,,,,,,,,,,,,,,,,,,,,,,,,,,,,,,,,,,,,,,,,,,,,,,,,,,,,,,,,,,,,,,,,,,,,,,,,,,,,,
,,,,,,,Electrical,Fittings & Conduit,Cord Grips & Connectors,,BHA1-UPC,16-24 Adjust Hanger,,,Southwire,Southwire/g Turner (6603),Southwire/g Turner,Southwire,,BHA1-UPC,,Electrical>Conduit & Fittings>Cord Grips & Connectors,"Southwire/g Turner, Southwire, 16-24 Adjust Hanger, BHA1-UPC",ADJUST HANGER,Southwire 16-24 Adjust Hanger BHA1-UPC,Southwire 16-24 Adjust Hanger BHA1-UPC. High performance industrial and commercial grade 16-24 adjust hanger designed for professional applications.,Southwire 16-24 Adjust Hanger,,,,,,,,,,,,,,,,,,,,,,,,,,,,,,,,,,,,,,,,,,,,,,,,,,,,,,,,,,,,,,,,,,,,,,,,,,,,,,,,,,,,,,,,,,,,,,,,,,,,,,,,,,,,,,,,,,,,,,,,,,,,,,,,,,,,,,,,,,,,,,,,,,,,,,,,,,,,,,,,,,,,,,,,,,,,,,,,,,,,,,,,,,,,,,,,,,,,,,,,,,,,,,,,,,,,,,,,,,,,,,,,
,,,,,,,Electrical,Boxes & Covers,Weatherproof Box Covers,,G1941-UPC,"G1941UPC 4"" Sq Cover Sw/Outlet",,,Southwire,Southwire/g Turner (6603),Southwire/g Turner,Southwire,,G1941-UPC,,Electrical>Boxes Enclosures & Covers>Outlet & Switch Covers,"Southwire/g Turner, Southwire, Outlet, G1941-UPC","4"" SQ COVER SW/OUTLET",Southwire Outlet G1941-UPC,Southwire Outlet G1941-UPC. High performance industrial and commercial grade outlet designed for professional applications.,Southwire Outlet,,,,,,,,,,,,,,,,,,,,,,,,,,,Outlet,,,,,,,,,,,,,,,,,,,,,,,,,,,,,,,,,,,,,,,,,,,,,,,,,,,,,,,,,,,,,,,,,,,,,,,,,,,,,,,,,,,,,,,,,,,,,,,,,,,,,,,,,,,,,,,,,,,,,,,,,,,,,,,,,,,,,,,,,,,,,,,,,,,,,,,,,,,,,,,,,,,,,,,,,,,,,,,,,,,,,,,,,,,,,,,,,,,,,
,,,,,,,Electrical,Boxes & Covers,Weatherproof Box Covers,,G1950-UPC,4x4 2G GFI Box Cover,,,Southwire,Southwire/g Turner (6603),Southwire/g Turner,Southwire,,G1950-UPC,,Electrical>Boxes Enclosures & Covers>Outlet & Switch Covers,"Southwire/g Turner, Southwire, Box Cover, G1950-UPC",2G GFI BOX COVER,Southwire Box Cover G1950-UPC,Southwire Box Cover G1950-UPC. High performance industrial and commercial grade box cover designed for professional applications.,Southwire Box Cover,,,,,,,,,,,,,,,,,,,,,,,,,,,Box Cover,,,,,,,,,,,,,,,,,,,,,,,,,,,,,,,,,,,,,,,,,,,,,,,,,,,,,,,,,,,,,,,,,,,,,,,,,,,,,,,,,,,,,,,,,,,,,,,,,,,,,,,,,,,,,,,,,,,,,,,,,,,,,,,,,,,,,,,,,,,,,,,,,,,,,,,,,,,,,,,,,,,,,,,,,,,,,,,,,,,,,,,,,,,,,,,,,,,,,
,,,,,,,Electrical,Boxes & Covers,Weatherproof Box Covers,,A410RCAR,4x4 1G PVC Box Cover,,,Carlon,Thomas & Betts (7405),Thomas & Betts,Carlon,,A410RCAR,,Electrical>Boxes Enclosures & Covers>Outlet & Switch Covers,"Thomas & Betts, Carlon, Box Cover, A410RCAR",1G PVC BOX COVER,Carlon Box Cover A410RCAR,Carlon Box Cover A410RCAR. High performance industrial and commercial grade box cover designed for professional applications.,Carlon Box Cover,,,,,,,,,,,,,,,,,,,,,,,,,,,Box Cover,,,,,,,,,,,,,,,,,,,,,,,,,,,,,,,,,,,,,,,,,,,,,,,,,,,,,,,,,,,,,,,,,,,,,,,,,,,,,,,,,,,,,,,,,,,,,,,,,,,,,,,,,,,,,,,,,,,,,,,,,,,,,,,,,,,,,,,,,,,,,,,,,,,,,,,,,,,,,,,,,,,,,,,,,,,,,,,,,,,,,,,,,,,,,,,,,,,,,
,,,,,,,Electrical,Boxes & Covers,Weatherproof Box Covers,,G1951-UPC,4x4 2G GFCI Duplex Box Cover,,,Southwire,Southwire/g Turner (6603),Southwire/g Turner,Southwire,,G1951-UPC,,Electrical>Boxes Enclosures & Covers>Outlet & Switch Covers,"Southwire/g Turner, Southwire, Box Cover, G1951-UPC",2G GFCI DUPLEX BOX COVER,Southwire Box Cover G1951-UPC,Southwire Box Cover G1951-UPC. High performance industrial and commercial grade box cover designed for professional applications.,Southwire Box Cover,,,,,,,,,,,,,,,,,,,,,,,,,,,Box Cover,,,,,,,,,,,,,,,,,,,,,,,,,,,,,,,,,,,,,,,,,,,,,,,,,,,,,,,,,,,,,,,,,,,,,,,,,,,,,,,,,,,,,,,,,,,,,,,,,,,,,,,,,,,,,,,,,,,,,,,,,,,,,,,,,,,,,,,,,,,,,,,,,,,,,,,,,,,,,,,,,,,,,,,,,,,,,,,,,,,,,,,,,,,,,,,,,,,,,
,,,,,,,Electrical,Boxes & Covers,Weatherproof Box Covers,,52C3-5/8-UPC,4x4 1G Box Cover,,,Southwire,Southwire/g Turner (6603),Southwire/g Turner,Southwire,,52C3-5/8-UPC,,Electrical>Boxes Enclosures & Covers>Outlet & Switch Covers,"Southwire/g Turner, Southwire, Box Cover, 52C3-5/8-UPC",1G BOX COVER,Southwire Box Cover 52C3-5/8-UPC,Southwire Box Cover 52C3-5/8-UPC. High performance industrial and commercial grade box cover designed for professional applications.,Southwire Box Cover,,,,,,,,,,,,,,,,,,,,,,,,,,,Box Cover,,,,,,,,,,,,,,,,,,,,,,,,,,,,,,,,,,,,,,,,,,,,,,,,,,,,,,,,,,,,,,,,,,,,,,,,,,,,,,,,,,,,,,,,,,,,,,,,,,,,,,,,,,,,,,,,,,,,,,,,,,,,,,,,,,,,,,,,,,,,,,,,,,,,,,,,,,,,,,,,,,,,,,,,,,,,,,,,,,,,,,,,,,,,,,,,,,,,,
,,,,,,,Electrical,Boxes & Covers,Weatherproof Box Covers,,52C14-5/8-UPC,4x4 1G Box Cover,,,Southwire,Southwire/g Turner (6603),Southwire/g Turner,Southwire,,52C14-5/8-UPC,,Electrical>Boxes Enclosures & Covers>Outlet & Switch Covers,"Southwire/g Turner, Southwire, Box Cover, 52C14-5/8-UPC",1G BOX COVER,Southwire Box Cover 52C14-5/8-UPC,Southwire Box Cover 52C14-5/8-UPC. High performance industrial and commercial grade box cover designed for professional applications.,Southwire Box Cover,,,,,,,,,,,,,,,,,,,,,,,,,,,Box Cover,,,,,,,,,,,,,,,,,,,,,,,,,,,,,,,,,,,,,,,,,,,,,,,,,,,,,,,,,,,,,,,,,,,,,,,,,,,,,,,,,,,,,,,,,,,,,,,,,,,,,,,,,,,,,,,,,,,,,,,,,,,,,,,,,,,,,,,,,,,,,,,,,,,,,,,,,,,,,,,,,,,,,,,,,,,,,,,,,,,,,,,,,,,,,,,,,,,,,
,,,,,,,Electrical,Boxes & Covers,Weatherproof Box Covers,,52C3-UPC,4x4 1G Box Cover,,,Southwire,Southwire/g Turner (6603),Southwire/g Turner,Southwire,,52C3-UPC,,Electrical>Boxes Enclosures & Covers>Outlet & Switch Covers,"Southwire/g Turner, Southwire, Box Cover, 52C3-UPC",1G BOX COVER,Southwire Box Cover 52C3-UPC,Southwire Box Cover 52C3-UPC. High performance industrial and commercial grade box cover designed for professional applications.,Southwire Box Cover,,,,,,,,,,,,,,,,,,,,,,,,,,,Box Cover,,,,,,,,,,,,,,,,,,,,,,,,,,,,,,,,,,,,,,,,,,,,,,,,,,,,,,,,,,,,,,,,,,,,,,,,,,,,,,,,,,,,,,,,,,,,,,,,,,,,,,,,,,,,,,,,,,,,,,,,,,,,,,,,,,,,,,,,,,,,,,,,,,,,,,,,,,,,,,,,,,,,,,,,,,,,,,,,,,,,,,,,,,,,,,,,,,,,,
,,,,,,,Building Materials,Decking & Railing,Railing Kits,,54151-F-UPC,4x4x1-1/2 Oct Box w/Bracket,,,Southwire,Southwire/g Turner (6603),Southwire/g Turner,Southwire,,54151-F-UPC,,Building Materials>Decking & Porch>Railing Kits & Balusters,"Southwire/g Turner, Southwire, 4x4x1-1/2 Oct Box w/Bracket, 54151-F-UPC",4X4X1-1/2 OCT BOX W/BRACKET,Southwire 4x4x1-1/2 Oct Box w/Bracket 54151-F-UPC,Southwire 4x4x1-1/2 Oct Box w/Bracket 54151-F-UPC. High performance industrial and commercial grade 4x4x1-1/2 oct box w/bracket designed for professional applications.,Southwire 4x4x1-1/2 Oct Box w/Bracket,,,,,,,,,,,,,,,,,,,,,,,,,,,,,,,,,,,,,,,,,,,,,,,,,,,,,,,,,,,,,,,,,,,,,,,,,,,,,,,,,,,,,,,,,,,,,,,,,,,,,,,,,,,,,,,,,,,,,,,,,,,,,,,,,,,,,,,,,,,,,,,,,,,,,,,,,,,,,,,,,,,,,,,,,,,,,,,,,,,,,,,,,,,,,,,,,,,,,,,,,,,,,,,,,,,,,,,,,,,,,,,,
,,,,,,,Electrical,Boxes & Covers,Weatherproof Box Covers,,54151-HUR-UPC,4x4x1-1/2 Oct Box w/Hanger,,,Southwire,Southwire/g Turner (6603),Southwire/g Turner,Southwire,,54151-HUR-UPC,,Electrical>Boxes Enclosures & Covers>Outlet & Switch Covers,"Southwire/g Turner, Southwire, 4x4x1-1/2 Oct Box w/Hanger, 54151-HUR-UPC",4X4X1-1/2 OCT BOX W/HANGER,Southwire 4x4x1-1/2 Oct Box w/Hanger 54151-HUR-UPC,Southwire 4x4x1-1/2 Oct Box w/Hanger 54151-HUR-UPC. High performance industrial and commercial grade 4x4x1-1/2 oct box w/hanger designed for professional applications.,Southwire 4x4x1-1/2 Oct Box w/Hanger,,,,,,,,,,,,,,,,,,,,,,,,,,,,,,,,,,,,,,,,,,,,,,,,,,,,,,,,,,,,,,,,,,,,,,,,,,,,,,,,,,,,,,,,,,,,,,,,,,,,,,,,,,,,,,,,,,,,,,,,,,,,,,,,,,,,,,,,,,,,,,,,,,,,,,,,,,,,,,,,,,,,,,,,,,,,,,,,,,,,,,,,,,,,,,,,,,,,,,,,,,,,,,,,,,,,,,,,,,,,,,,,
,,,,,,,Electrical,Boxes & Covers,Weatherproof Box Covers,,54151-JR-UPC,4x4x1-1/2 Oct Box w/Brakcet,,,Southwire,Southwire/g Turner (6603),Southwire/g Turner,Southwire,,54151-JR-UPC,,Electrical>Boxes Enclosures & Covers>Outlet & Switch Covers,"Southwire/g Turner, Southwire, 4x4x1-1/2 Oct Box w/Brakcet, 54151-JR-UPC",4X4X1-1/2 OCT BOX W/BRAKCET,Southwire 4x4x1-1/2 Oct Box w/Brakcet 54151-JR-UPC,Southwire 4x4x1-1/2 Oct Box w/Brakcet 54151-JR-UPC. High performance industrial and commercial grade 4x4x1-1/2 oct box w/brakcet designed for professional applications.,Southwire 4x4x1-1/2 Oct Box w/Brakcet,,,,,,,,,,,,,,,,,,,,,,,,,,,,,,,,,,,,,,,,,,,,,,,,,,,,,,,,,,,,,,,,,,,,,,,,,,,,,,,,,,,,,,,,,,,,,,,,,,,,,,,,,,,,,,,,,,,,,,,,,,,,,,,,,,,,,,,,,,,,,,,,,,,,,,,,,,,,,,,,,,,,,,,,,,,,,,,,,,,,,,,,,,,,,,,,,,,,,,,,,,,,,,,,,,,,,,,,,,,,,,,,
,,,,,,,Electrical,Boxes & Covers,Weatherproof Box Covers,,54171-R-UPC,4x4x2 Oct Box,,,Southwire,Southwire/g Turner (6603),Southwire/g Turner,Southwire,,54171-R-UPC,,Electrical>Boxes Enclosures & Covers>Outlet & Switch Covers,"Southwire/g Turner, Southwire, 4x4x2 Oct Box, 54171-R-UPC",OCT BOX,Southwire 4x4x2 Oct Box 54171-R-UPC,Southwire 4x4x2 Oct Box 54171-R-UPC. High performance industrial and commercial grade 4x4x2 oct box designed for professional applications.,Southwire 4x4x2 Oct Box,,,,,,,,,,,,,,,,,,,,,,,,,,,,,,,,,,,,,,,,,,,,,,,,,,,,,,,,,,,,,,,,,,,,,,,,,,,,,,,,,,,,,,,,,,,,,,,,,,,,,,,,,,,,,,,,,,,,,,,,,,,,,,,,,,,,,,,,,,,,,,,,,,,,,,,,,,,,,,,,,,,,,,,,,,,,,,,,,,,,,,,,,,,,,,,,,,,,,,,,,,,,,,,,,,,,,,,,,,,,,,,,
,,,,,,,Electrical,Boxes & Covers,Weatherproof Box Covers,,52151-S-UPC,4x4x1-1/2 Square Box,,,Southwire,Southwire/g Turner (6603),Southwire/g Turner,Southwire,,52151-S-UPC,,Electrical>Boxes Enclosures & Covers>Outlet & Switch Covers,"Southwire/g Turner, Southwire, 4x4x1-1/2 Square Box, 52151-S-UPC",4X4X1-1/2 SQUARE BOX,Southwire 4x4x1-1/2 Square Box 52151-S-UPC,Southwire 4x4x1-1/2 Square Box 52151-S-UPC. High performance industrial and commercial grade 4x4x1-1/2 square box designed for professional applications.,Southwire 4x4x1-1/2 Square Box,,,,,,,,,,,,,,,,,,,,,,,,,,,,,,,,,,,,,,,,,,,,,,,,,,,,,,,,,,,,,,,,,,,,,,,,,,,,,,,,,,,,,,,,,,,,,,,,,,,,,,,,,,,,,,,,,,,,,,,,,,,,,,,,,,,,,,,,,,,,,,,,,,,,,,,,,,,,,,,,,,,,,,,,,,,,,,,,,,,,,,,,,,,,,,,,,,,,,,,,,,,,,,,,,,,,,,,,,,,,,,,,
,,,,,,,Electrical,Boxes & Covers,Weatherproof Box Covers,,72171-3/4-1W-UPC,4-1/2x4-1/2x2 2G Box,,,Southwire,Southwire/g Turner (6603),Southwire/g Turner,Southwire,,72171-3/4-1W-UPC,,Electrical>Boxes Enclosures & Covers>Outlet & Switch Covers,"Southwire/g Turner, Southwire, 4-1/2x4-1/2x2 2G Box, 72171-3/4-1W-UPC",4-1/2X4-1/2X2 2G BOX,Southwire 4-1/2x4-1/2x2 2G Box 72171-3/4-1W-UPC,Southwire 4-1/2x4-1/2x2 2G Box 72171-3/4-1W-UPC. High performance industrial and commercial grade 4-1/2x4-1/2x2 2g box designed for professional applications.,Southwire 4-1/2x4-1/2x2 2G Box,,,,,,,,,,,,,,,,,,,,,,,,,,,,,,,,,,,,,,,,,,,,,,,,,,,,,,,,,,,,,,,,,,,,,,,,,,,,,,,,,,,,,,,,,,,,,,,,,,,,,,,,,,,,,,,,,,,,,,,,,,,,,,,,,,,,,,,,,,,,,,,,,,,,,,,,,,,,,,,,,,,,,,,,,,,,,,,,,,,,,,,,,,,,,,,,,,,,,,,,,,,,,,,,,,,,,,,,,,,,,,,,
,,,,,,,Electrical,Fittings & Conduit,Cord Grips & Connectors,,5522-5EV,5522-5EV 2 Port Decor Plate,,,,Cooper Wiring Devices (3560),Cooper Wiring Devices,,,5522-5EV,,Electrical>Conduit & Fittings>Cord Grips & Connectors,"Cooper Wiring Devices, 5522-5EV 2 Port Decor Plate, 5522-5EV",2 PORT DECOR PLATE,5522-5EV 2 Port Decor Plate 5522-5EV,5522-5EV 2 Port Decor Plate 5522-5EV. High performance industrial and commercial grade 5522-5ev 2 port decor plate designed for professional applications.,5522-5EV 2 Port Decor Plate,,,,,,,,,,,,,,,,,,,,,,,,,,,,,,,,,,,,,,,,,,,,,,,,,,,,,,,,,,,,,,,,,,,,,,,,,,,,,,,,,,,,,,,,,,,,,,,,,,,,,,,,,,,,,,,,,,,,,,,,,,,,,,,,,,,,,,,,,,,,,,,,,,,,,,,,,,,,,,,,,,,,,,,,,,,,,,,,,,,,,,,,,,,,,,,,,,,,,,,,,,,,,,,,,,,,,,,,,,,,,,,,
,,,,,,,Lighting & Ceiling Fans,Light Bulbs,LED Bulbs,,AYCL-153PH-LA,AYCL-153PH-LA Lutron Dimmer LA,,,,Fenton Bros Electric Inc (FENBR),Fenton Bros Electric Inc,,,AYCL-153PH-LA,,Lighting & Electrical>Light Bulbs>LED Bulbs,"Fenton Bros Electric Inc, AYCL-153PH-LA Lutron Dimmer LA, AYCL-153PH-LA",LUTRON DIMMER LA,AYCL-153PH-LA Lutron Dimmer LA AYCL-153PH-LA,AYCL-153PH-LA Lutron Dimmer LA AYCL-153PH-LA. High performance industrial and commercial grade aycl-153ph-la lutron dimmer la designed for professional applications.,AYCL-153PH-LA Lutron Dimmer LA,,,,,,,,,,,,,,,,,,,,,,,,,,,,,,,,,,,,,,,,,,,,,,,,,,,,,,,,,,,,,,,,,,,,,,,,,,,,,,,,,,,,,,,,,,,,,,,,,,,,,,,,,,,,,,,,,,,,,,,,,,,,,,,,,,,,,,,,,,,,,,,,,,,,,,,,,,,,,,,,,,,,,,,,,,,,,,,,,,,,,,,,,,,,,,,,,,,,,,,,,,,,,,,,,,,,,,,,,,,,,,,,
,,,,,,,Lighting & Ceiling Fans,Light Bulbs,LED Bulbs,,AYCL-153PH-WH,AYCL-153PH-WH Lutron Dimmer Wh,,,,Fenton Bros Electric Inc (FENBR),Fenton Bros Electric Inc,,,AYCL-153PH-WH,,Lighting & Electrical>Light Bulbs>LED Bulbs,"Fenton Bros Electric Inc, AYCL-153PH-WH Lutron Dimmer Wh, AYCL-153PH-WH",LUTRON DIMMER WH,AYCL-153PH-WH Lutron Dimmer Wh AYCL-153PH-WH,AYCL-153PH-WH Lutron Dimmer Wh AYCL-153PH-WH. High performance industrial and commercial grade aycl-153ph-wh lutron dimmer wh designed for professional applications.,AYCL-153PH-WH Lutron Dimmer Wh,,,,,,,,,,,,,,,,,,,,,,,,,,,,,,,,,,,,,,,,,,,,,,,,,,,,,,,,,,,,,,,,,,,,,,,,,,,,,,,,,,,,,,,,,,,,,,,,,,,,,,,,,,,,,,,,,,,,,,,,,,,,,,,,,,,,,,,,,,,,,,,,,,,,,,,,,,,,,,,,,,,,,,,,,,,,,,,,,,,,,,,,,,,,,,,,,,,,,,,,,,,,,,,,,,,,,,,,,,,,,,,,
,,,,,,,Lighting & Ceiling Fans,Commercial Lighting,Wrap & Strip Lights,,D23LP-R02-1RW,D23LPR021RW Plug In Dimmer Wh,,,Leviton,Leviton Mfg Co (4927),Leviton Mfg Co,Leviton,,D23LP-R02-1RW,,Lighting & Electrical>Light Fixtures>LED Wrap & Linear Fixtures,"Leviton Mfg Co, Leviton, D23LPR021RW Plug In Dimmer Wh, D23LP-R02-1RW",PLUG IN DIMMER WH,Leviton D23LPR021RW Plug In Dimmer Wh D23LP-R02-1RW,Leviton D23LPR021RW Plug In Dimmer Wh D23LP-R02-1RW. High performance industrial and commercial grade d23lpr021rw plug in dimmer wh designed for professional applications.,Leviton D23LPR021RW Plug In Dimmer Wh,,,,,,,,,,,,,,,,,,,,,,,,,,,,,,,,,,,,,,,,,,,,,,,,,,,,,,,,,,,,,,,,,,,,,,,,,,,,,,,,,,,,,,,,,,,,,,,,,,,,,,,,,,,,,,,,,,,,,,,,,,,,,,,,,,,,,,,,,,,,,,,,,,,,,,,,,,,,,,,,,,,,,,,,,,,,,,,,,,,,,,,,,,,,,,,,,,,,,,,,,,,,,,,,,,,,,,,,,,,,,,,,
,,,,,,,Appliances,Kitchen Appliances,Microwaves,,TNOCD002,TNOCD002 125V Outdooor Timer,,,Prime,Prime Wire & Cable (3562),Prime Wire & Cable,Prime,,TNOCD002,,Appliances & Consumer Electronics>Kitchen Appliances>Microwave Ovens,"Prime Wire & Cable, Prime, TNOCD002 125V Outdooor Timer, TNOCD002",125V OUTDOOOR TIMER,Prime TNOCD002 125V Outdooor Timer TNOCD002,Prime TNOCD002 125V Outdooor Timer TNOCD002. High performance industrial and commercial grade tnocd002 125v outdooor timer designed for professional applications.,Prime TNOCD002 125V Outdooor Timer,,,,,,,,,,,,,,,,,,,,,,,,,,,,,,,,,,,,,,,,,,,,,,,,,,,,,,,,,,,,,,,,,,,,,,,,,,,,,,,,,,,,,,,,,,,,,,,,,,,,,,,,,,,,,,,,,,,,,,,,,,,,,,,,,,,,,,,,,,,,,,,,,,,,,,,,,,,,,,,,,,,,,,,,,,,,,,,,,,,,,,,,,,,,,,,,,,,,,,,,,,,,,,,,,,,,,,,,,,,,,,,,
,,,,,,,Appliances,Kitchen Appliances,Microwaves,,TNDHD002,TNDHD002 125V 7Day Timer,,,Prime,Prime Wire & Cable (3562),Prime Wire & Cable,Prime,,TNDHD002,,Appliances & Consumer Electronics>Kitchen Appliances>Microwave Ovens,"Prime Wire & Cable, Prime, TNDHD002 125V 7Day Timer, TNDHD002",125V 7DAY TIMER,Prime TNDHD002 125V 7Day Timer TNDHD002,Prime TNDHD002 125V 7Day Timer TNDHD002. High performance industrial and commercial grade tndhd002 125v 7day timer designed for professional applications.,Prime TNDHD002 125V 7Day Timer,,,,,,,,,,,,,,,,,,,,,,,,,,,,,,,,,,,,,,,,,,,,,,,,,,,,,,,,,,,,,,,,,,,,,,,,,,,,,,,,,,,,,,,,,,,,,,,,,,,,,,,,,,,,,,,,,,,,,,,,,,,,,,,,,,,,,,,,,,,,,,,,,,,,,,,,,,,,,,,,,,,,,,,,,,,,,,,,,,,,,,,,,,,,,,,,,,,,,,,,,,,,,,,,,,,,,,,,,,,,,,,,
,,,,,,,Appliances,Kitchen Appliances,Microwaves,,TNIDP12,TNIDP12 125V Dig Indoor Timer,,,Prime,Prime Wire & Cable (3562),Prime Wire & Cable,Prime,,TNIDP12,,Appliances & Consumer Electronics>Kitchen Appliances>Microwave Ovens,"Prime Wire & Cable, Prime, TNIDP12 125V Dig Indoor Timer, TNIDP12",125V DIG INDOOR TIMER,Prime TNIDP12 125V Dig Indoor Timer TNIDP12,Prime TNIDP12 125V Dig Indoor Timer TNIDP12. High performance industrial and commercial grade tnidp12 125v dig indoor timer designed for professional applications.,Prime TNIDP12 125V Dig Indoor Timer,,,,,,,,,,,,,,,,,,,,,,,,,,,,,,,,,,,,,,,,,,,,,,,,,,,,,,,,,,,,,,,,,,,,,,,,,,,,,,,,,,,,,,,,,,,,,,,,,,,,,,,,,,,,,,,,,,,,,,,,,,,,,,,,,,,,,,,,,,,,,,,,,,,,,,,,,,,,,,,,,,,,,,,,,,,,,,,,,,,,,,,,,,,,,,,,,,,,,,,,,,,,,,,,,,,,,,,,,,,,,,,,
,,,,,,,Appliances,Kitchen Appliances,Microwaves,,TNIW24,TNIW24 125V 24hr Mech Timer,,,Prime,Prime Wire & Cable (3562),Prime Wire & Cable,Prime,,TNIW24,,Appliances & Consumer Electronics>Kitchen Appliances>Microwave Ovens,"Prime Wire & Cable, Prime, TNIW24 125V 24hr Mech Timer, TNIW24",125V 24HR MECH TIMER,Prime TNIW24 125V 24hr Mech Timer TNIW24,Prime TNIW24 125V 24hr Mech Timer TNIW24. High performance industrial and commercial grade tniw24 125v 24hr mech timer designed for professional applications.,Prime TNIW24 125V 24hr Mech Timer,,,,,,,,,,,,,,,,,,,,,,,,,,,,,,,,,,,,,,,,,,,,,,,,,,,,,,,,,,,,,,,,,,,,,,,,,,,,,,,,,,,,,,,,,,,,,,,,,,,,,,,,,,,,,,,,,,,,,,,,,,,,,,,,,,,,,,,,,,,,,,,,,,,,,,,,,,,,,,,,,,,,,,,,,,,,,,,,,,,,,,,,,,,,,,,,,,,,,,,,,,,,,,,,,,,,,,,,,,,,,,,,
,,,,,,,Lighting & Ceiling Fans,Light Bulbs,LED Bulbs,,65-1222,65-1222 1' Led Lt Multi CCT,,,,Satco Prod Inc (5573),Satco Prod Inc,,,65-1222,,Lighting & Electrical>Light Bulbs>LED Bulbs,"Satco Prod Inc, 65-1222 1' Led Lt Multi CCT, 65-1222",1' LED LT MULTI CCT,65-1222 1' Led Lt Multi CCT 65-1222,65-1222 1' Led Lt Multi CCT 65-1222. High performance industrial and commercial grade 65-1222 1' led lt multi cct designed for professional applications.,65-1222 1' Led Lt Multi CCT,,,,,,,,,,,,,,,,,,,,,,,,,,,,,,,,,,,,,,,,,,,,,,,,,,,,,,,,,,,,,,,,,,,,,,,,,,,,,,,,,,,,,,,,,,,,,,,,,,,,,,,,,,,,,,,,,,,,,,,,,,,,,,,,,,,,,,,,,,,,,,,,,,,,,,,,,,,,,,,,,,,,,,,,,,,,,,,,,,,,,,,,,,,,,,,,,,,,,,,,,,,,,,,,,,,,,,,,,,,,,,,,
,,,,,,,Lighting & Ceiling Fans,Commercial Lighting,Wrap & Strip Lights,,65-1224,65-1224 4' Led Strip Light,,,Satco,Satco Prod Inc (5573),Satco Prod Inc,Satco,,65-1224,,Lighting & Electrical>Light Fixtures>LED Wrap & Linear Fixtures,"Satco Prod Inc, Satco, Light, 65-1224",4' LED STRIP LIGHT,Satco Light 65-1224,Satco Light 65-1224. High performance industrial and commercial grade light designed for professional applications.,Satco Light,,,,,,,,,,,,,,,,,,,,,,,,,,,Light,,,,,,,,,,,,,,,,,,,,,,,,,,,,,,,,,,,,,,,,,,,,,,,,,,,,,,,,,,,,,,,,,,,,,,,,,,,,,,,,,,,,,,,,,,,,,,,,,,,,,,,,,,,,,,,,,,,,,,,,,,,,,,,,,,,,,,,,,,,,,,,,,,,,,,,,,,,,,,,,,,,,,,,,,,,,,,,,,,,,,,,,,,,,,,,,,,,,,
,,,,,,,Lighting & Ceiling Fans,Indoor Lighting,Chandeliers & Pendants,,45297BK,45297BK Kichler Wall Lt,,,,Kichler Lighting (KICLI),Kichler Lighting,Kichler,,45297BK,,Lighting & Electrical>Light Fixtures>Chandeliers & Pendants,"Kichler Lighting, Kichler, 45297BK Kichler Wall Lt, 45297BK",KICHLER WALL LT,Kichler 45297BK Kichler Wall Lt 45297BK,Kichler 45297BK Kichler Wall Lt 45297BK. High performance industrial and commercial grade 45297bk kichler wall lt designed for professional applications.,Kichler 45297BK Kichler Wall Lt,,,,,,,,,,,,,,,,,,,,,,,,,,,,,,,,,,,,,,,,,,,,,,,,,,,,,,,,,,,,,,,,,,,,,,,,,,,,,,,,,,,,,,,,,,,,,,,,,,,,,,,,,,,,,,,,,,,,,,,,,,,,,,,,,,,,,,,,,,,,,,,,,,,,,,,,,,,,,,,,,,,,,,,,,,,,,,,,,,,,,,,,,,,,,,,,,,,,,,,,,,,,,,,,,,,,,,,,,,,,,,,,
,,,,,,,Lighting & Ceiling Fans,Indoor Lighting,Chandeliers & Pendants,,45573BK,45573BK Kichler Wall Light,,,,Kichler Lighting (KICLI),Kichler Lighting,Kichler,,45573BK,,Lighting & Electrical>Light Fixtures>Chandeliers & Pendants,"Kichler Lighting, Kichler, Light, 45573BK",KICHLER WALL LIGHT,Kichler Light 45573BK,Kichler Light 45573BK. High performance industrial and commercial grade light designed for professional applications.,Kichler Light,,,,,,,,,,,,,,,,,,,,,,,,,,,Light,,,,,,,,,,,,,,,,,,,,,,,,,,,,,,,,,,,,,,,,,,,,,,,,,,,,,,,,,,,,,,,,,,,,,,,,,,,,,,,,,,,,,,,,,,,,,,,,,,,,,,,,,,,,,,,,,,,,,,,,,,,,,,,,,,,,,,,,,,,,,,,,,,,,,,,,,,,,,,,,,,,,,,,,,,,,,,,,,,,,,,,,,,,,,,,,,,,,,
,,,,,,,Lighting & Ceiling Fans,Indoor Lighting,Chandeliers & Pendants,,37418A,37418A Kichler Bath Light,,,,Kichler Lighting (KICLI),Kichler Lighting,Kichler,,37418A,,Lighting & Electrical>Light Fixtures>Chandeliers & Pendants,"Kichler Lighting, Kichler, Light, 37418A",KICHLER BATH LIGHT,Kichler Light 37418A,Kichler Light 37418A. High performance industrial and commercial grade light designed for professional applications.,Kichler Light,,,,,,,,,,,,,,,,,,,,,,,,,,,Light,,,,,,,,,,,,,,,,,,,,,,,,,,,,,,,,,,,,,,,,,,,,,,,,,,,,,,,,,,,,,,,,,,,,,,,,,,,,,,,,,,,,,,,,,,,,,,,,,,,,,,,,,,,,,,,,,,,,,,,,,,,,,,,,,,,,,,,,,,,,,,,,,,,,,,,,,,,,,,,,,,,,,,,,,,,,,,,,,,,,,,,,,,,,,,,,,,,,,
,,,,,,,Lighting & Ceiling Fans,Indoor Lighting,Chandeliers & Pendants,,37423A,37423A Kichler Bath Light,,,,Kichler Lighting (KICLI),Kichler Lighting,Kichler,,37423A,,Lighting & Electrical>Light Fixtures>Chandeliers & Pendants,"Kichler Lighting, Kichler, Light, 37423A",KICHLER BATH LIGHT,Kichler Light 37423A,Kichler Light 37423A. High performance industrial and commercial grade light designed for professional applications.,Kichler Light,,,,,,,,,,,,,,,,,,,,,,,,,,,Light,,,,,,,,,,,,,,,,,,,,,,,,,,,,,,,,,,,,,,,,,,,,,,,,,,,,,,,,,,,,,,,,,,,,,,,,,,,,,,,,,,,,,,,,,,,,,,,,,,,,,,,,,,,,,,,,,,,,,,,,,,,,,,,,,,,,,,,,,,,,,,,,,,,,,,,,,,,,,,,,,,,,,,,,,,,,,,,,,,,,,,,,,,,,,,,,,,,,,
,,,,,,,Lighting & Ceiling Fans,Indoor Lighting,Chandeliers & Pendants,,45496BKCLR,45496BKCLR Kichler Bath Light,,,,Kichler Lighting (KICLI),Kichler Lighting,Kichler,,45496BKCLR,,Lighting & Electrical>Light Fixtures>Chandeliers & Pendants,"Kichler Lighting, Kichler, Light, 45496BKCLR",KICHLER BATH LIGHT,Kichler Light 45496BKCLR,Kichler Light 45496BKCLR. High performance industrial and commercial grade light designed for professional applications.,Kichler Light,,,,,,,,,,,,,,,,,,,,,,,,,,,Light,,,,,,,,,,,,,,,,,,,,,,,,,,,,,,,,,,,,,,,,,,,,,,,,,,,,,,,,,,,,,,,,,,,,,,,,,,,,,,,,,,,,,,,,,,,,,,,,,,,,,,,,,,,,,,,,,,,,,,,,,,,,,,,,,,,,,,,,,,,,,,,,,,,,,,,,,,,,,,,,,,,,,,,,,,,,,,,,,,,,,,,,,,,,,,,,,,,,,
,,,,,,,Lighting & Ceiling Fans,Indoor Lighting,Chandeliers & Pendants,,45973BK,45973BK Kichler Wall Light,,,,Kichler Lighting (KICLI),Kichler Lighting,Kichler,,45973BK,,Lighting & Electrical>Light Fixtures>Chandeliers & Pendants,"Kichler Lighting, Kichler, Light, 45973BK",KICHLER WALL LIGHT,Kichler Light 45973BK,Kichler Light 45973BK. High performance industrial and commercial grade light designed for professional applications.,Kichler Light,,,,,,,,,,,,,,,,,,,,,,,,,,,Light,,,,,,,,,,,,,,,,,,,,,,,,,,,,,,,,,,,,,,,,,,,,,,,,,,,,,,,,,,,,,,,,,,,,,,,,,,,,,,,,,,,,,,,,,,,,,,,,,,,,,,,,,,,,,,,,,,,,,,,,,,,,,,,,,,,,,,,,,,,,,,,,,,,,,,,,,,,,,,,,,,,,,,,,,,,,,,,,,,,,,,,,,,,,,,,,,,,,,
,,,,,,,Lighting & Ceiling Fans,Indoor Lighting,Chandeliers & Pendants,,55155BK,55155BK Kichler Wall Lt,,,,Kichler Lighting (KICLI),Kichler Lighting,Kichler,,55155BK,,Lighting & Electrical>Light Fixtures>Chandeliers & Pendants,"Kichler Lighting, Kichler, 55155BK Kichler Wall Lt, 55155BK",KICHLER WALL LT,Kichler 55155BK Kichler Wall Lt 55155BK,Kichler 55155BK Kichler Wall Lt 55155BK. High performance industrial and commercial grade 55155bk kichler wall lt designed for professional applications.,Kichler 55155BK Kichler Wall Lt,,,,,,,,,,,,,,,,,,,,,,,,,,,,,,,,,,,,,,,,,,,,,,,,,,,,,,,,,,,,,,,,,,,,,,,,,,,,,,,,,,,,,,,,,,,,,,,,,,,,,,,,,,,,,,,,,,,,,,,,,,,,,,,,,,,,,,,,,,,,,,,,,,,,,,,,,,,,,,,,,,,,,,,,,,,,,,,,,,,,,,,,,,,,,,,,,,,,,,,,,,,,,,,,,,,,,,,,,,,,,,,,
,,,,,,,Lighting & Ceiling Fans,Indoor Lighting,Chandeliers & Pendants,,55157CPZ,55157CPZ Kichler Wall Light,,,,Kichler Lighting (KICLI),Kichler Lighting,Kichler,,55157CPZ,,Lighting & Electrical>Light Fixtures>Chandeliers & Pendants,"Kichler Lighting, Kichler, Light, 55157CPZ",KICHLER WALL LIGHT,Kichler Light 55157CPZ,Kichler Light 55157CPZ. High performance industrial and commercial grade light designed for professional applications.,Kichler Light,,,,,,,,,,,,,,,,,,,,,,,,,,,Light,,,,,,,,,,,,,,,,,,,,,,,,,,,,,,,,,,,,,,,,,,,,,,,,,,,,,,,,,,,,,,,,,,,,,,,,,,,,,,,,,,,,,,,,,,,,,,,,,,,,,,,,,,,,,,,,,,,,,,,,,,,,,,,,,,,,,,,,,,,,,,,,,,,,,,,,,,,,,,,,,,,,,,,,,,,,,,,,,,,,,,,,,,,,,,,,,,,,,
,,,,,,,Lighting & Ceiling Fans,Indoor Lighting,Chandeliers & Pendants,,55184BK,55184BK Kichler Wall Lt,,,,Kichler Lighting (KICLI),Kichler Lighting,Kichler,,55184BK,,Lighting & Electrical>Light Fixtures>Chandeliers & Pendants,"Kichler Lighting, Kichler, 55184BK Kichler Wall Lt, 55184BK",KICHLER WALL LT,Kichler 55184BK Kichler Wall Lt 55184BK,Kichler 55184BK Kichler Wall Lt 55184BK. High performance industrial and commercial grade 55184bk kichler wall lt designed for professional applications.,Kichler 55184BK Kichler Wall Lt,,,,,,,,,,,,,,,,,,,,,,,,,,,,,,,,,,,,,,,,,,,,,,,,,,,,,,,,,,,,,,,,,,,,,,,,,,,,,,,,,,,,,,,,,,,,,,,,,,,,,,,,,,,,,,,,,,,,,,,,,,,,,,,,,,,,,,,,,,,,,,,,,,,,,,,,,,,,,,,,,,,,,,,,,,,,,,,,,,,,,,,,,,,,,,,,,,,,,,,,,,,,,,,,,,,,,,,,,,,,,,,,
,,,,,,,Lighting & Ceiling Fans,Indoor Lighting,Chandeliers & Pendants,,55185BK,55185BK Kichler Wall Lt,,,,Kichler Lighting (KICLI),Kichler Lighting,Kichler,,55185BK,,Lighting & Electrical>Light Fixtures>Chandeliers & Pendants,"Kichler Lighting, Kichler, 55185BK Kichler Wall Lt, 55185BK",KICHLER WALL LT,Kichler 55185BK Kichler Wall Lt 55185BK,Kichler 55185BK Kichler Wall Lt 55185BK. High performance industrial and commercial grade 55185bk kichler wall lt designed for professional applications.,Kichler 55185BK Kichler Wall Lt,,,,,,,,,,,,,,,,,,,,,,,,,,,,,,,,,,,,,,,,,,,,,,,,,,,,,,,,,,,,,,,,,,,,,,,,,,,,,,,,,,,,,,,,,,,,,,,,,,,,,,,,,,,,,,,,,,,,,,,,,,,,,,,,,,,,,,,,,,,,,,,,,,,,,,,,,,,,,,,,,,,,,,,,,,,,,,,,,,,,,,,,,,,,,,,,,,,,,,,,,,,,,,,,,,,,,,,,,,,,,,,,
,,,,,,,Lighting & Ceiling Fans,Indoor Lighting,Chandeliers & Pendants,,55186CH,55186CH Kichler Wall Lt,,,,Kichler Lighting (KICLI),Kichler Lighting,Kichler,,55186CH,,Lighting & Electrical>Light Fixtures>Chandeliers & Pendants,"Kichler Lighting, Kichler, 55186CH Kichler Wall Lt, 55186CH",KICHLER WALL LT,Kichler 55186CH Kichler Wall Lt 55186CH,Kichler 55186CH Kichler Wall Lt 55186CH. High performance industrial and commercial grade 55186ch kichler wall lt designed for professional applications.,Kichler 55186CH Kichler Wall Lt,,,,,,,,,,,,,,,,,,,,,,,,,,,,,,,,,,,,,,,,,,,,,,,,,,,,,,,,,,,,,,,,,,,,,,,,,,,,,,,,,,,,,,,,,,,,,,,,,,,,,,,,,,,,,,,,,,,,,,,,,,,,,,,,,,,,,,,,,,,,,,,,,,,,,,,,,,,,,,,,,,,,,,,,,,,,,,,,,,,,,,,,,,,,,,,,,,,,,,,,,,,,,,,,,,,,,,,,,,,,,,,,
,,,,,,,Lighting & Ceiling Fans,Indoor Lighting,Chandeliers & Pendants,,55210NI,55210NI Kichler Wall Light,,,,Kichler Lighting (KICLI),Kichler Lighting,Kichler,,55210NI,,Lighting & Electrical>Light Fixtures>Chandeliers & Pendants,"Kichler Lighting, Kichler, Light, 55210NI",KICHLER WALL LIGHT,Kichler Light 55210NI,Kichler Light 55210NI. High performance industrial and commercial grade light designed for professional applications.,Kichler Light,,,,,,,,,,,,,,,,,,,,,,,,,,,Light,,,,,,,,,,,,,,,,,,,,,,,,,,,,,,,,,,,,,,,,,,,,,,,,,,,,,,,,,,,,,,,,,,,,,,,,,,,,,,,,,,,,,,,,,,,,,,,,,,,,,,,,,,,,,,,,,,,,,,,,,,,,,,,,,,,,,,,,,,,,,,,,,,,,,,,,,,,,,,,,,,,,,,,,,,,,,,,,,,,,,,,,,,,,,,,,,,,,,
,,,,,,,Lighting & Ceiling Fans,Indoor Lighting,Chandeliers & Pendants,,55211BK,55211BK Kichler Wall Light,,,,Kichler Lighting (KICLI),Kichler Lighting,Kichler,,55211BK,,Lighting & Electrical>Light Fixtures>Chandeliers & Pendants,"Kichler Lighting, Kichler, Light, 55211BK",KICHLER WALL LIGHT,Kichler Light 55211BK,Kichler Light 55211BK. High performance industrial and commercial grade light designed for professional applications.,Kichler Light,,,,,,,,,,,,,,,,,,,,,,,,,,,Light,,,,,,,,,,,,,,,,,,,,,,,,,,,,,,,,,,,,,,,,,,,,,,,,,,,,,,,,,,,,,,,,,,,,,,,,,,,,,,,,,,,,,,,,,,,,,,,,,,,,,,,,,,,,,,,,,,,,,,,,,,,,,,,,,,,,,,,,,,,,,,,,,,,,,,,,,,,,,,,,,,,,,,,,,,,,,,,,,,,,,,,,,,,,,,,,,,,,,
,,,,,,,Lighting & Ceiling Fans,Indoor Lighting,Chandeliers & Pendants,,55211NI,55211NI Kichler Wall Light,,,,Kichler Lighting (KICLI),Kichler Lighting,Kichler,,55211NI,,Lighting & Electrical>Light Fixtures>Chandeliers & Pendants,"Kichler Lighting, Kichler, Light, 55211NI",KICHLER WALL LIGHT,Kichler Light 55211NI,Kichler Light 55211NI. High performance industrial and commercial grade light designed for professional applications.,Kichler Light,,,,,,,,,,,,,,,,,,,,,,,,,,,Light,,,,,,,,,,,,,,,,,,,,,,,,,,,,,,,,,,,,,,,,,,,,,,,,,,,,,,,,,,,,,,,,,,,,,,,,,,,,,,,,,,,,,,,,,,,,,,,,,,,,,,,,,,,,,,,,,,,,,,,,,,,,,,,,,,,,,,,,,,,,,,,,,,,,,,,,,,,,,,,,,,,,,,,,,,,,,,,,,,,,,,,,,,,,,,,,,,,,,
,,,,,,,Lighting & Ceiling Fans,Indoor Lighting,Chandeliers & Pendants,,55212NI,55212NI Kichler Wall Light,,,,Kichler Lighting (KICLI),Kichler Lighting,Kichler,,55212NI,,Lighting & Electrical>Light Fixtures>Chandeliers & Pendants,"Kichler Lighting, Kichler, Light, 55212NI",KICHLER WALL LIGHT,Kichler Light 55212NI,Kichler Light 55212NI. High performance industrial and commercial grade light designed for professional applications.,Kichler Light,,,,,,,,,,,,,,,,,,,,,,,,,,,Light,,,,,,,,,,,,,,,,,,,,,,,,,,,,,,,,,,,,,,,,,,,,,,,,,,,,,,,,,,,,,,,,,,,,,,,,,,,,,,,,,,,,,,,,,,,,,,,,,,,,,,,,,,,,,,,,,,,,,,,,,,,,,,,,,,,,,,,,,,,,,,,,,,,,,,,,,,,,,,,,,,,,,,,,,,,,,,,,,,,,,,,,,,,,,,,,,,,,,
,,,,,,,Lighting & Ceiling Fans,Indoor Lighting,Chandeliers & Pendants,,55226BKLFU,55226BKFLU Kichler Wall Lt,,,,Kichler Lighting (KICLI),Kichler Lighting,Kichler,,55226BKLFU,,Lighting & Electrical>Light Fixtures>Chandeliers & Pendants,"Kichler Lighting, Kichler, 55226BKFLU Kichler Wall Lt, 55226BKLFU",KICHLER WALL LT,Kichler 55226BKFLU Kichler Wall Lt 55226BKLFU,Kichler 55226BKFLU Kichler Wall Lt 55226BKLFU. High performance industrial and commercial grade 55226bkflu kichler wall lt designed for professional applications.,Kichler 55226BKFLU Kichler Wall Lt,,,,,,,,,,,,,,,,,,,,,,,,,,,,,,,,,,,,,,,,,,,,,,,,,,,,,,,,,,,,,,,,,,,,,,,,,,,,,,,,,,,,,,,,,,,,,,,,,,,,,,,,,,,,,,,,,,,,,,,,,,,,,,,,,,,,,,,,,,,,,,,,,,,,,,,,,,,,,,,,,,,,,,,,,,,,,,,,,,,,,,,,,,,,,,,,,,,,,,,,,,,,,,,,,,,,,,,,,,,,,,,,
,,,,,,,Lighting & Ceiling Fans,Indoor Lighting,Chandeliers & Pendants,,55239CPZLED,55239CPZLED Kichler Wall Lt,,,,Kichler Lighting (KICLI),Kichler Lighting,Kichler,,55239CPZLED,,Lighting & Electrical>Light Fixtures>Chandeliers & Pendants,"Kichler Lighting, Kichler, 55239CPZLED Kichler Wall Lt, 55239CPZLED",KICHLER WALL LT,Kichler 55239CPZLED Kichler Wall Lt 55239CPZLED,Kichler 55239CPZLED Kichler Wall Lt 55239CPZLED. High performance industrial and commercial grade 55239cpzled kichler wall lt designed for professional applications.,Kichler 55239CPZLED Kichler Wall Lt,,,,,,,,,,,,,,,,,,,,,,,,,,,,,,,,,,,,,,,,,,,,,,,,,,,,,,,,,,,,,,,,,,,,,,,,,,,,,,,,,,,,,,,,,,,,,,,,,,,,,,,,,,,,,,,,,,,,,,,,,,,,,,,,,,,,,,,,,,,,,,,,,,,,,,,,,,,,,,,,,,,,,,,,,,,,,,,,,,,,,,,,,,,,,,,,,,,,,,,,,,,,,,,,,,,,,,,,,,,,,,,,
,,,,,,,Lighting & Ceiling Fans,Indoor Lighting,Chandeliers & Pendants,,44072DBK,44072DBK Kichler Chandelier Lt,,,,Kichler Lighting (KICLI),Kichler Lighting,Kichler,,44072DBK,,Lighting & Electrical>Light Fixtures>Chandeliers & Pendants,"Kichler Lighting, Kichler, Chandelier, 44072DBK",KICHLER CHANDELIER LT,Kichler Chandelier 44072DBK,Kichler Chandelier 44072DBK. High performance industrial and commercial grade chandelier designed for professional applications.,Kichler Chandelier,,,,,,,,,,,,,,,,,,,,,,,,,,,Chandelier,,,,,,,,,,,,,,,,,,,,,,,,,,,,,,,,,,,,,,,,,,,,,,,,,,,,,,,,,,,,,,,,,,,,,,,,,,,,,,,,,,,,,,,,,,,,,,,,,,,,,,,,,,,,,,,,,,,,,,,,,,,,,,,,,,,,,,,,,,,,,,,,,,,,,,,,,,,,,,,,,,,,,,,,,,,,,,,,,,,,,,,,,,,,,,,,,,,,,
,,,,,,,Lighting & Ceiling Fans,Indoor Lighting,Chandeliers & Pendants,,44073NI,44073NI Kichler Chandelier Lt,,,,Kichler Lighting (KICLI),Kichler Lighting,Kichler,,44073NI,,Lighting & Electrical>Light Fixtures>Chandeliers & Pendants,"Kichler Lighting, Kichler, Chandelier, 44073NI",KICHLER CHANDELIER LT,Kichler Chandelier 44073NI,Kichler Chandelier 44073NI. High performance industrial and commercial grade chandelier designed for professional applications.,Kichler Chandelier,,,,,,,,,,,,,,,,,,,,,,,,,,,Chandelier,,,,,,,,,,,,,,,,,,,,,,,,,,,,,,,,,,,,,,,,,,,,,,,,,,,,,,,,,,,,,,,,,,,,,,,,,,,,,,,,,,,,,,,,,,,,,,,,,,,,,,,,,,,,,,,,,,,,,,,,,,,,,,,,,,,,,,,,,,,,,,,,,,,,,,,,,,,,,,,,,,,,,,,,,,,,,,,,,,,,,,,,,,,,,,,,,,,,,
,,,,,,,Lighting & Ceiling Fans,Indoor Lighting,Chandeliers & Pendants,,52033BK,52033BK Kichler Chandelier Lt,,,,Kichler Lighting (KICLI),Kichler Lighting,Kichler,,52033BK,,Lighting & Electrical>Light Fixtures>Chandeliers & Pendants,"Kichler Lighting, Kichler, Chandelier, 52033BK",KICHLER CHANDELIER LT,Kichler Chandelier 52033BK,Kichler Chandelier 52033BK. High performance industrial and commercial grade chandelier designed for professional applications.,Kichler Chandelier,,,,,,,,,,,,,,,,,,,,,,,,,,,Chandelier,,,,,,,,,,,,,,,,,,,,,,,,,,,,,,,,,,,,,,,,,,,,,,,,,,,,,,,,,,,,,,,,,,,,,,,,,,,,,,,,,,,,,,,,,,,,,,,,,,,,,,,,,,,,,,,,,,,,,,,,,,,,,,,,,,,,,,,,,,,,,,,,,,,,,,,,,,,,,,,,,,,,,,,,,,,,,,,,,,,,,,,,,,,,,,,,,,,,,
,,,,,,,Lighting & Ceiling Fans,Indoor Lighting,Chandeliers & Pendants,,84322WH,84322WH Kichler Chandelier Lt,,,,Kichler Lighting (KICLI),Kichler Lighting,Kichler,,84322WH,,Lighting & Electrical>Light Fixtures>Chandeliers & Pendants,"Kichler Lighting, Kichler, Chandelier, 84322WH",KICHLER CHANDELIER LT,Kichler Chandelier 84322WH,Kichler Chandelier 84322WH. High performance industrial and commercial grade chandelier designed for professional applications.,Kichler Chandelier,,,,,,,,,,,,,,,,,,,,,,,,,,,Chandelier,,,,,,,,,,,,,,,,,,,,,,,,,,,,,,,,,,,,,,,,,,,,,,,,,,,,,,,,,,,,,,,,,,,,,,,,,,,,,,,,,,,,,,,,,,,,,,,,,,,,,,,,,,,,,,,,,,,,,,,,,,,,,,,,,,,,,,,,,,,,,,,,,,,,,,,,,,,,,,,,,,,,,,,,,,,,,,,,,,,,,,,,,,,,,,,,,,,,,
,,,,,,,Lighting & Ceiling Fans,Indoor Lighting,Chandeliers & Pendants,,52404BK,52404BK Kichler Chandelier Lt,,,,Kichler Lighting (KICLI),Kichler Lighting,Kichler,,52404BK,,Lighting & Electrical>Light Fixtures>Chandeliers & Pendants,"Kichler Lighting, Kichler, Chandelier, 52404BK",KICHLER CHANDELIER LT,Kichler Chandelier 52404BK,Kichler Chandelier 52404BK. High performance industrial and commercial grade chandelier designed for professional applications.,Kichler Chandelier,,,,,,,,,,,,,,,,,,,,,,,,,,,Chandelier,,,,,,,,,,,,,,,,,,,,,,,,,,,,,,,,,,,,,,,,,,,,,,,,,,,,,,,,,,,,,,,,,,,,,,,,,,,,,,,,,,,,,,,,,,,,,,,,,,,,,,,,,,,,,,,,,,,,,,,,,,,,,,,,,,,,,,,,,,,,,,,,,,,,,,,,,,,,,,,,,,,,,,,,,,,,,,,,,,,,,,,,,,,,,,,,,,,,,
,,,,,,,Lighting & Ceiling Fans,Indoor Lighting,Chandeliers & Pendants,,34686A,34686A Kichler Chandelier Lt,,,,Kichler Lighting (KICLI),Kichler Lighting,Kichler,,34686A,,Lighting & Electrical>Light Fixtures>Chandeliers & Pendants,"Kichler Lighting, Kichler, Chandelier, 34686A",KICHLER CHANDELIER LT,Kichler Chandelier 34686A,Kichler Chandelier 34686A. High performance industrial and commercial grade chandelier designed for professional applications.,Kichler Chandelier,,,,,,,,,,,,,,,,,,,,,,,,,,,Chandelier,,,,,,,,,,,,,,,,,,,,,,,,,,,,,,,,,,,,,,,,,,,,,,,,,,,,,,,,,,,,,,,,,,,,,,,,,,,,,,,,,,,,,,,,,,,,,,,,,,,,,,,,,,,,,,,,,,,,,,,,,,,,,,,,,,,,,,,,,,,,,,,,,,,,,,,,,,,,,,,,,,,,,,,,,,,,,,,,,,,,,,,,,,,,,,,,,,,,,
,,,,,,,Lighting & Ceiling Fans,Indoor Lighting,Chandeliers & Pendants,,34687A,34687A Kichler Chandelier Lt,,,,Kichler Lighting (KICLI),Kichler Lighting,Kichler,,34687A,,Lighting & Electrical>Light Fixtures>Chandeliers & Pendants,"Kichler Lighting, Kichler, Chandelier, 34687A",KICHLER CHANDELIER LT,Kichler Chandelier 34687A,Kichler Chandelier 34687A. High performance industrial and commercial grade chandelier designed for professional applications.,Kichler Chandelier,,,,,,,,,,,,,,,,,,,,,,,,,,,Chandelier,,,,,,,,,,,,,,,,,,,,,,,,,,,,,,,,,,,,,,,,,,,,,,,,,,,,,,,,,,,,,,,,,,,,,,,,,,,,,,,,,,,,,,,,,,,,,,,,,,,,,,,,,,,,,,,,,,,,,,,,,,,,,,,,,,,,,,,,,,,,,,,,,,,,,,,,,,,,,,,,,,,,,,,,,,,,,,,,,,,,,,,,,,,,,,,,,,,,,
,,,,,,,Lighting & Ceiling Fans,Indoor Lighting,Chandeliers & Pendants,,34688A,34688A Kichler Chandelier Lt,,,,-,,Kichler,,34688A,,Lighting & Electrical>Light Fixtures>Chandeliers & Pendants,"Kichler, Chandelier, 34688A",KICHLER CHANDELIER LT,Kichler Chandelier 34688A,Kichler Chandelier 34688A. High performance industrial and commercial grade chandelier designed for professional applications.,Kichler Chandelier,,,,,,,,,,,,,,,,,,,,,,,,,,,Chandelier,,,,,,,,,,,,,,,,,,,,,,,,,,,,,,,,,,,,,,,,,,,,,,,,,,,,,,,,,,,,,,,,,,,,,,,,,,,,,,,,,,,,,,,,,,,,,,,,,,,,,,,,,,,,,,,,,,,,,,,,,,,,,,,,,,,,,,,,,,,,,,,,,,,,,,,,,,,,,,,,,,,,,,,,,,,,,,,,,,,,,,,,,,,,,,,,,,,,,
,,,,,,,Lighting & Ceiling Fans,Indoor Lighting,Chandeliers & Pendants,,43671BKCLR,43671BKCLR Kichler Chand Lt,,,,Kichler Lighting (KICLI),Kichler Lighting,Kichler,,43671BKCLR,,Lighting & Electrical>Light Fixtures>Chandeliers & Pendants,"Kichler Lighting, Kichler, 43671BKCLR Kichler Chand Lt, 43671BKCLR",KICHLER CHAND LT,Kichler 43671BKCLR Kichler Chand Lt 43671BKCLR,Kichler 43671BKCLR Kichler Chand Lt 43671BKCLR. High performance industrial and commercial grade 43671bkclr kichler chand lt designed for professional applications.,Kichler 43671BKCLR Kichler Chand Lt,,,,,,,,,,,,,,,,,,,,,,,,,,,,,,,,,,,,,,,,,,,,,,,,,,,,,,,,,,,,,,,,,,,,,,,,,,,,,,,,,,,,,,,,,,,,,,,,,,,,,,,,,,,,,,,,,,,,,,,,,,,,,,,,,,,,,,,,,,,,,,,,,,,,,,,,,,,,,,,,,,,,,,,,,,,,,,,,,,,,,,,,,,,,,,,,,,,,,,,,,,,,,,,,,,,,,,,,,,,,,,,,
,,,,,,,Lighting & Ceiling Fans,Indoor Lighting,Chandeliers & Pendants,,52616BK,52616BK Kichler Chandelier Lt,,,,Kichler Lighting (KICLI),Kichler Lighting,Kichler,,52616BK,,Lighting & Electrical>Light Fixtures>Chandeliers & Pendants,"Kichler Lighting, Kichler, Chandelier, 52616BK",KICHLER CHANDELIER LT,Kichler Chandelier 52616BK,Kichler Chandelier 52616BK. High performance industrial and commercial grade chandelier designed for professional applications.,Kichler Chandelier,,,,,,,,,,,,,,,,,,,,,,,,,,,Chandelier,,,,,,,,,,,,,,,,,,,,,,,,,,,,,,,,,,,,,,,,,,,,,,,,,,,,,,,,,,,,,,,,,,,,,,,,,,,,,,,,,,,,,,,,,,,,,,,,,,,,,,,,,,,,,,,,,,,,,,,,,,,,,,,,,,,,,,,,,,,,,,,,,,,,,,,,,,,,,,,,,,,,,,,,,,,,,,,,,,,,,,,,,,,,,,,,,,,,,
,,,,,,,Lighting & Ceiling Fans,Indoor Lighting,Chandeliers & Pendants,,52616NI,52616NI Kichler Chandelier Lt,,,,Kichler Lighting (KICLI),Kichler Lighting,Kichler,,52616NI,,Lighting & Electrical>Light Fixtures>Chandeliers & Pendants,"Kichler Lighting, Kichler, Chandelier, 52616NI",KICHLER CHANDELIER LT,Kichler Chandelier 52616NI,Kichler Chandelier 52616NI. High performance industrial and commercial grade chandelier designed for professional applications.,Kichler Chandelier,,,,,,,,,,,,,,,,,,,,,,,,,,,Chandelier,,,,,,,,,,,,,,,,,,,,,,,,,,,,,,,,,,,,,,,,,,,,,,,,,,,,,,,,,,,,,,,,,,,,,,,,,,,,,,,,,,,,,,,,,,,,,,,,,,,,,,,,,,,,,,,,,,,,,,,,,,,,,,,,,,,,,,,,,,,,,,,,,,,,,,,,,,,,,,,,,,,,,,,,,,,,,,,,,,,,,,,,,,,,,,,,,,,,,
,,,,,,,Lighting & Ceiling Fans,Indoor Lighting,Chandeliers & Pendants,,52678BK,52678BK Kichler Chandelier Lt,,,,Kichler Lighting (KICLI),Kichler Lighting,Kichler,,52678BK,,Lighting & Electrical>Light Fixtures>Chandeliers & Pendants,"Kichler Lighting, Kichler, Chandelier, 52678BK",KICHLER CHANDELIER LT,Kichler Chandelier 52678BK,Kichler Chandelier 52678BK. High performance industrial and commercial grade chandelier designed for professional applications.,Kichler Chandelier,,,,,,,,,,,,,,,,,,,,,,,,,,,Chandelier,,,,,,,,,,,,,,,,,,,,,,,,,,,,,,,,,,,,,,,,,,,,,,,,,,,,,,,,,,,,,,,,,,,,,,,,,,,,,,,,,,,,,,,,,,,,,,,,,,,,,,,,,,,,,,,,,,,,,,,,,,,,,,,,,,,,,,,,,,,,,,,,,,,,,,,,,,,,,,,,,,,,,,,,,,,,,,,,,,,,,,,,,,,,,,,,,,,,,
,,,,,,,Lighting & Ceiling Fans,Indoor Lighting,Chandeliers & Pendants,,52680CPZ,52680CPZ Kichler Chandelier Lt,,,,Kichler Lighting (KICLI),Kichler Lighting,Kichler,,52680CPZ,,Lighting & Electrical>Light Fixtures>Chandeliers & Pendants,"Kichler Lighting, Kichler, Chandelier, 52680CPZ",KICHLER CHANDELIER LT,Kichler Chandelier 52680CPZ,Kichler Chandelier 52680CPZ. High performance industrial and commercial grade chandelier designed for professional applications.,Kichler Chandelier,,,,,,,,,,,,,,,,,,,,,,,,,,,Chandelier,,,,,,,,,,,,,,,,,,,,,,,,,,,,,,,,,,,,,,,,,,,,,,,,,,,,,,,,,,,,,,,,,,,,,,,,,,,,,,,,,,,,,,,,,,,,,,,,,,,,,,,,,,,,,,,,,,,,,,,,,,,,,,,,,,,,,,,,,,,,,,,,,,,,,,,,,,,,,,,,,,,,,,,,,,,,,,,,,,,,,,,,,,,,,,,,,,,,,
,,,,,,,Lighting & Ceiling Fans,Indoor Lighting,Chandeliers & Pendants,,52772BK,52772BK Kichler Chandelier Lt,,,,Kichler Lighting (KICLI),Kichler Lighting,Kichler,,52772BK,,Lighting & Electrical>Light Fixtures>Chandeliers & Pendants,"Kichler Lighting, Kichler, Chandelier, 52772BK",KICHLER CHANDELIER LT,Kichler Chandelier 52772BK,Kichler Chandelier 52772BK. High performance industrial and commercial grade chandelier designed for professional applications.,Kichler Chandelier,,,,,,,,,,,,,,,,,,,,,,,,,,,Chandelier,,,,,,,,,,,,,,,,,,,,,,,,,,,,,,,,,,,,,,,,,,,,,,,,,,,,,,,,,,,,,,,,,,,,,,,,,,,,,,,,,,,,,,,,,,,,,,,,,,,,,,,,,,,,,,,,,,,,,,,,,,,,,,,,,,,,,,,,,,,,,,,,,,,,,,,,,,,,,,,,,,,,,,,,,,,,,,,,,,,,,,,,,,,,,,,,,,,,,
,,,,,,,Lighting & Ceiling Fans,Indoor Lighting,Chandeliers & Pendants,,82399,82399 Kichler Chandelier Lt,,,,Kichler Lighting (KICLI),Kichler Lighting,Kichler,,82399,,Lighting & Electrical>Light Fixtures>Chandeliers & Pendants,"Kichler Lighting, Kichler, Chandelier, 82399",KICHLER CHANDELIER LT,Kichler Chandelier 82399,Kichler Chandelier 82399. High performance industrial and commercial grade chandelier designed for professional applications.,Kichler Chandelier,,,,,,,,,,,,,,,,,,,,,,,,,,,Chandelier,,,,,,,,,,,,,,,,,,,,,,,,,,,,,,,,,,,,,,,,,,,,,,,,,,,,,,,,,,,,,,,,,,,,,,,,,,,,,,,,,,,,,,,,,,,,,,,,,,,,,,,,,,,,,,,,,,,,,,,,,,,,,,,,,,,,,,,,,,,,,,,,,,,,,,,,,,,,,,,,,,,,,,,,,,,,,,,,,,,,,,,,,,,,,,,,,,,,,
,,,,,,,Lighting & Ceiling Fans,Light Bulbs,LED Bulbs,,65-771R3,65-771R3 Nuvo Highbay Light,,,,Satco Prod Inc (5573),Satco Prod Inc,,,65-771R3,,Lighting & Electrical>Light Bulbs>LED Bulbs,"Satco Prod Inc, Light, 65-771R3",NUVO HIGHBAY LIGHT,Light 65-771R3,Light 65-771R3. High performance industrial and commercial grade light designed for professional applications.,Light,,,,,,,,,,,,,,,,,,,,,,,,,,,Light,,,,,,,,,,,,,,,,,,,,,,,,,,,,,,,,,,,,,,,,,,,,,,,,,,,,,,,,,,,,,,,,,,,,,,,,,,,,,,,,,,,,,,,,,,,,,,,,,,,,,,,,,,,,,,,,,,,,,,,,,,,,,,,,,,,,,,,,,,,,,,,,,,,,,,,,,,,,,,,,,,,,,,,,,,,,,,,,,,,,,,,,,,,,,,,,,,,,,
,,,,,,,Lighting & Ceiling Fans,Indoor Lighting,Chandeliers & Pendants,,42955BK,42955BK Kichler Ceiling Lt,,,,Kichler Lighting (KICLI),Kichler Lighting,Kichler,,42955BK,,Lighting & Electrical>Light Fixtures>Chandeliers & Pendants,"Kichler Lighting, Kichler, 42955BK Kichler Ceiling Lt, 42955BK",KICHLER CEILING LT,Kichler 42955BK Kichler Ceiling Lt 42955BK,Kichler 42955BK Kichler Ceiling Lt 42955BK. High performance industrial and commercial grade 42955bk kichler ceiling lt designed for professional applications.,Kichler 42955BK Kichler Ceiling Lt,,,,,,,,,,,,,,,,,,,,,,,,,,,,,,,,,,,,,,,,,,,,,,,,,,,,,,,,,,,,,,,,,,,,,,,,,,,,,,,,,,,,,,,,,,,,,,,,,,,,,,,,,,,,,,,,,,,,,,,,,,,,,,,,,,,,,,,,,,,,,,,,,,,,,,,,,,,,,,,,,,,,,,,,,,,,,,,,,,,,,,,,,,,,,,,,,,,,,,,,,,,,,,,,,,,,,,,,,,,,,,,,
,,,,,,,Lighting & Ceiling Fans,Indoor Lighting,Chandeliers & Pendants,,42275BK,42275BK Kichler Ceiling Lt,,,,Kichler Lighting (KICLI),Kichler Lighting,Kichler,,42275BK,,Lighting & Electrical>Light Fixtures>Chandeliers & Pendants,"Kichler Lighting, Kichler, 42275BK Kichler Ceiling Lt, 42275BK",KICHLER CEILING LT,Kichler 42275BK Kichler Ceiling Lt 42275BK,Kichler 42275BK Kichler Ceiling Lt 42275BK. High performance industrial and commercial grade 42275bk kichler ceiling lt designed for professional applications.,Kichler 42275BK Kichler Ceiling Lt,,,,,,,,,,,,,,,,,,,,,,,,,,,,,,,,,,,,,,,,,,,,,,,,,,,,,,,,,,,,,,,,,,,,,,,,,,,,,,,,,,,,,,,,,,,,,,,,,,,,,,,,,,,,,,,,,,,,,,,,,,,,,,,,,,,,,,,,,,,,,,,,,,,,,,,,,,,,,,,,,,,,,,,,,,,,,,,,,,,,,,,,,,,,,,,,,,,,,,,,,,,,,,,,,,,,,,,,,,,,,,,,
,,,,,,,Lighting & Ceiling Fans,Light Bulbs,LED Bulbs,,62-1850,"62-1850 11"" Led Ceiling Light",,,,Satco Prod Inc (5573),Satco Prod Inc,,,62-1850,,Lighting & Electrical>Light Bulbs>LED Bulbs,"Satco Prod Inc, Light, 62-1850","11"" LED CEILING LIGHT",Light 62-1850,Light 62-1850. High performance industrial and commercial grade light designed for professional applications.,Light,,,,,,,,,,,,,,,,,,,,,,,,,,,Light,,,,,,,,,,,,,,,,,,,,,,,,,,,,,,,,,,,,,,,,,,,,,,,,,,,,,,,,,,,,,,,,,,,,,,,,,,,,,,,,,,,,,,,,,,,,,,,,,,,,,,,,,,,,,,,,,,,,,,,,,,,,,,,,,,,,,,,,,,,,,,,,,,,,,,,,,,,,,,,,,,,,,,,,,,,,,,,,,,,,,,,,,,,,,,,,,,,,,
,,,,,,,Lighting & Ceiling Fans,Light Bulbs,LED Bulbs,,62-1852,"62-1852 14"" Satco Led Ceiling Lt",,,,Satco Prod Inc (5573),Satco Prod Inc,,,62-1852,,Lighting & Electrical>Light Bulbs>LED Bulbs,"Satco Prod Inc, 62-1852 14"" Satco Led Ceiling Lt, 62-1852","14"" SATCO LED CEILING LT","62-1852 14"" Satco Led Ceiling Lt 62-1852","62-1852 14"" Satco Led Ceiling Lt 62-1852. High performance industrial and commercial grade 62-1852 14"" satco led ceiling lt designed for professional applications.","62-1852 14"" Satco Led Ceiling Lt",,,,,,,,,,,,,,,,,,,,,,,,,,,,,,,,,,,,,,,,,,,,,,,,,,,,,,,,,,,,,,,,,,,,,,,,,,,,,,,,,,,,,,,,,,,,,,,,,,,,,,,,,,,,,,,,,,,,,,,,,,,,,,,,,,,,,,,,,,,,,,,,,,,,,,,,,,,,,,,,,,,,,,,,,,,,,,,,,,,,,,,,,,,,,,,,,,,,,,,,,,,,,,,,,,,,,,,,,,,,,,,,
,,,,,,,Lighting & Ceiling Fans,Indoor Lighting,Chandeliers & Pendants,,62-1875,"62-1875 10"" Led Ceiling Lt Bn",,,,Satco Prod Inc (5573),Satco Prod Inc,,,62-1875,,Lighting & Electrical>Light Fixtures>Chandeliers & Pendants,"Satco Prod Inc, 62-1875 10"" Led Ceiling Lt Bn, 62-1875","10"" LED CEILING LT BN","62-1875 10"" Led Ceiling Lt Bn 62-1875","62-1875 10"" Led Ceiling Lt Bn 62-1875. High performance industrial and commercial grade 62-1875 10"" led ceiling lt bn designed for professional applications.","62-1875 10"" Led Ceiling Lt Bn",,,,,,,,,,,,,,,,,,,,,,,,,,,,,,,,,,,,,,,,,,,,,,,,,,,,,,,,,,,,,,,,,,,,,,,,,,,,,,,,,,,,,,,,,,,,,,,,,,,,,,,,,,,,,,,,,,,,,,,,,,,,,,,,,,,,,,,,,,,,,,,,,,,,,,,,,,,,,,,,,,,,,,,,,,,,,,,,,,,,,,,,,,,,,,,,,,,,,,,,,,,,,,,,,,,,,,,,,,,,,,,,
,,,,,,,Lighting & Ceiling Fans,Indoor Lighting,Chandeliers & Pendants,,62-1876,"62-1876 13"" Satco Ceiling Light BN",,,,Satco Prod Inc (5573),Satco Prod Inc,,,62-1876,,Lighting & Electrical>Light Fixtures>Chandeliers & Pendants,"Satco Prod Inc, Light, 62-1876","13"" SATCO CEILING LIGHT BN",Light 62-1876,Light 62-1876. High performance industrial and commercial grade light designed for professional applications.,Light,,,,,,,,,,,,,,,,,,,,,,,,,,,Light,,,,,,,,,,,,,,,,,,,,,,,,,,,,,,,,,,,,,,,,,,,,,,,,,,,,,,,,,,,,,,,,,,,,,,,,,,,,,,,,,,,,,,,,,,,,,,,,,,,,,,,,,,,,,,,,,,,,,,,,,,,,,,,,,,,,,,,,,,,,,,,,,,,,,,,,,,,,,,,,,,,,,,,,,,,,,,,,,,,,,,,,,,,,,,,,,,,,,
,,,,,,,Lighting & Ceiling Fans,Indoor Lighting,Chandeliers & Pendants,,42296BK,42296BK Kichler Ceiling Lt,,,,Kichler Lighting (KICLI),Kichler Lighting,Kichler,,42296BK,,Lighting & Electrical>Light Fixtures>Chandeliers & Pendants,"Kichler Lighting, Kichler, 42296BK Kichler Ceiling Lt, 42296BK",KICHLER CEILING LT,Kichler 42296BK Kichler Ceiling Lt 42296BK,Kichler 42296BK Kichler Ceiling Lt 42296BK. High performance industrial and commercial grade 42296bk kichler ceiling lt designed for professional applications.,Kichler 42296BK Kichler Ceiling Lt,,,,,,,,,,,,,,,,,,,,,,,,,,,,,,,,,,,,,,,,,,,,,,,,,,,,,,,,,,,,,,,,,,,,,,,,,,,,,,,,,,,,,,,,,,,,,,,,,,,,,,,,,,,,,,,,,,,,,,,,,,,,,,,,,,,,,,,,,,,,,,,,,,,,,,,,,,,,,,,,,,,,,,,,,,,,,,,,,,,,,,,,,,,,,,,,,,,,,,,,,,,,,,,,,,,,,,,,,,,,,,,,
,,,,,,,Lighting & Ceiling Fans,Indoor Lighting,Chandeliers & Pendants,,43913BK,43913BK Kichler Pendant Lt,,,,Kichler Lighting (KICLI),Kichler Lighting,Kichler,,43913BK,,Lighting & Electrical>Light Fixtures>Chandeliers & Pendants,"Kichler Lighting, Kichler, Pendant, 43913BK",KICHLER PENDANT LT,Kichler Pendant 43913BK,Kichler Pendant 43913BK. High performance industrial and commercial grade pendant designed for professional applications.,Kichler Pendant,,,,,,,,,,,,,,,,,,,,,,,,,,,Pendant,,,,,,,,,,,,,,,,,,,,,,,,,,,,,,,,,,,,,,,,,,,,,,,,,,,,,,,,,,,,,,,,,,,,,,,,,,,,,,,,,,,,,,,,,,,,,,,,,,,,,,,,,,,,,,,,,,,,,,,,,,,,,,,,,,,,,,,,,,,,,,,,,,,,,,,,,,,,,,,,,,,,,,,,,,,,,,,,,,,,,,,,,,,,,,,,,,,,,
,,,,,,,Tools & Hardware,Power Tools,Saws & Blades,,HLSMS9129FS1E,"HLSMS9129FS1E 9"" Motion Lt",,,,Cooper Lighting (7638),Cooper Lighting,,,HLSMS9129FS1E,,Tools & Hardware>Power Tools>Power Saws,"Cooper Lighting, HLSMS9129FS1E 9"" Motion Lt, HLSMS9129FS1E","9"" MOTION LT","HLSMS9129FS1E 9"" Motion Lt HLSMS9129FS1E","HLSMS9129FS1E 9"" Motion Lt HLSMS9129FS1E. High performance industrial and commercial grade hlsms9129fs1e 9"" motion lt designed for professional applications.","HLSMS9129FS1E 9"" Motion Lt",,,,,,,,,,,,,,,,,,,,,,,,,,,,,,,,,,,,,,,,,,,,,,,,,,,,,,,,,,,,,,,,,,,,,,,,,,,,,,,,,,,,,,,,,,,,,,,,,,,,,,,,,,,,,,,,,,,,,,,,,,,,,,,,,,,,,,,,,,,,,,,,,,,,,,,,,,,,,,,,,,,,,,,,,,,,,,,,,,,,,,,,,,,,,,,,,,,,,,,,,,,,,,,,,,,,,,,,,,,,,,,,
,,,,,,,Lighting & Ceiling Fans,Commercial Lighting,Wrap & Strip Lights,,64-110,64-110 Satco Tape Light 16',,,,Satco Prod Inc (5573),Satco Prod Inc,,,64-110,,Lighting & Electrical>Light Fixtures>LED Wrap & Linear Fixtures,"Satco Prod Inc, Light, 64-110",SATCO TAPE LIGHT 16',Light 64-110,Light 64-110. High performance industrial and commercial grade light designed for professional applications.,Light,,,,,,,,,,,,,,,,,,,,,,,,,,,Light,,,,,,,,,,,,,,,,,,,,,,,,,,,,,,,,,,,,,,,,,,,,,,,,,,,,,,,,,,,,,,,,,,,,,,,,,,,,,,,,,,,,,,,,,,,,,,,,,,,,,,,,,,,,,,,,,,,,,,,,,,,,,,,,,,,,,,,,,,,,,,,,,,,,,,,,,,,,,,,,,,,,,,,,,,,,,,,,,,,,,,,,,,,,,,,,,,,,,
,,,,,,,Lighting & Ceiling Fans,Commercial Lighting,Wrap & Strip Lights,,603571,603571 3' Strip Light Ext,,,Wiz,Phillips Lighting (5831),Phillips Lighting,Wiz,,603571,,Lighting & Electrical>Light Fixtures>LED Wrap & Linear Fixtures,"Phillips Lighting, Wiz, Light, 603571",3' STRIP LIGHT EXT,Wiz Light 603571,Wiz Light 603571. High performance industrial and commercial grade light designed for professional applications.,Wiz Light,,,,,,,,,,,,,,,,,,,,,,,,,,,Light,,,,,,,,,,,,,,,,,,,,,,,,,,,,,,,,,,,,,,,,,,,,,,,,,,,,,,,,,,,,,,,,,,,,,,,,,,,,,,,,,,,,,,,,,,,,,,,,,,,,,,,,,,,,,,,,,,,,,,,,,,,,,,,,,,,,,,,,,,,,,,,,,,,,,,,,,,,,,,,,,,,,,,,,,,,,,,,,,,,,,,,,,,,,,,,,,,,,,
,,,,,,,Lighting & Ceiling Fans,Light Bulbs,LED Bulbs,,65-572R1,65572 Satco 2x4 Led Flat Panel,,,,Satco Prod Inc (5573),Satco Prod Inc,,,65-572R1,,Lighting & Electrical>Light Bulbs>LED Bulbs,"Satco Prod Inc, 65572 Satco 2x4 Led Flat Panel, 65-572R1",SATCO 2X4 LED FLAT PANEL,65572 Satco 2x4 Led Flat Panel 65-572R1,65572 Satco 2x4 Led Flat Panel 65-572R1. High performance industrial and commercial grade 65572 satco 2x4 led flat panel designed for professional applications.,65572 Satco 2x4 Led Flat Panel,,,,,,,,,,,,,,,,,,,,,,,,,,,,,,,,,,,,,,,,,,,,,,,,,,,,,,,,,,,,,,,,,,,,,,,,,,,,,,,,,,,,,,,,,,,,,,,,,,,,,,,,,,,,,,,,,,,,,,,,,,,,,,,,,,,,,,,,,,,,,,,,,,,,,,,,,,,,,,,,,,,,,,,,,,,,,,,,,,,,,,,,,,,,,,,,,,,,,,,,,,,,,,,,,,,,,,,,,,,,,,,,
,,,,,,,Lighting & Ceiling Fans,Indoor Lighting,Chandeliers & Pendants,,52476AVI,52476AVI Kichler Pendant Lt,,,,Kichler Lighting (KICLI),Kichler Lighting,Kichler,,52476AVI,,Lighting & Electrical>Light Fixtures>Chandeliers & Pendants,"Kichler Lighting, Kichler, Pendant, 52476AVI",KICHLER PENDANT LT,Kichler Pendant 52476AVI,Kichler Pendant 52476AVI. High performance industrial and commercial grade pendant designed for professional applications.,Kichler Pendant,,,,,,,,,,,,,,,,,,,,,,,,,,,Pendant,,,,,,,,,,,,,,,,,,,,,,,,,,,,,,,,,,,,,,,,,,,,,,,,,,,,,,,,,,,,,,,,,,,,,,,,,,,,,,,,,,,,,,,,,,,,,,,,,,,,,,,,,,,,,,,,,,,,,,,,,,,,,,,,,,,,,,,,,,,,,,,,,,,,,,,,,,,,,,,,,,,,,,,,,,,,,,,,,,,,,,,,,,,,,,,,,,,,,
,,,,,,,Lighting & Ceiling Fans,Indoor Lighting,Chandeliers & Pendants,,42199BK,42199BK Kichler Pendant Lt,,,,Kichler Lighting (KICLI),Kichler Lighting,Kichler,,42199BK,,Lighting & Electrical>Light Fixtures>Chandeliers & Pendants,"Kichler Lighting, Kichler, Pendant, 42199BK",KICHLER PENDANT LT,Kichler Pendant 42199BK,Kichler Pendant 42199BK. High performance industrial and commercial grade pendant designed for professional applications.,Kichler Pendant,,,,,,,,,,,,,,,,,,,,,,,,,,,Pendant,,,,,,,,,,,,,,,,,,,,,,,,,,,,,,,,,,,,,,,,,,,,,,,,,,,,,,,,,,,,,,,,,,,,,,,,,,,,,,,,,,,,,,,,,,,,,,,,,,,,,,,,,,,,,,,,,,,,,,,,,,,,,,,,,,,,,,,,,,,,,,,,,,,,,,,,,,,,,,,,,,,,,,,,,,,,,,,,,,,,,,,,,,,,,,,,,,,,,
,,,,,,,Lighting & Ceiling Fans,Indoor Lighting,Chandeliers & Pendants,,42199BKCS,42199BKCS Kichler Pendant Lt,,,,Kichler Lighting (KICLI),Kichler Lighting,Kichler,,42199BKCS,,Lighting & Electrical>Light Fixtures>Chandeliers & Pendants,"Kichler Lighting, Kichler, Pendant, 42199BKCS",KICHLER PENDANT LT,Kichler Pendant 42199BKCS,Kichler Pendant 42199BKCS. High performance industrial and commercial grade pendant designed for professional applications.,Kichler Pendant,,,,,,,,,,,,,,,,,,,,,,,,,,,Pendant,,,,,,,,,,,,,,,,,,,,,,,,,,,,,,,,,,,,,,,,,,,,,,,,,,,,,,,,,,,,,,,,,,,,,,,,,,,,,,,,,,,,,,,,,,,,,,,,,,,,,,,,,,,,,,,,,,,,,,,,,,,,,,,,,,,,,,,,,,,,,,,,,,,,,,,,,,,,,,,,,,,,,,,,,,,,,,,,,,,,,,,,,,,,,,,,,,,,,
,,,,,,,Lighting & Ceiling Fans,Indoor Lighting,Chandeliers & Pendants,,42200BK,42200BK Kichler Pendant Lt,,,,Kichler Lighting (KICLI),Kichler Lighting,Kichler,,42200BK,,Lighting & Electrical>Light Fixtures>Chandeliers & Pendants,"Kichler Lighting, Kichler, Pendant, 42200BK",KICHLER PENDANT LT,Kichler Pendant 42200BK,Kichler Pendant 42200BK. High performance industrial and commercial grade pendant designed for professional applications.,Kichler Pendant,,,,,,,,,,,,,,,,,,,,,,,,,,,Pendant,,,,,,,,,,,,,,,,,,,,,,,,,,,,,,,,,,,,,,,,,,,,,,,,,,,,,,,,,,,,,,,,,,,,,,,,,,,,,,,,,,,,,,,,,,,,,,,,,,,,,,,,,,,,,,,,,,,,,,,,,,,,,,,,,,,,,,,,,,,,,,,,,,,,,,,,,,,,,,,,,,,,,,,,,,,,,,,,,,,,,,,,,,,,,,,,,,,,,
,,,,,,,Lighting & Ceiling Fans,Indoor Lighting,Chandeliers & Pendants,,42200BKCS,42200BKCS Kichler Pendant Lt,,,,Kichler Lighting (KICLI),Kichler Lighting,Kichler,,42200BKCS,,Lighting & Electrical>Light Fixtures>Chandeliers & Pendants,"Kichler Lighting, Kichler, Pendant, 42200BKCS",KICHLER PENDANT LT,Kichler Pendant 42200BKCS,Kichler Pendant 42200BKCS. High performance industrial and commercial grade pendant designed for professional applications.,Kichler Pendant,,,,,,,,,,,,,,,,,,,,,,,,,,,Pendant,,,,,,,,,,,,,,,,,,,,,,,,,,,,,,,,,,,,,,,,,,,,,,,,,,,,,,,,,,,,,,,,,,,,,,,,,,,,,,,,,,,,,,,,,,,,,,,,,,,,,,,,,,,,,,,,,,,,,,,,,,,,,,,,,,,,,,,,,,,,,,,,,,,,,,,,,,,,,,,,,,,,,,,,,,,,,,,,,,,,,,,,,,,,,,,,,,,,,
,,,,,,,Lighting & Ceiling Fans,Indoor Lighting,Chandeliers & Pendants,,43851BK,43851BK Kichler Pendant Lt,,,,Kichler Lighting (KICLI),Kichler Lighting,Kichler,,43851BK,,Lighting & Electrical>Light Fixtures>Chandeliers & Pendants,"Kichler Lighting, Kichler, Pendant, 43851BK",KICHLER PENDANT LT,Kichler Pendant 43851BK,Kichler Pendant 43851BK. High performance industrial and commercial grade pendant designed for professional applications.,Kichler Pendant,,,,,,,,,,,,,,,,,,,,,,,,,,,Pendant,,,,,,,,,,,,,,,,,,,,,,,,,,,,,,,,,,,,,,,,,,,,,,,,,,,,,,,,,,,,,,,,,,,,,,,,,,,,,,,,,,,,,,,,,,,,,,,,,,,,,,,,,,,,,,,,,,,,,,,,,,,,,,,,,,,,,,,,,,,,,,,,,,,,,,,,,,,,,,,,,,,,,,,,,,,,,,,,,,,,,,,,,,,,,,,,,,,,,
,,,,,,,Lighting & Ceiling Fans,Indoor Lighting,Chandeliers & Pendants,,43852BK,43852BK Kichler Pendant Lt,,,,Kichler Lighting (KICLI),Kichler Lighting,Kichler,,43852BK,,Lighting & Electrical>Light Fixtures>Chandeliers & Pendants,"Kichler Lighting, Kichler, Pendant, 43852BK",KICHLER PENDANT LT,Kichler Pendant 43852BK,Kichler Pendant 43852BK. High performance industrial and commercial grade pendant designed for professional applications.,Kichler Pendant,,,,,,,,,,,,,,,,,,,,,,,,,,,Pendant,,,,,,,,,,,,,,,,,,,,,,,,,,,,,,,,,,,,,,,,,,,,,,,,,,,,,,,,,,,,,,,,,,,,,,,,,,,,,,,,,,,,,,,,,,,,,,,,,,,,,,,,,,,,,,,,,,,,,,,,,,,,,,,,,,,,,,,,,,,,,,,,,,,,,,,,,,,,,,,,,,,,,,,,,,,,,,,,,,,,,,,,,,,,,,,,,,,,,
,,,,,,,Lighting & Ceiling Fans,Indoor Lighting,Chandeliers & Pendants,,43853BK,43853BK Kichler Pendant Lt,,,,Kichler Lighting (KICLI),Kichler Lighting,Kichler,,43853BK,,Lighting & Electrical>Light Fixtures>Chandeliers & Pendants,"Kichler Lighting, Kichler, Pendant, 43853BK",KICHLER PENDANT LT,Kichler Pendant 43853BK,Kichler Pendant 43853BK. High performance industrial and commercial grade pendant designed for professional applications.,Kichler Pendant,,,,,,,,,,,,,,,,,,,,,,,,,,,Pendant,,,,,,,,,,,,,,,,,,,,,,,,,,,,,,,,,,,,,,,,,,,,,,,,,,,,,,,,,,,,,,,,,,,,,,,,,,,,,,,,,,,,,,,,,,,,,,,,,,,,,,,,,,,,,,,,,,,,,,,,,,,,,,,,,,,,,,,,,,,,,,,,,,,,,,,,,,,,,,,,,,,,,,,,,,,,,,,,,,,,,,,,,,,,,,,,,,,,,
,,,,,,,Lighting & Ceiling Fans,Indoor Lighting,Chandeliers & Pendants,,43905BK,43905BK Kichler Pendant Lt,,,,Kichler Lighting (KICLI),Kichler Lighting,Kichler,,43905BK,,Lighting & Electrical>Light Fixtures>Chandeliers & Pendants,"Kichler Lighting, Kichler, Pendant, 43905BK",KICHLER PENDANT LT,Kichler Pendant 43905BK,Kichler Pendant 43905BK. High performance industrial and commercial grade pendant designed for professional applications.,Kichler Pendant,,,,,,,,,,,,,,,,,,,,,,,,,,,Pendant,,,,,,,,,,,,,,,,,,,,,,,,,,,,,,,,,,,,,,,,,,,,,,,,,,,,,,,,,,,,,,,,,,,,,,,,,,,,,,,,,,,,,,,,,,,,,,,,,,,,,,,,,,,,,,,,,,,,,,,,,,,,,,,,,,,,,,,,,,,,,,,,,,,,,,,,,,,,,,,,,,,,,,,,,,,,,,,,,,,,,,,,,,,,,,,,,,,,,
,,,,,,,Lighting & Ceiling Fans,Indoor Lighting,Chandeliers & Pendants,,43911BK,43911BK Kichler Pendant Lt,,,,Kichler Lighting (KICLI),Kichler Lighting,Kichler,,43911BK,,Lighting & Electrical>Light Fixtures>Chandeliers & Pendants,"Kichler Lighting, Kichler, Pendant, 43911BK",KICHLER PENDANT LT,Kichler Pendant 43911BK,Kichler Pendant 43911BK. High performance industrial and commercial grade pendant designed for professional applications.,Kichler Pendant,,,,,,,,,,,,,,,,,,,,,,,,,,,Pendant,,,,,,,,,,,,,,,,,,,,,,,,,,,,,,,,,,,,,,,,,,,,,,,,,,,,,,,,,,,,,,,,,,,,,,,,,,,,,,,,,,,,,,,,,,,,,,,,,,,,,,,,,,,,,,,,,,,,,,,,,,,,,,,,,,,,,,,,,,,,,,,,,,,,,,,,,,,,,,,,,,,,,,,,,,,,,,,,,,,,,,,,,,,,,,,,,,,,,
,,,,,,,Lighting & Ceiling Fans,Indoor Lighting,Chandeliers & Pendants,,52529BK,52529BK Kichler Pendant Light,,,,Kichler Lighting (KICLI),Kichler Lighting,Kichler,,52529BK,,Lighting & Electrical>Light Fixtures>Chandeliers & Pendants,"Kichler Lighting, Kichler, Pendant, 52529BK",KICHLER PENDANT LIGHT,Kichler Pendant 52529BK,Kichler Pendant 52529BK. High performance industrial and commercial grade pendant designed for professional applications.,Kichler Pendant,,,,,,,,,,,,,,,,,,,,,,,,,,,Pendant,,,,,,,,,,,,,,,,,,,,,,,,,,,,,,,,,,,,,,,,,,,,,,,,,,,,,,,,,,,,,,,,,,,,,,,,,,,,,,,,,,,,,,,,,,,,,,,,,,,,,,,,,,,,,,,,,,,,,,,,,,,,,,,,,,,,,,,,,,,,,,,,,,,,,,,,,,,,,,,,,,,,,,,,,,,,,,,,,,,,,,,,,,,,,,,,,,,,,
,,,,,,,Lighting & Ceiling Fans,Indoor Lighting,Chandeliers & Pendants,,52662BKCLR,52662BKCLR Kichler Pendant Lt,,,,Kichler Lighting (KICLI),Kichler Lighting,Kichler,,52662BKCLR,,Lighting & Electrical>Light Fixtures>Chandeliers & Pendants,"Kichler Lighting, Kichler, Pendant, 52662BKCLR",KICHLER PENDANT LT,Kichler Pendant 52662BKCLR,Kichler Pendant 52662BKCLR. High performance industrial and commercial grade pendant designed for professional applications.,Kichler Pendant,,,,,,,,,,,,,,,,,,,,,,,,,,,Pendant,,,,,,,,,,,,,,,,,,,,,,,,,,,,,,,,,,,,,,,,,,,,,,,,,,,,,,,,,,,,,,,,,,,,,,,,,,,,,,,,,,,,,,,,,,,,,,,,,,,,,,,,,,,,,,,,,,,,,,,,,,,,,,,,,,,,,,,,,,,,,,,,,,,,,,,,,,,,,,,,,,,,,,,,,,,,,,,,,,,,,,,,,,,,,,,,,,,,,
,,,,,,,Lighting & Ceiling Fans,Indoor Lighting,Chandeliers & Pendants,,52734CPZ,52734CPZ Kichler Pendant Light,,,,Kichler Lighting (KICLI),Kichler Lighting,Kichler,,52734CPZ,,Lighting & Electrical>Light Fixtures>Chandeliers & Pendants,"Kichler Lighting, Kichler, Pendant, 52734CPZ",KICHLER PENDANT LIGHT,Kichler Pendant 52734CPZ,Kichler Pendant 52734CPZ. High performance industrial and commercial grade pendant designed for professional applications.,Kichler Pendant,,,,,,,,,,,,,,,,,,,,,,,,,,,Pendant,,,,,,,,,,,,,,,,,,,,,,,,,,,,,,,,,,,,,,,,,,,,,,,,,,,,,,,,,,,,,,,,,,,,,,,,,,,,,,,,,,,,,,,,,,,,,,,,,,,,,,,,,,,,,,,,,,,,,,,,,,,,,,,,,,,,,,,,,,,,,,,,,,,,,,,,,,,,,,,,,,,,,,,,,,,,,,,,,,,,,,,,,,,,,,,,,,,,,
,,,,,,,Lighting & Ceiling Fans,Indoor Lighting,Chandeliers & Pendants,,82400,82400 Kichler Pendant Lt,,,,Kichler Lighting (KICLI),Kichler Lighting,Kichler,,82400,,Lighting & Electrical>Light Fixtures>Chandeliers & Pendants,"Kichler Lighting, Kichler, Pendant, 82400",KICHLER PENDANT LT,Kichler Pendant 82400,Kichler Pendant 82400. High performance industrial and commercial grade pendant designed for professional applications.,Kichler Pendant,,,,,,,,,,,,,,,,,,,,,,,,,,,Pendant,,,,,,,,,,,,,,,,,,,,,,,,,,,,,,,,,,,,,,,,,,,,,,,,,,,,,,,,,,,,,,,,,,,,,,,,,,,,,,,,,,,,,,,,,,,,,,,,,,,,,,,,,,,,,,,,,,,,,,,,,,,,,,,,,,,,,,,,,,,,,,,,,,,,,,,,,,,,,,,,,,,,,,,,,,,,,,,,,,,,,,,,,,,,,,,,,,,,,
,,,,,,,Tools & Hardware,Power Tools,Blowers & Vacuums,,S11606,"S11606 8"" Round Down Lt 30K",,,,Satco Prod Inc (5573),Satco Prod Inc,,,S11606,,Tools & Hardware>Power Tools>Blowers & Sweepers,"Satco Prod Inc, S11606 8"" Round Down Lt 30K, S11606","8"" ROUND DOWN LT 30K","S11606 8"" Round Down Lt 30K S11606","S11606 8"" Round Down Lt 30K S11606. High performance industrial and commercial grade s11606 8"" round down lt 30k designed for professional applications.","S11606 8"" Round Down Lt 30K",,,,,,,,,,,,,,,,,,,,,,,,,,,,,,,,,,,,,,,,,,,,,,,,,,,,,,,,,,,,,,,,,,,,,,,,,,,,,,,,,,,,,,,,,,,,,,,,,,,,,,,,,,,,,,,,,,,,,,,,,,,,,,,,,,,,,,,,,,,,,,,,,,,,,,,,,,,,,,,,,,,,,,,,,,,,,,,,,,,,,,,,,,,,,,,,,,,,,,,,,,,,,,,,,,,,,,,,,,,,,,,,
,,,,,,,Lighting & Ceiling Fans,Light Bulbs,LED Bulbs,,S11828,"S11828 8"" Led Down Light",,,,Satco Prod Inc (5573),Satco Prod Inc,,,S11828,,Lighting & Electrical>Light Bulbs>LED Bulbs,"Satco Prod Inc, Light, S11828","8"" LED DOWN LIGHT",Light S11828,Light S11828. High performance industrial and commercial grade light designed for professional applications.,Light,,,,,,,,,,,,,,,,,,,,,,,,,,,Light,,,,,,,,,,,,,,,,,,,,,,,,,,,,,,,,,,,,,,,,,,,,,,,,,,,,,,,,,,,,,,,,,,,,,,,,,,,,,,,,,,,,,,,,,,,,,,,,,,,,,,,,,,,,,,,,,,,,,,,,,,,,,,,,,,,,,,,,,,,,,,,,,,,,,,,,,,,,,,,,,,,,,,,,,,,,,,,,,,,,,,,,,,,,,,,,,,,,,
,,,,,,,Lighting & Ceiling Fans,Light Bulbs,LED Bulbs,,801274,"801274 10w LED 6"" Retro 50k",,,Philips,Phillips Lighting (5831),Phillips Lighting,Philips,,801274,,Lighting & Electrical>Light Bulbs>LED Bulbs,"Phillips Lighting, Philips, 801274 10w LED 6"" Retro 50k, 801274","10W LED 6"" RETRO 50K","Philips 801274 10w LED 6"" Retro 50k 801274","Philips 801274 10w LED 6"" Retro 50k 801274. High performance industrial and commercial grade 801274 10w led 6"" retro 50k designed for professional applications.","Philips 801274 10w LED 6"" Retro 50k",,,,,,,,,,,,,,,,,,,,,,,,,,,,,,,,,,,,,,,,,,,,,,,,,,,,,,,,,,,,,,,,,,,,,,,,,,,,,,,,,,,,,,,,,,,,,,,,,,,,,,,,,,,,,,,,,,,,,,,,,,,,,,,,,,,,,,,,,,,,,,,,,,,,,,,,,,,,,,,,,,,,,,,,,,,,,,,,,,,,,,,,,,,,,,,,,,,,,,,,,,,,,,,,,,,,,,,,,,,,,,,,
,,,,,,,Lighting & Ceiling Fans,Light Bulbs,LED Bulbs,,S11860,"S11860 6"" Downlight White 5 CCT",,,,Satco Prod Inc (5573),Satco Prod Inc,,,S11860,,Lighting & Electrical>Light Bulbs>LED Bulbs,"Satco Prod Inc, S11860 6"" Downlight White 5 CCT, S11860","6"" DOWNLIGHT WHITE 5 CCT","S11860 6"" Downlight White 5 CCT S11860","S11860 6"" Downlight White 5 CCT S11860. High performance industrial and commercial grade s11860 6"" downlight white 5 cct designed for professional applications.","S11860 6"" Downlight White 5 CCT",,,,,,,,,,,,,,,,,,,,,,,,,,,,,,,,,,,,,,,,,,,,,,,,,,,,,,,,,,,,,,,,,,,,,,,,,,,,,,,,,,,,,,,,,,,,,,,,,,,,,,,,,,,,,,,,,,,,,,,,,,,,,,,,,,,,,,,,,,,,,,,,,,,,,,,,,,,,,,,,,,,,,,,,,,,,,,,,,,,,,,,,,,,,,,,,,,,,,,,,,,,,,,,,,,,,,,,,,,,,,,,,
,,,,,,,Lighting & Ceiling Fans,Light Bulbs,LED Bulbs,,S11562,"S11562 Starfish 6"" D/W Downlight",,,,Satco Prod Inc (5573),Satco Prod Inc,,,S11562,,Lighting & Electrical>Light Bulbs>LED Bulbs,"Satco Prod Inc, S11562 Starfish 6"" D/W Downlight, S11562","STARFISH 6"" D/W DOWNLIGHT","S11562 Starfish 6"" D/W Downlight S11562","S11562 Starfish 6"" D/W Downlight S11562. High performance industrial and commercial grade s11562 starfish 6"" d/w downlight designed for professional applications.","S11562 Starfish 6"" D/W Downlight",,,,,,,,,,,,,,,,,,,,,,,,,,,,,,,,,,,,,,,,,,,,,,,,,,,,,,,,,,,,,,,,,,,,,,,,,,,,,,,,,,,,,,,,,,,,,,,,,,,,,,,,,,,,,,,,,,,,,,,,,,,,,,,,,,,,,,,,,,,,,,,,,,,,,,,,,,,,,,,,,,,,,,,,,,,,,,,,,,,,,,,,,,,,,,,,,,,,,,,,,,,,,,,,,,,,,,,,,,,,,,,,
,,,,,,,Lighting & Ceiling Fans,Light Bulbs,LED Bulbs,,S11646,"S11646 6"" Downlight Wh",,,,Satco Prod Inc (5573),Satco Prod Inc,,,S11646,,Lighting & Electrical>Light Bulbs>LED Bulbs,"Satco Prod Inc, S11646 6"" Downlight Wh, S11646","6"" DOWNLIGHT WH","S11646 6"" Downlight Wh S11646","S11646 6"" Downlight Wh S11646. High performance industrial and commercial grade s11646 6"" downlight wh designed for professional applications.","S11646 6"" Downlight Wh",,,,,,,,,,,,,,,,,,,,,,,,,,,,,,,,,,,,,,,,,,,,,,,,,,,,,,,,,,,,,,,,,,,,,,,,,,,,,,,,,,,,,,,,,,,,,,,,,,,,,,,,,,,,,,,,,,,,,,,,,,,,,,,,,,,,,,,,,,,,,,,,,,,,,,,,,,,,,,,,,,,,,,,,,,,,,,,,,,,,,,,,,,,,,,,,,,,,,,,,,,,,,,,,,,,,,,,,,,,,,,,,
,,,,,,,Lighting & Ceiling Fans,Light Bulbs,LED Bulbs,,S11801R1,"S11801R1 6"" Led Downlight Wh",,,,Satco Prod Inc (5573),Satco Prod Inc,,,S11801R1,,Lighting & Electrical>Light Bulbs>LED Bulbs,"Satco Prod Inc, S11801R1 6"" Led Downlight Wh, S11801R1","6"" LED DOWNLIGHT WH","S11801R1 6"" Led Downlight Wh S11801R1","S11801R1 6"" Led Downlight Wh S11801R1. High performance industrial and commercial grade s11801r1 6"" led downlight wh designed for professional applications.","S11801R1 6"" Led Downlight Wh",,,,,,,,,,,,,,,,,,,,,,,,,,,,,,,,,,,,,,,,,,,,,,,,,,,,,,,,,,,,,,,,,,,,,,,,,,,,,,,,,,,,,,,,,,,,,,,,,,,,,,,,,,,,,,,,,,,,,,,,,,,,,,,,,,,,,,,,,,,,,,,,,,,,,,,,,,,,,,,,,,,,,,,,,,,,,,,,,,,,,,,,,,,,,,,,,,,,,,,,,,,,,,,,,,,,,,,,,,,,,,,,
,,,,,,,Lighting & Ceiling Fans,Light Bulbs,LED Bulbs,,S11848,"S11848 10"" Down Light Wh",,,,Satco Prod Inc (5573),Satco Prod Inc,,,S11848,,Lighting & Electrical>Light Bulbs>LED Bulbs,"Satco Prod Inc, Light, S11848","10"" DOWN LIGHT WH",Light S11848,Light S11848. High performance industrial and commercial grade light designed for professional applications.,Light,,,,,,,,,,,,,,,,,,,,,,,,,,,Light,,,,,,,,,,,,,,,,,,,,,,,,,,,,,,,,,,,,,,,,,,,,,,,,,,,,,,,,,,,,,,,,,,,,,,,,,,,,,,,,,,,,,,,,,,,,,,,,,,,,,,,,,,,,,,,,,,,,,,,,,,,,,,,,,,,,,,,,,,,,,,,,,,,,,,,,,,,,,,,,,,,,,,,,,,,,,,,,,,,,,,,,,,,,,,,,,,,,,
,,,,,,,Lighting & Ceiling Fans,Commercial Lighting,Wrap & Strip Lights,,S11849,"S11849 12"" Down Light Wh",,,,Satco Prod Inc (5573),Satco Prod Inc,,,S11849,,Lighting & Electrical>Light Fixtures>LED Wrap & Linear Fixtures,"Satco Prod Inc, Light, S11849","12"" DOWN LIGHT WH",Light S11849,Light S11849. High performance industrial and commercial grade light designed for professional applications.,Light,,,,,,,,,,,,,,,,,,,,,,,,,,,Light,,,,,,,,,,,,,,,,,,,,,,,,,,,,,,,,,,,,,,,,,,,,,,,,,,,,,,,,,,,,,,,,,,,,,,,,,,,,,,,,,,,,,,,,,,,,,,,,,,,,,,,,,,,,,,,,,,,,,,,,,,,,,,,,,,,,,,,,,,,,,,,,,,,,,,,,,,,,,,,,,,,,,,,,,,,,,,,,,,,,,,,,,,,,,,,,,,,,,
,,,,,,,Lighting & Ceiling Fans,Indoor Lighting,Chandeliers & Pendants,,HLBSL609FS5,"HLBSL609FS5 6"" Down Light",,,,Cooper Lighting (7638),Cooper Lighting,,,HLBSL609FS5,,Lighting & Electrical>Light Fixtures>Chandeliers & Pendants,"Cooper Lighting, Light, HLBSL609FS5","6"" DOWN LIGHT",Light HLBSL609FS5,Light HLBSL609FS5. High performance industrial and commercial grade light designed for professional applications.,Light,,,,,,,,,,,,,,,,,,,,,,,,,,,Light,,,,,,,,,,,,,,,,,,,,,,,,,,,,,,,,,,,,,,,,,,,,,,,,,,,,,,,,,,,,,,,,,,,,,,,,,,,,,,,,,,,,,,,,,,,,,,,,,,,,,,,,,,,,,,,,,,,,,,,,,,,,,,,,,,,,,,,,,,,,,,,,,,,,,,,,,,,,,,,,,,,,,,,,,,,,,,,,,,,,,,,,,,,,,,,,,,,,,
,,,,,,,Lighting & Ceiling Fans,Commercial Lighting,Wrap & Strip Lights,,WF4REGSWW590CRIMW,"WF4REGSWW590CRIMW 4"" Down Light",,,,Lithonia Lighting (2776),Lithonia Lighting,,,WF4REGSWW590CRIMW,,Lighting & Electrical>Light Fixtures>LED Wrap & Linear Fixtures,"Lithonia Lighting, Light, WF4REGSWW590CRIMW","4"" DOWN LIGHT",Light WF4REGSWW590CRIMW,Light WF4REGSWW590CRIMW. High performance industrial and commercial grade light designed for professional applications.,Light,,,,,,,,,,,,,,,,,,,,,,,,,,,Light,,,,,,,,,,,,,,,,,,,,,,,,,,,,,,,,,,,,,,,,,,,,,,,,,,,,,,,,,,,,,,,,,,,,,,,,,,,,,,,,,,,,,,,,,,,,,,,,,,,,,,,,,,,,,,,,,,,,,,,,,,,,,,,,,,,,,,,,,,,,,,,,,,,,,,,,,,,,,,,,,,,,,,,,,,,,,,,,,,,,,,,,,,,,,,,,,,,,,
,,,,,,,Lighting & Ceiling Fans,Indoor Lighting,Chandeliers & Pendants,,43849WH5CCT,43849WH5CCT Kichler Ceiling Lt,,,,Kichler Lighting (KICLI),Kichler Lighting,Kichler,,43849WH5CCT,,Lighting & Electrical>Light Fixtures>Chandeliers & Pendants,"Kichler Lighting, Kichler, 43849WH5CCT Kichler Ceiling Lt, 43849WH5CCT",KICHLER CEILING LT,Kichler 43849WH5CCT Kichler Ceiling Lt 43849WH5CCT,Kichler 43849WH5CCT Kichler Ceiling Lt 43849WH5CCT. High performance industrial and commercial grade 43849wh5cct kichler ceiling lt designed for professional applications.,Kichler 43849WH5CCT Kichler Ceiling Lt,,,,,,,,,,,,,,,,,,,,,,,,,,,,,,,,,,,,,,,,,,,,,,,,,,,,,,,,,,,,,,,,,,,,,,,,,,,,,,,,,,,,,,,,,,,,,,,,,,,,,,,,,,,,,,,,,,,,,,,,,,,,,,,,,,,,,,,,,,,,,,,,,,,,,,,,,,,,,,,,,,,,,,,,,,,,,,,,,,,,,,,,,,,,,,,,,,,,,,,,,,,,,,,,,,,,,,,,,,,,,,,,
,,,,,,,Lighting & Ceiling Fans,Indoor Lighting,Chandeliers & Pendants,,62-1777,"62-1777 15"" Ceiling Lt Wh",,,,Satco Prod Inc (5573),Satco Prod Inc,,,62-1777,,Lighting & Electrical>Light Fixtures>Chandeliers & Pendants,"Satco Prod Inc, 62-1777 15"" Ceiling Lt Wh, 62-1777","15"" CEILING LT WH","62-1777 15"" Ceiling Lt Wh 62-1777","62-1777 15"" Ceiling Lt Wh 62-1777. High performance industrial and commercial grade 62-1777 15"" ceiling lt wh designed for professional applications.","62-1777 15"" Ceiling Lt Wh",,,,,,,,,,,,,,,,,,,,,,,,,,,,,,,,,,,,,,,,,,,,,,,,,,,,,,,,,,,,,,,,,,,,,,,,,,,,,,,,,,,,,,,,,,,,,,,,,,,,,,,,,,,,,,,,,,,,,,,,,,,,,,,,,,,,,,,,,,,,,,,,,,,,,,,,,,,,,,,,,,,,,,,,,,,,,,,,,,,,,,,,,,,,,,,,,,,,,,,,,,,,,,,,,,,,,,,,,,,,,,,,
,,,,,,,Lighting & Ceiling Fans,Indoor Lighting,Chandeliers & Pendants,,62-1778,"62-1778 19"" Ceiling Lt Wh",,,,Satco Prod Inc (5573),Satco Prod Inc,,,62-1778,,Lighting & Electrical>Light Fixtures>Chandeliers & Pendants,"Satco Prod Inc, 62-1778 19"" Ceiling Lt Wh, 62-1778","19"" CEILING LT WH","62-1778 19"" Ceiling Lt Wh 62-1778","62-1778 19"" Ceiling Lt Wh 62-1778. High performance industrial and commercial grade 62-1778 19"" ceiling lt wh designed for professional applications.","62-1778 19"" Ceiling Lt Wh",,,,,,,,,,,,,,,,,,,,,,,,,,,,,,,,,,,,,,,,,,,,,,,,,,,,,,,,,,,,,,,,,,,,,,,,,,,,,,,,,,,,,,,,,,,,,,,,,,,,,,,,,,,,,,,,,,,,,,,,,,,,,,,,,,,,,,,,,,,,,,,,,,,,,,,,,,,,,,,,,,,,,,,,,,,,,,,,,,,,,,,,,,,,,,,,,,,,,,,,,,,,,,,,,,,,,,,,,,,,,,,,
,,,,,,,Lighting & Ceiling Fans,Commercial Lighting,Wrap & Strip Lights,,62-1784,62-1784 24x24 Led Ceiling Lt,,,,Satco Prod Inc (5573),Satco Prod Inc,,,62-1784,,Lighting & Electrical>Light Fixtures>LED Wrap & Linear Fixtures,"Satco Prod Inc, 62-1784 24x24 Led Ceiling Lt, 62-1784",24X24 LED CEILING LT,62-1784 24x24 Led Ceiling Lt 62-1784,62-1784 24x24 Led Ceiling Lt 62-1784. High performance industrial and commercial grade 62-1784 24x24 led ceiling lt designed for professional applications.,62-1784 24x24 Led Ceiling Lt,,,,,,,,,,,,,,,,,,,,,,,,,,,,,,,,,,,,,,,,,,,,,,,,,,,,,,,,,,,,,,,,,,,,,,,,,,,,,,,,,,,,,,,,,,,,,,,,,,,,,,,,,,,,,,,,,,,,,,,,,,,,,,,,,,,,,,,,,,,,,,,,,,,,,,,,,,,,,,,,,,,,,,,,,,,,,,,,,,,,,,,,,,,,,,,,,,,,,,,,,,,,,,,,,,,,,,,,,,,,,,,,
,,,,,,,Lighting & Ceiling Fans,Indoor Lighting,Chandeliers & Pendants,,62-1787,"62-1787 15"" Ceiling Lt Bk",,,,Satco Prod Inc (5573),Satco Prod Inc,,,62-1787,,Lighting & Electrical>Light Fixtures>Chandeliers & Pendants,"Satco Prod Inc, 62-1787 15"" Ceiling Lt Bk, 62-1787","15"" CEILING LT BK","62-1787 15"" Ceiling Lt Bk 62-1787","62-1787 15"" Ceiling Lt Bk 62-1787. High performance industrial and commercial grade 62-1787 15"" ceiling lt bk designed for professional applications.","62-1787 15"" Ceiling Lt Bk",,,,,,,,,,,,,,,,,,,,,,,,,,,,,,,,,,,,,,,,,,,,,,,,,,,,,,,,,,,,,,,,,,,,,,,,,,,,,,,,,,,,,,,,,,,,,,,,,,,,,,,,,,,,,,,,,,,,,,,,,,,,,,,,,,,,,,,,,,,,,,,,,,,,,,,,,,,,,,,,,,,,,,,,,,,,,,,,,,,,,,,,,,,,,,,,,,,,,,,,,,,,,,,,,,,,,,,,,,,,,,,,
,,,,,,,Lighting & Ceiling Fans,Indoor Lighting,Chandeliers & Pendants,,62-1788,"62-1788 19"" Ceiling Lt Bk",,,,Satco Prod Inc (5573),Satco Prod Inc,,,62-1788,,Lighting & Electrical>Light Fixtures>Chandeliers & Pendants,"Satco Prod Inc, 62-1788 19"" Ceiling Lt Bk, 62-1788","19"" CEILING LT BK","62-1788 19"" Ceiling Lt Bk 62-1788","62-1788 19"" Ceiling Lt Bk 62-1788. High performance industrial and commercial grade 62-1788 19"" ceiling lt bk designed for professional applications.","62-1788 19"" Ceiling Lt Bk",,,,,,,,,,,,,,,,,,,,,,,,,,,,,,,,,,,,,,,,,,,,,,,,,,,,,,,,,,,,,,,,,,,,,,,,,,,,,,,,,,,,,,,,,,,,,,,,,,,,,,,,,,,,,,,,,,,,,,,,,,,,,,,,,,,,,,,,,,,,,,,,,,,,,,,,,,,,,,,,,,,,,,,,,,,,,,,,,,,,,,,,,,,,,,,,,,,,,,,,,,,,,,,,,,,,,,,,,,,,,,,,
,,,,,,,Lighting & Ceiling Fans,Commercial Lighting,Wrap & Strip Lights,,SHOP/4X2/840/V1,4' Feit Shop Light 4500L 40k,,,Feit Electric,Feit Electric (3468),Feit Electric,Feit Electric,,SHOP/4X2/840/V1,,Lighting & Electrical>Light Fixtures>LED Wrap & Linear Fixtures,"Feit Electric, Feit Electric, Light, SHOP/4X2/840/V1",4' FEIT SHOP LIGHT 4500L 40K,Feit Electric Light SHOP/4X2/840/V1,Feit Electric Light SHOP/4X2/840/V1. High performance industrial and commercial grade light designed for professional applications.,Feit Electric Light,,,,,,,,,,,,,,,,,,,,,,,,,,,Light,,,,,,,,,,,,,,,,,,,,,,,,,,,,,,,,,,,,,,,,,,,,,,,,,,,,,,,,,,,,,,,,,,,,,,,,,,,,,,,,,,,,,,,,,,,,,,,,,,,,,,,,,,,,,,,,,,,,,,,,,,,,,,,,,,,,,,,,,,,,,,,,,,,,,,,,,,,,,,,,,,,,,,,,,,,,,,,,,,,,,,,,,,,,,,,,,,,,,
,,,,,,,Lighting & Ceiling Fans,Indoor Lighting,Chandeliers & Pendants,,45495BKCLR,45495BKCLR Kichler Wall Lt,,,,Kichler Lighting (KICLI),Kichler Lighting,Kichler,,45495BKCLR,,Lighting & Electrical>Light Fixtures>Chandeliers & Pendants,"Kichler Lighting, Kichler, 45495BKCLR Kichler Wall Lt, 45495BKCLR",KICHLER WALL LT,Kichler 45495BKCLR Kichler Wall Lt 45495BKCLR,Kichler 45495BKCLR Kichler Wall Lt 45495BKCLR. High performance industrial and commercial grade 45495bkclr kichler wall lt designed for professional applications.,Kichler 45495BKCLR Kichler Wall Lt,,,,,,,,,,,,,,,,,,,,,,,,,,,,,,,,,,,,,,,,,,,,,,,,,,,,,,,,,,,,,,,,,,,,,,,,,,,,,,,,,,,,,,,,,,,,,,,,,,,,,,,,,,,,,,,,,,,,,,,,,,,,,,,,,,,,,,,,,,,,,,,,,,,,,,,,,,,,,,,,,,,,,,,,,,,,,,,,,,,,,,,,,,,,,,,,,,,,,,,,,,,,,,,,,,,,,,,,,,,,,,,,
,,,,,,,Lighting & Ceiling Fans,Indoor Lighting,Chandeliers & Pendants,,55209NI,55209NI Kichler Wall Sconce,,,,Kichler Lighting (KICLI),Kichler Lighting,Kichler,,55209NI,,Lighting & Electrical>Light Fixtures>Chandeliers & Pendants,"Kichler Lighting, Kichler, Sconce, 55209NI",KICHLER WALL SCONCE,Kichler Sconce 55209NI,Kichler Sconce 55209NI. High performance industrial and commercial grade sconce designed for professional applications.,Kichler Sconce,,,,,,,,,,,,,,,,,,,,,,,,,,,Sconce,,,,,,,,,,,,,,,,,,,,,,,,,,,,,,,,,,,,,,,,,,,,,,,,,,,,,,,,,,,,,,,,,,,,,,,,,,,,,,,,,,,,,,,,,,,,,,,,,,,,,,,,,,,,,,,,,,,,,,,,,,,,,,,,,,,,,,,,,,,,,,,,,,,,,,,,,,,,,,,,,,,,,,,,,,,,,,,,,,,,,,,,,,,,,,,,,,,,,
,,,,,,,Lighting & Ceiling Fans,Commercial Lighting,Wrap & Strip Lights,,65-1210,65-1210 2' LED Wrap Lt,,,,Satco Prod Inc (5573),Satco Prod Inc,,,65-1210,,Lighting & Electrical>Light Fixtures>LED Wrap & Linear Fixtures,"Satco Prod Inc, 65-1210 2' LED Wrap Lt, 65-1210",2' LED WRAP LT,65-1210 2' LED Wrap Lt 65-1210,65-1210 2' LED Wrap Lt 65-1210. High performance industrial and commercial grade 65-1210 2' led wrap lt designed for professional applications.,65-1210 2' LED Wrap Lt,,,,,,,,,,,,,,,,,,,,,,,,,,,,,,,,,,,,,,,,,,,,,,,,,,,,,,,,,,,,,,,,,,,,,,,,,,,,,,,,,,,,,,,,,,,,,,,,,,,,,,,,,,,,,,,,,,,,,,,,,,,,,,,,,,,,,,,,,,,,,,,,,,,,,,,,,,,,,,,,,,,,,,,,,,,,,,,,,,,,,,,,,,,,,,,,,,,,,,,,,,,,,,,,,,,,,,,,,,,,,,,,
,,,,,,,Lighting & Ceiling Fans,Commercial Lighting,Wrap & Strip Lights,,65-1211,65-1211 4' Led Wrap Light,,,,Satco Prod Inc (5573),Satco Prod Inc,,,65-1211,,Lighting & Electrical>Light Fixtures>LED Wrap & Linear Fixtures,"Satco Prod Inc, Led Wrap Light, 65-1211",4' LED WRAP LIGHT,Led Wrap Light 65-1211,Led Wrap Light 65-1211. High performance industrial and commercial grade led wrap light designed for professional applications.,Led Wrap Light,,,,,,,,,,,,,,,,,,,,,,,,,,,Led Wrap Light,,,,,,,,,,,,,,,,,,,,,,,,,,,,,,,,,,,,,,,,,,,,,,,,,,,,,,,,,,,,,,,,,,,,,,,,,,,,,,,,,,,,,,,,,,,,,,,,,,,,,,,,,,,,,,,,,,,,,,,,,,,,,,,,,,,,,,,,,,,,,,,,,,,,,,,,,,,,,,,,,,,,,,,,,,,,,,,,,,,,,,,,,,,,,,,,,,,,,
,,,,,,,Tools & Hardware,Power Tools,Blowers & Vacuums,,141465,"141465 15W Flor 18"" T12 27k",,,Philips,Phillips Lighting (5831),Phillips Lighting,Philips,,141465,,Tools & Hardware>Power Tools>Blowers & Sweepers,"Phillips Lighting, Philips, 141465 15W Flor 18"" T12 27k, 141465","15W FLOR 18"" T12 27K","Philips 141465 15W Flor 18"" T12 27k 141465","Philips 141465 15W Flor 18"" T12 27k 141465. High performance industrial and commercial grade 141465 15w flor 18"" t12 27k designed for professional applications.","Philips 141465 15W Flor 18"" T12 27k",,,,,,,,,,,,,,,,,,,,,,,,,,,,,,,,,,,,,,,,,,,,,,,,,,,,,,,,,,,,,,,,,,,,,,,,,,,,,,,,,,,,,,,,,,,,,,,,,,,,,,,,,,,,,,,,,,,,,,,,,,,,,,,,,,,,,,,,,,,,,,,,,,,,,,,,,,,,,,,,,,,,,,,,,,,,,,,,,,,,,,,,,,,,,,,,,,,,,,,,,,,,,,,,,,,,,,,,,,,,,,,,
,,,,,,,Lighting & Ceiling Fans,Light Bulbs,LED Bulbs,,391227,"391227 32W Led 12"" T9 30K",,,Philips,Phillips Lighting (5831),Phillips Lighting,Philips,,391227,,Lighting & Electrical>Light Bulbs>LED Bulbs,"Phillips Lighting, Philips, 391227 32W Led 12"" T9 30K, 391227","32W LED 12"" T9 30K","Philips 391227 32W Led 12"" T9 30K 391227","Philips 391227 32W Led 12"" T9 30K 391227. High performance industrial and commercial grade 391227 32w led 12"" t9 30k designed for professional applications.","Philips 391227 32W Led 12"" T9 30K",,,,,,,,,,,,,,,,,,,,,,,,,,,,,,,,,,,,,,,,,,,,,,,,,,,,,,,,,,,,,,,,,,,,,,,,,,,,,,,,,,,,,,,,,,,,,,,,,,,,,,,,,,,,,,,,,,,,,,,,,,,,,,,,,,,,,,,,,,,,,,,,,,,,,,,,,,,,,,,,,,,,,,,,,,,,,,,,,,,,,,,,,,,,,,,,,,,,,,,,,,,,,,,,,,,,,,,,,,,,,,,,
,,,,,,,Tools & Hardware,Power Tools,Blowers & Vacuums,,392225,"392225 22W Flor 8"" T9 30k",,,Philips,Phillips Lighting (5831),Phillips Lighting,Philips,,392225,,Tools & Hardware>Power Tools>Blowers & Sweepers,"Phillips Lighting, Philips, 392225 22W Flor 8"" T9 30k, 392225","22W FLOR 8"" T9 30K","Philips 392225 22W Flor 8"" T9 30k 392225","Philips 392225 22W Flor 8"" T9 30k 392225. High performance industrial and commercial grade 392225 22w flor 8"" t9 30k designed for professional applications.","Philips 392225 22W Flor 8"" T9 30k",,,,,,,,,,,,,,,,,,,,,,,,,,,,,,,,,,,,,,,,,,,,,,,,,,,,,,,,,,,,,,,,,,,,,,,,,,,,,,,,,,,,,,,,,,,,,,,,,,,,,,,,,,,,,,,,,,,,,,,,,,,,,,,,,,,,,,,,,,,,,,,,,,,,,,,,,,,,,,,,,,,,,,,,,,,,,,,,,,,,,,,,,,,,,,,,,,,,,,,,,,,,,,,,,,,,,,,,,,,,,,,,
,,,,,,,Electrical,Fittings & Conduit,Cord Grips & Connectors,,S3539,S3539 20W Halogen Pin T4,,,Satco,Satco Prod Inc (5573),Satco Prod Inc,Satco,,S3539,,Electrical>Conduit & Fittings>Cord Grips & Connectors,"Satco Prod Inc, Satco, S3539 20W Halogen Pin T4, S3539",20W HALOGEN PIN T4,Satco S3539 20W Halogen Pin T4 S3539,Satco S3539 20W Halogen Pin T4 S3539. High performance industrial and commercial grade s3539 20w halogen pin t4 designed for professional applications.,Satco S3539 20W Halogen Pin T4,,,,,,,,,,,,,,,,,,,,,,,,,,,,,,,,,,,,,,,,,,,,,,,,,,,,,,,,,,,,,,,,,,,,,,,,,,,,,,,,,,,,,,,,,,,,,,,,,,,,,,,,,,,,,,,,,,,,,,,,,,,,,,,,,,,,,,,,,,,,,,,,,,,,,,,,,,,,,,,,,,,,,,,,,,,,,,,,,,,,,,,,,,,,,,,,,,,,,,,,,,,,,,,,,,,,,,,,,,,,,,,,
,,,,,,,Lighting & Ceiling Fans,Light Bulbs,LED Bulbs,,S3496,S3496 300W Halogen T3 Bulb,,,Satco,Satco Prod Inc (5573),Satco Prod Inc,Satco,,S3496,,Lighting & Electrical>Light Bulbs>LED Bulbs,"Satco Prod Inc, Satco, S3496 300W Halogen T3 Bulb, S3496",300W HALOGEN T3 BULB,Satco S3496 300W Halogen T3 Bulb S3496,Satco S3496 300W Halogen T3 Bulb S3496. High performance industrial and commercial grade s3496 300w halogen t3 bulb designed for professional applications.,Satco S3496 300W Halogen T3 Bulb,,,,,,,,,,,,,,,,,,,,,,,,,,,,,,,,,,,,,,,,,,,,,,,,,,,,,,,,,,,,,,,,,,,,,,,,,,,,,,,,,,,,,,,,,,,,,,,,,,,,,,,,,,,,,,,,,,,,,,,,,,,,,,,,,,,,,,,,,,,,,,,,,,,,,,,,,,,,,,,,,,,,,,,,,,,,,,,,,,,,,,,,,,,,,,,,,,,,,,,,,,,,,,,,,,,,,,,,,,,,,,,,
,,,,,,,Tools & Hardware,Abrasives,Grinding Wheels,,467316,467316 150W Sodium Med 21k,,,Philips,Phillips Lighting (5831),Phillips Lighting,Philips,,467316,,Tools & Hardware>Abrasives & Polishing>Grinding & Cut-Off Wheels,"Phillips Lighting, Philips, 467316 150W Sodium Med 21k, 467316",150W SODIUM MED 21K,Philips 467316 150W Sodium Med 21k 467316,Philips 467316 150W Sodium Med 21k 467316. High performance industrial and commercial grade 467316 150w sodium med 21k designed for professional applications.,Philips 467316 150W Sodium Med 21k,,,,,,,,,,,,,,,,,,,,,,,,,,,,,,,,,,,,,,,,,,,,,,,,,,,,,,,,,,,,,,,,,,,,,,,,,,,,,,,,,,,,,,,,,,,,,,,,,,,,,,,,,,,,,,,,,,,,,,,,,,,,,,,,,,,,,,,,,,,,,,,,,,,,,,,,,,,,,,,,,,,,,,,,,,,,,,,,,,,,,,,,,,,,,,,,,,,,,,,,,,,,,,,,,,,,,,,,,,,,,,,,
,,,,,,,Appliances,Large Appliances,Refrigerators,,S3709,S3709 25W Incan 27K,,,Satco,Satco Prod Inc (5573),Satco Prod Inc,Satco,,S3709,,Appliances & Consumer Electronics>Kitchen Appliances>Refrigerators,"Satco Prod Inc, Satco, S3709 25W Incan 27K, S3709",25W INCAN 27K,Satco S3709 25W Incan 27K S3709,Satco S3709 25W Incan 27K S3709. High performance industrial and commercial grade s3709 25w incan 27k designed for professional applications.,Satco S3709 25W Incan 27K,,,,,,,,,,,,,,,,,,,,,,,,,,,,,,,,,,,,,,,,,,,,,,,,,,,,,,,,,,,,,,,,,,,,,,,,,,,,,,,,,,,,,,,,,,,,,,,,,,,,,,,,,,,,,,,,,,,,,,,,,,,,,,,,,,,,,,,,,,,,,,,,,,,,,,,,,,,,,,,,,,,,,,,,,,,,,,,,,,,,,,,,,,,,,,,,,,,,,,,,,,,,,,,,,,,,,,,,,,,,,,,,
,,,,,,,Tools & Hardware,Power Tools,Blowers & Vacuums,,S4720,S4720 25W Incan 27K,,,Satco,Satco Prod Inc (5573),Satco Prod Inc,Satco,,S4720,,Tools & Hardware>Power Tools>Blowers & Sweepers,"Satco Prod Inc, Satco, S4720 25W Incan 27K, S4720",25W INCAN 27K,Satco S4720 25W Incan 27K S4720,Satco S4720 25W Incan 27K S4720. High performance industrial and commercial grade s4720 25w incan 27k designed for professional applications.,Satco S4720 25W Incan 27K,,,,,,,,,,,,,,,,,,,,,,,,,,,,,,,,,,,,,,,,,,,,,,,,,,,,,,,,,,,,,,,,,,,,,,,,,,,,,,,,,,,,,,,,,,,,,,,,,,,,,,,,,,,,,,,,,,,,,,,,,,,,,,,,,,,,,,,,,,,,,,,,,,,,,,,,,,,,,,,,,,,,,,,,,,,,,,,,,,,,,,,,,,,,,,,,,,,,,,,,,,,,,,,,,,,,,,,,,,,,,,,,
,,,,,,,Appliances,Large Appliances,Dishwashers,,S3720,S3720 40w Inc A15 Med 26k,,,Satco,Satco Prod Inc (5573),Satco Prod Inc,Satco,,S3720,,Appliances & Consumer Electronics>Kitchen Appliances>Built-In Dishwashers,"Satco Prod Inc, Satco, S3720 40w Inc A15 Med 26k, S3720",40W INC A15 MED 26K,Satco S3720 40w Inc A15 Med 26k S3720,Satco S3720 40w Inc A15 Med 26k S3720. High performance industrial and commercial grade s3720 40w inc a15 med 26k designed for professional applications.,Satco S3720 40w Inc A15 Med 26k,,,,,,,,,,,,,,,,,,,,,,,,,,,,,,,,,,,,,,,,,,,,,,,,,,,,,,,,,,,,,,,,,,,,,,,,,,,,,,,,,,,,,,,,,,,,,,,,,,,,,,,,,,,,,,,,,,,,,,,,,,,,,,,,,,,,,,,,,,,,,,,,,,,,,,,,,,,,,,,,,,,,,,,,,,,,,,,,,,,,,,,,,,,,,,,,,,,,,,,,,,,,,,,,,,,,,,,,,,,,,,,,
,,,,,,,Tools & Hardware,Power Tools,Saws & Blades,,S3702,S3702 40W Incan Med 27K,,,Satco,Satco Prod Inc (5573),Satco Prod Inc,Satco,,S3702,,Tools & Hardware>Power Tools>Power Saws,"Satco Prod Inc, Satco, S3702 40W Incan Med 27K, S3702",40W INCAN MED 27K,Satco S3702 40W Incan Med 27K S3702,Satco S3702 40W Incan Med 27K S3702. High performance industrial and commercial grade s3702 40w incan med 27k designed for professional applications.,Satco S3702 40W Incan Med 27K,,,,,,,,,,,,,,,,,,,,,,,,,,,,,,,,,,,,,,,,,,,,,,,,,,,,,,,,,,,,,,,,,,,,,,,,,,,,,,,,,,,,,,,,,,,,,,,,,,,,,,,,,,,,,,,,,,,,,,,,,,,,,,,,,,,,,,,,,,,,,,,,,,,,,,,,,,,,,,,,,,,,,,,,,,,,,,,,,,,,,,,,,,,,,,,,,,,,,,,,,,,,,,,,,,,,,,,,,,,,,,,,
,,,,,,,Tools & Hardware,Power Tools,Saws & Blades,,S3703,S3703 40W Incan Med 27K,,,Satco,Satco Prod Inc (5573),Satco Prod Inc,Satco,,S3703,,Tools & Hardware>Power Tools>Power Saws,"Satco Prod Inc, Satco, S3703 40W Incan Med 27K, S3703",40W INCAN MED 27K,Satco S3703 40W Incan Med 27K S3703,Satco S3703 40W Incan Med 27K S3703. High performance industrial and commercial grade s3703 40w incan med 27k designed for professional applications.,Satco S3703 40W Incan Med 27K,,,,,,,,,,,,,,,,,,,,,,,,,,,,,,,,,,,,,,,,,,,,,,,,,,,,,,,,,,,,,,,,,,,,,,,,,,,,,,,,,,,,,,,,,,,,,,,,,,,,,,,,,,,,,,,,,,,,,,,,,,,,,,,,,,,,,,,,,,,,,,,,,,,,,,,,,,,,,,,,,,,,,,,,,,,,,,,,,,,,,,,,,,,,,,,,,,,,,,,,,,,,,,,,,,,,,,,,,,,,,,,,
,,,,,,,Tools & Hardware,Power Tools,Blowers & Vacuums,,S3797,S3797 4W Incan Cand 27K 2pk,,,Satco,Satco Prod Inc (5573),Satco Prod Inc,Satco,,S3797,,Tools & Hardware>Power Tools>Blowers & Sweepers,"Satco Prod Inc, Satco, S3797 4W Incan Cand 27K 2pk, S3797",4W INCAN CAND 27K 2PK,Satco S3797 4W Incan Cand 27K 2pk S3797,Satco S3797 4W Incan Cand 27K 2pk S3797. High performance industrial and commercial grade s3797 4w incan cand 27k 2pk designed for professional applications.,Satco S3797 4W Incan Cand 27K 2pk,,,,,,,,,,,,,,,,,,,,,,,,,,,,,,,,,,,,,,,,,,,,,,,,,,,,,,,,,,,,,,,,,,,,,,,,,,,,,,,,,,,,,,,,,,,,,,,,,,,,,,,,,,,,,,,,,,,,,,,,,,,,,,,,,,,,,,,,,,,,,,,,,,,,,,,,,,,,,,,,,,,,,,,,,,,,,,,,,,,,,,,,,,,,,,,,,,,,,,,,,,,,,,,,,,,,,,,,,,,,,,,,
,,,,,,,Tools & Hardware,Power Tools,Saws & Blades,,S4724,S4724 4W Incan Cand 27K 4pk,,,Satco,Satco Prod Inc (5573),Satco Prod Inc,Satco,,S4724,,Tools & Hardware>Power Tools>Power Saws,"Satco Prod Inc, Satco, S4724 4W Incan Cand 27K 4pk, S4724",4W INCAN CAND 27K 4PK,Satco S4724 4W Incan Cand 27K 4pk S4724,Satco S4724 4W Incan Cand 27K 4pk S4724. High performance industrial and commercial grade s4724 4w incan cand 27k 4pk designed for professional applications.,Satco S4724 4W Incan Cand 27K 4pk,,,,,,,,,,,,,,,,,,,,,,,,,,,,,,,,,,,,,,,,,,,,,,,,,,,,,,,,,,,,,,,,,,,,,,,,,,,,,,,,,,,,,,,,,,,,,,,,,,,,,,,,,,,,,,,,,,,,,,,,,,,,,,,,,,,,,,,,,,,,,,,,,,,,,,,,,,,,,,,,,,,,,,,,,,,,,,,,,,,,,,,,,,,,,,,,,,,,,,,,,,,,,,,,,,,,,,,,,,,,,,,,
,,,,,,,Tools & Hardware,Power Tools,Blowers & Vacuums,,S4717,S4717 6W Incan Cand 27k 2pk,,,Satco,Satco Prod Inc (5573),Satco Prod Inc,Satco,,S4717,,Tools & Hardware>Power Tools>Blowers & Sweepers,"Satco Prod Inc, Satco, S4717 6W Incan Cand 27k 2pk, S4717",6W INCAN CAND 27K 2PK,Satco S4717 6W Incan Cand 27k 2pk S4717,Satco S4717 6W Incan Cand 27k 2pk S4717. High performance industrial and commercial grade s4717 6w incan cand 27k 2pk designed for professional applications.,Satco S4717 6W Incan Cand 27k 2pk,,,,,,,,,,,,,,,,,,,,,,,,,,,,,,,,,,,,,,,,,,,,,,,,,,,,,,,,,,,,,,,,,,,,,,,,,,,,,,,,,,,,,,,,,,,,,,,,,,,,,,,,,,,,,,,,,,,,,,,,,,,,,,,,,,,,,,,,,,,,,,,,,,,,,,,,,,,,,,,,,,,,,,,,,,,,,,,,,,,,,,,,,,,,,,,,,,,,,,,,,,,,,,,,,,,,,,,,,,,,,,,,
,,,,,,,Tools & Hardware,Measuring & Layout,Levels & Lasers,,S3794,S3794 7W Incan Med 27K,,,Satco,Satco Prod Inc (5573),Satco Prod Inc,Satco,,S3794,,Tools & Hardware>Hand Tools>Measuring & Layout Tools>Laser Levels,"Satco Prod Inc, Satco, S3794 7W Incan Med 27K, S3794",7W INCAN MED 27K,Satco S3794 7W Incan Med 27K S3794,Satco S3794 7W Incan Med 27K S3794. High performance industrial and commercial grade s3794 7w incan med 27k designed for professional applications.,Satco S3794 7W Incan Med 27K,,,,,,,,,,,,,,,,,,,,,,,,,,,,,,,,,,,,,,,,,,,,,,,,,,,,,,,,,,,,,,,,,,,,,,,,,,,,,,,,,,,,,,,,,,,,,,,,,,,,,,,,,,,,,,,,,,,,,,,,,,,,,,,,,,,,,,,,,,,,,,,,,,,,,,,,,,,,,,,,,,,,,,,,,,,,,,,,,,,,,,,,,,,,,,,,,,,,,,,,,,,,,,,,,,,,,,,,,,,,,,,,
,,,,,,,Tools & Hardware,Measuring & Layout,Levels & Lasers,,S3795,S3795 7W Incan Med 27K,,,Satco,Satco Prod Inc (5573),Satco Prod Inc,Satco,,S3795,,Tools & Hardware>Hand Tools>Measuring & Layout Tools>Laser Levels,"Satco Prod Inc, Satco, S3795 7W Incan Med 27K, S3795",7W INCAN MED 27K,Satco S3795 7W Incan Med 27K S3795,Satco S3795 7W Incan Med 27K S3795. High performance industrial and commercial grade s3795 7w incan med 27k designed for professional applications.,Satco S3795 7W Incan Med 27K,,,,,,,,,,,,,,,,,,,,,,,,,,,,,,,,,,,,,,,,,,,,,,,,,,,,,,,,,,,,,,,,,,,,,,,,,,,,,,,,,,,,,,,,,,,,,,,,,,,,,,,,,,,,,,,,,,,,,,,,,,,,,,,,,,,,,,,,,,,,,,,,,,,,,,,,,,,,,,,,,,,,,,,,,,,,,,,,,,,,,,,,,,,,,,,,,,,,,,,,,,,,,,,,,,,,,,,,,,,,,,,,
,,,,,,,Tools & Hardware,Power Tools,Blowers & Vacuums,,S4726,S4726 7W Incan Cand 27K 4pk,,,Satco,Satco Prod Inc (5573),Satco Prod Inc,Satco,,S4726,,Tools & Hardware>Power Tools>Blowers & Sweepers,"Satco Prod Inc, Satco, S4726 7W Incan Cand 27K 4pk, S4726",7W INCAN CAND 27K 4PK,Satco S4726 7W Incan Cand 27K 4pk S4726,Satco S4726 7W Incan Cand 27K 4pk S4726. High performance industrial and commercial grade s4726 7w incan cand 27k 4pk designed for professional applications.,Satco S4726 7W Incan Cand 27K 4pk,,,,,,,,,,,,,,,,,,,,,,,,,,,,,,,,,,,,,,,,,,,,,,,,,,,,,,,,,,,,,,,,,,,,,,,,,,,,,,,,,,,,,,,,,,,,,,,,,,,,,,,,,,,,,,,,,,,,,,,,,,,,,,,,,,,,,,,,,,,,,,,,,,,,,,,,,,,,,,,,,,,,,,,,,,,,,,,,,,,,,,,,,,,,,,,,,,,,,,,,,,,,,,,,,,,,,,,,,,,,,,,,
,,,,,,,Lighting & Ceiling Fans,Light Bulbs,LED Bulbs,,S11429,S11429 60W Led Bulb 27K,,,Satco,Satco Prod Inc (5573),Satco Prod Inc,Satco,,S11429,,Lighting & Electrical>Light Bulbs>LED Bulbs,"Satco Prod Inc, Satco, S11429 60W Led Bulb 27K, S11429",60W LED BULB 27K,Satco S11429 60W Led Bulb 27K S11429,Satco S11429 60W Led Bulb 27K S11429. High performance industrial and commercial grade s11429 60w led bulb 27k designed for professional applications.,Satco S11429 60W Led Bulb 27K,,,,,,,,,,,,,,,,,,,,,,,,,,,,,,,,,,,,,,,,,,,,,,,,,,,,,,,,,,,,,,,,,,,,,,,,,,,,,,,,,,,,,,,,,,,,,,,,,,,,,,,,,,,,,,,,,,,,,,,,,,,,,,,,,,,,,,,,,,,,,,,,,,,,,,,,,,,,,,,,,,,,,,,,,,,,,,,,,,,,,,,,,,,,,,,,,,,,,,,,,,,,,,,,,,,,,,,,,,,,,,,,
,,,,,,,Lighting & Ceiling Fans,Light Bulbs,LED Bulbs,,S21354,S21354 8W Led T9 Med 27k,,,,Satco Prod Inc (5573),Satco Prod Inc,,,S21354,,Lighting & Electrical>Light Bulbs>LED Bulbs,"Satco Prod Inc, S21354 8W Led T9 Med 27k, S21354",8W LED T9 MED 27K,S21354 8W Led T9 Med 27k S21354,S21354 8W Led T9 Med 27k S21354. High performance industrial and commercial grade s21354 8w led t9 med 27k designed for professional applications.,S21354 8W Led T9 Med 27k,,,,,,,,,,,,,,,,,,,,,,,,,,,,,,,,,,,,,,,,,,,,,,,,,,,,,,,,,,,,,,,,,,,,,,,,,,,,,,,,,,,,,,,,,,,,,,,,,,,,,,,,,,,,,,,,,,,,,,,,,,,,,,,,,,,,,,,,,,,,,,,,,,,,,,,,,,,,,,,,,,,,,,,,,,,,,,,,,,,,,,,,,,,,,,,,,,,,,,,,,,,,,,,,,,,,,,,,,,,,,,,,
,,,,,,,Lighting & Ceiling Fans,Light Bulbs,LED Bulbs,,S21363,S21363 8W Led Edison ST19 27K,,,,Satco Prod Inc (5573),Satco Prod Inc,,,S21363,,Lighting & Electrical>Light Bulbs>LED Bulbs,"Satco Prod Inc, S21363 8W Led Edison ST19 27K, S21363",8W LED EDISON ST19 27K,S21363 8W Led Edison ST19 27K S21363,S21363 8W Led Edison ST19 27K S21363. High performance industrial and commercial grade s21363 8w led edison st19 27k designed for professional applications.,S21363 8W Led Edison ST19 27K,,,,,,,,,,,,,,,,,,,,,,,,,,,,,,,,,,,,,,,,,,,,,,,,,,,,,,,,,,,,,,,,,,,,,,,,,,,,,,,,,,,,,,,,,,,,,,,,,,,,,,,,,,,,,,,,,,,,,,,,,,,,,,,,,,,,,,,,,,,,,,,,,,,,,,,,,,,,,,,,,,,,,,,,,,,,,,,,,,,,,,,,,,,,,,,,,,,,,,,,,,,,,,,,,,,,,,,,,,,,,,,,
,,,,,,,Lighting & Ceiling Fans,Light Bulbs,LED Bulbs,,S11445,S11445 12W Led Med 30k Motion,,,,Satco Prod Inc (5573),Satco Prod Inc,,,S11445,,Lighting & Electrical>Light Bulbs>LED Bulbs,"Satco Prod Inc, S11445 12W Led Med 30k Motion, S11445",12W LED MED 30K MOTION,S11445 12W Led Med 30k Motion S11445,S11445 12W Led Med 30k Motion S11445. High performance industrial and commercial grade s11445 12w led med 30k motion designed for professional applications.,S11445 12W Led Med 30k Motion,,,,,,,,,,,,,,,,,,,,,,,,,,,,,,,,,,,,,,,,,,,,,,,,,,,,,,,,,,,,,,,,,,,,,,,,,,,,,,,,,,,,,,,,,,,,,,,,,,,,,,,,,,,,,,,,,,,,,,,,,,,,,,,,,,,,,,,,,,,,,,,,,,,,,,,,,,,,,,,,,,,,,,,,,,,,,,,,,,,,,,,,,,,,,,,,,,,,,,,,,,,,,,,,,,,,,,,,,,,,,,,,
,,,,,,,Lighting & Ceiling Fans,Light Bulbs,LED Bulbs,,567313,567313 50W Led MR16 30K 3pk,,,Philips,Phillips Lighting (5831),Phillips Lighting,Philips,,567313,,Lighting & Electrical>Light Bulbs>LED Bulbs,"Phillips Lighting, Philips, 567313 50W Led MR16 30K 3pk, 567313",50W LED MR16 30K 3PK,Philips 567313 50W Led MR16 30K 3pk 567313,Philips 567313 50W Led MR16 30K 3pk 567313. High performance industrial and commercial grade 567313 50w led mr16 30k 3pk designed for professional applications.,Philips 567313 50W Led MR16 30K 3pk,,,,,,,,,,,,,,,,,,,,,,,,,,,,,,,,,,,,,,,,,,,,,,,,,,,,,,,,,,,,,,,,,,,,,,,,,,,,,,,,,,,,,,,,,,,,,,,,,,,,,,,,,,,,,,,,,,,,,,,,,,,,,,,,,,,,,,,,,,,,,,,,,,,,,,,,,,,,,,,,,,,,,,,,,,,,,,,,,,,,,,,,,,,,,,,,,,,,,,,,,,,,,,,,,,,,,,,,,,,,,,,,
,,,,,,,Lighting & Ceiling Fans,Light Bulbs,LED Bulbs,,586875,586875 60W Led Multi CCT 4pk,,,Philips,Phillips Lighting (5831),Phillips Lighting,Philips,,586875,,Lighting & Electrical>Light Bulbs>LED Bulbs,"Phillips Lighting, Philips, 586875 60W Led Multi CCT 4pk, 586875",60W LED MULTI CCT 4PK,Philips 586875 60W Led Multi CCT 4pk 586875,Philips 586875 60W Led Multi CCT 4pk 586875. High performance industrial and commercial grade 586875 60w led multi cct 4pk designed for professional applications.,Philips 586875 60W Led Multi CCT 4pk,,,,,,,,,,,,,,,,,,,,,,,,,,,,,,,,,,,,,,,,,,,,,,,,,,,,,,,,,,,,,,,,,,,,,,,,,,,,,,,,,,,,,,,,,,,,,,,,,,,,,,,,,,,,,,,,,,,,,,,,,,,,,,,,,,,,,,,,,,,,,,,,,,,,,,,,,,,,,,,,,,,,,,,,,,,,,,,,,,,,,,,,,,,,,,,,,,,,,,,,,,,,,,,,,,,,,,,,,,,,,,,,
,,,,,,,Lighting & Ceiling Fans,Light Bulbs,LED Bulbs,,576355,576355 60/100/150 Led Med 50k,,,Philips,Phillips Lighting (5831),Phillips Lighting,Philips,,576355,,Lighting & Electrical>Light Bulbs>LED Bulbs,"Phillips Lighting, Philips, 576355 60/100/150 Led Med 50k, 576355",60/100/150 LED MED 50K,Philips 576355 60/100/150 Led Med 50k 576355,Philips 576355 60/100/150 Led Med 50k 576355. High performance industrial and commercial grade 576355 60/100/150 led med 50k designed for professional applications.,Philips 576355 60/100/150 Led Med 50k,,,,,,,,,,,,,,,,,,,,,,,,,,,,,,,,,,,,,,,,,,,,,,,,,,,,,,,,,,,,,,,,,,,,,,,,,,,,,,,,,,,,,,,,,,,,,,,,,,,,,,,,,,,,,,,,,,,,,,,,,,,,,,,,,,,,,,,,,,,,,,,,,,,,,,,,,,,,,,,,,,,,,,,,,,,,,,,,,,,,,,,,,,,,,,,,,,,,,,,,,,,,,,,,,,,,,,,,,,,,,,,,
,,,,,,,Lighting & Ceiling Fans,Light Bulbs,LED Bulbs,,576363,576363 100/150/200 Led Med 27k,,,Philips,Phillips Lighting (5831),Phillips Lighting,Philips,,576363,,Lighting & Electrical>Light Bulbs>LED Bulbs,"Phillips Lighting, Philips, 576363 100/150/200 Led Med 27k, 576363",100/150/200 LED MED 27K,Philips 576363 100/150/200 Led Med 27k 576363,Philips 576363 100/150/200 Led Med 27k 576363. High performance industrial and commercial grade 576363 100/150/200 led med 27k designed for professional applications.,Philips 576363 100/150/200 Led Med 27k,,,,,,,,,,,,,,,,,,,,,,,,,,,,,,,,,,,,,,,,,,,,,,,,,,,,,,,,,,,,,,,,,,,,,,,,,,,,,,,,,,,,,,,,,,,,,,,,,,,,,,,,,,,,,,,,,,,,,,,,,,,,,,,,,,,,,,,,,,,,,,,,,,,,,,,,,,,,,,,,,,,,,,,,,,,,,,,,,,,,,,,,,,,,,,,,,,,,,,,,,,,,,,,,,,,,,,,,,,,,,,,,
,,,,,,,Lighting & Ceiling Fans,Light Bulbs,LED Bulbs,,565374,565374 75W Led A19 Med 27k 4pk,,,Philips,Phillips Lighting (5831),Phillips Lighting,Philips,,565374,,Lighting & Electrical>Light Bulbs>LED Bulbs,"Phillips Lighting, Philips, 565374 75W Led A19 Med 27k 4pk, 565374",75W LED A19 MED 27K 4PK,Philips 565374 75W Led A19 Med 27k 4pk 565374,Philips 565374 75W Led A19 Med 27k 4pk 565374. High performance industrial and commercial grade 565374 75w led a19 med 27k 4pk designed for professional applications.,Philips 565374 75W Led A19 Med 27k 4pk,,,,,,,,,,,,,,,,,,,,,,,,,,,,,,,,,,,,,,,,,,,,,,,,,,,,,,,,,,,,,,,,,,,,,,,,,,,,,,,,,,,,,,,,,,,,,,,,,,,,,,,,,,,,,,,,,,,,,,,,,,,,,,,,,,,,,,,,,,,,,,,,,,,,,,,,,,,,,,,,,,,,,,,,,,,,,,,,,,,,,,,,,,,,,,,,,,,,,,,,,,,,,,,,,,,,,,,,,,,,,,,,
,,,,,,,Lighting & Ceiling Fans,Light Bulbs,LED Bulbs,,565390,565390 75W Led A19 Med 50k 4pk,,,Philips,Phillips Lighting (5831),Phillips Lighting,Philips,,565390,,Lighting & Electrical>Light Bulbs>LED Bulbs,"Phillips Lighting, Philips, 565390 75W Led A19 Med 50k 4pk, 565390",75W LED A19 MED 50K 4PK,Philips 565390 75W Led A19 Med 50k 4pk 565390,Philips 565390 75W Led A19 Med 50k 4pk 565390. High performance industrial and commercial grade 565390 75w led a19 med 50k 4pk designed for professional applications.,Philips 565390 75W Led A19 Med 50k 4pk,,,,,,,,,,,,,,,,,,,,,,,,,,,,,,,,,,,,,,,,,,,,,,,,,,,,,,,,,,,,,,,,,,,,,,,,,,,,,,,,,,,,,,,,,,,,,,,,,,,,,,,,,,,,,,,,,,,,,,,,,,,,,,,,,,,,,,,,,,,,,,,,,,,,,,,,,,,,,,,,,,,,,,,,,,,,,,,,,,,,,,,,,,,,,,,,,,,,,,,,,,,,,,,,,,,,,,,,,,,,,,,,
,,,,,,,Lighting & Ceiling Fans,Light Bulbs,LED Bulbs,,576371,576371 100/150/200 Led Med 50k,,,Philips,Phillips Lighting (5831),Phillips Lighting,Philips,,576371,,Lighting & Electrical>Light Bulbs>LED Bulbs,"Phillips Lighting, Philips, 576371 100/150/200 Led Med 50k, 576371",100/150/200 LED MED 50K,Philips 576371 100/150/200 Led Med 50k 576371,Philips 576371 100/150/200 Led Med 50k 576371. High performance industrial and commercial grade 576371 100/150/200 led med 50k designed for professional applications.,Philips 576371 100/150/200 Led Med 50k,,,,,,,,,,,,,,,,,,,,,,,,,,,,,,,,,,,,,,,,,,,,,,,,,,,,,,,,,,,,,,,,,,,,,,,,,,,,,,,,,,,,,,,,,,,,,,,,,,,,,,,,,,,,,,,,,,,,,,,,,,,,,,,,,,,,,,,,,,,,,,,,,,,,,,,,,,,,,,,,,,,,,,,,,,,,,,,,,,,,,,,,,,,,,,,,,,,,,,,,,,,,,,,,,,,,,,,,,,,,,,,,
,,,,,,,Lighting & Ceiling Fans,Light Bulbs,LED Bulbs,,576496,576496 45W Led R20 Med 27k,,,Philips,Phillips Lighting (5831),Phillips Lighting,Philips,,576496,,Lighting & Electrical>Light Bulbs>LED Bulbs,"Phillips Lighting, Philips, 576496 45W Led R20 Med 27k, 576496",45W LED R20 MED 27K,Philips 576496 45W Led R20 Med 27k 576496,Philips 576496 45W Led R20 Med 27k 576496. High performance industrial and commercial grade 576496 45w led r20 med 27k designed for professional applications.,Philips 576496 45W Led R20 Med 27k,,,,,,,,,,,,,,,,,,,,,,,,,,,,,,,,,,,,,,,,,,,,,,,,,,,,,,,,,,,,,,,,,,,,,,,,,,,,,,,,,,,,,,,,,,,,,,,,,,,,,,,,,,,,,,,,,,,,,,,,,,,,,,,,,,,,,,,,,,,,,,,,,,,,,,,,,,,,,,,,,,,,,,,,,,,,,,,,,,,,,,,,,,,,,,,,,,,,,,,,,,,,,,,,,,,,,,,,,,,,,,,,
,,,,,,,Lighting & Ceiling Fans,Light Bulbs,LED Bulbs,,564856,564856 40W Led ST19 27k 2pk,,,Philips,Phillips Lighting (5831),Phillips Lighting,Philips,,564856,,Lighting & Electrical>Light Bulbs>LED Bulbs,"Phillips Lighting, Philips, 564856 40W Led ST19 27k 2pk, 564856",40W LED ST19 27K 2PK,Philips 564856 40W Led ST19 27k 2pk 564856,Philips 564856 40W Led ST19 27k 2pk 564856. High performance industrial and commercial grade 564856 40w led st19 27k 2pk designed for professional applications.,Philips 564856 40W Led ST19 27k 2pk,,,,,,,,,,,,,,,,,,,,,,,,,,,,,,,,,,,,,,,,,,,,,,,,,,,,,,,,,,,,,,,,,,,,,,,,,,,,,,,,,,,,,,,,,,,,,,,,,,,,,,,,,,,,,,,,,,,,,,,,,,,,,,,,,,,,,,,,,,,,,,,,,,,,,,,,,,,,,,,,,,,,,,,,,,,,,,,,,,,,,,,,,,,,,,,,,,,,,,,,,,,,,,,,,,,,,,,,,,,,,,,,
,,,,,,,Lighting & Ceiling Fans,Light Bulbs,LED Bulbs,,565796,565796 60W Led A19 Med 20k,,,Philips,Phillips Lighting (5831),Phillips Lighting,Philips,,565796,,Lighting & Electrical>Light Bulbs>LED Bulbs,"Phillips Lighting, Philips, 565796 60W Led A19 Med 20k, 565796",60W LED A19 MED 20K,Philips 565796 60W Led A19 Med 20k 565796,Philips 565796 60W Led A19 Med 20k 565796. High performance industrial and commercial grade 565796 60w led a19 med 20k designed for professional applications.,Philips 565796 60W Led A19 Med 20k,,,,,,,,,,,,,,,,,,,,,,,,,,,,,,,,,,,,,,,,,,,,,,,,,,,,,,,,,,,,,,,,,,,,,,,,,,,,,,,,,,,,,,,,,,,,,,,,,,,,,,,,,,,,,,,,,,,,,,,,,,,,,,,,,,,,,,,,,,,,,,,,,,,,,,,,,,,,,,,,,,,,,,,,,,,,,,,,,,,,,,,,,,,,,,,,,,,,,,,,,,,,,,,,,,,,,,,,,,,,,,,,
,,,,,,,Lighting & Ceiling Fans,Light Bulbs,LED Bulbs,,576389,576389 100/200/300 Led Med 27k,,,Philips,Phillips Lighting (5831),Phillips Lighting,Philips,,576389,,Lighting & Electrical>Light Bulbs>LED Bulbs,"Phillips Lighting, Philips, 576389 100/200/300 Led Med 27k, 576389",100/200/300 LED MED 27K,Philips 576389 100/200/300 Led Med 27k 576389,Philips 576389 100/200/300 Led Med 27k 576389. High performance industrial and commercial grade 576389 100/200/300 led med 27k designed for professional applications.,Philips 576389 100/200/300 Led Med 27k,,,,,,,,,,,,,,,,,,,,,,,,,,,,,,,,,,,,,,,,,,,,,,,,,,,,,,,,,,,,,,,,,,,,,,,,,,,,,,,,,,,,,,,,,,,,,,,,,,,,,,,,,,,,,,,,,,,,,,,,,,,,,,,,,,,,,,,,,,,,,,,,,,,,,,,,,,,,,,,,,,,,,,,,,,,,,,,,,,,,,,,,,,,,,,,,,,,,,,,,,,,,,,,,,,,,,,,,,,,,,,,,
,,,,,,,Tools & Hardware,Measuring & Layout,Levels & Lasers,,564492,564492 75W Adj Base 27k 3pk,,,Philips,Phillips Lighting (5831),Phillips Lighting,Philips,,564492,,Tools & Hardware>Hand Tools>Measuring & Layout Tools>Laser Levels,"Phillips Lighting, Philips, 564492 75W Adj Base 27k 3pk, 564492",75W ADJ BASE 27K 3PK,Philips 564492 75W Adj Base 27k 3pk 564492,Philips 564492 75W Adj Base 27k 3pk 564492. High performance industrial and commercial grade 564492 75w adj base 27k 3pk designed for professional applications.,Philips 564492 75W Adj Base 27k 3pk,,,,,,,,,,,,,,,,,,,,,,,,,,,,,,,,,,,,,,,,,,,,,,,,,,,,,,,,,,,,,,,,,,,,,,,,,,,,,,,,,,,,,,,,,,,,,,,,,,,,,,,,,,,,,,,,,,,,,,,,,,,,,,,,,,,,,,,,,,,,,,,,,,,,,,,,,,,,,,,,,,,,,,,,,,,,,,,,,,,,,,,,,,,,,,,,,,,,,,,,,,,,,,,,,,,,,,,,,,,,,,,,
,,,,,,,Lighting & Ceiling Fans,Light Bulbs,LED Bulbs,,603449,603449 Wiz 60W Led Med Clr Ch,,,Wiz,Phillips Lighting (5831),Phillips Lighting,Wiz,,603449,,Lighting & Electrical>Light Bulbs>LED Bulbs,"Phillips Lighting, Wiz, 603449 Wiz 60W Led Med Clr Ch, 603449",WIZ 60W LED MED CLR CH,Wiz 603449 Wiz 60W Led Med Clr Ch 603449,Wiz 603449 Wiz 60W Led Med Clr Ch 603449. High performance industrial and commercial grade 603449 wiz 60w led med clr ch designed for professional applications.,Wiz 603449 Wiz 60W Led Med Clr Ch,,,,,,,,,,,,,,,,,,,,,,,,,,,,,,,,,,,,,,,,,,,,,,,,,,,,,,,,,,,,,,,,,,,,,,,,,,,,,,,,,,,,,,,,,,,,,,,,,,,,,,,,,,,,,,,,,,,,,,,,,,,,,,,,,,,,,,,,,,,,,,,,,,,,,,,,,,,,,,,,,,,,,,,,,,,,,,,,,,,,,,,,,,,,,,,,,,,,,,,,,,,,,,,,,,,,,,,,,,,,,,,,
,,,,,,,Lighting & Ceiling Fans,Light Bulbs,LED Bulbs,,586909,586909 Led 60W Med A19 27K,,,Philips,Phillips Lighting (5831),Phillips Lighting,Philips,,586909,,Lighting & Electrical>Light Bulbs>LED Bulbs,"Phillips Lighting, Philips, 586909 Led 60W Med A19 27K, 586909",LED 60W MED A19 27K,Philips 586909 Led 60W Med A19 27K 586909,Philips 586909 Led 60W Med A19 27K 586909. High performance industrial and commercial grade 586909 led 60w med a19 27k designed for professional applications.,Philips 586909 Led 60W Med A19 27K,,,,,,,,,,,,,,,,,,,,,,,,,,,,,,,,,,,,,,,,,,,,,,,,,,,,,,,,,,,,,,,,,,,,,,,,,,,,,,,,,,,,,,,,,,,,,,,,,,,,,,,,,,,,,,,,,,,,,,,,,,,,,,,,,,,,,,,,,,,,,,,,,,,,,,,,,,,,,,,,,,,,,,,,,,,,,,,,,,,,,,,,,,,,,,,,,,,,,,,,,,,,,,,,,,,,,,,,,,,,,,,,
,,,,,,,Lighting & Ceiling Fans,Light Bulbs,LED Bulbs,,566364,566364 75W Led ST19 27k 4pk,,,Philips,Phillips Lighting (5831),Phillips Lighting,Philips,,566364,,Lighting & Electrical>Light Bulbs>LED Bulbs,"Phillips Lighting, Philips, 566364 75W Led ST19 27k 4pk, 566364",75W LED ST19 27K 4PK,Philips 566364 75W Led ST19 27k 4pk 566364,Philips 566364 75W Led ST19 27k 4pk 566364. High performance industrial and commercial grade 566364 75w led st19 27k 4pk designed for professional applications.,Philips 566364 75W Led ST19 27k 4pk,,,,,,,,,,,,,,,,,,,,,,,,,,,,,,,,,,,,,,,,,,,,,,,,,,,,,,,,,,,,,,,,,,,,,,,,,,,,,,,,,,,,,,,,,,,,,,,,,,,,,,,,,,,,,,,,,,,,,,,,,,,,,,,,,,,,,,,,,,,,,,,,,,,,,,,,,,,,,,,,,,,,,,,,,,,,,,,,,,,,,,,,,,,,,,,,,,,,,,,,,,,,,,,,,,,,,,,,,,,,,,,,
,,,,,,,Lighting & Ceiling Fans,Light Bulbs,LED Bulbs,,576397,576394 100/200/300 Led A23 50k,,,Philips,Phillips Lighting (5831),Phillips Lighting,Philips,,576397,,Lighting & Electrical>Light Bulbs>LED Bulbs,"Phillips Lighting, Philips, 576394 100/200/300 Led A23 50k, 576397",100/200/300 LED A23 50K,Philips 576394 100/200/300 Led A23 50k 576397,Philips 576394 100/200/300 Led A23 50k 576397. High performance industrial and commercial grade 576394 100/200/300 led a23 50k designed for professional applications.,Philips 576394 100/200/300 Led A23 50k,,,,,,,,,,,,,,,,,,,,,,,,,,,,,,,,,,,,,,,,,,,,,,,,,,,,,,,,,,,,,,,,,,,,,,,,,,,,,,,,,,,,,,,,,,,,,,,,,,,,,,,,,,,,,,,,,,,,,,,,,,,,,,,,,,,,,,,,,,,,,,,,,,,,,,,,,,,,,,,,,,,,,,,,,,,,,,,,,,,,,,,,,,,,,,,,,,,,,,,,,,,,,,,,,,,,,,,,,,,,,,,,
,,,,,,,Lighting & Ceiling Fans,Light Bulbs,LED Bulbs,,571497,571497 150W Led Med 27k,,,Philips,Phillips Lighting (5831),Phillips Lighting,Philips,,571497,,Lighting & Electrical>Light Bulbs>LED Bulbs,"Phillips Lighting, Philips, 571497 150W Led Med 27k, 571497",150W LED MED 27K,Philips 571497 150W Led Med 27k 571497,Philips 571497 150W Led Med 27k 571497. High performance industrial and commercial grade 571497 150w led med 27k designed for professional applications.,Philips 571497 150W Led Med 27k,,,,,,,,,,,,,,,,,,,,,,,,,,,,,,,,,,,,,,,,,,,,,,,,,,,,,,,,,,,,,,,,,,,,,,,,,,,,,,,,,,,,,,,,,,,,,,,,,,,,,,,,,,,,,,,,,,,,,,,,,,,,,,,,,,,,,,,,,,,,,,,,,,,,,,,,,,,,,,,,,,,,,,,,,,,,,,,,,,,,,,,,,,,,,,,,,,,,,,,,,,,,,,,,,,,,,,,,,,,,,,,,
,,,,,,,Lighting & Ceiling Fans,Light Bulbs,LED Bulbs,,576306,576306 40W Led A19 5CCT 4pk,,,Philips,Phillips Lighting (5831),Phillips Lighting,Philips,,576306,,Lighting & Electrical>Light Bulbs>LED Bulbs,"Phillips Lighting, Philips, 576306 40W Led A19 5CCT 4pk, 576306",40W LED A19 5CCT 4PK,Philips 576306 40W Led A19 5CCT 4pk 576306,Philips 576306 40W Led A19 5CCT 4pk 576306. High performance industrial and commercial grade 576306 40w led a19 5cct 4pk designed for professional applications.,Philips 576306 40W Led A19 5CCT 4pk,,,,,,,,,,,,,,,,,,,,,,,,,,,,,,,,,,,,,,,,,,,,,,,,,,,,,,,,,,,,,,,,,,,,,,,,,,,,,,,,,,,,,,,,,,,,,,,,,,,,,,,,,,,,,,,,,,,,,,,,,,,,,,,,,,,,,,,,,,,,,,,,,,,,,,,,,,,,,,,,,,,,,,,,,,,,,,,,,,,,,,,,,,,,,,,,,,,,,,,,,,,,,,,,,,,,,,,,,,,,,,,,
,,,,,,,Lighting & Ceiling Fans,Light Bulbs,LED Bulbs,,588533,588533 40W Led Cand 3pk,,,Philips,Phillips Lighting (5831),Phillips Lighting,Philips,,588533,,Lighting & Electrical>Light Bulbs>LED Bulbs,"Phillips Lighting, Philips, 588533 40W Led Cand 3pk, 588533",40W LED CAND 3PK,Philips 588533 40W Led Cand 3pk 588533,Philips 588533 40W Led Cand 3pk 588533. High performance industrial and commercial grade 588533 40w led cand 3pk designed for professional applications.,Philips 588533 40W Led Cand 3pk,,,,,,,,,,,,,,,,,,,,,,,,,,,,,,,,,,,,,,,,,,,,,,,,,,,,,,,,,,,,,,,,,,,,,,,,,,,,,,,,,,,,,,,,,,,,,,,,,,,,,,,,,,,,,,,,,,,,,,,,,,,,,,,,,,,,,,,,,,,,,,,,,,,,,,,,,,,,,,,,,,,,,,,,,,,,,,,,,,,,,,,,,,,,,,,,,,,,,,,,,,,,,,,,,,,,,,,,,,,,,,,,
,,,,,,,Lighting & Ceiling Fans,Light Bulbs,LED Bulbs,,576520,576520 65W Led Med 27k,,,Philips,Phillips Lighting (5831),Phillips Lighting,Philips,,576520,,Lighting & Electrical>Light Bulbs>LED Bulbs,"Phillips Lighting, Philips, 576520 65W Led Med 27k, 576520",65W LED MED 27K,Philips 576520 65W Led Med 27k 576520,Philips 576520 65W Led Med 27k 576520. High performance industrial and commercial grade 576520 65w led med 27k designed for professional applications.,Philips 576520 65W Led Med 27k,,,,,,,,,,,,,,,,,,,,,,,,,,,,,,,,,,,,,,,,,,,,,,,,,,,,,,,,,,,,,,,,,,,,,,,,,,,,,,,,,,,,,,,,,,,,,,,,,,,,,,,,,,,,,,,,,,,,,,,,,,,,,,,,,,,,,,,,,,,,,,,,,,,,,,,,,,,,,,,,,,,,,,,,,,,,,,,,,,,,,,,,,,,,,,,,,,,,,,,,,,,,,,,,,,,,,,,,,,,,,,,,
,,,,,,,Lighting & Ceiling Fans,Light Bulbs,LED Bulbs,,574004,574004 75W Led ST19 27k 2pk,,,Philips,Phillips Lighting (5831),Phillips Lighting,Philips,,574004,,Lighting & Electrical>Light Bulbs>LED Bulbs,"Phillips Lighting, Philips, 574004 75W Led ST19 27k 2pk, 574004",75W LED ST19 27K 2PK,Philips 574004 75W Led ST19 27k 2pk 574004,Philips 574004 75W Led ST19 27k 2pk 574004. High performance industrial and commercial grade 574004 75w led st19 27k 2pk designed for professional applications.,Philips 574004 75W Led ST19 27k 2pk,,,,,,,,,,,,,,,,,,,,,,,,,,,,,,,,,,,,,,,,,,,,,,,,,,,,,,,,,,,,,,,,,,,,,,,,,,,,,,,,,,,,,,,,,,,,,,,,,,,,,,,,,,,,,,,,,,,,,,,,,,,,,,,,,,,,,,,,,,,,,,,,,,,,,,,,,,,,,,,,,,,,,,,,,,,,,,,,,,,,,,,,,,,,,,,,,,,,,,,,,,,,,,,,,,,,,,,,,,,,,,,,
,,,,,,,Lighting & Ceiling Fans,Light Bulbs,LED Bulbs,,574012,574012 75W Led ST19 50k 2pk,,,Philips,Phillips Lighting (5831),Phillips Lighting,Philips,,574012,,Lighting & Electrical>Light Bulbs>LED Bulbs,"Phillips Lighting, Philips, 574012 75W Led ST19 50k 2pk, 574012",75W LED ST19 50K 2PK,Philips 574012 75W Led ST19 50k 2pk 574012,Philips 574012 75W Led ST19 50k 2pk 574012. High performance industrial and commercial grade 574012 75w led st19 50k 2pk designed for professional applications.,Philips 574012 75W Led ST19 50k 2pk,,,,,,,,,,,,,,,,,,,,,,,,,,,,,,,,,,,,,,,,,,,,,,,,,,,,,,,,,,,,,,,,,,,,,,,,,,,,,,,,,,,,,,,,,,,,,,,,,,,,,,,,,,,,,,,,,,,,,,,,,,,,,,,,,,,,,,,,,,,,,,,,,,,,,,,,,,,,,,,,,,,,,,,,,,,,,,,,,,,,,,,,,,,,,,,,,,,,,,,,,,,,,,,,,,,,,,,,,,,,,,,,
,,,,,,,Lighting & Ceiling Fans,Light Bulbs,LED Bulbs,,573971,573971 75W Led ST19 20k 4pk,,,Philips,Phillips Lighting (5831),Phillips Lighting,Philips,,573971,,Lighting & Electrical>Light Bulbs>LED Bulbs,"Phillips Lighting, Philips, 573971 75W Led ST19 20k 4pk, 573971",75W LED ST19 20K 4PK,Philips 573971 75W Led ST19 20k 4pk 573971,Philips 573971 75W Led ST19 20k 4pk 573971. High performance industrial and commercial grade 573971 75w led st19 20k 4pk designed for professional applications.,Philips 573971 75W Led ST19 20k 4pk,,,,,,,,,,,,,,,,,,,,,,,,,,,,,,,,,,,,,,,,,,,,,,,,,,,,,,,,,,,,,,,,,,,,,,,,,,,,,,,,,,,,,,,,,,,,,,,,,,,,,,,,,,,,,,,,,,,,,,,,,,,,,,,,,,,,,,,,,,,,,,,,,,,,,,,,,,,,,,,,,,,,,,,,,,,,,,,,,,,,,,,,,,,,,,,,,,,,,,,,,,,,,,,,,,,,,,,,,,,,,,,,
,,,,,,,Lighting & Ceiling Fans,Light Bulbs,LED Bulbs,,573989,573989 40W Led Med 27K 4pk,,,Philips,Phillips Lighting (5831),Phillips Lighting,Philips,,573989,,Lighting & Electrical>Light Bulbs>LED Bulbs,"Phillips Lighting, Philips, 573989 40W Led Med 27K 4pk, 573989",40W LED MED 27K 4PK,Philips 573989 40W Led Med 27K 4pk 573989,Philips 573989 40W Led Med 27K 4pk 573989. High performance industrial and commercial grade 573989 40w led med 27k 4pk designed for professional applications.,Philips 573989 40W Led Med 27K 4pk,,,,,,,,,,,,,,,,,,,,,,,,,,,,,,,,,,,,,,,,,,,,,,,,,,,,,,,,,,,,,,,,,,,,,,,,,,,,,,,,,,,,,,,,,,,,,,,,,,,,,,,,,,,,,,,,,,,,,,,,,,,,,,,,,,,,,,,,,,,,,,,,,,,,,,,,,,,,,,,,,,,,,,,,,,,,,,,,,,,,,,,,,,,,,,,,,,,,,,,,,,,,,,,,,,,,,,,,,,,,,,,,
,,,,,,,Lighting & Ceiling Fans,Light Bulbs,LED Bulbs,,576769,576769 65W Led BR30 Med 27k,,,Philips,Phillips Lighting (5831),Phillips Lighting,Philips,,576769,,Lighting & Electrical>Light Bulbs>LED Bulbs,"Phillips Lighting, Philips, 576769 65W Led BR30 Med 27k, 576769",65W LED BR30 MED 27K,Philips 576769 65W Led BR30 Med 27k 576769,Philips 576769 65W Led BR30 Med 27k 576769. High performance industrial and commercial grade 576769 65w led br30 med 27k designed for professional applications.,Philips 576769 65W Led BR30 Med 27k,,,,,,,,,,,,,,,,,,,,,,,,,,,,,,,,,,,,,,,,,,,,,,,,,,,,,,,,,,,,,,,,,,,,,,,,,,,,,,,,,,,,,,,,,,,,,,,,,,,,,,,,,,,,,,,,,,,,,,,,,,,,,,,,,,,,,,,,,,,,,,,,,,,,,,,,,,,,,,,,,,,,,,,,,,,,,,,,,,,,,,,,,,,,,,,,,,,,,,,,,,,,,,,,,,,,,,,,,,,,,,,,
,,,,,,,Lighting & Ceiling Fans,Light Bulbs,LED Bulbs,,567446,567446 60W Led Med 50K 3pk,,,Philips,Phillips Lighting (5831),Phillips Lighting,Philips,,567446,,Lighting & Electrical>Light Bulbs>LED Bulbs,"Phillips Lighting, Philips, 567446 60W Led Med 50K 3pk, 567446",60W LED MED 50K 3PK,Philips 567446 60W Led Med 50K 3pk 567446,Philips 567446 60W Led Med 50K 3pk 567446. High performance industrial and commercial grade 567446 60w led med 50k 3pk designed for professional applications.,Philips 567446 60W Led Med 50K 3pk,,,,,,,,,,,,,,,,,,,,,,,,,,,,,,,,,,,,,,,,,,,,,,,,,,,,,,,,,,,,,,,,,,,,,,,,,,,,,,,,,,,,,,,,,,,,,,,,,,,,,,,,,,,,,,,,,,,,,,,,,,,,,,,,,,,,,,,,,,,,,,,,,,,,,,,,,,,,,,,,,,,,,,,,,,,,,,,,,,,,,,,,,,,,,,,,,,,,,,,,,,,,,,,,,,,,,,,,,,,,,,,,
,,,,,,,Lighting & Ceiling Fans,Light Bulbs,LED Bulbs,,573997,573997 40W Led Med 50k 4pk,,,Philips,Phillips Lighting (5831),Phillips Lighting,Philips,,573997,,Lighting & Electrical>Light Bulbs>LED Bulbs,"Phillips Lighting, Philips, 573997 40W Led Med 50k 4pk, 573997",40W LED MED 50K 4PK,Philips 573997 40W Led Med 50k 4pk 573997,Philips 573997 40W Led Med 50k 4pk 573997. High performance industrial and commercial grade 573997 40w led med 50k 4pk designed for professional applications.,Philips 573997 40W Led Med 50k 4pk,,,,,,,,,,,,,,,,,,,,,,,,,,,,,,,,,,,,,,,,,,,,,,,,,,,,,,,,,,,,,,,,,,,,,,,,,,,,,,,,,,,,,,,,,,,,,,,,,,,,,,,,,,,,,,,,,,,,,,,,,,,,,,,,,,,,,,,,,,,,,,,,,,,,,,,,,,,,,,,,,,,,,,,,,,,,,,,,,,,,,,,,,,,,,,,,,,,,,,,,,,,,,,,,,,,,,,,,,,,,,,,,
,,,,,,,Lighting & Ceiling Fans,Light Bulbs,LED Bulbs,,571463,571463 100W Led BR30 Med 50k,,,Philips,Phillips Lighting (5831),Phillips Lighting,Philips,,571463,,Lighting & Electrical>Light Bulbs>LED Bulbs,"Phillips Lighting, Philips, 571463 100W Led BR30 Med 50k, 571463",100W LED BR30 MED 50K,Philips 571463 100W Led BR30 Med 50k 571463,Philips 571463 100W Led BR30 Med 50k 571463. High performance industrial and commercial grade 571463 100w led br30 med 50k designed for professional applications.,Philips 571463 100W Led BR30 Med 50k,,,,,,,,,,,,,,,,,,,,,,,,,,,,,,,,,,,,,,,,,,,,,,,,,,,,,,,,,,,,,,,,,,,,,,,,,,,,,,,,,,,,,,,,,,,,,,,,,,,,,,,,,,,,,,,,,,,,,,,,,,,,,,,,,,,,,,,,,,,,,,,,,,,,,,,,,,,,,,,,,,,,,,,,,,,,,,,,,,,,,,,,,,,,,,,,,,,,,,,,,,,,,,,,,,,,,,,,,,,,,,,,
,,,,,,,Lighting & Ceiling Fans,Light Bulbs,LED Bulbs,,576512,576512 65W Led BR40 Med 27k,,,Philips,Phillips Lighting (5831),Phillips Lighting,Philips,,576512,,Lighting & Electrical>Light Bulbs>LED Bulbs,"Phillips Lighting, Philips, 576512 65W Led BR40 Med 27k, 576512",65W LED BR40 MED 27K,Philips 576512 65W Led BR40 Med 27k 576512,Philips 576512 65W Led BR40 Med 27k 576512. High performance industrial and commercial grade 576512 65w led br40 med 27k designed for professional applications.,Philips 576512 65W Led BR40 Med 27k,,,,,,,,,,,,,,,,,,,,,,,,,,,,,,,,,,,,,,,,,,,,,,,,,,,,,,,,,,,,,,,,,,,,,,,,,,,,,,,,,,,,,,,,,,,,,,,,,,,,,,,,,,,,,,,,,,,,,,,,,,,,,,,,,,,,,,,,,,,,,,,,,,,,,,,,,,,,,,,,,,,,,,,,,,,,,,,,,,,,,,,,,,,,,,,,,,,,,,,,,,,,,,,,,,,,,,,,,,,,,,,,
,,,,,,,Lighting & Ceiling Fans,Light Bulbs,LED Bulbs,,581181,581181 40W Led Med 2pk,,,Philips,Phillips Lighting (5831),Phillips Lighting,Philips,,581181,,Lighting & Electrical>Light Bulbs>LED Bulbs,"Phillips Lighting, Philips, 581181 40W Led Med 2pk, 581181",40W LED MED 2PK,Philips 581181 40W Led Med 2pk 581181,Philips 581181 40W Led Med 2pk 581181. High performance industrial and commercial grade 581181 40w led med 2pk designed for professional applications.,Philips 581181 40W Led Med 2pk,,,,,,,,,,,,,,,,,,,,,,,,,,,,,,,,,,,,,,,,,,,,,,,,,,,,,,,,,,,,,,,,,,,,,,,,,,,,,,,,,,,,,,,,,,,,,,,,,,,,,,,,,,,,,,,,,,,,,,,,,,,,,,,,,,,,,,,,,,,,,,,,,,,,,,,,,,,,,,,,,,,,,,,,,,,,,,,,,,,,,,,,,,,,,,,,,,,,,,,,,,,,,,,,,,,,,,,,,,,,,,,,
,,,,,,,Lighting & Ceiling Fans,Light Bulbs,LED Bulbs,,GT-CB-100C,GTCB100C Led 100W Cob Bulb,,,GT-Lite,Keystone (5702),Keystone,GT-Lite,,GT-CB-100C,,Lighting & Electrical>Light Bulbs>LED Bulbs,"Keystone, GT-Lite, GTCB100C Led 100W Cob Bulb, GT-CB-100C",LED 100W COB BULB,GT-Lite GTCB100C Led 100W Cob Bulb GT-CB-100C,GT-Lite GTCB100C Led 100W Cob Bulb GT-CB-100C. High performance industrial and commercial grade gtcb100c led 100w cob bulb designed for professional applications.,GT-Lite GTCB100C Led 100W Cob Bulb,,,,,,,,,,,,,,,,,,,,,,,,,,,,,,,,,,,,,,,,,,,,,,,,,,,,,,,,,,,,,,,,,,,,,,,,,,,,,,,,,,,,,,,,,,,,,,,,,,,,,,,,,,,,,,,,,,,,,,,,,,,,,,,,,,,,,,,,,,,,,,,,,,,,,,,,,,,,,,,,,,,,,,,,,,,,,,,,,,,,,,,,,,,,,,,,,,,,,,,,,,,,,,,,,,,,,,,,,,,,,,,,
,,,,,,,Lighting & Ceiling Fans,Light Bulbs,LED Bulbs,,566430,566430 75W Led Med 50k 4pk,,,Philips,Phillips Lighting (5831),Phillips Lighting,Philips,,566430,,Lighting & Electrical>Light Bulbs>LED Bulbs,"Phillips Lighting, Philips, 566430 75W Led Med 50k 4pk, 566430",75W LED MED 50K 4PK,Philips 566430 75W Led Med 50k 4pk 566430,Philips 566430 75W Led Med 50k 4pk 566430. High performance industrial and commercial grade 566430 75w led med 50k 4pk designed for professional applications.,Philips 566430 75W Led Med 50k 4pk,,,,,,,,,,,,,,,,,,,,,,,,,,,,,,,,,,,,,,,,,,,,,,,,,,,,,,,,,,,,,,,,,,,,,,,,,,,,,,,,,,,,,,,,,,,,,,,,,,,,,,,,,,,,,,,,,,,,,,,,,,,,,,,,,,,,,,,,,,,,,,,,,,,,,,,,,,,,,,,,,,,,,,,,,,,,,,,,,,,,,,,,,,,,,,,,,,,,,,,,,,,,,,,,,,,,,,,,,,,,,,,,
,,,,,,,Lighting & Ceiling Fans,Light Bulbs,LED Bulbs,,568337,568337 120W Led Par38 Med 50k,,,Philips,Phillips Lighting (5831),Phillips Lighting,Philips,,568337,,Lighting & Electrical>Light Bulbs>LED Bulbs,"Phillips Lighting, Philips, 568337 120W Led Par38 Med 50k, 568337",120W LED PAR38 MED 50K,Philips 568337 120W Led Par38 Med 50k 568337,Philips 568337 120W Led Par38 Med 50k 568337. High performance industrial and commercial grade 568337 120w led par38 med 50k designed for professional applications.,Philips 568337 120W Led Par38 Med 50k,,,,,,,,,,,,,,,,,,,,,,,,,,,,,,,,,,,,,,,,,,,,,,,,,,,,,,,,,,,,,,,,,,,,,,,,,,,,,,,,,,,,,,,,,,,,,,,,,,,,,,,,,,,,,,,,,,,,,,,,,,,,,,,,,,,,,,,,,,,,,,,,,,,,,,,,,,,,,,,,,,,,,,,,,,,,,,,,,,,,,,,,,,,,,,,,,,,,,,,,,,,,,,,,,,,,,,,,,,,,,,,,
,,,,,,,Lighting & Ceiling Fans,Light Bulbs,LED Bulbs,,565788,565788 40W Led A19 Med 27k,,,Philips,Phillips Lighting (5831),Phillips Lighting,Philips,,565788,,Lighting & Electrical>Light Bulbs>LED Bulbs,"Phillips Lighting, Philips, 565788 40W Led A19 Med 27k, 565788",40W LED A19 MED 27K,Philips 565788 40W Led A19 Med 27k 565788,Philips 565788 40W Led A19 Med 27k 565788. High performance industrial and commercial grade 565788 40w led a19 med 27k designed for professional applications.,Philips 565788 40W Led A19 Med 27k,,,,,,,,,,,,,,,,,,,,,,,,,,,,,,,,,,,,,,,,,,,,,,,,,,,,,,,,,,,,,,,,,,,,,,,,,,,,,,,,,,,,,,,,,,,,,,,,,,,,,,,,,,,,,,,,,,,,,,,,,,,,,,,,,,,,,,,,,,,,,,,,,,,,,,,,,,,,,,,,,,,,,,,,,,,,,,,,,,,,,,,,,,,,,,,,,,,,,,,,,,,,,,,,,,,,,,,,,,,,,,,,
,,,,,,,Lighting & Ceiling Fans,Light Bulbs,LED Bulbs,,565770,565770 40W Led A19 Med 50k,,,Philips,Phillips Lighting (5831),Phillips Lighting,Philips,,565770,,Lighting & Electrical>Light Bulbs>LED Bulbs,"Phillips Lighting, Philips, 565770 40W Led A19 Med 50k, 565770",40W LED A19 MED 50K,Philips 565770 40W Led A19 Med 50k 565770,Philips 565770 40W Led A19 Med 50k 565770. High performance industrial and commercial grade 565770 40w led a19 med 50k designed for professional applications.,Philips 565770 40W Led A19 Med 50k,,,,,,,,,,,,,,,,,,,,,,,,,,,,,,,,,,,,,,,,,,,,,,,,,,,,,,,,,,,,,,,,,,,,,,,,,,,,,,,,,,,,,,,,,,,,,,,,,,,,,,,,,,,,,,,,,,,,,,,,,,,,,,,,,,,,,,,,,,,,,,,,,,,,,,,,,,,,,,,,,,,,,,,,,,,,,,,,,,,,,,,,,,,,,,,,,,,,,,,,,,,,,,,,,,,,,,,,,,,,,,,,
,,,,,,,Lighting & Ceiling Fans,Light Bulbs,LED Bulbs,,573436,573436 60W Led A19 Med 27k 2pk,,,Philips,Phillips Lighting (5831),Phillips Lighting,Philips,,573436,,Lighting & Electrical>Light Bulbs>LED Bulbs,"Phillips Lighting, Philips, 573436 60W Led A19 Med 27k 2pk, 573436",60W LED A19 MED 27K 2PK,Philips 573436 60W Led A19 Med 27k 2pk 573436,Philips 573436 60W Led A19 Med 27k 2pk 573436. High performance industrial and commercial grade 573436 60w led a19 med 27k 2pk designed for professional applications.,Philips 573436 60W Led A19 Med 27k 2pk,,,,,,,,,,,,,,,,,,,,,,,,,,,,,,,,,,,,,,,,,,,,,,,,,,,,,,,,,,,,,,,,,,,,,,,,,,,,,,,,,,,,,,,,,,,,,,,,,,,,,,,,,,,,,,,,,,,,,,,,,,,,,,,,,,,,,,,,,,,,,,,,,,,,,,,,,,,,,,,,,,,,,,,,,,,,,,,,,,,,,,,,,,,,,,,,,,,,,,,,,,,,,,,,,,,,,,,,,,,,,,,,
,,,,,,,Lighting & Ceiling Fans,Light Bulbs,LED Bulbs,,576538,576538 65W Led BR30 Med 50k,,,Philips,Phillips Lighting (5831),Phillips Lighting,Philips,,576538,,Lighting & Electrical>Light Bulbs>LED Bulbs,"Phillips Lighting, Philips, 576538 65W Led BR30 Med 50k, 576538",65W LED BR30 MED 50K,Philips 576538 65W Led BR30 Med 50k 576538,Philips 576538 65W Led BR30 Med 50k 576538. High performance industrial and commercial grade 576538 65w led br30 med 50k designed for professional applications.,Philips 576538 65W Led BR30 Med 50k,,,,,,,,,,,,,,,,,,,,,,,,,,,,,,,,,,,,,,,,,,,,,,,,,,,,,,,,,,,,,,,,,,,,,,,,,,,,,,,,,,,,,,,,,,,,,,,,,,,,,,,,,,,,,,,,,,,,,,,,,,,,,,,,,,,,,,,,,,,,,,,,,,,,,,,,,,,,,,,,,,,,,,,,,,,,,,,,,,,,,,,,,,,,,,,,,,,,,,,,,,,,,,,,,,,,,,,,,,,,,,,,
,,,,,,,Lighting & Ceiling Fans,Light Bulbs,LED Bulbs,,573451,573451 40W Led Med 27k 2pk,,,Philips,Phillips Lighting (5831),Phillips Lighting,Philips,,573451,,Lighting & Electrical>Light Bulbs>LED Bulbs,"Phillips Lighting, Philips, 573451 40W Led Med 27k 2pk, 573451",40W LED MED 27K 2PK,Philips 573451 40W Led Med 27k 2pk 573451,Philips 573451 40W Led Med 27k 2pk 573451. High performance industrial and commercial grade 573451 40w led med 27k 2pk designed for professional applications.,Philips 573451 40W Led Med 27k 2pk,,,,,,,,,,,,,,,,,,,,,,,,,,,,,,,,,,,,,,,,,,,,,,,,,,,,,,,,,,,,,,,,,,,,,,,,,,,,,,,,,,,,,,,,,,,,,,,,,,,,,,,,,,,,,,,,,,,,,,,,,,,,,,,,,,,,,,,,,,,,,,,,,,,,,,,,,,,,,,,,,,,,,,,,,,,,,,,,,,,,,,,,,,,,,,,,,,,,,,,,,,,,,,,,,,,,,,,,,,,,,,,,
,,,,,,,Lighting & Ceiling Fans,Light Bulbs,LED Bulbs,,586883,586883 100W Led Multi CCT 2pk,,,Philips,Phillips Lighting (5831),Phillips Lighting,Philips,,586883,,Lighting & Electrical>Light Bulbs>LED Bulbs,"Phillips Lighting, Philips, 586883 100W Led Multi CCT 2pk, 586883",100W LED MULTI CCT 2PK,Philips 586883 100W Led Multi CCT 2pk 586883,Philips 586883 100W Led Multi CCT 2pk 586883. High performance industrial and commercial grade 586883 100w led multi cct 2pk designed for professional applications.,Philips 586883 100W Led Multi CCT 2pk,,,,,,,,,,,,,,,,,,,,,,,,,,,,,,,,,,,,,,,,,,,,,,,,,,,,,,,,,,,,,,,,,,,,,,,,,,,,,,,,,,,,,,,,,,,,,,,,,,,,,,,,,,,,,,,,,,,,,,,,,,,,,,,,,,,,,,,,,,,,,,,,,,,,,,,,,,,,,,,,,,,,,,,,,,,,,,,,,,,,,,,,,,,,,,,,,,,,,,,,,,,,,,,,,,,,,,,,,,,,,,,,
,,,,,,,Lighting & Ceiling Fans,Light Bulbs,LED Bulbs,,586859,586859 40W Led Med 27K Back Up,,,Philips,Phillips Lighting (5831),Phillips Lighting,Philips,,586859,,Lighting & Electrical>Light Bulbs>LED Bulbs,"Phillips Lighting, Philips, 586859 40W Led Med 27K Back Up, 586859",40W LED MED 27K BACK UP,Philips 586859 40W Led Med 27K Back Up 586859,Philips 586859 40W Led Med 27K Back Up 586859. High performance industrial and commercial grade 586859 40w led med 27k back up designed for professional applications.,Philips 586859 40W Led Med 27K Back Up,,,,,,,,,,,,,,,,,,,,,,,,,,,,,,,,,,,,,,,,,,,,,,,,,,,,,,,,,,,,,,,,,,,,,,,,,,,,,,,,,,,,,,,,,,,,,,,,,,,,,,,,,,,,,,,,,,,,,,,,,,,,,,,,,,,,,,,,,,,,,,,,,,,,,,,,,,,,,,,,,,,,,,,,,,,,,,,,,,,,,,,,,,,,,,,,,,,,,,,,,,,,,,,,,,,,,,,,,,,,,,,,
,,,,,,,Lighting & Ceiling Fans,Light Bulbs,LED Bulbs,,576488,576488 45W Led R20 Med 50k,,,Philips,Phillips Lighting (5831),Phillips Lighting,Philips,,576488,,Lighting & Electrical>Light Bulbs>LED Bulbs,"Phillips Lighting, Philips, 576488 45W Led R20 Med 50k, 576488",45W LED R20 MED 50K,Philips 576488 45W Led R20 Med 50k 576488,Philips 576488 45W Led R20 Med 50k 576488. High performance industrial and commercial grade 576488 45w led r20 med 50k designed for professional applications.,Philips 576488 45W Led R20 Med 50k,,,,,,,,,,,,,,,,,,,,,,,,,,,,,,,,,,,,,,,,,,,,,,,,,,,,,,,,,,,,,,,,,,,,,,,,,,,,,,,,,,,,,,,,,,,,,,,,,,,,,,,,,,,,,,,,,,,,,,,,,,,,,,,,,,,,,,,,,,,,,,,,,,,,,,,,,,,,,,,,,,,,,,,,,,,,,,,,,,,,,,,,,,,,,,,,,,,,,,,,,,,,,,,,,,,,,,,,,,,,,,,,
,,,,,,,Lighting & Ceiling Fans,Light Bulbs,LED Bulbs,,575217,575217 60W Led Med 50k 2pk,,,Philips,Phillips Lighting (5831),Phillips Lighting,Philips,,575217,,Lighting & Electrical>Light Bulbs>LED Bulbs,"Phillips Lighting, Philips, 575217 60W Led Med 50k 2pk, 575217",60W LED MED 50K 2PK,Philips 575217 60W Led Med 50k 2pk 575217,Philips 575217 60W Led Med 50k 2pk 575217. High performance industrial and commercial grade 575217 60w led med 50k 2pk designed for professional applications.,Philips 575217 60W Led Med 50k 2pk,,,,,,,,,,,,,,,,,,,,,,,,,,,,,,,,,,,,,,,,,,,,,,,,,,,,,,,,,,,,,,,,,,,,,,,,,,,,,,,,,,,,,,,,,,,,,,,,,,,,,,,,,,,,,,,,,,,,,,,,,,,,,,,,,,,,,,,,,,,,,,,,,,,,,,,,,,,,,,,,,,,,,,,,,,,,,,,,,,,,,,,,,,,,,,,,,,,,,,,,,,,,,,,,,,,,,,,,,,,,,,,,
,,,,,,,Lighting & Ceiling Fans,Light Bulbs,LED Bulbs,,586479,586479 90W Led Med Multi CCT,,,Philips,Phillips Lighting (5831),Phillips Lighting,Philips,,586479,,Lighting & Electrical>Light Bulbs>LED Bulbs,"Phillips Lighting, Philips, 586479 90W Led Med Multi CCT, 586479",90W LED MED MULTI CCT,Philips 586479 90W Led Med Multi CCT 586479,Philips 586479 90W Led Med Multi CCT 586479. High performance industrial and commercial grade 586479 90w led med multi cct designed for professional applications.,Philips 586479 90W Led Med Multi CCT,,,,,,,,,,,,,,,,,,,,,,,,,,,,,,,,,,,,,,,,,,,,,,,,,,,,,,,,,,,,,,,,,,,,,,,,,,,,,,,,,,,,,,,,,,,,,,,,,,,,,,,,,,,,,,,,,,,,,,,,,,,,,,,,,,,,,,,,,,,,,,,,,,,,,,,,,,,,,,,,,,,,,,,,,,,,,,,,,,,,,,,,,,,,,,,,,,,,,,,,,,,,,,,,,,,,,,,,,,,,,,,,
,,,,,,,Lighting & Ceiling Fans,Light Bulbs,LED Bulbs,,571471,571471 100W Led BR30 Med 27k,,,Philips,Phillips Lighting (5831),Phillips Lighting,Philips,,571471,,Lighting & Electrical>Light Bulbs>LED Bulbs,"Phillips Lighting, Philips, 571471 100W Led BR30 Med 27k, 571471",100W LED BR30 MED 27K,Philips 571471 100W Led BR30 Med 27k 571471,Philips 571471 100W Led BR30 Med 27k 571471. High performance industrial and commercial grade 571471 100w led br30 med 27k designed for professional applications.,Philips 571471 100W Led BR30 Med 27k,,,,,,,,,,,,,,,,,,,,,,,,,,,,,,,,,,,,,,,,,,,,,,,,,,,,,,,,,,,,,,,,,,,,,,,,,,,,,,,,,,,,,,,,,,,,,,,,,,,,,,,,,,,,,,,,,,,,,,,,,,,,,,,,,,,,,,,,,,,,,,,,,,,,,,,,,,,,,,,,,,,,,,,,,,,,,,,,,,,,,,,,,,,,,,,,,,,,,,,,,,,,,,,,,,,,,,,,,,,,,,,,
,,,,,,,Lighting & Ceiling Fans,Light Bulbs,LED Bulbs,,570762,570762 50W Led Par16 30k 3pk,,,Philips,Phillips Lighting (5831),Phillips Lighting,Philips,,570762,,Lighting & Electrical>Light Bulbs>LED Bulbs,"Phillips Lighting, Philips, 570762 50W Led Par16 30k 3pk, 570762",50W LED PAR16 30K 3PK,Philips 570762 50W Led Par16 30k 3pk 570762,Philips 570762 50W Led Par16 30k 3pk 570762. High performance industrial and commercial grade 570762 50w led par16 30k 3pk designed for professional applications.,Philips 570762 50W Led Par16 30k 3pk,,,,,,,,,,,,,,,,,,,,,,,,,,,,,,,,,,,,,,,,,,,,,,,,,,,,,,,,,,,,,,,,,,,,,,,,,,,,,,,,,,,,,,,,,,,,,,,,,,,,,,,,,,,,,,,,,,,,,,,,,,,,,,,,,,,,,,,,,,,,,,,,,,,,,,,,,,,,,,,,,,,,,,,,,,,,,,,,,,,,,,,,,,,,,,,,,,,,,,,,,,,,,,,,,,,,,,,,,,,,,,,,
,,,,,,,Lighting & Ceiling Fans,Light Bulbs,LED Bulbs,,533352,571505 150W Led Med 50k,,,Philips,Phillips Lighting (5831),Phillips Lighting,Philips,,533352,,Lighting & Electrical>Light Bulbs>LED Bulbs,"Phillips Lighting, Philips, 571505 150W Led Med 50k, 533352",150W LED MED 50K,Philips 571505 150W Led Med 50k 533352,Philips 571505 150W Led Med 50k 533352. High performance industrial and commercial grade 571505 150w led med 50k designed for professional applications.,Philips 571505 150W Led Med 50k,,,,,,,,,,,,,,,,,,,,,,,,,,,,,,,,,,,,,,,,,,,,,,,,,,,,,,,,,,,,,,,,,,,,,,,,,,,,,,,,,,,,,,,,,,,,,,,,,,,,,,,,,,,,,,,,,,,,,,,,,,,,,,,,,,,,,,,,,,,,,,,,,,,,,,,,,,,,,,,,,,,,,,,,,,,,,,,,,,,,,,,,,,,,,,,,,,,,,,,,,,,,,,,,,,,,,,,,,,,,,,,,
,,,,,,,Lighting & Ceiling Fans,Light Bulbs,LED Bulbs,,573519,573519 100W Led A21 27k 2pk,,,Philips,Phillips Lighting (5831),Phillips Lighting,Philips,,573519,,Lighting & Electrical>Light Bulbs>LED Bulbs,"Phillips Lighting, Philips, 573519 100W Led A21 27k 2pk, 573519",100W LED A21 27K 2PK,Philips 573519 100W Led A21 27k 2pk 573519,Philips 573519 100W Led A21 27k 2pk 573519. High performance industrial and commercial grade 573519 100w led a21 27k 2pk designed for professional applications.,Philips 573519 100W Led A21 27k 2pk,,,,,,,,,,,,,,,,,,,,,,,,,,,,,,,,,,,,,,,,,,,,,,,,,,,,,,,,,,,,,,,,,,,,,,,,,,,,,,,,,,,,,,,,,,,,,,,,,,,,,,,,,,,,,,,,,,,,,,,,,,,,,,,,,,,,,,,,,,,,,,,,,,,,,,,,,,,,,,,,,,,,,,,,,,,,,,,,,,,,,,,,,,,,,,,,,,,,,,,,,,,,,,,,,,,,,,,,,,,,,,,,
,,,,,,,Lighting & Ceiling Fans,Light Bulbs,LED Bulbs,,573378,573378 60W Led Med 27k 3pk,,,Philips,Phillips Lighting (5831),Phillips Lighting,Philips,,573378,,Lighting & Electrical>Light Bulbs>LED Bulbs,"Phillips Lighting, Philips, 573378 60W Led Med 27k 3pk, 573378",60W LED MED 27K 3PK,Philips 573378 60W Led Med 27k 3pk 573378,Philips 573378 60W Led Med 27k 3pk 573378. High performance industrial and commercial grade 573378 60w led med 27k 3pk designed for professional applications.,Philips 573378 60W Led Med 27k 3pk,,,,,,,,,,,,,,,,,,,,,,,,,,,,,,,,,,,,,,,,,,,,,,,,,,,,,,,,,,,,,,,,,,,,,,,,,,,,,,,,,,,,,,,,,,,,,,,,,,,,,,,,,,,,,,,,,,,,,,,,,,,,,,,,,,,,,,,,,,,,,,,,,,,,,,,,,,,,,,,,,,,,,,,,,,,,,,,,,,,,,,,,,,,,,,,,,,,,,,,,,,,,,,,,,,,,,,,,,,,,,,,,
,,,,,,,Lighting & Ceiling Fans,Light Bulbs,LED Bulbs,,565622,565622 60W Led Med 20k,,,Philips,Phillips Lighting (5831),Phillips Lighting,Philips,,565622,,Lighting & Electrical>Light Bulbs>LED Bulbs,"Phillips Lighting, Philips, 565622 60W Led Med 20k, 565622",60W LED MED 20K,Philips 565622 60W Led Med 20k 565622,Philips 565622 60W Led Med 20k 565622. High performance industrial and commercial grade 565622 60w led med 20k designed for professional applications.,Philips 565622 60W Led Med 20k,,,,,,,,,,,,,,,,,,,,,,,,,,,,,,,,,,,,,,,,,,,,,,,,,,,,,,,,,,,,,,,,,,,,,,,,,,,,,,,,,,,,,,,,,,,,,,,,,,,,,,,,,,,,,,,,,,,,,,,,,,,,,,,,,,,,,,,,,,,,,,,,,,,,,,,,,,,,,,,,,,,,,,,,,,,,,,,,,,,,,,,,,,,,,,,,,,,,,,,,,,,,,,,,,,,,,,,,,,,,,,,,
,,,,,,,Lighting & Ceiling Fans,Light Bulbs,LED Bulbs,,586891,586891 Led 60W Med A19 27k,,,Philips,Phillips Lighting (5831),Phillips Lighting,Philips,,586891,,Lighting & Electrical>Light Bulbs>LED Bulbs,"Phillips Lighting, Philips, 586891 Led 60W Med A19 27k, 586891",LED 60W MED A19 27K,Philips 586891 Led 60W Med A19 27k 586891,Philips 586891 Led 60W Med A19 27k 586891. High performance industrial and commercial grade 586891 led 60w med a19 27k designed for professional applications.,Philips 586891 Led 60W Med A19 27k,,,,,,,,,,,,,,,,,,,,,,,,,,,,,,,,,,,,,,,,,,,,,,,,,,,,,,,,,,,,,,,,,,,,,,,,,,,,,,,,,,,,,,,,,,,,,,,,,,,,,,,,,,,,,,,,,,,,,,,,,,,,,,,,,,,,,,,,,,,,,,,,,,,,,,,,,,,,,,,,,,,,,,,,,,,,,,,,,,,,,,,,,,,,,,,,,,,,,,,,,,,,,,,,,,,,,,,,,,,,,,,,
,,,,,,,Lighting & Ceiling Fans,Light Bulbs,LED Bulbs,,585448,585448 120W Led Motion Bulb,,,Philips,Phillips Lighting (5831),Phillips Lighting,Philips,,585448,,Lighting & Electrical>Light Bulbs>LED Bulbs,"Phillips Lighting, Philips, 585448 120W Led Motion Bulb, 585448",120W LED MOTION BULB,Philips 585448 120W Led Motion Bulb 585448,Philips 585448 120W Led Motion Bulb 585448. High performance industrial and commercial grade 585448 120w led motion bulb designed for professional applications.,Philips 585448 120W Led Motion Bulb,,,,,,,,,,,,,,,,,,,,,,,,,,,,,,,,,,,,,,,,,,,,,,,,,,,,,,,,,,,,,,,,,,,,,,,,,,,,,,,,,,,,,,,,,,,,,,,,,,,,,,,,,,,,,,,,,,,,,,,,,,,,,,,,,,,,,,,,,,,,,,,,,,,,,,,,,,,,,,,,,,,,,,,,,,,,,,,,,,,,,,,,,,,,,,,,,,,,,,,,,,,,,,,,,,,,,,,,,,,,,,,,
,,,,,,,Lighting & Ceiling Fans,Light Bulbs,LED Bulbs,,573444,573444 60W Led A19 Med 50k 2pk,,,Philips,Phillips Lighting (5831),Phillips Lighting,Philips,,573444,,Lighting & Electrical>Light Bulbs>LED Bulbs,"Phillips Lighting, Philips, 573444 60W Led A19 Med 50k 2pk, 573444",60W LED A19 MED 50K 2PK,Philips 573444 60W Led A19 Med 50k 2pk 573444,Philips 573444 60W Led A19 Med 50k 2pk 573444. High performance industrial and commercial grade 573444 60w led a19 med 50k 2pk designed for professional applications.,Philips 573444 60W Led A19 Med 50k 2pk,,,,,,,,,,,,,,,,,,,,,,,,,,,,,,,,,,,,,,,,,,,,,,,,,,,,,,,,,,,,,,,,,,,,,,,,,,,,,,,,,,,,,,,,,,,,,,,,,,,,,,,,,,,,,,,,,,,,,,,,,,,,,,,,,,,,,,,,,,,,,,,,,,,,,,,,,,,,,,,,,,,,,,,,,,,,,,,,,,,,,,,,,,,,,,,,,,,,,,,,,,,,,,,,,,,,,,,,,,,,,,,,
,,,,,,,Lighting & Ceiling Fans,Light Bulbs,LED Bulbs,,566687,566687 60W Cand Led 27k 3pk,,,Philips,Phillips Lighting (5831),Phillips Lighting,Philips,,566687,,Lighting & Electrical>Light Bulbs>LED Bulbs,"Phillips Lighting, Philips, 566687 60W Cand Led 27k 3pk, 566687",60W CAND LED 27K 3PK,Philips 566687 60W Cand Led 27k 3pk 566687,Philips 566687 60W Cand Led 27k 3pk 566687. High performance industrial and commercial grade 566687 60w cand led 27k 3pk designed for professional applications.,Philips 566687 60W Cand Led 27k 3pk,,,,,,,,,,,,,,,,,,,,,,,,,,,,,,,,,,,,,,,,,,,,,,,,,,,,,,,,,,,,,,,,,,,,,,,,,,,,,,,,,,,,,,,,,,,,,,,,,,,,,,,,,,,,,,,,,,,,,,,,,,,,,,,,,,,,,,,,,,,,,,,,,,,,,,,,,,,,,,,,,,,,,,,,,,,,,,,,,,,,,,,,,,,,,,,,,,,,,,,,,,,,,,,,,,,,,,,,,,,,,,,,
,,,,,,,Lighting & Ceiling Fans,Light Bulbs,LED Bulbs,,564385,564385 40w Led Med 27k 2pk,,,Philips,Phillips Lighting (5831),Phillips Lighting,Philips,,564385,,Lighting & Electrical>Light Bulbs>LED Bulbs,"Phillips Lighting, Philips, 564385 40w Led Med 27k 2pk, 564385",40W LED MED 27K 2PK,Philips 564385 40w Led Med 27k 2pk 564385,Philips 564385 40w Led Med 27k 2pk 564385. High performance industrial and commercial grade 564385 40w led med 27k 2pk designed for professional applications.,Philips 564385 40w Led Med 27k 2pk,,,,,,,,,,,,,,,,,,,,,,,,,,,,,,,,,,,,,,,,,,,,,,,,,,,,,,,,,,,,,,,,,,,,,,,,,,,,,,,,,,,,,,,,,,,,,,,,,,,,,,,,,,,,,,,,,,,,,,,,,,,,,,,,,,,,,,,,,,,,,,,,,,,,,,,,,,,,,,,,,,,,,,,,,,,,,,,,,,,,,,,,,,,,,,,,,,,,,,,,,,,,,,,,,,,,,,,,,,,,,,,,
,,,,,,,Lighting & Ceiling Fans,Light Bulbs,LED Bulbs,,566661,566661 40W LED Cand 27k 3pk,,,Philips,Phillips Lighting (5831),Phillips Lighting,Philips,,566661,,Lighting & Electrical>Light Bulbs>LED Bulbs,"Phillips Lighting, Philips, 566661 40W LED Cand 27k 3pk, 566661",40W LED CAND 27K 3PK,Philips 566661 40W LED Cand 27k 3pk 566661,Philips 566661 40W LED Cand 27k 3pk 566661. High performance industrial and commercial grade 566661 40w led cand 27k 3pk designed for professional applications.,Philips 566661 40W LED Cand 27k 3pk,,,,,,,,,,,,,,,,,,,,,,,,,,,,,,,,,,,,,,,,,,,,,,,,,,,,,,,,,,,,,,,,,,,,,,,,,,,,,,,,,,,,,,,,,,,,,,,,,,,,,,,,,,,,,,,,,,,,,,,,,,,,,,,,,,,,,,,,,,,,,,,,,,,,,,,,,,,,,,,,,,,,,,,,,,,,,,,,,,,,,,,,,,,,,,,,,,,,,,,,,,,,,,,,,,,,,,,,,,,,,,,,
,,,,,,,Lighting & Ceiling Fans,Light Bulbs,LED Bulbs,,564898,564898 60W Cand Led 50k 3pk,,,Philips,Phillips Lighting (5831),Phillips Lighting,Philips,,564898,,Lighting & Electrical>Light Bulbs>LED Bulbs,"Phillips Lighting, Philips, 564898 60W Cand Led 50k 3pk, 564898",60W CAND LED 50K 3PK,Philips 564898 60W Cand Led 50k 3pk 564898,Philips 564898 60W Cand Led 50k 3pk 564898. High performance industrial and commercial grade 564898 60w cand led 50k 3pk designed for professional applications.,Philips 564898 60W Cand Led 50k 3pk,,,,,,,,,,,,,,,,,,,,,,,,,,,,,,,,,,,,,,,,,,,,,,,,,,,,,,,,,,,,,,,,,,,,,,,,,,,,,,,,,,,,,,,,,,,,,,,,,,,,,,,,,,,,,,,,,,,,,,,,,,,,,,,,,,,,,,,,,,,,,,,,,,,,,,,,,,,,,,,,,,,,,,,,,,,,,,,,,,,,,,,,,,,,,,,,,,,,,,,,,,,,,,,,,,,,,,,,,,,,,,,,
,,,,,,,Lighting & Ceiling Fans,Light Bulbs,LED Bulbs,,538319,588525 40W Led Cand 3pk,,,Philips,Phillips Lighting (5831),Phillips Lighting,Philips,,538319,,Lighting & Electrical>Light Bulbs>LED Bulbs,"Phillips Lighting, Philips, 588525 40W Led Cand 3pk, 538319",40W LED CAND 3PK,Philips 588525 40W Led Cand 3pk 538319,Philips 588525 40W Led Cand 3pk 538319. High performance industrial and commercial grade 588525 40w led cand 3pk designed for professional applications.,Philips 588525 40W Led Cand 3pk,,,,,,,,,,,,,,,,,,,,,,,,,,,,,,,,,,,,,,,,,,,,,,,,,,,,,,,,,,,,,,,,,,,,,,,,,,,,,,,,,,,,,,,,,,,,,,,,,,,,,,,,,,,,,,,,,,,,,,,,,,,,,,,,,,,,,,,,,,,,,,,,,,,,,,,,,,,,,,,,,,,,,,,,,,,,,,,,,,,,,,,,,,,,,,,,,,,,,,,,,,,,,,,,,,,,,,,,,,,,,,,,
,,,,,,,Lighting & Ceiling Fans,Light Bulbs,LED Bulbs,,576009,576009 100W Led Par30L Med 50k,,,Philips,Phillips Lighting (5831),Phillips Lighting,Philips,,576009,,Lighting & Electrical>Light Bulbs>LED Bulbs,"Phillips Lighting, Philips, 576009 100W Led Par30L Med 50k, 576009",100W LED PAR30L MED 50K,Philips 576009 100W Led Par30L Med 50k 576009,Philips 576009 100W Led Par30L Med 50k 576009. High performance industrial and commercial grade 576009 100w led par30l med 50k designed for professional applications.,Philips 576009 100W Led Par30L Med 50k,,,,,,,,,,,,,,,,,,,,,,,,,,,,,,,,,,,,,,,,,,,,,,,,,,,,,,,,,,,,,,,,,,,,,,,,,,,,,,,,,,,,,,,,,,,,,,,,,,,,,,,,,,,,,,,,,,,,,,,,,,,,,,,,,,,,,,,,,,,,,,,,,,,,,,,,,,,,,,,,,,,,,,,,,,,,,,,,,,,,,,,,,,,,,,,,,,,,,,,,,,,,,,,,,,,,,,,,,,,,,,,,
,,,,,,,Lighting & Ceiling Fans,Light Bulbs,LED Bulbs,,564450,564450 40W Led Cand 27k 2pk,,,Philips,Phillips Lighting (5831),Phillips Lighting,Philips,,564450,,Lighting & Electrical>Light Bulbs>LED Bulbs,"Phillips Lighting, Philips, 564450 40W Led Cand 27k 2pk, 564450",40W LED CAND 27K 2PK,Philips 564450 40W Led Cand 27k 2pk 564450,Philips 564450 40W Led Cand 27k 2pk 564450. High performance industrial and commercial grade 564450 40w led cand 27k 2pk designed for professional applications.,Philips 564450 40W Led Cand 27k 2pk,,,,,,,,,,,,,,,,,,,,,,,,,,,,,,,,,,,,,,,,,,,,,,,,,,,,,,,,,,,,,,,,,,,,,,,,,,,,,,,,,,,,,,,,,,,,,,,,,,,,,,,,,,,,,,,,,,,,,,,,,,,,,,,,,,,,,,,,,,,,,,,,,,,,,,,,,,,,,,,,,,,,,,,,,,,,,,,,,,,,,,,,,,,,,,,,,,,,,,,,,,,,,,,,,,,,,,,,,,,,,,,,
,,,,,,,Lighting & Ceiling Fans,Light Bulbs,LED Bulbs,,572669,572669 60W Led F15 Med 27k,,,Philips,Phillips Lighting (5831),Phillips Lighting,Philips,,572669,,Lighting & Electrical>Light Bulbs>LED Bulbs,"Phillips Lighting, Philips, 572669 60W Led F15 Med 27k, 572669",60W LED F15 MED 27K,Philips 572669 60W Led F15 Med 27k 572669,Philips 572669 60W Led F15 Med 27k 572669. High performance industrial and commercial grade 572669 60w led f15 med 27k designed for professional applications.,Philips 572669 60W Led F15 Med 27k,,,,,,,,,,,,,,,,,,,,,,,,,,,,,,,,,,,,,,,,,,,,,,,,,,,,,,,,,,,,,,,,,,,,,,,,,,,,,,,,,,,,,,,,,,,,,,,,,,,,,,,,,,,,,,,,,,,,,,,,,,,,,,,,,,,,,,,,,,,,,,,,,,,,,,,,,,,,,,,,,,,,,,,,,,,,,,,,,,,,,,,,,,,,,,,,,,,,,,,,,,,,,,,,,,,,,,,,,,,,,,,,
,,,,,,,Lighting & Ceiling Fans,Light Bulbs,LED Bulbs,,564906,564906 60W Led Med 27k 2pk,,,Philips,Phillips Lighting (5831),Phillips Lighting,Philips,,564906,,Lighting & Electrical>Light Bulbs>LED Bulbs,"Phillips Lighting, Philips, 564906 60W Led Med 27k 2pk, 564906",60W LED MED 27K 2PK,Philips 564906 60W Led Med 27k 2pk 564906,Philips 564906 60W Led Med 27k 2pk 564906. High performance industrial and commercial grade 564906 60w led med 27k 2pk designed for professional applications.,Philips 564906 60W Led Med 27k 2pk,,,,,,,,,,,,,,,,,,,,,,,,,,,,,,,,,,,,,,,,,,,,,,,,,,,,,,,,,,,,,,,,,,,,,,,,,,,,,,,,,,,,,,,,,,,,,,,,,,,,,,,,,,,,,,,,,,,,,,,,,,,,,,,,,,,,,,,,,,,,,,,,,,,,,,,,,,,,,,,,,,,,,,,,,,,,,,,,,,,,,,,,,,,,,,,,,,,,,,,,,,,,,,,,,,,,,,,,,,,,,,,,
,,,,,,,Lighting & Ceiling Fans,Light Bulbs,LED Bulbs,,573410,573410 40W Led A19 Med 27k 2pk,,,Philips,Phillips Lighting (5831),Phillips Lighting,Philips,,573410,,Lighting & Electrical>Light Bulbs>LED Bulbs,"Phillips Lighting, Philips, 573410 40W Led A19 Med 27k 2pk, 573410",40W LED A19 MED 27K 2PK,Philips 573410 40W Led A19 Med 27k 2pk 573410,Philips 573410 40W Led A19 Med 27k 2pk 573410. High performance industrial and commercial grade 573410 40w led a19 med 27k 2pk designed for professional applications.,Philips 573410 40W Led A19 Med 27k 2pk,,,,,,,,,,,,,,,,,,,,,,,,,,,,,,,,,,,,,,,,,,,,,,,,,,,,,,,,,,,,,,,,,,,,,,,,,,,,,,,,,,,,,,,,,,,,,,,,,,,,,,,,,,,,,,,,,,,,,,,,,,,,,,,,,,,,,,,,,,,,,,,,,,,,,,,,,,,,,,,,,,,,,,,,,,,,,,,,,,,,,,,,,,,,,,,,,,,,,,,,,,,,,,,,,,,,,,,,,,,,,,,,
,,,,,,,Lighting & Ceiling Fans,Light Bulbs,LED Bulbs,,576504,576504 65W Led BR40 Med 50k,,,Philips,Phillips Lighting (5831),Phillips Lighting,Philips,,576504,,Lighting & Electrical>Light Bulbs>LED Bulbs,"Phillips Lighting, Philips, 576504 65W Led BR40 Med 50k, 576504",65W LED BR40 MED 50K,Philips 576504 65W Led BR40 Med 50k 576504,Philips 576504 65W Led BR40 Med 50k 576504. High performance industrial and commercial grade 576504 65w led br40 med 50k designed for professional applications.,Philips 576504 65W Led BR40 Med 50k,,,,,,,,,,,,,,,,,,,,,,,,,,,,,,,,,,,,,,,,,,,,,,,,,,,,,,,,,,,,,,,,,,,,,,,,,,,,,,,,,,,,,,,,,,,,,,,,,,,,,,,,,,,,,,,,,,,,,,,,,,,,,,,,,,,,,,,,,,,,,,,,,,,,,,,,,,,,,,,,,,,,,,,,,,,,,,,,,,,,,,,,,,,,,,,,,,,,,,,,,,,,,,,,,,,,,,,,,,,,,,,,
,,,,,,,Lighting & Ceiling Fans,Light Bulbs,LED Bulbs,,576017,576017 100W Led Par30L Med 30k,,,Philips,Phillips Lighting (5831),Phillips Lighting,Philips,,576017,,Lighting & Electrical>Light Bulbs>LED Bulbs,"Phillips Lighting, Philips, 576017 100W Led Par30L Med 30k, 576017",100W LED PAR30L MED 30K,Philips 576017 100W Led Par30L Med 30k 576017,Philips 576017 100W Led Par30L Med 30k 576017. High performance industrial and commercial grade 576017 100w led par30l med 30k designed for professional applications.,Philips 576017 100W Led Par30L Med 30k,,,,,,,,,,,,,,,,,,,,,,,,,,,,,,,,,,,,,,,,,,,,,,,,,,,,,,,,,,,,,,,,,,,,,,,,,,,,,,,,,,,,,,,,,,,,,,,,,,,,,,,,,,,,,,,,,,,,,,,,,,,,,,,,,,,,,,,,,,,,,,,,,,,,,,,,,,,,,,,,,,,,,,,,,,,,,,,,,,,,,,,,,,,,,,,,,,,,,,,,,,,,,,,,,,,,,,,,,,,,,,,,
,,,,,,,Lighting & Ceiling Fans,Light Bulbs,LED Bulbs,,574392,574392 40W Led B11 Med 27k 3pk,,,Philips,Phillips Lighting (5831),Phillips Lighting,Philips,,574392,,Lighting & Electrical>Light Bulbs>LED Bulbs,"Phillips Lighting, Philips, 574392 40W Led B11 Med 27k 3pk, 574392",40W LED B11 MED 27K 3PK,Philips 574392 40W Led B11 Med 27k 3pk 574392,Philips 574392 40W Led B11 Med 27k 3pk 574392. High performance industrial and commercial grade 574392 40w led b11 med 27k 3pk designed for professional applications.,Philips 574392 40W Led B11 Med 27k 3pk,,,,,,,,,,,,,,,,,,,,,,,,,,,,,,,,,,,,,,,,,,,,,,,,,,,,,,,,,,,,,,,,,,,,,,,,,,,,,,,,,,,,,,,,,,,,,,,,,,,,,,,,,,,,,,,,,,,,,,,,,,,,,,,,,,,,,,,,,,,,,,,,,,,,,,,,,,,,,,,,,,,,,,,,,,,,,,,,,,,,,,,,,,,,,,,,,,,,,,,,,,,,,,,,,,,,,,,,,,,,,,,,
,,,,,,,Lighting & Ceiling Fans,Light Bulbs,LED Bulbs,,576751,576751 65W Led BR30 Med 3pk,,,Philips,Phillips Lighting (5831),Phillips Lighting,Philips,,576751,,Lighting & Electrical>Light Bulbs>LED Bulbs,"Phillips Lighting, Philips, 576751 65W Led BR30 Med 3pk, 576751",65W LED BR30 MED 3PK,Philips 576751 65W Led BR30 Med 3pk 576751,Philips 576751 65W Led BR30 Med 3pk 576751. High performance industrial and commercial grade 576751 65w led br30 med 3pk designed for professional applications.,Philips 576751 65W Led BR30 Med 3pk,,,,,,,,,,,,,,,,,,,,,,,,,,,,,,,,,,,,,,,,,,,,,,,,,,,,,,,,,,,,,,,,,,,,,,,,,,,,,,,,,,,,,,,,,,,,,,,,,,,,,,,,,,,,,,,,,,,,,,,,,,,,,,,,,,,,,,,,,,,,,,,,,,,,,,,,,,,,,,,,,,,,,,,,,,,,,,,,,,,,,,,,,,,,,,,,,,,,,,,,,,,,,,,,,,,,,,,,,,,,,,,,
,,,,,,,Lighting & Ceiling Fans,Light Bulbs,LED Bulbs,,583161,583161 Led 65W Med BR30 3pk,,,Philips,Phillips Lighting (5831),Phillips Lighting,Philips,,583161,,Lighting & Electrical>Light Bulbs>LED Bulbs,"Phillips Lighting, Philips, 583161 Led 65W Med BR30 3pk, 583161",LED 65W MED BR30 3PK,Philips 583161 Led 65W Med BR30 3pk 583161,Philips 583161 Led 65W Med BR30 3pk 583161. High performance industrial and commercial grade 583161 led 65w med br30 3pk designed for professional applications.,Philips 583161 Led 65W Med BR30 3pk,,,,,,,,,,,,,,,,,,,,,,,,,,,,,,,,,,,,,,,,,,,,,,,,,,,,,,,,,,,,,,,,,,,,,,,,,,,,,,,,,,,,,,,,,,,,,,,,,,,,,,,,,,,,,,,,,,,,,,,,,,,,,,,,,,,,,,,,,,,,,,,,,,,,,,,,,,,,,,,,,,,,,,,,,,,,,,,,,,,,,,,,,,,,,,,,,,,,,,,,,,,,,,,,,,,,,,,,,,,,,,,,
,,,,,,,Lighting & Ceiling Fans,Light Bulbs,LED Bulbs,,566695,566695 60W Led Med 27k 3pk,,,Philips,Phillips Lighting (5831),Phillips Lighting,Philips,,566695,,Lighting & Electrical>Light Bulbs>LED Bulbs,"Phillips Lighting, Philips, 566695 60W Led Med 27k 3pk, 566695",60W LED MED 27K 3PK,Philips 566695 60W Led Med 27k 3pk 566695,Philips 566695 60W Led Med 27k 3pk 566695. High performance industrial and commercial grade 566695 60w led med 27k 3pk designed for professional applications.,Philips 566695 60W Led Med 27k 3pk,,,,,,,,,,,,,,,,,,,,,,,,,,,,,,,,,,,,,,,,,,,,,,,,,,,,,,,,,,,,,,,,,,,,,,,,,,,,,,,,,,,,,,,,,,,,,,,,,,,,,,,,,,,,,,,,,,,,,,,,,,,,,,,,,,,,,,,,,,,,,,,,,,,,,,,,,,,,,,,,,,,,,,,,,,,,,,,,,,,,,,,,,,,,,,,,,,,,,,,,,,,,,,,,,,,,,,,,,,,,,,,,
,,,,,,,Lighting & Ceiling Fans,Light Bulbs,LED Bulbs,,577007,577007 125W Led Med 30k Flood,,,Philips,Phillips Lighting (5831),Phillips Lighting,Philips,,577007,,Lighting & Electrical>Light Bulbs>LED Bulbs,"Phillips Lighting, Philips, 577007 125W Led Med 30k Flood, 577007",125W LED MED 30K FLOOD,Philips 577007 125W Led Med 30k Flood 577007,Philips 577007 125W Led Med 30k Flood 577007. High performance industrial and commercial grade 577007 125w led med 30k flood designed for professional applications.,Philips 577007 125W Led Med 30k Flood,,,,,,,,,,,,,,,,,,,,,,,,,,,,,,,,,,,,,,,,,,,,,,,,,,,,,,,,,,,,,,,,,,,,,,,,,,,,,,,,,,,,,,,,,,,,,,,,,,,,,,,,,,,,,,,,,,,,,,,,,,,,,,,,,,,,,,,,,,,,,,,,,,,,,,,,,,,,,,,,,,,,,,,,,,,,,,,,,,,,,,,,,,,,,,,,,,,,,,,,,,,,,,,,,,,,,,,,,,,,,,,,
,,,,,,,Lighting & Ceiling Fans,Light Bulbs,LED Bulbs,,566653,566653 25W Led Cand 27k 3pk,,,Philips,Phillips Lighting (5831),Phillips Lighting,Philips,,566653,,Lighting & Electrical>Light Bulbs>LED Bulbs,"Phillips Lighting, Philips, 566653 25W Led Cand 27k 3pk, 566653",25W LED CAND 27K 3PK,Philips 566653 25W Led Cand 27k 3pk 566653,Philips 566653 25W Led Cand 27k 3pk 566653. High performance industrial and commercial grade 566653 25w led cand 27k 3pk designed for professional applications.,Philips 566653 25W Led Cand 27k 3pk,,,,,,,,,,,,,,,,,,,,,,,,,,,,,,,,,,,,,,,,,,,,,,,,,,,,,,,,,,,,,,,,,,,,,,,,,,,,,,,,,,,,,,,,,,,,,,,,,,,,,,,,,,,,,,,,,,,,,,,,,,,,,,,,,,,,,,,,,,,,,,,,,,,,,,,,,,,,,,,,,,,,,,,,,,,,,,,,,,,,,,,,,,,,,,,,,,,,,,,,,,,,,,,,,,,,,,,,,,,,,,,,
,,,,,,,Lighting & Ceiling Fans,Light Bulbs,LED Bulbs,,566679,566679 40W Led Med 27k 3pk,,,Philips,Phillips Lighting (5831),Phillips Lighting,Philips,,566679,,Lighting & Electrical>Light Bulbs>LED Bulbs,"Phillips Lighting, Philips, 566679 40W Led Med 27k 3pk, 566679",40W LED MED 27K 3PK,Philips 566679 40W Led Med 27k 3pk 566679,Philips 566679 40W Led Med 27k 3pk 566679. High performance industrial and commercial grade 566679 40w led med 27k 3pk designed for professional applications.,Philips 566679 40W Led Med 27k 3pk,,,,,,,,,,,,,,,,,,,,,,,,,,,,,,,,,,,,,,,,,,,,,,,,,,,,,,,,,,,,,,,,,,,,,,,,,,,,,,,,,,,,,,,,,,,,,,,,,,,,,,,,,,,,,,,,,,,,,,,,,,,,,,,,,,,,,,,,,,,,,,,,,,,,,,,,,,,,,,,,,,,,,,,,,,,,,,,,,,,,,,,,,,,,,,,,,,,,,,,,,,,,,,,,,,,,,,,,,,,,,,,,
,,,,,,,Lighting & Ceiling Fans,Light Bulbs,LED Bulbs,,573311,573311 60W Led Med 27k 2pk,,,Philips,Phillips Lighting (5831),Phillips Lighting,Philips,,573311,,Lighting & Electrical>Light Bulbs>LED Bulbs,"Phillips Lighting, Philips, 573311 60W Led Med 27k 2pk, 573311",60W LED MED 27K 2PK,Philips 573311 60W Led Med 27k 2pk 573311,Philips 573311 60W Led Med 27k 2pk 573311. High performance industrial and commercial grade 573311 60w led med 27k 2pk designed for professional applications.,Philips 573311 60W Led Med 27k 2pk,,,,,,,,,,,,,,,,,,,,,,,,,,,,,,,,,,,,,,,,,,,,,,,,,,,,,,,,,,,,,,,,,,,,,,,,,,,,,,,,,,,,,,,,,,,,,,,,,,,,,,,,,,,,,,,,,,,,,,,,,,,,,,,,,,,,,,,,,,,,,,,,,,,,,,,,,,,,,,,,,,,,,,,,,,,,,,,,,,,,,,,,,,,,,,,,,,,,,,,,,,,,,,,,,,,,,,,,,,,,,,,,
,,,,,,,Lighting & Ceiling Fans,Light Bulbs,LED Bulbs,,573394,573394 60W Led Cand 27k 2pk,,,Philips,Phillips Lighting (5831),Phillips Lighting,Philips,,573394,,Lighting & Electrical>Light Bulbs>LED Bulbs,"Phillips Lighting, Philips, 573394 60W Led Cand 27k 2pk, 573394",60W LED CAND 27K 2PK,Philips 573394 60W Led Cand 27k 2pk 573394,Philips 573394 60W Led Cand 27k 2pk 573394. High performance industrial and commercial grade 573394 60w led cand 27k 2pk designed for professional applications.,Philips 573394 60W Led Cand 27k 2pk,,,,,,,,,,,,,,,,,,,,,,,,,,,,,,,,,,,,,,,,,,,,,,,,,,,,,,,,,,,,,,,,,,,,,,,,,,,,,,,,,,,,,,,,,,,,,,,,,,,,,,,,,,,,,,,,,,,,,,,,,,,,,,,,,,,,,,,,,,,,,,,,,,,,,,,,,,,,,,,,,,,,,,,,,,,,,,,,,,,,,,,,,,,,,,,,,,,,,,,,,,,,,,,,,,,,,,,,,,,,,,,,
,,,,,,,Lighting & Ceiling Fans,Light Bulbs,LED Bulbs,,573329,573329 60W Cand Led 27k 2pk,,,Philips,Phillips Lighting (5831),Phillips Lighting,Philips,,573329,,Lighting & Electrical>Light Bulbs>LED Bulbs,"Phillips Lighting, Philips, 573329 60W Cand Led 27k 2pk, 573329",60W CAND LED 27K 2PK,Philips 573329 60W Cand Led 27k 2pk 573329,Philips 573329 60W Cand Led 27k 2pk 573329. High performance industrial and commercial grade 573329 60w cand led 27k 2pk designed for professional applications.,Philips 573329 60W Cand Led 27k 2pk,,,,,,,,,,,,,,,,,,,,,,,,,,,,,,,,,,,,,,,,,,,,,,,,,,,,,,,,,,,,,,,,,,,,,,,,,,,,,,,,,,,,,,,,,,,,,,,,,,,,,,,,,,,,,,,,,,,,,,,,,,,,,,,,,,,,,,,,,,,,,,,,,,,,,,,,,,,,,,,,,,,,,,,,,,,,,,,,,,,,,,,,,,,,,,,,,,,,,,,,,,,,,,,,,,,,,,,,,,,,,,,,
,,,,,,,Lighting & Ceiling Fans,Light Bulbs,LED Bulbs,,564930,564930 40W Cand Led 50k 3pk,,,Philips,Phillips Lighting (5831),Phillips Lighting,Philips,,564930,,Lighting & Electrical>Light Bulbs>LED Bulbs,"Phillips Lighting, Philips, 564930 40W Cand Led 50k 3pk, 564930",40W CAND LED 50K 3PK,Philips 564930 40W Cand Led 50k 3pk 564930,Philips 564930 40W Cand Led 50k 3pk 564930. High performance industrial and commercial grade 564930 40w cand led 50k 3pk designed for professional applications.,Philips 564930 40W Cand Led 50k 3pk,,,,,,,,,,,,,,,,,,,,,,,,,,,,,,,,,,,,,,,,,,,,,,,,,,,,,,,,,,,,,,,,,,,,,,,,,,,,,,,,,,,,,,,,,,,,,,,,,,,,,,,,,,,,,,,,,,,,,,,,,,,,,,,,,,,,,,,,,,,,,,,,,,,,,,,,,,,,,,,,,,,,,,,,,,,,,,,,,,,,,,,,,,,,,,,,,,,,,,,,,,,,,,,,,,,,,,,,,,,,,,,,
,,,,,,,Lighting & Ceiling Fans,Light Bulbs,LED Bulbs,,565000,565000 60W Led Med 27k 2pk,,,Philips,Phillips Lighting (5831),Phillips Lighting,Philips,,565000,,Lighting & Electrical>Light Bulbs>LED Bulbs,"Phillips Lighting, Philips, 565000 60W Led Med 27k 2pk, 565000",60W LED MED 27K 2PK,Philips 565000 60W Led Med 27k 2pk 565000,Philips 565000 60W Led Med 27k 2pk 565000. High performance industrial and commercial grade 565000 60w led med 27k 2pk designed for professional applications.,Philips 565000 60W Led Med 27k 2pk,,,,,,,,,,,,,,,,,,,,,,,,,,,,,,,,,,,,,,,,,,,,,,,,,,,,,,,,,,,,,,,,,,,,,,,,,,,,,,,,,,,,,,,,,,,,,,,,,,,,,,,,,,,,,,,,,,,,,,,,,,,,,,,,,,,,,,,,,,,,,,,,,,,,,,,,,,,,,,,,,,,,,,,,,,,,,,,,,,,,,,,,,,,,,,,,,,,,,,,,,,,,,,,,,,,,,,,,,,,,,,,,
,,,,,,,Lighting & Ceiling Fans,Light Bulbs,LED Bulbs,,564922,564922 60W Led BA11 50k 3pk,,,Philips,Phillips Lighting (5831),Phillips Lighting,Philips,,564922,,Lighting & Electrical>Light Bulbs>LED Bulbs,"Phillips Lighting, Philips, 564922 60W Led BA11 50k 3pk, 564922",60W LED BA11 50K 3PK,Philips 564922 60W Led BA11 50k 3pk 564922,Philips 564922 60W Led BA11 50k 3pk 564922. High performance industrial and commercial grade 564922 60w led ba11 50k 3pk designed for professional applications.,Philips 564922 60W Led BA11 50k 3pk,,,,,,,,,,,,,,,,,,,,,,,,,,,,,,,,,,,,,,,,,,,,,,,,,,,,,,,,,,,,,,,,,,,,,,,,,,,,,,,,,,,,,,,,,,,,,,,,,,,,,,,,,,,,,,,,,,,,,,,,,,,,,,,,,,,,,,,,,,,,,,,,,,,,,,,,,,,,,,,,,,,,,,,,,,,,,,,,,,,,,,,,,,,,,,,,,,,,,,,,,,,,,,,,,,,,,,,,,,,,,,,,
,,,,,,,Lighting & Ceiling Fans,Light Bulbs,LED Bulbs,,573295,573295 40W Led Med 27k 2pk,,,Philips,Phillips Lighting (5831),Phillips Lighting,Philips,,573295,,Lighting & Electrical>Light Bulbs>LED Bulbs,"Phillips Lighting, Philips, 573295 40W Led Med 27k 2pk, 573295",40W LED MED 27K 2PK,Philips 573295 40W Led Med 27k 2pk 573295,Philips 573295 40W Led Med 27k 2pk 573295. High performance industrial and commercial grade 573295 40w led med 27k 2pk designed for professional applications.,Philips 573295 40W Led Med 27k 2pk,,,,,,,,,,,,,,,,,,,,,,,,,,,,,,,,,,,,,,,,,,,,,,,,,,,,,,,,,,,,,,,,,,,,,,,,,,,,,,,,,,,,,,,,,,,,,,,,,,,,,,,,,,,,,,,,,,,,,,,,,,,,,,,,,,,,,,,,,,,,,,,,,,,,,,,,,,,,,,,,,,,,,,,,,,,,,,,,,,,,,,,,,,,,,,,,,,,,,,,,,,,,,,,,,,,,,,,,,,,,,,,,
,,,,,,,Lighting & Ceiling Fans,Light Bulbs,LED Bulbs,,564914,564914 60W Med Led 50k 2pk,,,Philips,Phillips Lighting (5831),Phillips Lighting,Philips,,564914,,Lighting & Electrical>Light Bulbs>LED Bulbs,"Phillips Lighting, Philips, 564914 60W Med Led 50k 2pk, 564914",60W MED LED 50K 2PK,Philips 564914 60W Med Led 50k 2pk 564914,Philips 564914 60W Med Led 50k 2pk 564914. High performance industrial and commercial grade 564914 60w med led 50k 2pk designed for professional applications.,Philips 564914 60W Med Led 50k 2pk,,,,,,,,,,,,,,,,,,,,,,,,,,,,,,,,,,,,,,,,,,,,,,,,,,,,,,,,,,,,,,,,,,,,,,,,,,,,,,,,,,,,,,,,,,,,,,,,,,,,,,,,,,,,,,,,,,,,,,,,,,,,,,,,,,,,,,,,,,,,,,,,,,,,,,,,,,,,,,,,,,,,,,,,,,,,,,,,,,,,,,,,,,,,,,,,,,,,,,,,,,,,,,,,,,,,,,,,,,,,,,,,
,,,,,,,Lighting & Ceiling Fans,Light Bulbs,LED Bulbs,,573485,573485 60W Led A19 Med 50k 2pk,,,Philips,Phillips Lighting (5831),Phillips Lighting,Philips,,573485,,Lighting & Electrical>Light Bulbs>LED Bulbs,"Phillips Lighting, Philips, 573485 60W Led A19 Med 50k 2pk, 573485",60W LED A19 MED 50K 2PK,Philips 573485 60W Led A19 Med 50k 2pk 573485,Philips 573485 60W Led A19 Med 50k 2pk 573485. High performance industrial and commercial grade 573485 60w led a19 med 50k 2pk designed for professional applications.,Philips 573485 60W Led A19 Med 50k 2pk,,,,,,,,,,,,,,,,,,,,,,,,,,,,,,,,,,,,,,,,,,,,,,,,,,,,,,,,,,,,,,,,,,,,,,,,,,,,,,,,,,,,,,,,,,,,,,,,,,,,,,,,,,,,,,,,,,,,,,,,,,,,,,,,,,,,,,,,,,,,,,,,,,,,,,,,,,,,,,,,,,,,,,,,,,,,,,,,,,,,,,,,,,,,,,,,,,,,,,,,,,,,,,,,,,,,,,,,,,,,,,,,
,,,,,,,Lighting & Ceiling Fans,Light Bulbs,LED Bulbs,,573337,573337 40W Led G25 Med 50k 2pk,,,Philips,Phillips Lighting (5831),Phillips Lighting,Philips,,573337,,Lighting & Electrical>Light Bulbs>LED Bulbs,"Phillips Lighting, Philips, 573337 40W Led G25 Med 50k 2pk, 573337",40W LED G25 MED 50K 2PK,Philips 573337 40W Led G25 Med 50k 2pk 573337,Philips 573337 40W Led G25 Med 50k 2pk 573337. High performance industrial and commercial grade 573337 40w led g25 med 50k 2pk designed for professional applications.,Philips 573337 40W Led G25 Med 50k 2pk,,,,,,,,,,,,,,,,,,,,,,,,,,,,,,,,,,,,,,,,,,,,,,,,,,,,,,,,,,,,,,,,,,,,,,,,,,,,,,,,,,,,,,,,,,,,,,,,,,,,,,,,,,,,,,,,,,,,,,,,,,,,,,,,,,,,,,,,,,,,,,,,,,,,,,,,,,,,,,,,,,,,,,,,,,,,,,,,,,,,,,,,,,,,,,,,,,,,,,,,,,,,,,,,,,,,,,,,,,,,,,,,
,,,,,,,Lighting & Ceiling Fans,Light Bulbs,LED Bulbs,,544874,544874 32W Led T8 UBulb 40k,,,Philips,Phillips Lighting (5831),Phillips Lighting,Philips,,544874,,Lighting & Electrical>Light Bulbs>LED Bulbs,"Phillips Lighting, Philips, 544874 32W Led T8 UBulb 40k, 544874",32W LED T8 UBULB 40K,Philips 544874 32W Led T8 UBulb 40k 544874,Philips 544874 32W Led T8 UBulb 40k 544874. High performance industrial and commercial grade 544874 32w led t8 ubulb 40k designed for professional applications.,Philips 544874 32W Led T8 UBulb 40k,,,,,,,,,,,,,,,,,,,,,,,,,,,,,,,,,,,,,,,,,,,,,,,,,,,,,,,,,,,,,,,,,,,,,,,,,,,,,,,,,,,,,,,,,,,,,,,,,,,,,,,,,,,,,,,,,,,,,,,,,,,,,,,,,,,,,,,,,,,,,,,,,,,,,,,,,,,,,,,,,,,,,,,,,,,,,,,,,,,,,,,,,,,,,,,,,,,,,,,,,,,,,,,,,,,,,,,,,,,,,,,,
,,,,,,,Lighting & Ceiling Fans,Light Bulbs,LED Bulbs,,570846,570846 50W Led Med 22K 2pk,,,Philips,Phillips Lighting (5831),Phillips Lighting,Philips,,570846,,Lighting & Electrical>Light Bulbs>LED Bulbs,"Phillips Lighting, Philips, 570846 50W Led Med 22K 2pk, 570846",50W LED MED 22K 2PK,Philips 570846 50W Led Med 22K 2pk 570846,Philips 570846 50W Led Med 22K 2pk 570846. High performance industrial and commercial grade 570846 50w led med 22k 2pk designed for professional applications.,Philips 570846 50W Led Med 22K 2pk,,,,,,,,,,,,,,,,,,,,,,,,,,,,,,,,,,,,,,,,,,,,,,,,,,,,,,,,,,,,,,,,,,,,,,,,,,,,,,,,,,,,,,,,,,,,,,,,,,,,,,,,,,,,,,,,,,,,,,,,,,,,,,,,,,,,,,,,,,,,,,,,,,,,,,,,,,,,,,,,,,,,,,,,,,,,,,,,,,,,,,,,,,,,,,,,,,,,,,,,,,,,,,,,,,,,,,,,,,,,,,,,
,,,,,,,Lighting & Ceiling Fans,Light Bulbs,LED Bulbs,,565473,565473 60W Led A19 Bulb 2pk,,,Philips,Phillips Lighting (5831),Phillips Lighting,Philips,,565473,,Lighting & Electrical>Light Bulbs>LED Bulbs,"Phillips Lighting, Philips, 565473 60W Led A19 Bulb 2pk, 565473",60W LED A19 BULB 2PK,Philips 565473 60W Led A19 Bulb 2pk 565473,Philips 565473 60W Led A19 Bulb 2pk 565473. High performance industrial and commercial grade 565473 60w led a19 bulb 2pk designed for professional applications.,Philips 565473 60W Led A19 Bulb 2pk,,,,,,,,,,,,,,,,,,,,,,,,,,,,,,,,,,,,,,,,,,,,,,,,,,,,,,,,,,,,,,,,,,,,,,,,,,,,,,,,,,,,,,,,,,,,,,,,,,,,,,,,,,,,,,,,,,,,,,,,,,,,,,,,,,,,,,,,,,,,,,,,,,,,,,,,,,,,,,,,,,,,,,,,,,,,,,,,,,,,,,,,,,,,,,,,,,,,,,,,,,,,,,,,,,,,,,,,,,,,,,,,
,,,,,,,Lighting & Ceiling Fans,Light Bulbs,LED Bulbs,,573402,573402 60W Led Med 50k 2pk,,,Philips,Phillips Lighting (5831),Phillips Lighting,Philips,,573402,,Lighting & Electrical>Light Bulbs>LED Bulbs,"Phillips Lighting, Philips, 573402 60W Led Med 50k 2pk, 573402",60W LED MED 50K 2PK,Philips 573402 60W Led Med 50k 2pk 573402,Philips 573402 60W Led Med 50k 2pk 573402. High performance industrial and commercial grade 573402 60w led med 50k 2pk designed for professional applications.,Philips 573402 60W Led Med 50k 2pk,,,,,,,,,,,,,,,,,,,,,,,,,,,,,,,,,,,,,,,,,,,,,,,,,,,,,,,,,,,,,,,,,,,,,,,,,,,,,,,,,,,,,,,,,,,,,,,,,,,,,,,,,,,,,,,,,,,,,,,,,,,,,,,,,,,,,,,,,,,,,,,,,,,,,,,,,,,,,,,,,,,,,,,,,,,,,,,,,,,,,,,,,,,,,,,,,,,,,,,,,,,,,,,,,,,,,,,,,,,,,,,,
,,,,,,,Lighting & Ceiling Fans,Light Bulbs,LED Bulbs,,573352,573352 40W Led Med 27k 2pk,,,Philips,Phillips Lighting (5831),Phillips Lighting,Philips,,573352,,Lighting & Electrical>Light Bulbs>LED Bulbs,"Phillips Lighting, Philips, 573352 40W Led Med 27k 2pk, 573352",40W LED MED 27K 2PK,Philips 573352 40W Led Med 27k 2pk 573352,Philips 573352 40W Led Med 27k 2pk 573352. High performance industrial and commercial grade 573352 40w led med 27k 2pk designed for professional applications.,Philips 573352 40W Led Med 27k 2pk,,,,,,,,,,,,,,,,,,,,,,,,,,,,,,,,,,,,,,,,,,,,,,,,,,,,,,,,,,,,,,,,,,,,,,,,,,,,,,,,,,,,,,,,,,,,,,,,,,,,,,,,,,,,,,,,,,,,,,,,,,,,,,,,,,,,,,,,,,,,,,,,,,,,,,,,,,,,,,,,,,,,,,,,,,,,,,,,,,,,,,,,,,,,,,,,,,,,,,,,,,,,,,,,,,,,,,,,,,,,,,,,
,,,,,,,Lighting & Ceiling Fans,Light Bulbs,LED Bulbs,,573428,573428 40W Med Led 50k 2pk,,,Philips,Phillips Lighting (5831),Phillips Lighting,Philips,,573428,,Lighting & Electrical>Light Bulbs>LED Bulbs,"Phillips Lighting, Philips, 573428 40W Med Led 50k 2pk, 573428",40W MED LED 50K 2PK,Philips 573428 40W Med Led 50k 2pk 573428,Philips 573428 40W Med Led 50k 2pk 573428. High performance industrial and commercial grade 573428 40w med led 50k 2pk designed for professional applications.,Philips 573428 40W Med Led 50k 2pk,,,,,,,,,,,,,,,,,,,,,,,,,,,,,,,,,,,,,,,,,,,,,,,,,,,,,,,,,,,,,,,,,,,,,,,,,,,,,,,,,,,,,,,,,,,,,,,,,,,,,,,,,,,,,,,,,,,,,,,,,,,,,,,,,,,,,,,,,,,,,,,,,,,,,,,,,,,,,,,,,,,,,,,,,,,,,,,,,,,,,,,,,,,,,,,,,,,,,,,,,,,,,,,,,,,,,,,,,,,,,,,,
,,,,,,,Lighting & Ceiling Fans,Light Bulbs,LED Bulbs,,573386,573386 60W Led Med 27k 2pk,,,Philips,Phillips Lighting (5831),Phillips Lighting,Philips,,573386,,Lighting & Electrical>Light Bulbs>LED Bulbs,"Phillips Lighting, Philips, 573386 60W Led Med 27k 2pk, 573386",60W LED MED 27K 2PK,Philips 573386 60W Led Med 27k 2pk 573386,Philips 573386 60W Led Med 27k 2pk 573386. High performance industrial and commercial grade 573386 60w led med 27k 2pk designed for professional applications.,Philips 573386 60W Led Med 27k 2pk,,,,,,,,,,,,,,,,,,,,,,,,,,,,,,,,,,,,,,,,,,,,,,,,,,,,,,,,,,,,,,,,,,,,,,,,,,,,,,,,,,,,,,,,,,,,,,,,,,,,,,,,,,,,,,,,,,,,,,,,,,,,,,,,,,,,,,,,,,,,,,,,,,,,,,,,,,,,,,,,,,,,,,,,,,,,,,,,,,,,,,,,,,,,,,,,,,,,,,,,,,,,,,,,,,,,,,,,,,,,,,,,
,,,,,,,Lighting & Ceiling Fans,Light Bulbs,LED Bulbs,,564948,564948 40W Led Med 50k 3pk,,,Philips,Phillips Lighting (5831),Phillips Lighting,Philips,,564948,,Lighting & Electrical>Light Bulbs>LED Bulbs,"Phillips Lighting, Philips, 564948 40W Led Med 50k 3pk, 564948",40W LED MED 50K 3PK,Philips 564948 40W Led Med 50k 3pk 564948,Philips 564948 40W Led Med 50k 3pk 564948. High performance industrial and commercial grade 564948 40w led med 50k 3pk designed for professional applications.,Philips 564948 40W Led Med 50k 3pk,,,,,,,,,,,,,,,,,,,,,,,,,,,,,,,,,,,,,,,,,,,,,,,,,,,,,,,,,,,,,,,,,,,,,,,,,,,,,,,,,,,,,,,,,,,,,,,,,,,,,,,,,,,,,,,,,,,,,,,,,,,,,,,,,,,,,,,,,,,,,,,,,,,,,,,,,,,,,,,,,,,,,,,,,,,,,,,,,,,,,,,,,,,,,,,,,,,,,,,,,,,,,,,,,,,,,,,,,,,,,,,,
,,,,,,,Lighting & Ceiling Fans,Light Bulbs,LED Bulbs,,573303,573303 40W Led Cand 27k 2pk,,,Philips,Phillips Lighting (5831),Phillips Lighting,Philips,,573303,,Lighting & Electrical>Light Bulbs>LED Bulbs,"Phillips Lighting, Philips, 573303 40W Led Cand 27k 2pk, 573303",40W LED CAND 27K 2PK,Philips 573303 40W Led Cand 27k 2pk 573303,Philips 573303 40W Led Cand 27k 2pk 573303. High performance industrial and commercial grade 573303 40w led cand 27k 2pk designed for professional applications.,Philips 573303 40W Led Cand 27k 2pk,,,,,,,,,,,,,,,,,,,,,,,,,,,,,,,,,,,,,,,,,,,,,,,,,,,,,,,,,,,,,,,,,,,,,,,,,,,,,,,,,,,,,,,,,,,,,,,,,,,,,,,,,,,,,,,,,,,,,,,,,,,,,,,,,,,,,,,,,,,,,,,,,,,,,,,,,,,,,,,,,,,,,,,,,,,,,,,,,,,,,,,,,,,,,,,,,,,,,,,,,,,,,,,,,,,,,,,,,,,,,,,,
,,,,,,,Lighting & Ceiling Fans,Light Bulbs,LED Bulbs,,573188,573188 250W Led Par38 Med 50k,,,Philips,Phillips Lighting (5831),Phillips Lighting,Philips,,573188,,Lighting & Electrical>Light Bulbs>LED Bulbs,"Phillips Lighting, Philips, 573188 250W Led Par38 Med 50k, 573188",250W LED PAR38 MED 50K,Philips 573188 250W Led Par38 Med 50k 573188,Philips 573188 250W Led Par38 Med 50k 573188. High performance industrial and commercial grade 573188 250w led par38 med 50k designed for professional applications.,Philips 573188 250W Led Par38 Med 50k,,,,,,,,,,,,,,,,,,,,,,,,,,,,,,,,,,,,,,,,,,,,,,,,,,,,,,,,,,,,,,,,,,,,,,,,,,,,,,,,,,,,,,,,,,,,,,,,,,,,,,,,,,,,,,,,,,,,,,,,,,,,,,,,,,,,,,,,,,,,,,,,,,,,,,,,,,,,,,,,,,,,,,,,,,,,,,,,,,,,,,,,,,,,,,,,,,,,,,,,,,,,,,,,,,,,,,,,,,,,,,,,
,,,,,,,Lighting & Ceiling Fans,Light Bulbs,LED Bulbs,,573469,573469 40W Led A19 Med 50k 2pk,,,Philips,Phillips Lighting (5831),Phillips Lighting,Philips,,573469,,Lighting & Electrical>Light Bulbs>LED Bulbs,"Phillips Lighting, Philips, 573469 40W Led A19 Med 50k 2pk, 573469",40W LED A19 MED 50K 2PK,Philips 573469 40W Led A19 Med 50k 2pk 573469,Philips 573469 40W Led A19 Med 50k 2pk 573469. High performance industrial and commercial grade 573469 40w led a19 med 50k 2pk designed for professional applications.,Philips 573469 40W Led A19 Med 50k 2pk,,,,,,,,,,,,,,,,,,,,,,,,,,,,,,,,,,,,,,,,,,,,,,,,,,,,,,,,,,,,,,,,,,,,,,,,,,,,,,,,,,,,,,,,,,,,,,,,,,,,,,,,,,,,,,,,,,,,,,,,,,,,,,,,,,,,,,,,,,,,,,,,,,,,,,,,,,,,,,,,,,,,,,,,,,,,,,,,,,,,,,,,,,,,,,,,,,,,,,,,,,,,,,,,,,,,,,,,,,,,,,,,
,,,,,,,Lighting & Ceiling Fans,Light Bulbs,LED Bulbs,,565671,565671 25W Led Med 20K,,,Philips,Phillips Lighting (5831),Phillips Lighting,Philips,,565671,,Lighting & Electrical>Light Bulbs>LED Bulbs,"Phillips Lighting, Philips, 565671 25W Led Med 20K, 565671",25W LED MED 20K,Philips 565671 25W Led Med 20K 565671,Philips 565671 25W Led Med 20K 565671. High performance industrial and commercial grade 565671 25w led med 20k designed for professional applications.,Philips 565671 25W Led Med 20K,,,,,,,,,,,,,,,,,,,,,,,,,,,,,,,,,,,,,,,,,,,,,,,,,,,,,,,,,,,,,,,,,,,,,,,,,,,,,,,,,,,,,,,,,,,,,,,,,,,,,,,,,,,,,,,,,,,,,,,,,,,,,,,,,,,,,,,,,,,,,,,,,,,,,,,,,,,,,,,,,,,,,,,,,,,,,,,,,,,,,,,,,,,,,,,,,,,,,,,,,,,,,,,,,,,,,,,,,,,,,,,,
,,,,,,,Lighting & Ceiling Fans,Light Bulbs,LED Bulbs,,573204,573204 75W Led Par20 Med 50k,,,Philips,Phillips Lighting (5831),Phillips Lighting,Philips,,573204,,Lighting & Electrical>Light Bulbs>LED Bulbs,"Phillips Lighting, Philips, 573204 75W Led Par20 Med 50k, 573204",75W LED PAR20 MED 50K,Philips 573204 75W Led Par20 Med 50k 573204,Philips 573204 75W Led Par20 Med 50k 573204. High performance industrial and commercial grade 573204 75w led par20 med 50k designed for professional applications.,Philips 573204 75W Led Par20 Med 50k,,,,,,,,,,,,,,,,,,,,,,,,,,,,,,,,,,,,,,,,,,,,,,,,,,,,,,,,,,,,,,,,,,,,,,,,,,,,,,,,,,,,,,,,,,,,,,,,,,,,,,,,,,,,,,,,,,,,,,,,,,,,,,,,,,,,,,,,,,,,,,,,,,,,,,,,,,,,,,,,,,,,,,,,,,,,,,,,,,,,,,,,,,,,,,,,,,,,,,,,,,,,,,,,,,,,,,,,,,,,,,,,
,,,,,,,Lighting & Ceiling Fans,Light Bulbs,LED Bulbs,,581199,581199 60W Led Med 2pk,,,Philips,Phillips Lighting (5831),Phillips Lighting,Philips,,581199,,Lighting & Electrical>Light Bulbs>LED Bulbs,"Phillips Lighting, Philips, 581199 60W Led Med 2pk, 581199",60W LED MED 2PK,Philips 581199 60W Led Med 2pk 581199,Philips 581199 60W Led Med 2pk 581199. High performance industrial and commercial grade 581199 60w led med 2pk designed for professional applications.,Philips 581199 60W Led Med 2pk,,,,,,,,,,,,,,,,,,,,,,,,,,,,,,,,,,,,,,,,,,,,,,,,,,,,,,,,,,,,,,,,,,,,,,,,,,,,,,,,,,,,,,,,,,,,,,,,,,,,,,,,,,,,,,,,,,,,,,,,,,,,,,,,,,,,,,,,,,,,,,,,,,,,,,,,,,,,,,,,,,,,,,,,,,,,,,,,,,,,,,,,,,,,,,,,,,,,,,,,,,,,,,,,,,,,,,,,,,,,,,,,
,,,,,,,Lighting & Ceiling Fans,Light Bulbs,LED Bulbs,,565887,565887 60W Led Med 20k,,,Philips,Phillips Lighting (5831),Phillips Lighting,Philips,,565887,,Lighting & Electrical>Light Bulbs>LED Bulbs,"Phillips Lighting, Philips, 565887 60W Led Med 20k, 565887",60W LED MED 20K,Philips 565887 60W Led Med 20k 565887,Philips 565887 60W Led Med 20k 565887. High performance industrial and commercial grade 565887 60w led med 20k designed for professional applications.,Philips 565887 60W Led Med 20k,,,,,,,,,,,,,,,,,,,,,,,,,,,,,,,,,,,,,,,,,,,,,,,,,,,,,,,,,,,,,,,,,,,,,,,,,,,,,,,,,,,,,,,,,,,,,,,,,,,,,,,,,,,,,,,,,,,,,,,,,,,,,,,,,,,,,,,,,,,,,,,,,,,,,,,,,,,,,,,,,,,,,,,,,,,,,,,,,,,,,,,,,,,,,,,,,,,,,,,,,,,,,,,,,,,,,,,,,,,,,,,,
,,,,,,,Lighting & Ceiling Fans,Light Bulbs,LED Bulbs,,586867,586867 60W Led Med 27K,,,Philips,Phillips Lighting (5831),Phillips Lighting,Philips,,586867,,Lighting & Electrical>Light Bulbs>LED Bulbs,"Phillips Lighting, Philips, 586867 60W Led Med 27K, 586867",60W LED MED 27K,Philips 586867 60W Led Med 27K 586867,Philips 586867 60W Led Med 27K 586867. High performance industrial and commercial grade 586867 60w led med 27k designed for professional applications.,Philips 586867 60W Led Med 27K,,,,,,,,,,,,,,,,,,,,,,,,,,,,,,,,,,,,,,,,,,,,,,,,,,,,,,,,,,,,,,,,,,,,,,,,,,,,,,,,,,,,,,,,,,,,,,,,,,,,,,,,,,,,,,,,,,,,,,,,,,,,,,,,,,,,,,,,,,,,,,,,,,,,,,,,,,,,,,,,,,,,,,,,,,,,,,,,,,,,,,,,,,,,,,,,,,,,,,,,,,,,,,,,,,,,,,,,,,,,,,,,
,,,,,,,Lighting & Ceiling Fans,Light Bulbs,LED Bulbs,,568451,5686451 50W Led Med 50k 2pk,,,Philips,Phillips Lighting (5831),Phillips Lighting,Philips,,568451,,Lighting & Electrical>Light Bulbs>LED Bulbs,"Phillips Lighting, Philips, 5686451 50W Led Med 50k 2pk, 568451",50W LED MED 50K 2PK,Philips 5686451 50W Led Med 50k 2pk 568451,Philips 5686451 50W Led Med 50k 2pk 568451. High performance industrial and commercial grade 5686451 50w led med 50k 2pk designed for professional applications.,Philips 5686451 50W Led Med 50k 2pk,,,,,,,,,,,,,,,,,,,,,,,,,,,,,,,,,,,,,,,,,,,,,,,,,,,,,,,,,,,,,,,,,,,,,,,,,,,,,,,,,,,,,,,,,,,,,,,,,,,,,,,,,,,,,,,,,,,,,,,,,,,,,,,,,,,,,,,,,,,,,,,,,,,,,,,,,,,,,,,,,,,,,,,,,,,,,,,,,,,,,,,,,,,,,,,,,,,,,,,,,,,,,,,,,,,,,,,,,,,,,,,,
,,,,,,,Lighting & Ceiling Fans,Light Bulbs,LED Bulbs,,568444,568444 90W Led Par38 50k 2pk,,,Philips,Phillips Lighting (5831),Phillips Lighting,Philips,,568444,,Lighting & Electrical>Light Bulbs>LED Bulbs,"Phillips Lighting, Philips, 568444 90W Led Par38 50k 2pk, 568444",90W LED PAR38 50K 2PK,Philips 568444 90W Led Par38 50k 2pk 568444,Philips 568444 90W Led Par38 50k 2pk 568444. High performance industrial and commercial grade 568444 90w led par38 50k 2pk designed for professional applications.,Philips 568444 90W Led Par38 50k 2pk,,,,,,,,,,,,,,,,,,,,,,,,,,,,,,,,,,,,,,,,,,,,,,,,,,,,,,,,,,,,,,,,,,,,,,,,,,,,,,,,,,,,,,,,,,,,,,,,,,,,,,,,,,,,,,,,,,,,,,,,,,,,,,,,,,,,,,,,,,,,,,,,,,,,,,,,,,,,,,,,,,,,,,,,,,,,,,,,,,,,,,,,,,,,,,,,,,,,,,,,,,,,,,,,,,,,,,,,,,,,,,,,
,,,,,,,Lighting & Ceiling Fans,Light Bulbs,LED Bulbs,,573196,573196 75W Led Med 30K,,,Philips,Phillips Lighting (5831),Phillips Lighting,Philips,,573196,,Lighting & Electrical>Light Bulbs>LED Bulbs,"Phillips Lighting, Philips, 573196 75W Led Med 30K, 573196",75W LED MED 30K,Philips 573196 75W Led Med 30K 573196,Philips 573196 75W Led Med 30K 573196. High performance industrial and commercial grade 573196 75w led med 30k designed for professional applications.,Philips 573196 75W Led Med 30K,,,,,,,,,,,,,,,,,,,,,,,,,,,,,,,,,,,,,,,,,,,,,,,,,,,,,,,,,,,,,,,,,,,,,,,,,,,,,,,,,,,,,,,,,,,,,,,,,,,,,,,,,,,,,,,,,,,,,,,,,,,,,,,,,,,,,,,,,,,,,,,,,,,,,,,,,,,,,,,,,,,,,,,,,,,,,,,,,,,,,,,,,,,,,,,,,,,,,,,,,,,,,,,,,,,,,,,,,,,,,,,,
,,,,,,,Tools & Hardware,Measuring & Layout,Levels & Lasers,,564500,564500 75W Adj Base 50k 3pk,,,Philips,Phillips Lighting (5831),Phillips Lighting,Philips,,564500,,Tools & Hardware>Hand Tools>Measuring & Layout Tools>Laser Levels,"Phillips Lighting, Philips, 564500 75W Adj Base 50k 3pk, 564500",75W ADJ BASE 50K 3PK,Philips 564500 75W Adj Base 50k 3pk 564500,Philips 564500 75W Adj Base 50k 3pk 564500. High performance industrial and commercial grade 564500 75w adj base 50k 3pk designed for professional applications.,Philips 564500 75W Adj Base 50k 3pk,,,,,,,,,,,,,,,,,,,,,,,,,,,,,,,,,,,,,,,,,,,,,,,,,,,,,,,,,,,,,,,,,,,,,,,,,,,,,,,,,,,,,,,,,,,,,,,,,,,,,,,,,,,,,,,,,,,,,,,,,,,,,,,,,,,,,,,,,,,,,,,,,,,,,,,,,,,,,,,,,,,,,,,,,,,,,,,,,,,,,,,,,,,,,,,,,,,,,,,,,,,,,,,,,,,,,,,,,,,,,,,,
,,,,,,,Lighting & Ceiling Fans,Light Bulbs,LED Bulbs,,571513,571513 40/60/100 Led Med 27k,,,Philips,Phillips Lighting (5831),Phillips Lighting,Philips,,571513,,Lighting & Electrical>Light Bulbs>LED Bulbs,"Phillips Lighting, Philips, 571513 40/60/100 Led Med 27k, 571513",40/60/100 LED MED 27K,Philips 571513 40/60/100 Led Med 27k 571513,Philips 571513 40/60/100 Led Med 27k 571513. High performance industrial and commercial grade 571513 40/60/100 led med 27k designed for professional applications.,Philips 571513 40/60/100 Led Med 27k,,,,,,,,,,,,,,,,,,,,,,,,,,,,,,,,,,,,,,,,,,,,,,,,,,,,,,,,,,,,,,,,,,,,,,,,,,,,,,,,,,,,,,,,,,,,,,,,,,,,,,,,,,,,,,,,,,,,,,,,,,,,,,,,,,,,,,,,,,,,,,,,,,,,,,,,,,,,,,,,,,,,,,,,,,,,,,,,,,,,,,,,,,,,,,,,,,,,,,,,,,,,,,,,,,,,,,,,,,,,,,,,
,,,,,,,Lighting & Ceiling Fans,Light Bulbs,LED Bulbs,,588566,588566 40W Led Med 55k 3pk,,,Philips,Phillips Lighting (5831),Phillips Lighting,Philips,,588566,,Lighting & Electrical>Light Bulbs>LED Bulbs,"Phillips Lighting, Philips, 588566 40W Led Med 55k 3pk, 588566",40W LED MED 55K 3PK,Philips 588566 40W Led Med 55k 3pk 588566,Philips 588566 40W Led Med 55k 3pk 588566. High performance industrial and commercial grade 588566 40w led med 55k 3pk designed for professional applications.,Philips 588566 40W Led Med 55k 3pk,,,,,,,,,,,,,,,,,,,,,,,,,,,,,,,,,,,,,,,,,,,,,,,,,,,,,,,,,,,,,,,,,,,,,,,,,,,,,,,,,,,,,,,,,,,,,,,,,,,,,,,,,,,,,,,,,,,,,,,,,,,,,,,,,,,,,,,,,,,,,,,,,,,,,,,,,,,,,,,,,,,,,,,,,,,,,,,,,,,,,,,,,,,,,,,,,,,,,,,,,,,,,,,,,,,,,,,,,,,,,,,,
,,,,,,,Lighting & Ceiling Fans,Light Bulbs,LED Bulbs,,565655,565655 25W Led A15 Med 20k,,,Philips,Phillips Lighting (5831),Phillips Lighting,Philips,,565655,,Lighting & Electrical>Light Bulbs>LED Bulbs,"Phillips Lighting, Philips, 565655 25W Led A15 Med 20k, 565655",25W LED A15 MED 20K,Philips 565655 25W Led A15 Med 20k 565655,Philips 565655 25W Led A15 Med 20k 565655. High performance industrial and commercial grade 565655 25w led a15 med 20k designed for professional applications.,Philips 565655 25W Led A15 Med 20k,,,,,,,,,,,,,,,,,,,,,,,,,,,,,,,,,,,,,,,,,,,,,,,,,,,,,,,,,,,,,,,,,,,,,,,,,,,,,,,,,,,,,,,,,,,,,,,,,,,,,,,,,,,,,,,,,,,,,,,,,,,,,,,,,,,,,,,,,,,,,,,,,,,,,,,,,,,,,,,,,,,,,,,,,,,,,,,,,,,,,,,,,,,,,,,,,,,,,,,,,,,,,,,,,,,,,,,,,,,,,,,,
,,,,,,,Lighting & Ceiling Fans,Light Bulbs,LED Bulbs,,565812,565812 60W Med Led 50k,,,Philips,Phillips Lighting (5831),Phillips Lighting,Philips,,565812,,Lighting & Electrical>Light Bulbs>LED Bulbs,"Phillips Lighting, Philips, 565812 60W Med Led 50k, 565812",60W MED LED 50K,Philips 565812 60W Med Led 50k 565812,Philips 565812 60W Med Led 50k 565812. High performance industrial and commercial grade 565812 60w med led 50k designed for professional applications.,Philips 565812 60W Med Led 50k,,,,,,,,,,,,,,,,,,,,,,,,,,,,,,,,,,,,,,,,,,,,,,,,,,,,,,,,,,,,,,,,,,,,,,,,,,,,,,,,,,,,,,,,,,,,,,,,,,,,,,,,,,,,,,,,,,,,,,,,,,,,,,,,,,,,,,,,,,,,,,,,,,,,,,,,,,,,,,,,,,,,,,,,,,,,,,,,,,,,,,,,,,,,,,,,,,,,,,,,,,,,,,,,,,,,,,,,,,,,,,,,
,,,,,,,Lighting & Ceiling Fans,Light Bulbs,LED Bulbs,,586917,586917 40W Led Cand 27K 2pk,,,Philips,Phillips Lighting (5831),Phillips Lighting,Philips,,586917,,Lighting & Electrical>Light Bulbs>LED Bulbs,"Phillips Lighting, Philips, 586917 40W Led Cand 27K 2pk, 586917",40W LED CAND 27K 2PK,Philips 586917 40W Led Cand 27K 2pk 586917,Philips 586917 40W Led Cand 27K 2pk 586917. High performance industrial and commercial grade 586917 40w led cand 27k 2pk designed for professional applications.,Philips 586917 40W Led Cand 27K 2pk,,,,,,,,,,,,,,,,,,,,,,,,,,,,,,,,,,,,,,,,,,,,,,,,,,,,,,,,,,,,,,,,,,,,,,,,,,,,,,,,,,,,,,,,,,,,,,,,,,,,,,,,,,,,,,,,,,,,,,,,,,,,,,,,,,,,,,,,,,,,,,,,,,,,,,,,,,,,,,,,,,,,,,,,,,,,,,,,,,,,,,,,,,,,,,,,,,,,,,,,,,,,,,,,,,,,,,,,,,,,,,,,
,,,,,,,Lighting & Ceiling Fans,Light Bulbs,LED Bulbs,,46719,49719 Wall Light Motion Wh,,,,Maxsa Innovations (MAXIN),Maxsa Innovations,,,46719,,Lighting & Electrical>Light Bulbs>LED Bulbs,"Maxsa Innovations, Light, 46719",WALL LIGHT MOTION WH,Light 46719,Light 46719. High performance industrial and commercial grade light designed for professional applications.,Light,,,,,,,,,,,,,,,,,,,,,,,,,,,Light,,,,,,,,,,,,,,,,,,,,,,,,,,,,,,,,,,,,,,,,,,,,,,,,,,,,,,,,,,,,,,,,,,,,,,,,,,,,,,,,,,,,,,,,,,,,,,,,,,,,,,,,,,,,,,,,,,,,,,,,,,,,,,,,,,,,,,,,,,,,,,,,,,,,,,,,,,,,,,,,,,,,,,,,,,,,,,,,,,,,,,,,,,,,,,,,,,,,,
,,,,,,,Lighting & Ceiling Fans,Indoor Lighting,Chandeliers & Pendants,,59061BSL,59061BSL Kichler Ext Wall Lt,,,,Kichler Lighting (KICLI),Kichler Lighting,Kichler,,59061BSL,,Lighting & Electrical>Light Fixtures>Chandeliers & Pendants,"Kichler Lighting, Kichler, 59061BSL Kichler Ext Wall Lt, 59061BSL",KICHLER EXT WALL LT,Kichler 59061BSL Kichler Ext Wall Lt 59061BSL,Kichler 59061BSL Kichler Ext Wall Lt 59061BSL. High performance industrial and commercial grade 59061bsl kichler ext wall lt designed for professional applications.,Kichler 59061BSL Kichler Ext Wall Lt,,,,,,,,,,,,,,,,,,,,,,,,,,,,,,,,,,,,,,,,,,,,,,,,,,,,,,,,,,,,,,,,,,,,,,,,,,,,,,,,,,,,,,,,,,,,,,,,,,,,,,,,,,,,,,,,,,,,,,,,,,,,,,,,,,,,,,,,,,,,,,,,,,,,,,,,,,,,,,,,,,,,,,,,,,,,,,,,,,,,,,,,,,,,,,,,,,,,,,,,,,,,,,,,,,,,,,,,,,,,,,,,
,,,,,,,Lighting & Ceiling Fans,Indoor Lighting,Chandeliers & Pendants,,59062BSL,59062BSL Kichler Ext Wall Lt,,,,Kichler Lighting (KICLI),Kichler Lighting,Kichler,,59062BSL,,Lighting & Electrical>Light Fixtures>Chandeliers & Pendants,"Kichler Lighting, Kichler, 59062BSL Kichler Ext Wall Lt, 59062BSL",KICHLER EXT WALL LT,Kichler 59062BSL Kichler Ext Wall Lt 59062BSL,Kichler 59062BSL Kichler Ext Wall Lt 59062BSL. High performance industrial and commercial grade 59062bsl kichler ext wall lt designed for professional applications.,Kichler 59062BSL Kichler Ext Wall Lt,,,,,,,,,,,,,,,,,,,,,,,,,,,,,,,,,,,,,,,,,,,,,,,,,,,,,,,,,,,,,,,,,,,,,,,,,,,,,,,,,,,,,,,,,,,,,,,,,,,,,,,,,,,,,,,,,,,,,,,,,,,,,,,,,,,,,,,,,,,,,,,,,,,,,,,,,,,,,,,,,,,,,,,,,,,,,,,,,,,,,,,,,,,,,,,,,,,,,,,,,,,,,,,,,,,,,,,,,,,,,,,,
,,,,,,,Lighting & Ceiling Fans,Indoor Lighting,Chandeliers & Pendants,,59124BKT,59124BKT Kichler Ext Wall Lt,,,,Kichler Lighting (KICLI),Kichler Lighting,Kichler,,59124BKT,,Lighting & Electrical>Light Fixtures>Chandeliers & Pendants,"Kichler Lighting, Kichler, 59124BKT Kichler Ext Wall Lt, 59124BKT",KICHLER EXT WALL LT,Kichler 59124BKT Kichler Ext Wall Lt 59124BKT,Kichler 59124BKT Kichler Ext Wall Lt 59124BKT. High performance industrial and commercial grade 59124bkt kichler ext wall lt designed for professional applications.,Kichler 59124BKT Kichler Ext Wall Lt,,,,,,,,,,,,,,,,,,,,,,,,,,,,,,,,,,,,,,,,,,,,,,,,,,,,,,,,,,,,,,,,,,,,,,,,,,,,,,,,,,,,,,,,,,,,,,,,,,,,,,,,,,,,,,,,,,,,,,,,,,,,,,,,,,,,,,,,,,,,,,,,,,,,,,,,,,,,,,,,,,,,,,,,,,,,,,,,,,,,,,,,,,,,,,,,,,,,,,,,,,,,,,,,,,,,,,,,,,,,,,,,
,,,,,,,Lighting & Ceiling Fans,Indoor Lighting,Chandeliers & Pendants,,59025BK,59025BK Kichler Post Lt,,,,Kichler Lighting (KICLI),Kichler Lighting,Kichler,,59025BK,,Lighting & Electrical>Light Fixtures>Chandeliers & Pendants,"Kichler Lighting, Kichler, 59025BK Kichler Post Lt, 59025BK",KICHLER POST LT,Kichler 59025BK Kichler Post Lt 59025BK,Kichler 59025BK Kichler Post Lt 59025BK. High performance industrial and commercial grade 59025bk kichler post lt designed for professional applications.,Kichler 59025BK Kichler Post Lt,,,,,,,,,,,,,,,,,,,,,,,,,,,,,,,,,,,,,,,,,,,,,,,,,,,,,,,,,,,,,,,,,,,,,,,,,,,,,,,,,,,,,,,,,,,,,,,,,,,,,,,,,,,,,,,,,,,,,,,,,,,,,,,,,,,,,,,,,,,,,,,,,,,,,,,,,,,,,,,,,,,,,,,,,,,,,,,,,,,,,,,,,,,,,,,,,,,,,,,,,,,,,,,,,,,,,,,,,,,,,,,,
,,,,,,,Tools & Hardware,Power Tools,Blowers & Vacuums,,DCL183,Dewalt DCL183 Light - Rechargeable,,,DEWALT,Black & Decker/dewlt (2585),Black & Decker/dewlt,DEWALT,,DCL183,,Tools & Hardware>Power Tools>Blowers & Sweepers,"Black & Decker/dewlt, DEWALT, Light, DCL183",DCL183 LIGHT - RECHARGEABLE,DEWALT Light DCL183,DEWALT Light DCL183. High performance industrial and commercial grade light designed for professional applications.,DEWALT Light,,,,,,,,,,,,,,,,,,,,,,,,,,,Light,,,,,,,,,,,,,,,,,,,,,,,,,,,,,,,,,,,,,,,,,,,,,,,,,,,,,,,,,,,,,,,,,,,,,,,,,,,,,,,,,,,,,,,,,,,,,,,,,,,,,,,,,,,,,,,,,,,,,,,,,,,,,,,,,,,,,,,,,,,,,,,,,,,,,,,,,,,,,,,,,,,,,,,,,,,,,,,,,,,,,,,,,,,,,,,,,,,,,
,,,,,,,Lighting & Ceiling Fans,Commercial Lighting,Wrap & Strip Lights,,73020,73020 Nano Clip Light Bk,,,,Streamlight (7277),Streamlight,,,73020,,Lighting & Electrical>Light Fixtures>LED Wrap & Linear Fixtures,"Streamlight, Light, 73020",NANO CLIP LIGHT BK,Light 73020,Light 73020. High performance industrial and commercial grade light designed for professional applications.,Light,,,,,,,,,,,,,,,,,,,,,,,,,,,Light,,,,,,,,,,,,,,,,,,,,,,,,,,,,,,,,,,,,,,,,,,,,,,,,,,,,,,,,,,,,,,,,,,,,,,,,,,,,,,,,,,,,,,,,,,,,,,,,,,,,,,,,,,,,,,,,,,,,,,,,,,,,,,,,,,,,,,,,,,,,,,,,,,,,,,,,,,,,,,,,,,,,,,,,,,,,,,,,,,,,,,,,,,,,,,,,,,,,,
,,,,,,,Lighting & Ceiling Fans,Light Bulbs,LED Bulbs,,NEB-FLT-1021,NEBFLT1021 Slyde King FlashLt,,,,ACG Brands (1154),ACG Brands,,,NEB-FLT-1021,,Lighting & Electrical>Light Bulbs>LED Bulbs,"ACG Brands, NEBFLT1021 Slyde King FlashLt, NEB-FLT-1021",SLYDE KING FLASHLT,NEBFLT1021 Slyde King FlashLt NEB-FLT-1021,NEBFLT1021 Slyde King FlashLt NEB-FLT-1021. High performance industrial and commercial grade nebflt1021 slyde king flashlt designed for professional applications.,NEBFLT1021 Slyde King FlashLt,,,,,,,,,,,,,,,,,,,,,,,,,,,,,,,,,,,,,,,,,,,,,,,,,,,,,,,,,,,,,,,,,,,,,,,,,,,,,,,,,,,,,,,,,,,,,,,,,,,,,,,,,,,,,,,,,,,,,,,,,,,,,,,,,,,,,,,,,,,,,,,,,,,,,,,,,,,,,,,,,,,,,,,,,,,,,,,,,,,,,,,,,,,,,,,,,,,,,,,,,,,,,,,,,,,,,,,,,,,,,,,,
,,,,,,,Lighting & Ceiling Fans,Commercial Lighting,Wrap & Strip Lights,,NEB-FLT-0053,NEBFLT0053 2600L Flash Light,,,,ACG Brands (1154),ACG Brands,,,NEB-FLT-0053,,Lighting & Electrical>Light Fixtures>LED Wrap & Linear Fixtures,"ACG Brands, Light, NEB-FLT-0053",2600L FLASH LIGHT,Light NEB-FLT-0053,Light NEB-FLT-0053. High performance industrial and commercial grade light designed for professional applications.,Light,,,,,,,,,,,,,,,,,,,,,,,,,,,Light,,,,,,,,,,,,,,,,,,,,,,,,,,,,,,,,,,,,,,,,,,,,,,,,,,,,,,,,,,,,,,,,,,,,,,,,,,,,,,,,,,,,,,,,,,,,,,,,,,,,,,,,,,,,,,,,,,,,,,,,,,,,,,,,,,,,,,,,,,,,,,,,,,,,,,,,,,,,,,,,,,,,,,,,,,,,,,,,,,,,,,,,,,,,,,,,,,,,,
,,,,,,,Lighting & Ceiling Fans,Light Bulbs,LED Bulbs,,97708,97708 Police 800L Headlight,,,Police Security,Police Security (9470),Police Security,Police Security,,97708,,Lighting & Electrical>Light Bulbs>LED Bulbs,"Police Security, Police Security, 97708 Police 800L Headlight, 97708",POLICE 800L HEADLIGHT,Police Security 97708 Police 800L Headlight 97708,Police Security 97708 Police 800L Headlight 97708. High performance industrial and commercial grade 97708 police 800l headlight designed for professional applications.,Police Security 97708 Police 800L Headlight,,,,,,,,,,,,,,,,,,,,,,,,,,,,,,,,,,,,,,,,,,,,,,,,,,,,,,,,,,,,,,,,,,,,,,,,,,,,,,,,,,,,,,,,,,,,,,,,,,,,,,,,,,,,,,,,,,,,,,,,,,,,,,,,,,,,,,,,,,,,,,,,,,,,,,,,,,,,,,,,,,,,,,,,,,,,,,,,,,,,,,,,,,,,,,,,,,,,,,,,,,,,,,,,,,,,,,,,,,,,,,,,
,,,,,,,Lighting & Ceiling Fans,Commercial Lighting,Wrap & Strip Lights,,WORK6000XLTPPLUG,6000L Twin Head Work Light,,,Feit Electric,Feit Electric (3468),Feit Electric,Feit Electric,,WORK6000XLTPPLUG,,Lighting & Electrical>Light Fixtures>LED Wrap & Linear Fixtures,"Feit Electric, Feit Electric, Light, WORK6000XLTPPLUG",TWIN HEAD WORK LIGHT,Feit Electric Light WORK6000XLTPPLUG,Feit Electric Light WORK6000XLTPPLUG. High performance industrial and commercial grade light designed for professional applications.,Feit Electric Light,,,,,,,,,,,,,,,,,,,,,,,,,,,Light,,,,,,,,,,,,,,,,,,,,,,,,,,,,,,,,,,,,,,,,,,,,,,,,,,,,,,,,,,,,,,,,,,,,,,,,,,,,,,,,,,,,,,,,,,,,,,,,,,,,,,,,,,,,,,,,,,,,,,,,,,,,,,,,,,,,,,,,,,,,,,,,,,,,,,,,,,,,,,,,,,,,,,,,,,,,,,,,,,,,,,,,,,,,,,,,,,,,,
,,,,,,,Electrical,Fittings & Conduit,Cord Grips & Connectors,,HOM2040M200PRB,HOM2040M200PRB 200A Load Cntr,,,,Square D Con Prod Dv (6825),Square D Con Prod Dv,,,HOM2040M200PRB,,Electrical>Conduit & Fittings>Cord Grips & Connectors,"Square D Con Prod Dv, HOM2040M200PRB 200A Load Cntr, HOM2040M200PRB",200A LOAD CNTR,HOM2040M200PRB 200A Load Cntr HOM2040M200PRB,HOM2040M200PRB 200A Load Cntr HOM2040M200PRB. High performance industrial and commercial grade hom2040m200prb 200a load cntr designed for professional applications.,HOM2040M200PRB 200A Load Cntr,,,,,,,,,,,,,,,,,,,,,,,,,,,,,,,,,,,,,,,,,,,,,,,,,,,,,,,,,,,,,,,,,,,,,,,,,,,,,,,,,,,,,,,,,,,,,,,,,,,,,,,,,,,,,,,,,,,,,,,,,,,,,,,,,,,,,,,,,,,,,,,,,,,,,,,,,,,,,,,,,,,,,,,,,,,,,,,,,,,,,,,,,,,,,,,,,,,,,,,,,,,,,,,,,,,,,,,,,,,,,,,,
,,,,,,,Electrical,Fittings & Conduit,Cord Grips & Connectors,,HOM3060L225PGC,HOM3060L225PGC 225 Load Center,,,Square D,Square D Con Prod Dv (6825),Square D Con Prod Dv,Square D,,HOM3060L225PGC,,Electrical>Conduit & Fittings>Cord Grips & Connectors,"Square D Con Prod Dv, Square D, HOM3060L225PGC 225 Load Center, HOM3060L225PGC",225 LOAD CENTER,Square D HOM3060L225PGC 225 Load Center HOM3060L225PGC,Square D HOM3060L225PGC 225 Load Center HOM3060L225PGC. High performance industrial and commercial grade hom3060l225pgc 225 load center designed for professional applications.,Square D HOM3060L225PGC 225 Load Center,,,,,,,,,,,,,,,,,,,,,,,,,,,,,,,,,,,,,,,,,,,,,,,,,,,,,,,,,,,,,,,,,,,,,,,,,,,,,,,,,,,,,,,,,,,,,,,,,,,,,,,,,,,,,,,,,,,,,,,,,,,,,,,,,,,,,,,,,,,,,,,,,,,,,,,,,,,,,,,,,,,,,,,,,,,,,,,,,,,,,,,,,,,,,,,,,,,,,,,,,,,,,,,,,,,,,,,,,,,,,,,,
,,,,,,,Electrical,Fittings & Conduit,Cord Grips & Connectors,,QO612L100RBCP,QO612L100RBCP 100A Load Center,,,Square D,Square D Con Prod Dv (6825),Square D Con Prod Dv,Square D,,QO612L100RBCP,,Electrical>Conduit & Fittings>Cord Grips & Connectors,"Square D Con Prod Dv, Square D, QO612L100RBCP 100A Load Center, QO612L100RBCP",100A LOAD CENTER,Square D QO612L100RBCP 100A Load Center QO612L100RBCP,Square D QO612L100RBCP 100A Load Center QO612L100RBCP. High performance industrial and commercial grade qo612l100rbcp 100a load center designed for professional applications.,Square D QO612L100RBCP 100A Load Center,,,,,,,,,,,,,,,,,,,,,,,,,,,,,,,,,,,,,,,,,,,,,,,,,,,,,,,,,,,,,,,,,,,,,,,,,,,,,,,,,,,,,,,,,,,,,,,,,,,,,,,,,,,,,,,,,,,,,,,,,,,,,,,,,,,,,,,,,,,,,,,,,,,,,,,,,,,,,,,,,,,,,,,,,,,,,,,,,,,,,,,,,,,,,,,,,,,,,,,,,,,,,,,,,,,,,,,,,,,,,,,,
,,,,,,,Electrical,Fittings & Conduit,Cord Grips & Connectors,,13093005,4/0 Aluminum Entrance Cable (Linear Foot),,,,Southwire/g Turner (6603),Southwire/g Turner,,,13093005,,Electrical>Conduit & Fittings>Cord Grips & Connectors,"Southwire/g Turner, 4/0 Aluminum Entrance Cable (Linear Foot), 13093005",4/0 ALUMINUM ENTRANCE CABLE (LINEAR FOOT),4/0 Aluminum Entrance Cable (Linear Foot) 13093005,4/0 Aluminum Entrance Cable (Linear Foot) 13093005. High performance industrial and commercial grade 4/0 aluminum entrance cable (linear foot) designed for professional applications.,4/0 Aluminum Entrance Cable (Linear Foot),,,,,,,,,,,,,,,,,,,,,,,,,,,,,,,,,,,,,,,,,,,,,,,,,,,,,,,,,,,,,,,,,,,,,,,,,,,,,,,,,,,,,,,,,,,,,,,,,,,,,,,,,,,,,,,,,,,,,,,,,,,,,,,,,,,,,,,,,,,,,,,,,,,,,,,,,,,,,,,,,,,,,,,,,,,,,,,,,,,,,,,,,,,,,,,,,,,,,,,,,,,,,,,,,,,,,,,,,,,,,,,,
,,,,,,,Lighting & Ceiling Fans,Commercial Lighting,Wrap & Strip Lights,,12-4 SO,12-4 SO Cord (Linear Foot),,,,-,,,,12-4 SO,,Lighting & Electrical>Light Fixtures>LED Wrap & Linear Fixtures,"12-4 SO Cord (Linear Foot), 12-4 SO",SO CORD (LINEAR FOOT),12-4 SO Cord (Linear Foot) 12-4 SO,12-4 SO Cord (Linear Foot) 12-4 SO. High performance industrial and commercial grade 12-4 so cord (linear foot) designed for professional applications.,12-4 SO Cord (Linear Foot),,,,,,,,,,,,,,,,,,,,,,,,,,,,,,,,,,,,,,,,,,,,,,,,,,,,,,,,,,,,,,,,,,,,,,,,,,,,,,,,,,,,,,,,,,,,,,,,,,,,,,,,,,,,,,,,,,,,,,,,,,,,,,,,,,,,,,,,,,,,,,,,,,,,,,,,,,,,,,,,,,,,,,,,,,,,,,,,,,,,,,,,,,,,,,,,,,,,,,,,,,,,,,,,,,,,,,,,,,,,,,,,
,,,,,,,Electrical,Fittings & Conduit,Cord Grips & Connectors,,96263-46-06,96263-46-06 CAT5E Wire (Linear Foot),,,,Woods Wire Southwire (7579),Woods Wire Southwire,,,96263-46-06,,Electrical>Conduit & Fittings>Cord Grips & Connectors,"Woods Wire Southwire, 96263-46-06 CAT5E Wire (Linear Foot), 96263-46-06",CAT5E WIRE (LINEAR FOOT),96263-46-06 CAT5E Wire (Linear Foot) 96263-46-06,96263-46-06 CAT5E Wire (Linear Foot) 96263-46-06. High performance industrial and commercial grade 96263-46-06 cat5e wire (linear foot) designed for professional applications.,96263-46-06 CAT5E Wire (Linear Foot),,,,,,,,,,,,,,,,,,,,,,,,,,,,,,,,,,,,,,,,,,,,,,,,,,,,,,,,,,,,,,,,,,,,,,,,,,,,,,,,,,,,,,,,,,,,,,,,,,,,,,,,,,,,,,,,,,,,,,,,,,,,,,,,,,,,,,,,,,,,,,,,,,,,,,,,,,,,,,,,,,,,,,,,,,,,,,,,,,,,,,,,,,,,,,,,,,,,,,,,,,,,,,,,,,,,,,,,,,,,,,,,
,,,,,,,Electrical,Fittings & Conduit,Cord Grips & Connectors,,R50003-ID,16-2 Stranded Wire CL3 500' (Linear Foot),,,,Southwire/g Turner (6603),Southwire/g Turner,,,R50003-ID,,Electrical>Conduit & Fittings>Cord Grips & Connectors,"Southwire/g Turner, 16-2 Stranded Wire CL3 500' (Linear Foot), R50003-ID",STRANDED WIRE CL3 500' (LINEAR FOOT),16-2 Stranded Wire CL3 500' (Linear Foot) R50003-ID,16-2 Stranded Wire CL3 500' (Linear Foot) R50003-ID. High performance industrial and commercial grade 16-2 stranded wire cl3 500' (linear foot) designed for professional applications.,16-2 Stranded Wire CL3 500' (Linear Foot),,,,,,,,,,,,,,,,,,,,,,,,,,,,,,,,,,,,,,,,,,,,,,,,,,,,,,,,,,,,,,,,,,,,,,,,,,,,,,,,,,,,,,,,,,,,,,,,,,,,,,,,,,,,,,,,,,,,,,,,,,,,,,,,,,,,,,,,,,,,,,,,,,,,,,,,,,,,,,,,,,,,,,,,,,,,,,,,,,,,,,,,,,,,,,,,,,,,,,,,,,,,,,,,,,,,,,,,,,,,,,,,
,,,,,,,Electrical,Fittings & Conduit,Cord Grips & Connectors,,10-4 SO,10-4 SO Cord (Linear Foot),,,,Southwire/g Turner (6603),Southwire/g Turner,,,10-4 SO,,Electrical>Conduit & Fittings>Cord Grips & Connectors,"Southwire/g Turner, 10-4 SO Cord (Linear Foot), 10-4 SO",SO CORD (LINEAR FOOT),10-4 SO Cord (Linear Foot) 10-4 SO,10-4 SO Cord (Linear Foot) 10-4 SO. High performance industrial and commercial grade 10-4 so cord (linear foot) designed for professional applications.,10-4 SO Cord (Linear Foot),,,,,,,,,,,,,,,,,,,,,,,,,,,,,,,,,,,,,,,,,,,,,,,,,,,,,,,,,,,,,,,,,,,,,,,,,,,,,,,,,,,,,,,,,,,,,,,,,,,,,,,,,,,,,,,,,,,,,,,,,,,,,,,,,,,,,,,,,,,,,,,,,,,,,,,,,,,,,,,,,,,,,,,,,,,,,,,,,,,,,,,,,,,,,,,,,,,,,,,,,,,,,,,,,,,,,,,,,,,,,,,,
,,,,,,,Electrical,Fittings & Conduit,Cord Grips & Connectors,,23346-0408,23346-0408 Wire 16/3 SJEWA 250 (Linear Foot),,,,-,,,,23346-0408,,Electrical>Conduit & Fittings>Cord Grips & Connectors,"23346-0408 Wire 16/3 SJEWA 250 (Linear Foot), 23346-0408",WIRE 16/3 SJEWA 250 (LINEAR FOOT),23346-0408 Wire 16/3 SJEWA 250 (Linear Foot) 23346-0408,23346-0408 Wire 16/3 SJEWA 250 (Linear Foot) 23346-0408. High performance industrial and commercial grade 23346-0408 wire 16/3 sjewa 250 (linear foot) designed for professional applications.,23346-0408 Wire 16/3 SJEWA 250 (Linear Foot),,,,,,,,,,,,,,,,,,,,,,,,,,,,,,,,,,,,,,,,,,,,,,,,,,,,,,,,,,,,,,,,,,,,,,,,,,,,,,,,,,,,,,,,,,,,,,,,,,,,,,,,,,,,,,,,,,,,,,,,,,,,,,,,,,,,,,,,,,,,,,,,,,,,,,,,,,,,,,,,,,,,,,,,,,,,,,,,,,,,,,,,,,,,,,,,,,,,,,,,,,,,,,,,,,,,,,,,,,,,,,,,
,,,,,,,Electrical,Fittings & Conduit,Cord Grips & Connectors,,2/2/4 UD ALUM,2/2/4 UD Aluminum Triplex Wire (Linear Foot),,,,Southwire/g Turner (6603),Southwire/g Turner,,,2/2/4 UD ALUM,,Electrical>Conduit & Fittings>Cord Grips & Connectors,"Southwire/g Turner, 2/2/4 UD Aluminum Triplex Wire (Linear Foot), 2/2/4 UD ALUM",2/2/4 UD ALUMINUM TRIPLEX WIRE (LINEAR FOOT),2/2/4 UD Aluminum Triplex Wire (Linear Foot) 2/2/4 UD ALUM,2/2/4 UD Aluminum Triplex Wire (Linear Foot) 2/2/4 UD ALUM. High performance industrial and commercial grade 2/2/4 ud aluminum triplex wire (linear foot) designed for professional applications.,2/2/4 UD Aluminum Triplex Wire (Linear Foot),,,,,,,,,,,,,,,,,,,,,,,,,,,,,,,,,,,,,,,,,,,,,,,,,,,,,,,,,,,,,,,,,,,,,,,,,,,,,,,,,,,,,,,,,,,,,,,,,,,,,,,,,,,,,,,,,,,,,,,,,,,,,,,,,,,,,,,,,,,,,,,,,,,,,,,,,,,,,,,,,,,,,,,,,,,,,,,,,,,,,,,,,,,,,,,,,,,,,,,,,,,,,,,,,,,,,,,,,,,,,,,,
,,,,,,,Electrical,Fittings & Conduit,Cord Grips & Connectors,,55418901,6/6/6 UD Triplex Aluminum Wire,,,,Southwire/g Turner (6603),Southwire/g Turner,,,55418901,,Electrical>Conduit & Fittings>Cord Grips & Connectors,"Southwire/g Turner, 6/6/6 UD Triplex Aluminum Wire, 55418901",6/6/6 UD TRIPLEX ALUMINUM WIRE,6/6/6 UD Triplex Aluminum Wire 55418901,6/6/6 UD Triplex Aluminum Wire 55418901. High performance industrial and commercial grade 6/6/6 ud triplex aluminum wire designed for professional applications.,6/6/6 UD Triplex Aluminum Wire,,,,,,,,,,,,,,,,,,,,,,,,,,,,,,,,,,,,,,,,,,,,,,,,,,,,,,,,,,,,,,,,,,,,,,,,,,,,,,,,,,,,,,,,,,,,,,,,,,,,,,,,,,,,,,,,,,,,,,,,,,,,,,,,,,,,,,,,,,,,,,,,,,,,,,,,,,,,,,,,,,,,,,,,,,,,,,,,,,,,,,,,,,,,,,,,,,,,,,,,,,,,,,,,,,,,,,,,,,,,,,,,
,,,,,,,Electrical,Fittings & Conduit,Cord Grips & Connectors,,CG50K,"CG50K 1/2"" Cord Grip Kit",,,,Fenton Bros Electric Inc (FENBR),Fenton Bros Electric Inc,,,CG50K,,Electrical>Conduit & Fittings>Cord Grips & Connectors,"Fenton Bros Electric Inc, Cord Grip, CG50K","1/2"" CORD GRIP KIT",Cord Grip CG50K,Cord Grip CG50K. High performance industrial and commercial grade cord grip designed for professional applications.,Cord Grip,,,,,,,,,,,,,,,,,,,,,,,,,,,Cord Grip,,,,,,,,,,,,,,,,,,,,,,,,,,,,,,,,,,,,,,,,,,,,,,,,,,,,,,,,,,,,,,,,,,,,,,,,,,,,,,,,,,,,,,,,,,,,,,,,,,,,,,,,,,,,,,,,,,,,,,,,,,,,,,,,,,,,,,,,,,,,,,,,,,,,,,,,,,,,,,,,,,,,,,,,,,,,,,,,,,,,,,,,,,,,,,,,,,,,,
,,,,,,,Lighting & Ceiling Fans,Indoor Lighting,Chandeliers & Pendants,,R02-D215P-1RW,R02D215P1RW 15A Mini Outlet Wh,,,Leviton,Leviton Mfg Co (4927),Leviton Mfg Co,Leviton,,R02-D215P-1RW,,Lighting & Electrical>Light Fixtures>Chandeliers & Pendants,"Leviton Mfg Co, Leviton, Outlet, R02-D215P-1RW",15A MINI OUTLET WH,Leviton Outlet R02-D215P-1RW,Leviton Outlet R02-D215P-1RW. High performance industrial and commercial grade outlet designed for professional applications.,Leviton Outlet,,,,,,,,,,,,,,,,,,,,,,,,,,,Outlet,,,,,,,,,,,,,,,,,,,,,,,,,,,,,,,,,,,,,,,,,,,,,,,,,,,,,,,,,,,,,,,,,,,,,,,,,,,,,,,,,,,,,,,,,,,,,,,,,,,,,,,,,,,,,,,,,,,,,,,,,,,,,,,,,,,,,,,,,,,,,,,,,,,,,,,,,,,,,,,,,,,,,,,,,,,,,,,,,,,,,,,,,,,,,,,,,,,,,
,,,,,,,Electrical,Fittings & Conduit,Cord Grips & Connectors,,PBUC013,PBUC013 15A Wall Tap w/USB,,,Prime,Prime Wire & Cable (3562),Prime Wire & Cable,Prime,,PBUC013,,Electrical>Conduit & Fittings>Cord Grips & Connectors,"Prime Wire & Cable, Prime, PBUC013 15A Wall Tap w/USB, PBUC013",15A WALL TAP W/USB,Prime PBUC013 15A Wall Tap w/USB PBUC013,Prime PBUC013 15A Wall Tap w/USB PBUC013. High performance industrial and commercial grade pbuc013 15a wall tap w/usb designed for professional applications.,Prime PBUC013 15A Wall Tap w/USB,,,,,,,,,,,,,,,,,,,,,,,,,,,,,,,,,,,,,,,,,,,,,,,,,,,,,,,,,,,,,,,,,,,,,,,,,,,,,,,,,,,,,,,,,,,,,,,,,,,,,,,,,,,,,,,,,,,,,,,,,,,,,,,,,,,,,,,,,,,,,,,,,,,,,,,,,,,,,,,,,,,,,,,,,,,,,,,,,,,,,,,,,,,,,,,,,,,,,,,,,,,,,,,,,,,,,,,,,,,,,,,,
,,,,,,,Lighting & Ceiling Fans,Commercial Lighting,Wrap & Strip Lights,,R00-GFNT1-00K,R00GFNT100K 15A Outlet Br,,,Leviton,Leviton Mfg Co (4927),Leviton Mfg Co,Leviton,,R00-GFNT1-00K,,Lighting & Electrical>Light Fixtures>LED Wrap & Linear Fixtures,"Leviton Mfg Co, Leviton, Outlet, R00-GFNT1-00K",15A OUTLET BR,Leviton Outlet R00-GFNT1-00K,Leviton Outlet R00-GFNT1-00K. High performance industrial and commercial grade outlet designed for professional applications.,Leviton Outlet,,,,,,,,,,,,,,,,,,,,,,,,,,,Outlet,,,,,,,,,,,,,,,,,,,,,,,,,,,,,,,,,,,,,,,,,,,,,,,,,,,,,,,,,,,,,,,,,,,,,,,,,,,,,,,,,,,,,,,,,,,,,,,,,,,,,,,,,,,,,,,,,,,,,,,,,,,,,,,,,,,,,,,,,,,,,,,,,,,,,,,,,,,,,,,,,,,,,,,,,,,,,,,,,,,,,,,,,,,,,,,,,,,,,
,,,,,,,Appliances,Large Appliances,Refrigerators,,R92-GFWT1-0KW,R92GFWT10KW 15A GFCI Outlet Wh,,,Leviton,Leviton Mfg Co (4927),Leviton Mfg Co,Leviton,,R92-GFWT1-0KW,,Appliances & Consumer Electronics>Kitchen Appliances>Refrigerators,"Leviton Mfg Co, Leviton, Outlet, R92-GFWT1-0KW",15A GFCI OUTLET WH,Leviton Outlet R92-GFWT1-0KW,Leviton Outlet R92-GFWT1-0KW. High performance industrial and commercial grade outlet designed for professional applications.,Leviton Outlet,,,,,,,,,,,,,,,,,,,,,,,,,,,Outlet,,,,,,,,,,,,,,,,,,,,,,,,,,,,,,,,,,,,,,,,,,,,,,,,,,,,,,,,,,,,,,,,,,,,,,,,,,,,,,,,,,,,,,,,,,,,,,,,,,,,,,,,,,,,,,,,,,,,,,,,,,,,,,,,,,,,,,,,,,,,,,,,,,,,,,,,,,,,,,,,,,,,,,,,,,,,,,,,,,,,,,,,,,,,,,,,,,,,,
,,,,,,,Lighting & Ceiling Fans,Indoor Lighting,Chandeliers & Pendants,,R12-AGTR1-0KW,R12AGTR10KW 15A GFCI Outler Wh,,,Leviton,Leviton Mfg Co (4927),Leviton Mfg Co,Leviton,,R12-AGTR1-0KW,,Lighting & Electrical>Light Fixtures>Chandeliers & Pendants,"Leviton Mfg Co, Leviton, R12AGTR10KW 15A GFCI Outler Wh, R12-AGTR1-0KW",15A GFCI OUTLER WH,Leviton R12AGTR10KW 15A GFCI Outler Wh R12-AGTR1-0KW,Leviton R12AGTR10KW 15A GFCI Outler Wh R12-AGTR1-0KW. High performance industrial and commercial grade r12agtr10kw 15a gfci outler wh designed for professional applications.,Leviton R12AGTR10KW 15A GFCI Outler Wh,,,,,,,,,,,,,,,,,,,,,,,,,,,,,,,,,,,,,,,,,,,,,,,,,,,,,,,,,,,,,,,,,,,,,,,,,,,,,,,,,,,,,,,,,,,,,,,,,,,,,,,,,,,,,,,,,,,,,,,,,,,,,,,,,,,,,,,,,,,,,,,,,,,,,,,,,,,,,,,,,,,,,,,,,,,,,,,,,,,,,,,,,,,,,,,,,,,,,,,,,,,,,,,,,,,,,,,,,,,,,,,,
,,,,,,,Appliances,Large Appliances,Refrigerators,,R62-GFTA1-0KW,R92GFTA10KW 15A GFCI Outlet Wh,,,Leviton,Leviton Mfg Co (4927),Leviton Mfg Co,Leviton,,R62-GFTA1-0KW,,Appliances & Consumer Electronics>Kitchen Appliances>Refrigerators,"Leviton Mfg Co, Leviton, Outlet, R62-GFTA1-0KW",15A GFCI OUTLET WH,Leviton Outlet R62-GFTA1-0KW,Leviton Outlet R62-GFTA1-0KW. High performance industrial and commercial grade outlet designed for professional applications.,Leviton Outlet,,,,,,,,,,,,,,,,,,,,,,,,,,,Outlet,,,,,,,,,,,,,,,,,,,,,,,,,,,,,,,,,,,,,,,,,,,,,,,,,,,,,,,,,,,,,,,,,,,,,,,,,,,,,,,,,,,,,,,,,,,,,,,,,,,,,,,,,,,,,,,,,,,,,,,,,,,,,,,,,,,,,,,,,,,,,,,,,,,,,,,,,,,,,,,,,,,,,,,,,,,,,,,,,,,,,,,,,,,,,,,,,,,,,
,,,,,,,Electrical,Fittings & Conduit,Cord Grips & Connectors,,165-04729-00C,1650472900C 15A 125V Cord Conn,,,Leviton,Leviton Mfg Co (4927),Leviton Mfg Co,Leviton,,165-04729-00C,,Electrical>Conduit & Fittings>Cord Grips & Connectors,"Leviton Mfg Co, Leviton, 1650472900C 15A 125V Cord Conn, 165-04729-00C",15A 125V CORD CONN,Leviton 1650472900C 15A 125V Cord Conn 165-04729-00C,Leviton 1650472900C 15A 125V Cord Conn 165-04729-00C. High performance industrial and commercial grade 1650472900c 15a 125v cord conn designed for professional applications.,Leviton 1650472900C 15A 125V Cord Conn,,,,,,,,,,,,,,,,,,,,,,,,,,,,,,,,,,,,,,,,,,,,,,,,,,,,,,,,,,,,,,,,,,,,,,,,,,,,,,,,,,,,,,,,,,,,,,,,,,,,,,,,,,,,,,,,,,,,,,,,,,,,,,,,,,,,,,,,,,,,,,,,,,,,,,,,,,,,,,,,,,,,,,,,,,,,,,,,,,,,,,,,,,,,,,,,,,,,,,,,,,,,,,,,,,,,,,,,,,,,,,,,
,,,,,,,Electrical,Fittings & Conduit,Cord Grips & Connectors,,161-04720-00C,1610472000C 15A 125V Cord Conn,,,Leviton,Leviton Mfg Co (4927),Leviton Mfg Co,Leviton,,161-04720-00C,,Electrical>Conduit & Fittings>Cord Grips & Connectors,"Leviton Mfg Co, Leviton, 1610472000C 15A 125V Cord Conn, 161-04720-00C",15A 125V CORD CONN,Leviton 1610472000C 15A 125V Cord Conn 161-04720-00C,Leviton 1610472000C 15A 125V Cord Conn 161-04720-00C. High performance industrial and commercial grade 1610472000c 15a 125v cord conn designed for professional applications.,Leviton 1610472000C 15A 125V Cord Conn,,,,,,,,,,,,,,,,,,,,,,,,,,,,,,,,,,,,,,,,,,,,,,,,,,,,,,,,,,,,,,,,,,,,,,,,,,,,,,,,,,,,,,,,,,,,,,,,,,,,,,,,,,,,,,,,,,,,,,,,,,,,,,,,,,,,,,,,,,,,,,,,,,,,,,,,,,,,,,,,,,,,,,,,,,,,,,,,,,,,,,,,,,,,,,,,,,,,,,,,,,,,,,,,,,,,,,,,,,,,,,,,
,,,,,,,Appliances,Large Appliances,Refrigerators,,R02-GUAC1-0BW,R02GUAC10BW 15A/USB Outlet Wh,,,Leviton,Leviton Mfg Co (4927),Leviton Mfg Co,Leviton,,R02-GUAC1-0BW,,Appliances & Consumer Electronics>Kitchen Appliances>Refrigerators,"Leviton Mfg Co, Leviton, Outlet, R02-GUAC1-0BW",15A/USB OUTLET WH,Leviton Outlet R02-GUAC1-0BW,Leviton Outlet R02-GUAC1-0BW. High performance industrial and commercial grade outlet designed for professional applications.,Leviton Outlet,,,,,,,,,,,,,,,,,,,,,,,,,,,Outlet,,,,,,,,,,,,,,,,,,,,,,,,,,,,,,,,,,,,,,,,,,,,,,,,,,,,,,,,,,,,,,,,,,,,,,,,,,,,,,,,,,,,,,,,,,,,,,,,,,,,,,,,,,,,,,,,,,,,,,,,,,,,,,,,,,,,,,,,,,,,,,,,,,,,,,,,,,,,,,,,,,,,,,,,,,,,,,,,,,,,,,,,,,,,,,,,,,,,,
,,,,,,,Appliances,Large Appliances,Refrigerators,,R56-CBR15-00T,R56CBR1500T 15A Outlet LA,,,Leviton,Leviton Mfg Co (4927),Leviton Mfg Co,Leviton,,R56-CBR15-00T,,Appliances & Consumer Electronics>Kitchen Appliances>Refrigerators,"Leviton Mfg Co, Leviton, Outlet, R56-CBR15-00T",15A OUTLET LA,Leviton Outlet R56-CBR15-00T,Leviton Outlet R56-CBR15-00T. High performance industrial and commercial grade outlet designed for professional applications.,Leviton Outlet,,,,,,,,,,,,,,,,,,,,,,,,,,,Outlet,,,,,,,,,,,,,,,,,,,,,,,,,,,,,,,,,,,,,,,,,,,,,,,,,,,,,,,,,,,,,,,,,,,,,,,,,,,,,,,,,,,,,,,,,,,,,,,,,,,,,,,,,,,,,,,,,,,,,,,,,,,,,,,,,,,,,,,,,,,,,,,,,,,,,,,,,,,,,,,,,,,,,,,,,,,,,,,,,,,,,,,,,,,,,,,,,,,,,
,,,,,,,Tools & Hardware,Power Tools,Saws & Blades,,R20-05378-P00,R2005378P00 6-50R Welder Outet,,,Leviton,Leviton Mfg Co (4927),Leviton Mfg Co,Leviton,,R20-05378-P00,,Tools & Hardware>Power Tools>Power Saws,"Leviton Mfg Co, Leviton, R2005378P00 6-50R Welder Outet, R20-05378-P00",6-50R WELDER OUTET,Leviton R2005378P00 6-50R Welder Outet R20-05378-P00,Leviton R2005378P00 6-50R Welder Outet R20-05378-P00. High performance industrial and commercial grade r2005378p00 6-50r welder outet designed for professional applications.,Leviton R2005378P00 6-50R Welder Outet,,,,,,,,,,,,,,,,,,,,,,,,,,,,,,,,,,,,,,,,,,,,,,,,,,,,,,,,,,,,,,,,,,,,,,,,,,,,,,,,,,,,,,,,,,,,,,,,,,,,,,,,,,,,,,,,,,,,,,,,,,,,,,,,,,,,,,,,,,,,,,,,,,,,,,,,,,,,,,,,,,,,,,,,,,,,,,,,,,,,,,,,,,,,,,,,,,,,,,,,,,,,,,,,,,,,,,,,,,,,,,,,
,,,,,,,Electrical,Boxes & Covers,Weatherproof Box Covers,,WC1V12W-SG-UPC,WC1V12WSGUPC 1G Cover Wh,,,Southwire,Southwire/g Turner (6603),Southwire/g Turner,Southwire,,WC1V12W-SG-UPC,,Electrical>Boxes Enclosures & Covers>Outlet & Switch Covers,"Southwire/g Turner, Southwire, WC1V12WSGUPC 1G Cover Wh, WC1V12W-SG-UPC",1G COVER WH,Southwire WC1V12WSGUPC 1G Cover Wh WC1V12W-SG-UPC,Southwire WC1V12WSGUPC 1G Cover Wh WC1V12W-SG-UPC. High performance industrial and commercial grade wc1v12wsgupc 1g cover wh designed for professional applications.,Southwire WC1V12WSGUPC 1G Cover Wh,,,,,,,,,,,,,,,,,,,,,,,,,,,,,,,,,,,,,,,,,,,,,,,,,,,,,,,,,,,,,,,,,,,,,,,,,,,,,,,,,,,,,,,,,,,,,,,,,,,,,,,,,,,,,,,,,,,,,,,,,,,,,,,,,,,,,,,,,,,,,,,,,,,,,,,,,,,,,,,,,,,,,,,,,,,,,,,,,,,,,,,,,,,,,,,,,,,,,,,,,,,,,,,,,,,,,,,,,,,,,,,,
,,,,,,,Electrical,Fittings & Conduit,Cord Grips & Connectors,,R51-GSRA1-THD,R5GSRA1THD 15A GFCI Plug,,,Leviton,Leviton Mfg Co (4927),Leviton Mfg Co,Leviton,,R51-GSRA1-THD,,Electrical>Conduit & Fittings>Cord Grips & Connectors,"Leviton Mfg Co, Leviton, R5GSRA1THD 15A GFCI Plug, R51-GSRA1-THD",15A GFCI PLUG,Leviton R5GSRA1THD 15A GFCI Plug R51-GSRA1-THD,Leviton R5GSRA1THD 15A GFCI Plug R51-GSRA1-THD. High performance industrial and commercial grade r5gsra1thd 15a gfci plug designed for professional applications.,Leviton R5GSRA1THD 15A GFCI Plug,,,,,,,,,,,,,,,,,,,,,,,,,,,,,,,,,,,,,,,,,,,,,,,,,,,,,,,,,,,,,,,,,,,,,,,,,,,,,,,,,,,,,,,,,,,,,,,,,,,,,,,,,,,,,,,,,,,,,,,,,,,,,,,,,,,,,,,,,,,,,,,,,,,,,,,,,,,,,,,,,,,,,,,,,,,,,,,,,,,,,,,,,,,,,,,,,,,,,,,,,,,,,,,,,,,,,,,,,,,,,,,,
,,,,,,,Appliances,Large Appliances,Refrigerators,,R62-CBR15-00W,R62CBR1500W 15A Outlet Wh,,,Leviton,Leviton Mfg Co (4927),Leviton Mfg Co,Leviton,,R62-CBR15-00W,,Appliances & Consumer Electronics>Kitchen Appliances>Refrigerators,"Leviton Mfg Co, Leviton, Outlet, R62-CBR15-00W",15A OUTLET WH,Leviton Outlet R62-CBR15-00W,Leviton Outlet R62-CBR15-00W. High performance industrial and commercial grade outlet designed for professional applications.,Leviton Outlet,,,,,,,,,,,,,,,,,,,,,,,,,,,Outlet,,,,,,,,,,,,,,,,,,,,,,,,,,,,,,,,,,,,,,,,,,,,,,,,,,,,,,,,,,,,,,,,,,,,,,,,,,,,,,,,,,,,,,,,,,,,,,,,,,,,,,,,,,,,,,,,,,,,,,,,,,,,,,,,,,,,,,,,,,,,,,,,,,,,,,,,,,,,,,,,,,,,,,,,,,,,,,,,,,,,,,,,,,,,,,,,,,,,,
,,,,,,,Lighting & Ceiling Fans,Light Bulbs,LED Bulbs,,S03-05226-IS,S0305226IS IV Switch / Pilot,,,Leviton,Leviton Mfg Co (4927),Leviton Mfg Co,Leviton,,S03-05226-IS,,Lighting & Electrical>Light Bulbs>LED Bulbs,"Leviton Mfg Co, Leviton, Switch, S03-05226-IS",IV SWITCH / PILOT,Leviton Switch S03-05226-IS,Leviton Switch S03-05226-IS. High performance industrial and commercial grade switch designed for professional applications.,Leviton Switch,,,,,,,,,,,,,,,,,,,,,,,,,,,Switch,,,,,,,,,,,,,,,,,,,,,,,,,,,,,,,,,,,,,,,,,,,,,,,,,,,,,,,,,,,,,,,,,,,,,,,,,,,,,,,,,,,,,,,,,,,,,,,,,,,,,,,,,,,,,,,,,,,,,,,,,,,,,,,,,,,,,,,,,,,,,,,,,,,,,,,,,,,,,,,,,,,,,,,,,,,,,,,,,,,,,,,,,,,,,,,,,,,,,
,,,,,,,Tools & Hardware,Measuring & Layout,Levels & Lasers,,174-0CSB3-15W,174-OCSB3-15A Toggle 3-Way Switch Wh,,,,Leviton Mfg Co (4927),Leviton Mfg Co,,,174-0CSB3-15W,,Tools & Hardware>Hand Tools>Measuring & Layout Tools>Laser Levels,"Leviton Mfg Co, Switch, 174-0CSB3-15W",TOGGLE 3-WAY SWITCH WH,Switch 174-0CSB3-15W,Switch 174-0CSB3-15W. High performance industrial and commercial grade switch designed for professional applications.,Switch,,,,,,,,,,,,,,,,,,,,,,,,,,,Switch,,,,,,,,,,,,,,,,,,,,,,,,,,,,,,,,,,,,,,,,,,,,,,,,,,,,,,,,,,,,,,,,,,,,,,,,,,,,,,,,,,,,,,,,,,,,,,,,,,,,,,,,,,,,,,,,,,,,,,,,,,,,,,,,,,,,,,,,,,,,,,,,,,,,,,,,,,,,,,,,,,,,,,,,,,,,,,,,,,,,,,,,,,,,,,,,,,,,,
,,,,,,,Appliances,Kitchen Appliances,Microwaves,,R50-0SL13-000,T50-0SL13000 1G Wallplate SS - Blank,,,Leviton,Leviton Mfg Co (4927),Leviton Mfg Co,Leviton,,R50-0SL13-000,,Appliances & Consumer Electronics>Kitchen Appliances>Microwave Ovens,"Leviton Mfg Co, Leviton, T50-0SL13000 1G Wallplate SS - Blank, R50-0SL13-000",1G WALLPLATE SS - BLANK,Leviton T50-0SL13000 1G Wallplate SS - Blank R50-0SL13-000,Leviton T50-0SL13000 1G Wallplate SS - Blank R50-0SL13-000. High performance industrial and commercial grade t50-0sl13000 1g wallplate ss - blank designed for professional applications.,Leviton T50-0SL13000 1G Wallplate SS - Blank,,,,,,,,,,,,,,,,,,,,,,,,,,,,,,,,,,,,,,,,,,,,,,,,,,,,,,,,,,,,,,,,,,,,,,,,,,,,,,,,,,,,,,,,,,,,,,,,,,,,,,,,,,,,,,,,,,,,,,,,,,,,,,,,,,,,,,,,,,,,,,,,,,,,,,,,,,,,,,,,,,,,,,,,,,,,,,,,,,,,,,,,,,,,,,,,,,,,,,,,,,,,,,,,,,,,,,,,,,,,,,,,
,,,,,,,Lighting & Ceiling Fans,Indoor Lighting,Chandeliers & Pendants,,R52-0PJ13-00W,R520PJ1300W 1G Wallplate Wh - Blank,,,Leviton,Leviton Mfg Co (4927),Leviton Mfg Co,Leviton,,R52-0PJ13-00W,,Lighting & Electrical>Light Fixtures>Chandeliers & Pendants,"Leviton Mfg Co, Leviton, R520PJ1300W 1G Wallplate Wh - Blank, R52-0PJ13-00W",1G WALLPLATE WH - BLANK,Leviton R520PJ1300W 1G Wallplate Wh - Blank R52-0PJ13-00W,Leviton R520PJ1300W 1G Wallplate Wh - Blank R52-0PJ13-00W. High performance industrial and commercial grade r520pj1300w 1g wallplate wh - blank designed for professional applications.,Leviton R520PJ1300W 1G Wallplate Wh - Blank,,,,,,,,,,,,,,,,,,,,,,,,,,,,,,,,,,,,,,,,,,,,,,,,,,,,,,,,,,,,,,,,,,,,,,,,,,,,,,,,,,,,,,,,,,,,,,,,,,,,,,,,,,,,,,,,,,,,,,,,,,,,,,,,,,,,,,,,,,,,,,,,,,,,,,,,,,,,,,,,,,,,,,,,,,,,,,,,,,,,,,,,,,,,,,,,,,,,,,,,,,,,,,,,,,,,,,,,,,,,,,,,
,,,,,,,Appliances,Large Appliances,Refrigerators,,XOU2470BCGS,XOU2470BCGS Tall Beverage Center SS,,,,Appliance Dealers Cooperative (APPDE),Appliance Dealers Cooperative,,,XOU2470BCGS,,Appliances & Consumer Electronics>Kitchen Appliances>Refrigerators,"Appliance Dealers Cooperative, XOU2470BCGS Tall Beverage Center SS, XOU2470BCGS",TALL BEVERAGE CENTER SS,XOU2470BCGS Tall Beverage Center SS XOU2470BCGS,XOU2470BCGS Tall Beverage Center SS XOU2470BCGS. High performance industrial and commercial grade xou2470bcgs tall beverage center ss designed for professional applications.,XOU2470BCGS Tall Beverage Center SS,,,,,,,,,,,,,,,,,,,,,,,,,,,,,,,,,,,,,,,,,,,,,,,,,,,,,,,,,,,,,,,,,,,,,,,,,,,,,,,,,,,,,,,,,,,,,,,,,,,,,,,,,,,,,,,,,,,,,,,,,,,,,,,,,,,,,,,,,,,,,,,,,,,,,,,,,,,,,,,,,,,,,,,,,,,,,,,,,,,,,,,,,,,,,,,,,,,,,,,,,,,,,,,,,,,,,,,,,,,,,,,,
,,,,,,,Appliances,Kitchen Appliances,Microwaves,,XOU24BCGSR,XOU24BCGSR Beverage Center SS,,,,Appliance Dealers Cooperative (APPDE),Appliance Dealers Cooperative,,,XOU24BCGSR,,Appliances & Consumer Electronics>Kitchen Appliances>Microwave Ovens,"Appliance Dealers Cooperative, XOU24BCGSR Beverage Center SS, XOU24BCGSR",BEVERAGE CENTER SS,XOU24BCGSR Beverage Center SS XOU24BCGSR,XOU24BCGSR Beverage Center SS XOU24BCGSR. High performance industrial and commercial grade xou24bcgsr beverage center ss designed for professional applications.,XOU24BCGSR Beverage Center SS,,,,,,,,,,,,,,,,,,,,,,,,,,,,,,,,,,,,,,,,,,,,,,,,,,,,,,,,,,,,,,,,,,,,,,,,,,,,,,,,,,,,,,,,,,,,,,,,,,,,,,,,,,,,,,,,,,,,,,,,,,,,,,,,,,,,,,,,,,,,,,,,,,,,,,,,,,,,,,,,,,,,,,,,,,,,,,,,,,,,,,,,,,,,,,,,,,,,,,,,,,,,,,,,,,,,,,,,,,,,,,,,
,,,,,,,Appliances,Large Appliances,Refrigerators,,XOU24WDZGBR,XOU24WDZGBR Beverage Center Bk,,,,Appliance Dealers Cooperative (APPDE),Appliance Dealers Cooperative,,,XOU24WDZGBR,,Appliances & Consumer Electronics>Kitchen Appliances>Refrigerators,"Appliance Dealers Cooperative, XOU24WDZGBR Beverage Center Bk, XOU24WDZGBR",BEVERAGE CENTER BK,XOU24WDZGBR Beverage Center Bk XOU24WDZGBR,XOU24WDZGBR Beverage Center Bk XOU24WDZGBR. High performance industrial and commercial grade xou24wdzgbr beverage center bk designed for professional applications.,XOU24WDZGBR Beverage Center Bk,,,,,,,,,,,,,,,,,,,,,,,,,,,,,,,,,,,,,,,,,,,,,,,,,,,,,,,,,,,,,,,,,,,,,,,,,,,,,,,,,,,,,,,,,,,,,,,,,,,,,,,,,,,,,,,,,,,,,,,,,,,,,,,,,,,,,,,,,,,,,,,,,,,,,,,,,,,,,,,,,,,,,,,,,,,,,,,,,,,,,,,,,,,,,,,,,,,,,,,,,,,,,,,,,,,,,,,,,,,,,,,,
,,,,,,,Appliances,Large Appliances,Refrigerators,,C7CDAAS3PD3,C7CDAAS3PD3 Café Drip Coffee Maker MB,,,,Appliance Dealers Cooperative (APPDE),Appliance Dealers Cooperative,,,C7CDAAS3PD3,,Appliances & Consumer Electronics>Kitchen Appliances>Refrigerators,"Appliance Dealers Cooperative, C7CDAAS3PD3 Café Drip Coffee Maker MB, C7CDAAS3PD3",CAFÉ DRIP COFFEE MAKER MB,C7CDAAS3PD3 Café Drip Coffee Maker MB C7CDAAS3PD3,C7CDAAS3PD3 Café Drip Coffee Maker MB C7CDAAS3PD3. High performance industrial and commercial grade c7cdaas3pd3 café drip coffee maker mb designed for professional applications.,C7CDAAS3PD3 Café Drip Coffee Maker MB,,,,,,,,,,,,,,,,,,,,,,,,,,,,,,,,,,,,,,,,,,,,,,,,,,,,,,,,,,,,,,,,,,,,,,,,,,,,,,,,,,,,,,,,,,,,,,,,,,,,,,,,,,,,,,,,,,,,,,,,,,,,,,,,,,,,,,,,,,,,,,,,,,,,,,,,,,,,,,,,,,,,,,,,,,,,,,,,,,,,,,,,,,,,,,,,,,,,,,,,,,,,,,,,,,,,,,,,,,,,,,,,
,,,,,,,Appliances,Kitchen Appliances,Microwaves,,C7CDAAS4PW3,C7CDAAS4PW3 Café Drip Coffee Maker MW,,,,Appliance Dealers Cooperative (APPDE),Appliance Dealers Cooperative,,,C7CDAAS4PW3,,Appliances & Consumer Electronics>Kitchen Appliances>Microwave Ovens,"Appliance Dealers Cooperative, C7CDAAS4PW3 Café Drip Coffee Maker MW, C7CDAAS4PW3",CAFÉ DRIP COFFEE MAKER MW,C7CDAAS4PW3 Café Drip Coffee Maker MW C7CDAAS4PW3,C7CDAAS4PW3 Café Drip Coffee Maker MW C7CDAAS4PW3. High performance industrial and commercial grade c7cdaas4pw3 café drip coffee maker mw designed for professional applications.,C7CDAAS4PW3 Café Drip Coffee Maker MW,,,,,,,,,,,,,,,,,,,,,,,,,,,,,,,,,,,,,,,,,,,,,,,,,,,,,,,,,,,,,,,,,,,,,,,,,,,,,,,,,,,,,,,,,,,,,,,,,,,,,,,,,,,,,,,,,,,,,,,,,,,,,,,,,,,,,,,,,,,,,,,,,,,,,,,,,,,,,,,,,,,,,,,,,,,,,,,,,,,,,,,,,,,,,,,,,,,,,,,,,,,,,,,,,,,,,,,,,,,,,,,,
,,,,,,,Appliances,Kitchen Appliances,Microwaves,,C7CDABS2RS3,C7CDABS2RS3 Cafe Coffee Maker,,,,Appliance Dealers Cooperative (APPDE),Appliance Dealers Cooperative,,,C7CDABS2RS3,,Appliances & Consumer Electronics>Kitchen Appliances>Microwave Ovens,"Appliance Dealers Cooperative, C7CDABS2RS3 Cafe Coffee Maker, C7CDABS2RS3",CAFE COFFEE MAKER,C7CDABS2RS3 Cafe Coffee Maker C7CDABS2RS3,C7CDABS2RS3 Cafe Coffee Maker C7CDABS2RS3. High performance industrial and commercial grade c7cdabs2rs3 cafe coffee maker designed for professional applications.,C7CDABS2RS3 Cafe Coffee Maker,,,,,,,,,,,,,,,,,,,,,,,,,,,,,,,,,,,,,,,,,,,,,,,,,,,,,,,,,,,,,,,,,,,,,,,,,,,,,,,,,,,,,,,,,,,,,,,,,,,,,,,,,,,,,,,,,,,,,,,,,,,,,,,,,,,,,,,,,,,,,,,,,,,,,,,,,,,,,,,,,,,,,,,,,,,,,,,,,,,,,,,,,,,,,,,,,,,,,,,,,,,,,,,,,,,,,,,,,,,,,,,,
,,,,,,,Appliances,Kitchen Appliances,Microwaves,,C7CDABS3RD3,C7CDABS3RD3 Café Coffee Maker MB,,,,Appliance Dealers Cooperative (APPDE),Appliance Dealers Cooperative,,,C7CDABS3RD3,,Appliances & Consumer Electronics>Kitchen Appliances>Microwave Ovens,"Appliance Dealers Cooperative, C7CDABS3RD3 Café Coffee Maker MB, C7CDABS3RD3",CAFÉ COFFEE MAKER MB,C7CDABS3RD3 Café Coffee Maker MB C7CDABS3RD3,C7CDABS3RD3 Café Coffee Maker MB C7CDABS3RD3. High performance industrial and commercial grade c7cdabs3rd3 café coffee maker mb designed for professional applications.,C7CDABS3RD3 Café Coffee Maker MB,,,,,,,,,,,,,,,,,,,,,,,,,,,,,,,,,,,,,,,,,,,,,,,,,,,,,,,,,,,,,,,,,,,,,,,,,,,,,,,,,,,,,,,,,,,,,,,,,,,,,,,,,,,,,,,,,,,,,,,,,,,,,,,,,,,,,,,,,,,,,,,,,,,,,,,,,,,,,,,,,,,,,,,,,,,,,,,,,,,,,,,,,,,,,,,,,,,,,,,,,,,,,,,,,,,,,,,,,,,,,,,,
,,,,,,,Appliances,Kitchen Appliances,Microwaves,,C7CDABS4RW3,C7CDABS4RW3 Café Coffee Maker MW,,,,Appliance Dealers Cooperative (APPDE),Appliance Dealers Cooperative,,,C7CDABS4RW3,,Appliances & Consumer Electronics>Kitchen Appliances>Microwave Ovens,"Appliance Dealers Cooperative, C7CDABS4RW3 Café Coffee Maker MW, C7CDABS4RW3",CAFÉ COFFEE MAKER MW,C7CDABS4RW3 Café Coffee Maker MW C7CDABS4RW3,C7CDABS4RW3 Café Coffee Maker MW C7CDABS4RW3. High performance industrial and commercial grade c7cdabs4rw3 café coffee maker mw designed for professional applications.,C7CDABS4RW3 Café Coffee Maker MW,,,,,,,,,,,,,,,,,,,,,,,,,,,,,,,,,,,,,,,,,,,,,,,,,,,,,,,,,,,,,,,,,,,,,,,,,,,,,,,,,,,,,,,,,,,,,,,,,,,,,,,,,,,,,,,,,,,,,,,,,,,,,,,,,,,,,,,,,,,,,,,,,,,,,,,,,,,,,,,,,,,,,,,,,,,,,,,,,,,,,,,,,,,,,,,,,,,,,,,,,,,,,,,,,,,,,,,,,,,,,,,,
,,,,,,,Appliances,Large Appliances,Refrigerators,,C7CEBBS2RS3,C7CEBBS2RS3 Cafe Auto Espresso Machine SS,,,,Appliance Dealers Cooperative (APPDE),Appliance Dealers Cooperative,,,C7CEBBS2RS3,,Appliances & Consumer Electronics>Kitchen Appliances>Refrigerators,"Appliance Dealers Cooperative, C7CEBBS2RS3 Cafe Auto Espresso Machine SS, C7CEBBS2RS3",CAFE AUTO ESPRESSO MACHINE SS,C7CEBBS2RS3 Cafe Auto Espresso Machine SS C7CEBBS2RS3,C7CEBBS2RS3 Cafe Auto Espresso Machine SS C7CEBBS2RS3. High performance industrial and commercial grade c7cebbs2rs3 cafe auto espresso machine ss designed for professional applications.,C7CEBBS2RS3 Cafe Auto Espresso Machine SS,,,,,,,,,,,,,,,,,,,,,,,,,,,,,,,,,,,,,,,,,,,,,,,,,,,,,,,,,,,,,,,,,,,,,,,,,,,,,,,,,,,,,,,,,,,,,,,,,,,,,,,,,,,,,,,,,,,,,,,,,,,,,,,,,,,,,,,,,,,,,,,,,,,,,,,,,,,,,,,,,,,,,,,,,,,,,,,,,,,,,,,,,,,,,,,,,,,,,,,,,,,,,,,,,,,,,,,,,,,,,,,,
,,,,,,,Appliances,Large Appliances,Refrigerators,,C7CEBBS4RW3,C7CEBBS4RW3 Café Auto Espresso Machine Wh,,,,Appliance Dealers Cooperative (APPDE),Appliance Dealers Cooperative,,,C7CEBBS4RW3,,Appliances & Consumer Electronics>Kitchen Appliances>Refrigerators,"Appliance Dealers Cooperative, C7CEBBS4RW3 Café Auto Espresso Machine Wh, C7CEBBS4RW3",CAFÉ AUTO ESPRESSO MACHINE WH,C7CEBBS4RW3 Café Auto Espresso Machine Wh C7CEBBS4RW3,C7CEBBS4RW3 Café Auto Espresso Machine Wh C7CEBBS4RW3. High performance industrial and commercial grade c7cebbs4rw3 café auto espresso machine wh designed for professional applications.,C7CEBBS4RW3 Café Auto Espresso Machine Wh,,,,,,,,,,,,,,,,,,,,,,,,,,,,,,,,,,,,,,,,,,,,,,,,,,,,,,,,,,,,,,,,,,,,,,,,,,,,,,,,,,,,,,,,,,,,,,,,,,,,,,,,,,,,,,,,,,,,,,,,,,,,,,,,,,,,,,,,,,,,,,,,,,,,,,,,,,,,,,,,,,,,,,,,,,,,,,,,,,,,,,,,,,,,,,,,,,,,,,,,,,,,,,,,,,,,,,,,,,,,,,,,
,,,,,,,Appliances,Large Appliances,Refrigerators,,C7CESAS2RS3,C7CESAS2RS3 Café Espresso SS,,,,Appliance Dealers Cooperative (APPDE),Appliance Dealers Cooperative,,,C7CESAS2RS3,,Appliances & Consumer Electronics>Kitchen Appliances>Refrigerators,"Appliance Dealers Cooperative, C7CESAS2RS3 Café Espresso SS, C7CESAS2RS3",CAFÉ ESPRESSO SS,C7CESAS2RS3 Café Espresso SS C7CESAS2RS3,C7CESAS2RS3 Café Espresso SS C7CESAS2RS3. High performance industrial and commercial grade c7cesas2rs3 café espresso ss designed for professional applications.,C7CESAS2RS3 Café Espresso SS,,,,,,,,,,,,,,,,,,,,,,,,,,,,,,,,,,,,,,,,,,,,,,,,,,,,,,,,,,,,,,,,,,,,,,,,,,,,,,,,,,,,,,,,,,,,,,,,,,,,,,,,,,,,,,,,,,,,,,,,,,,,,,,,,,,,,,,,,,,,,,,,,,,,,,,,,,,,,,,,,,,,,,,,,,,,,,,,,,,,,,,,,,,,,,,,,,,,,,,,,,,,,,,,,,,,,,,,,,,,,,,,
,,,,,,,Appliances,Large Appliances,Refrigerators,,C7CESAS3RD3,C7CESAS3RD3 Café Espresso Machine MB,,,,Appliance Dealers Cooperative (APPDE),Appliance Dealers Cooperative,,,C7CESAS3RD3,,Appliances & Consumer Electronics>Kitchen Appliances>Refrigerators,"Appliance Dealers Cooperative, C7CESAS3RD3 Café Espresso Machine MB, C7CESAS3RD3",CAFÉ ESPRESSO MACHINE MB,C7CESAS3RD3 Café Espresso Machine MB C7CESAS3RD3,C7CESAS3RD3 Café Espresso Machine MB C7CESAS3RD3. High performance industrial and commercial grade c7cesas3rd3 café espresso machine mb designed for professional applications.,C7CESAS3RD3 Café Espresso Machine MB,,,,,,,,,,,,,,,,,,,,,,,,,,,,,,,,,,,,,,,,,,,,,,,,,,,,,,,,,,,,,,,,,,,,,,,,,,,,,,,,,,,,,,,,,,,,,,,,,,,,,,,,,,,,,,,,,,,,,,,,,,,,,,,,,,,,,,,,,,,,,,,,,,,,,,,,,,,,,,,,,,,,,,,,,,,,,,,,,,,,,,,,,,,,,,,,,,,,,,,,,,,,,,,,,,,,,,,,,,,,,,,,
,,,,,,,Appliances,Kitchen Appliances,Microwaves,,C7CESAS4RW3,C7CESAS4RW3 Cafe Espresso Wh,,,,Appliance Dealers Cooperative (APPDE),Appliance Dealers Cooperative,,,C7CESAS4RW3,,Appliances & Consumer Electronics>Kitchen Appliances>Microwave Ovens,"Appliance Dealers Cooperative, C7CESAS4RW3 Cafe Espresso Wh, C7CESAS4RW3",CAFE ESPRESSO WH,C7CESAS4RW3 Cafe Espresso Wh C7CESAS4RW3,C7CESAS4RW3 Cafe Espresso Wh C7CESAS4RW3. High performance industrial and commercial grade c7cesas4rw3 cafe espresso wh designed for professional applications.,C7CESAS4RW3 Cafe Espresso Wh,,,,,,,,,,,,,,,,,,,,,,,,,,,,,,,,,,,,,,,,,,,,,,,,,,,,,,,,,,,,,,,,,,,,,,,,,,,,,,,,,,,,,,,,,,,,,,,,,,,,,,,,,,,,,,,,,,,,,,,,,,,,,,,,,,,,,,,,,,,,,,,,,,,,,,,,,,,,,,,,,,,,,,,,,,,,,,,,,,,,,,,,,,,,,,,,,,,,,,,,,,,,,,,,,,,,,,,,,,,,,,,,
,,,,,,,Appliances,Kitchen Appliances,Microwaves,,WOSP30100SS,WOSP30100SS Beko Wall Oven SS,,,,Appliance Dealers Cooperative (APPDE),Appliance Dealers Cooperative,,,WOSP30100SS,,Appliances & Consumer Electronics>Kitchen Appliances>Microwave Ovens,"Appliance Dealers Cooperative, Oven, WOSP30100SS",BEKO WALL OVEN SS,Oven WOSP30100SS,Oven WOSP30100SS. High performance industrial and commercial grade oven designed for professional applications.,Oven,,,,,,,,,,,,,,,,,,,,,,,,,,,Oven,,,,,,,,,,,,,,,,,,,,,,,,,,,,,,,,,,,,,,,,,,,,,,,,,,,,,,,,,,,,,,,,,,,,,,,,,,,,,,,,,,,,,,,,,,,,,,,,,,,,,,,,,,,,,,,,,,,,,,,,,,,,,,,,,,,,,,,,,,,,,,,,,,,,,,,,,,,,,,,,,,,,,,,,,,,,,,,,,,,,,,,,,,,,,,,,,,,,,
,,,,,,,Appliances,Kitchen Appliances,Microwaves,,MSER2090S,MSER2090S LG Microwave SS,,,,Appliance Dealers Cooperative (APPDE),Appliance Dealers Cooperative,,,MSER2090S,,Appliances & Consumer Electronics>Kitchen Appliances>Microwave Ovens,"Appliance Dealers Cooperative, Microwave, MSER2090S",LG MICROWAVE SS,Microwave MSER2090S,Microwave MSER2090S. High performance industrial and commercial grade microwave designed for professional applications.,Microwave,,,,,,,,,,,,,,,,,,,,,,,,,,,Microwave,,,,,,,,,,,,,,,,,,,,,,,,,,,,,,,,,,,,,,,,,,,,,,,,,,,,,,,,,,,,,,,,,,,,,,,,,,,,,,,,,,,,,,,,,,,,,,,,,,,,,,,,,,,,,,,,,,,,,,,,,,,,,,,,,,,,,,,,,,,,,,,,,,,,,,,,,,,,,,,,,,,,,,,,,,,,,,,,,,,,,,,,,,,,,,,,,,,,,
,,,,,,,Appliances,Kitchen Appliances,Microwaves,,GCST16S1WSS,GCST16S1WSS GE Microwave SS,,,,Appliance Dealers Cooperative (APPDE),Appliance Dealers Cooperative,,,GCST16S1WSS,,Appliances & Consumer Electronics>Kitchen Appliances>Microwave Ovens,"Appliance Dealers Cooperative, Microwave, GCST16S1WSS",GE MICROWAVE SS,Microwave GCST16S1WSS,Microwave GCST16S1WSS. High performance industrial and commercial grade microwave designed for professional applications.,Microwave,,,,,,,,,,,,,,,,,,,,,,,,,,,Microwave,,,,,,,,,,,,,,,,,,,,,,,,,,,,,,,,,,,,,,,,,,,,,,,,,,,,,,,,,,,,,,,,,,,,,,,,,,,,,,,,,,,,,,,,,,,,,,,,,,,,,,,,,,,,,,,,,,,,,,,,,,,,,,,,,,,,,,,,,,,,,,,,,,,,,,,,,,,,,,,,,,,,,,,,,,,,,,,,,,,,,,,,,,,,,,,,,,,,,
,,,,,,,Appliances,Kitchen Appliances,Microwaves,,PCWK15C1WSS,PCWK15C1WSS GE Microwave,,,,Appliance Dealers Cooperative (APPDE),Appliance Dealers Cooperative,,,PCWK15C1WSS,,Appliances & Consumer Electronics>Kitchen Appliances>Microwave Ovens,"Appliance Dealers Cooperative, Microwave, PCWK15C1WSS",GE MICROWAVE,Microwave PCWK15C1WSS,Microwave PCWK15C1WSS. High performance industrial and commercial grade microwave designed for professional applications.,Microwave,,,,,,,,,,,,,,,,,,,,,,,,,,,Microwave,,,,,,,,,,,,,,,,,,,,,,,,,,,,,,,,,,,,,,,,,,,,,,,,,,,,,,,,,,,,,,,,,,,,,,,,,,,,,,,,,,,,,,,,,,,,,,,,,,,,,,,,,,,,,,,,,,,,,,,,,,,,,,,,,,,,,,,,,,,,,,,,,,,,,,,,,,,,,,,,,,,,,,,,,,,,,,,,,,,,,,,,,,,,,,,,,,,,,
,,,,,,,Appliances,Kitchen Appliances,Microwaves,,SMC2266KS,SMC2266KS Microwave SS Display Only,,,,Appliance Dealers Cooperative (APPDE),Appliance Dealers Cooperative,,,SMC2266KS,,Appliances & Consumer Electronics>Kitchen Appliances>Microwave Ovens,"Appliance Dealers Cooperative, Microwave, SMC2266KS",MICROWAVE SS DISPLAY ONLY,Microwave SMC2266KS,Microwave SMC2266KS. High performance industrial and commercial grade microwave designed for professional applications.,Microwave,,,,,,,,,,,,,,,,,,,,,,,,,,,Microwave,,,,,,,,,,,,,,,,,,,,,,,,,,,,,,,,,,,,,,,,,,,,,,,,,,,,,,,,,,,,,,,,,,,,,,,,,,,,,,,,,,,,,,,,,,,,,,,,,,,,,,,,,,,,,,,,,,,,,,,,,,,,,,,,,,,,,,,,,,,,,,,,,,,,,,,,,,,,,,,,,,,,,,,,,,,,,,,,,,,,,,,,,,,,,,,,,,,,,
,,,,,,,Appliances,Kitchen Appliances,Microwaves,,SMD2479JS,SMD2479JS Microwave Drawer SS Display Only,,,,Appliance Dealers Cooperative (APPDE),Appliance Dealers Cooperative,,,SMD2479JS,,Appliances & Consumer Electronics>Kitchen Appliances>Microwave Ovens,"Appliance Dealers Cooperative, Microwave, SMD2479JS",MICROWAVE DRAWER SS DISPLAY ONLY,Microwave SMD2479JS,Microwave SMD2479JS. High performance industrial and commercial grade microwave designed for professional applications.,Microwave,,,,,,,,,,,,,,,,,,,,,,,,,,,Microwave,,,,,,,,,,,,,,,,,,,,,,,,,,,,,,,,,,,,,,,,,,,,,,,,,,,,,,,,,,,,,,,,,,,,,,,,,,,,,,,,,,,,,,,,,,,,,,,,,,,,,,,,,,,,,,,,,,,,,,,,,,,,,,,,,,,,,,,,,,,,,,,,,,,,,,,,,,,,,,,,,,,,,,,,,,,,,,,,,,,,,,,,,,,,,,,,,,,,,
,,,,,,,Appliances,Kitchen Appliances,Microwaves,,PEP9030DTBB,"PEP9030DTBB 30"" GE Cooktop Bk",,,,Appliance Dealers Cooperative (APPDE),Appliance Dealers Cooperative,,,PEP9030DTBB,,Appliances & Consumer Electronics>Kitchen Appliances>Microwave Ovens,"Appliance Dealers Cooperative, PEP9030DTBB 30"" GE Cooktop Bk, PEP9030DTBB","30"" GE COOKTOP BK","PEP9030DTBB 30"" GE Cooktop Bk PEP9030DTBB","PEP9030DTBB 30"" GE Cooktop Bk PEP9030DTBB. High performance industrial and commercial grade pep9030dtbb 30"" ge cooktop bk designed for professional applications.","PEP9030DTBB 30"" GE Cooktop Bk",,,,,,,,,,,,,,,,,,,,,,,,,,,,,,,,,,,,,,,,,,,,,,,,,,,,,,,,,,,,,,,,,,,,,,,,,,,,,,,,,,,,,,,,,,,,,,,,,,,,,,,,,,,,,,,,,,,,,,,,,,,,,,,,,,,,,,,,,,,,,,,,,,,,,,,,,,,,,,,,,,,,,,,,,,,,,,,,,,,,,,,,,,,,,,,,,,,,,,,,,,,,,,,,,,,,,,,,,,,,,,,,
,,,,,,,Appliances,Kitchen Appliances,Microwaves,,CES700P3MD1,"CES700P3MD1 Cafe 30"" Range Bk - Display",,,,Appliance Dealers Cooperative (APPDE),Appliance Dealers Cooperative,,,CES700P3MD1,,Appliances & Consumer Electronics>Kitchen Appliances>Microwave Ovens,"Appliance Dealers Cooperative, Range, CES700P3MD1","CAFE 30"" RANGE BK - DISPLAY",Range CES700P3MD1,Range CES700P3MD1. High performance industrial and commercial grade range designed for professional applications.,Range,,,,,,,,,,,,,,,,,,,,,,,,,,,Range,,,,,,,,,,,,,,,,,,,,,,,,,,,,,,,,,,,,,,,,,,,,,,,,,,,,,,,,,,,,,,,,,,,,,,,,,,,,,,,,,,,,,,,,,,,,,,,,,,,,,,,,,,,,,,,,,,,,,,,,,,,,,,,,,,,,,,,,,,,,,,,,,,,,,,,,,,,,,,,,,,,,,,,,,,,,,,,,,,,,,,,,,,,,,,,,,,,,,
,,,,,,,Tools & Hardware,Measuring & Layout,Levels & Lasers,,PS960YPFS,"PS960YPFS 30"" GE Electric Range SS - Display Only",,,,Appliance Dealers Cooperative (APPDE),Appliance Dealers Cooperative,,,PS960YPFS,,Tools & Hardware>Hand Tools>Measuring & Layout Tools>Laser Levels,"Appliance Dealers Cooperative, Range, PS960YPFS","30"" GE ELECTRIC RANGE SS - DISPLAY ONLY",Range PS960YPFS,Range PS960YPFS. High performance industrial and commercial grade range designed for professional applications.,Range,,,,,,,,,,,,,,,,,,,,,,,,,,,Range,,,,,,,,,,,,,,,,,,,,,,,,,,,,,,,,,,,,,,,,,,,,,,,,,,,,,,,,,,,,,,,,,,,,,,,,,,,,,,,,,,,,,,,,,,,,,,,,,,,,,,,,,,,,,,,,,,,,,,,,,,,,,,,,,,,,,,,,,,,,,,,,,,,,,,,,,,,,,,,,,,,,,,,,,,,,,,,,,,,,,,,,,,,,,,,,,,,,,
,,,,,,,Tools & Hardware,Measuring & Layout,Levels & Lasers,,PB900YVFS,"PB900YVFS Elect 30"" Range SS",,,,Appliance Dealers Cooperative (APPDE),Appliance Dealers Cooperative,,,PB900YVFS,,Tools & Hardware>Hand Tools>Measuring & Layout Tools>Laser Levels,"Appliance Dealers Cooperative, Range, PB900YVFS","ELECT 30"" RANGE SS",Range PB900YVFS,Range PB900YVFS. High performance industrial and commercial grade range designed for professional applications.,Range,,,,,,,,,,,,,,,,,,,,,,,,,,,Range,,,,,,,,,,,,,,,,,,,,,,,,,,,,,,,,,,,,,,,,,,,,,,,,,,,,,,,,,,,,,,,,,,,,,,,,,,,,,,,,,,,,,,,,,,,,,,,,,,,,,,,,,,,,,,,,,,,,,,,,,,,,,,,,,,,,,,,,,,,,,,,,,,,,,,,,,,,,,,,,,,,,,,,,,,,,,,,,,,,,,,,,,,,,,,,,,,,,,
,,,,,,,Appliances,Kitchen Appliances,Microwaves,,PCFE3080AF,"PCFE3080AF 30"" Elect Range SS - Display Only",,,,Appliance Dealers Cooperative (APPDE),Appliance Dealers Cooperative,,,PCFE3080AF,,Appliances & Consumer Electronics>Kitchen Appliances>Microwave Ovens,"Appliance Dealers Cooperative, Range, PCFE3080AF","30"" ELECT RANGE SS - DISPLAY ONLY",Range PCFE3080AF,Range PCFE3080AF. High performance industrial and commercial grade range designed for professional applications.,Range,,,,,,,,,,,,,,,,,,,,,,,,,,,Range,,,,,,,,,,,,,,,,,,,,,,,,,,,,,,,,,,,,,,,,,,,,,,,,,,,,,,,,,,,,,,,,,,,,,,,,,,,,,,,,,,,,,,,,,,,,,,,,,,,,,,,,,,,,,,,,,,,,,,,,,,,,,,,,,,,,,,,,,,,,,,,,,,,,,,,,,,,,,,,,,,,,,,,,,,,,,,,,,,,,,,,,,,,,,,,,,,,,,
,,,,,,,Tools & Hardware,Power Tools,Saws & Blades,,SLER30524SS,"SLER30524SS 30"" Elect Range SS",,,,Appliance Dealers Cooperative (APPDE),Appliance Dealers Cooperative,,,SLER30524SS,,Tools & Hardware>Power Tools>Power Saws,"Appliance Dealers Cooperative, Range, SLER30524SS","30"" ELECT RANGE SS",Range SLER30524SS,Range SLER30524SS. High performance industrial and commercial grade range designed for professional applications.,Range,,,,,,,,,,,,,,,,,,,,,,,,,,,Range,,,,,,,,,,,,,,,,,,,,,,,,,,,,,,,,,,,,,,,,,,,,,,,,,,,,,,,,,,,,,,,,,,,,,,,,,,,,,,,,,,,,,,,,,,,,,,,,,,,,,,,,,,,,,,,,,,,,,,,,,,,,,,,,,,,,,,,,,,,,,,,,,,,,,,,,,,,,,,,,,,,,,,,,,,,,,,,,,,,,,,,,,,,,,,,,,,,,,
,,,,,,,Tools & Hardware,Measuring & Layout,Levels & Lasers,,LSEL6333ZE,"LSEL6333ZE LG 30"" Elec Range BS-Display Only",,,,Appliance Dealers Cooperative (APPDE),Appliance Dealers Cooperative,,,LSEL6333ZE,,Tools & Hardware>Hand Tools>Measuring & Layout Tools>Laser Levels,"Appliance Dealers Cooperative, Range, LSEL6333ZE","LG 30"" ELEC RANGE BS-DISPLAY ONLY",Range LSEL6333ZE,Range LSEL6333ZE. High performance industrial and commercial grade range designed for professional applications.,Range,,,,,,,,,,,,,,,,,,,,,,,,,,,Range,,,,,,,,,,,,,,,,,,,,,,,,,,,,,,,,,,,,,,,,,,,,,,,,,,,,,,,,,,,,,,,,,,,,,,,,,,,,,,,,,,,,,,,,,,,,,,,,,,,,,,,,,,,,,,,,,,,,,,,,,,,,,,,,,,,,,,,,,,,,,,,,,,,,,,,,,,,,,,,,,,,,,,,,,,,,,,,,,,,,,,,,,,,,,,,,,,,,,
,,,,,,,Tools & Hardware,Measuring & Layout,Levels & Lasers,,KSES530SBE,"KSES530SBE 30"" Elect Range BO Display Only",,,,Appliance Dealers Cooperative (APPDE),Appliance Dealers Cooperative,,,KSES530SBE,,Tools & Hardware>Hand Tools>Measuring & Layout Tools>Laser Levels,"Appliance Dealers Cooperative, Range, KSES530SBE","30"" ELECT RANGE BO DISPLAY ONLY",Range KSES530SBE,Range KSES530SBE. High performance industrial and commercial grade range designed for professional applications.,Range,,,,,,,,,,,,,,,,,,,,,,,,,,,Range,,,,,,,,,,,,,,,,,,,,,,,,,,,,,,,,,,,,,,,,,,,,,,,,,,,,,,,,,,,,,,,,,,,,,,,,,,,,,,,,,,,,,,,,,,,,,,,,,,,,,,,,,,,,,,,,,,,,,,,,,,,,,,,,,,,,,,,,,,,,,,,,,,,,,,,,,,,,,,,,,,,,,,,,,,,,,,,,,,,,,,,,,,,,,,,,,,,,,
,,,,,,,Tools & Hardware,Measuring & Layout,Levels & Lasers,,GCFG3661AF,"GCFG3661AF 36"" Frigidaire Gas Range SS",,,,Appliance Dealers Cooperative (APPDE),Appliance Dealers Cooperative,,,GCFG3661AF,,Tools & Hardware>Hand Tools>Measuring & Layout Tools>Laser Levels,"Appliance Dealers Cooperative, Range, GCFG3661AF","36"" FRIGIDAIRE GAS RANGE SS",Range GCFG3661AF,Range GCFG3661AF. High performance industrial and commercial grade range designed for professional applications.,Range,,,,,,,,,,,,,,,,,,,,,,,,,,,Range,,,,,,,,,,,,,,,,,,,,,,,,,,,,,,,,,,,,,,,,,,,,,,,,,,,,,,,,,,,,,,,,,,,,,,,,,,,,,,,,,,,,,,,,,,,,,,,,,,,,,,,,,,,,,,,,,,,,,,,,,,,,,,,,,,,,,,,,,,,,,,,,,,,,,,,,,,,,,,,,,,,,,,,,,,,,,,,,,,,,,,,,,,,,,,,,,,,,,
,,,,,,,Tools & Hardware,Measuring & Layout,Levels & Lasers,,WSGS7530RZ,"WSGS7530RZ 30"" Gas Range SS - Display Only",,,,Appliance Dealers Cooperative (APPDE),Appliance Dealers Cooperative,,,WSGS7530RZ,,Tools & Hardware>Hand Tools>Measuring & Layout Tools>Laser Levels,"Appliance Dealers Cooperative, Range, WSGS7530RZ","30"" GAS RANGE SS - DISPLAY ONLY",Range WSGS7530RZ,Range WSGS7530RZ. High performance industrial and commercial grade range designed for professional applications.,Range,,,,,,,,,,,,,,,,,,,,,,,,,,,Range,,,,,,,,,,,,,,,,,,,,,,,,,,,,,,,,,,,,,,,,,,,,,,,,,,,,,,,,,,,,,,,,,,,,,,,,,,,,,,,,,,,,,,,,,,,,,,,,,,,,,,,,,,,,,,,,,,,,,,,,,,,,,,,,,,,,,,,,,,,,,,,,,,,,,,,,,,,,,,,,,,,,,,,,,,,,,,,,,,,,,,,,,,,,,,,,,,,,,
,,,,,,,Appliances,Kitchen Appliances,Microwaves,,CHP90301TBB,CHP90301TBB Café Cooktop Bk,,,,Appliance Dealers Cooperative (APPDE),Appliance Dealers Cooperative,,,CHP90301TBB,,Appliances & Consumer Electronics>Kitchen Appliances>Microwave Ovens,"Appliance Dealers Cooperative, CHP90301TBB Café Cooktop Bk, CHP90301TBB",CAFÉ COOKTOP BK,CHP90301TBB Café Cooktop Bk CHP90301TBB,CHP90301TBB Café Cooktop Bk CHP90301TBB. High performance industrial and commercial grade chp90301tbb café cooktop bk designed for professional applications.,CHP90301TBB Café Cooktop Bk,,,,,,,,,,,,,,,,,,,,,,,,,,,,,,,,,,,,,,,,,,,,,,,,,,,,,,,,,,,,,,,,,,,,,,,,,,,,,,,,,,,,,,,,,,,,,,,,,,,,,,,,,,,,,,,,,,,,,,,,,,,,,,,,,,,,,,,,,,,,,,,,,,,,,,,,,,,,,,,,,,,,,,,,,,,,,,,,,,,,,,,,,,,,,,,,,,,,,,,,,,,,,,,,,,,,,,,,,,,,,,,,
,,,,,,,Appliances,Kitchen Appliances,Microwaves,,CVM517P3RD1,CVM517P3RD1 Cafe Microwave Bk - Display,,,,Appliance Dealers Cooperative (APPDE),Appliance Dealers Cooperative,,,CVM517P3RD1,,Appliances & Consumer Electronics>Kitchen Appliances>Microwave Ovens,"Appliance Dealers Cooperative, Microwave, CVM517P3RD1",CAFE MICROWAVE BK - DISPLAY,Microwave CVM517P3RD1,Microwave CVM517P3RD1. High performance industrial and commercial grade microwave designed for professional applications.,Microwave,,,,,,,,,,,,,,,,,,,,,,,,,,,Microwave,,,,,,,,,,,,,,,,,,,,,,,,,,,,,,,,,,,,,,,,,,,,,,,,,,,,,,,,,,,,,,,,,,,,,,,,,,,,,,,,,,,,,,,,,,,,,,,,,,,,,,,,,,,,,,,,,,,,,,,,,,,,,,,,,,,,,,,,,,,,,,,,,,,,,,,,,,,,,,,,,,,,,,,,,,,,,,,,,,,,,,,,,,,,,,,,,,,,,
,,,,,,,Appliances,Kitchen Appliances,Microwaves,,PMOS1980AF,PMOS1980AF OTR Microwave SS - Display Only,,,,Appliance Dealers Cooperative (APPDE),Appliance Dealers Cooperative,,,PMOS1980AF,,Appliances & Consumer Electronics>Kitchen Appliances>Microwave Ovens,"Appliance Dealers Cooperative, Microwave, PMOS1980AF",OTR MICROWAVE SS - DISPLAY ONLY,Microwave PMOS1980AF,Microwave PMOS1980AF. High performance industrial and commercial grade microwave designed for professional applications.,Microwave,,,,,,,,,,,,,,,,,,,,,,,,,,,Microwave,,,,,,,,,,,,,,,,,,,,,,,,,,,,,,,,,,,,,,,,,,,,,,,,,,,,,,,,,,,,,,,,,,,,,,,,,,,,,,,,,,,,,,,,,,,,,,,,,,,,,,,,,,,,,,,,,,,,,,,,,,,,,,,,,,,,,,,,,,,,,,,,,,,,,,,,,,,,,,,,,,,,,,,,,,,,,,,,,,,,,,,,,,,,,,,,,,,,,
,,,,,,,Appliances,Kitchen Appliances,Microwaves,,WMMS3330RZ,WMMS3330RZ OTR Mocrowave SS - Display Only,,,,Appliance Dealers Cooperative (APPDE),Appliance Dealers Cooperative,,,WMMS3330RZ,,Appliances & Consumer Electronics>Kitchen Appliances>Microwave Ovens,"Appliance Dealers Cooperative, WMMS3330RZ OTR Mocrowave SS - Display Only, WMMS3330RZ",OTR MOCROWAVE SS - DISPLAY ONLY,WMMS3330RZ OTR Mocrowave SS - Display Only WMMS3330RZ,WMMS3330RZ OTR Mocrowave SS - Display Only WMMS3330RZ. High performance industrial and commercial grade wmms3330rz otr mocrowave ss - display only designed for professional applications.,WMMS3330RZ OTR Mocrowave SS - Display Only,,,,,,,,,,,,,,,,,,,,,,,,,,,,,,,,,,,,,,,,,,,,,,,,,,,,,,,,,,,,,,,,,,,,,,,,,,,,,,,,,,,,,,,,,,,,,,,,,,,,,,,,,,,,,,,,,,,,,,,,,,,,,,,,,,,,,,,,,,,,,,,,,,,,,,,,,,,,,,,,,,,,,,,,,,,,,,,,,,,,,,,,,,,,,,,,,,,,,,,,,,,,,,,,,,,,,,,,,,,,,,,,
,,,,,,,Appliances,Kitchen Appliances,Microwaves,,KMMF530PBE,KMMF530PBE OTR Microwave BO Display Only,,,,Appliance Dealers Cooperative (APPDE),Appliance Dealers Cooperative,,,KMMF530PBE,,Appliances & Consumer Electronics>Kitchen Appliances>Microwave Ovens,"Appliance Dealers Cooperative, Microwave, KMMF530PBE",OTR MICROWAVE BO DISPLAY ONLY,Microwave KMMF530PBE,Microwave KMMF530PBE. High performance industrial and commercial grade microwave designed for professional applications.,Microwave,,,,,,,,,,,,,,,,,,,,,,,,,,,Microwave,,,,,,,,,,,,,,,,,,,,,,,,,,,,,,,,,,,,,,,,,,,,,,,,,,,,,,,,,,,,,,,,,,,,,,,,,,,,,,,,,,,,,,,,,,,,,,,,,,,,,,,,,,,,,,,,,,,,,,,,,,,,,,,,,,,,,,,,,,,,,,,,,,,,,,,,,,,,,,,,,,,,,,,,,,,,,,,,,,,,,,,,,,,,,,,,,,,,,
,,,,,,,Appliances,Kitchen Appliances,Microwaves,,JXGRILL1,JXGRILL1 GE Range Grill,,,,Appliance Dealers Cooperative (APPDE),Appliance Dealers Cooperative,,,JXGRILL1,,Appliances & Consumer Electronics>Kitchen Appliances>Microwave Ovens,"Appliance Dealers Cooperative, Range, JXGRILL1",GE RANGE GRILL,Range JXGRILL1,Range JXGRILL1. High performance industrial and commercial grade range designed for professional applications.,Range,,,,,,,,,,,,,,,,,,,,,,,,,,,Range,,,,,,,,,,,,,,,,,,,,,,,,,,,,,,,,,,,,,,,,,,,,,,,,,,,,,,,,,,,,,,,,,,,,,,,,,,,,,,,,,,,,,,,,,,,,,,,,,,,,,,,,,,,,,,,,,,,,,,,,,,,,,,,,,,,,,,,,,,,,,,,,,,,,,,,,,,,,,,,,,,,,,,,,,,,,,,,,,,,,,,,,,,,,,,,,,,,,,
,,,,,,,Appliances,Large Appliances,Refrigerators,,C9TMA2S3PD3,C9TMA2S3PD3 Café Toaster MB,,,,Appliance Dealers Cooperative (APPDE),Appliance Dealers Cooperative,,,C9TMA2S3PD3,,Appliances & Consumer Electronics>Kitchen Appliances>Refrigerators,"Appliance Dealers Cooperative, C9TMA2S3PD3 Café Toaster MB, C9TMA2S3PD3",CAFÉ TOASTER MB,C9TMA2S3PD3 Café Toaster MB C9TMA2S3PD3,C9TMA2S3PD3 Café Toaster MB C9TMA2S3PD3. High performance industrial and commercial grade c9tma2s3pd3 café toaster mb designed for professional applications.,C9TMA2S3PD3 Café Toaster MB,,,,,,,,,,,,,,,,,,,,,,,,,,,,,,,,,,,,,,,,,,,,,,,,,,,,,,,,,,,,,,,,,,,,,,,,,,,,,,,,,,,,,,,,,,,,,,,,,,,,,,,,,,,,,,,,,,,,,,,,,,,,,,,,,,,,,,,,,,,,,,,,,,,,,,,,,,,,,,,,,,,,,,,,,,,,,,,,,,,,,,,,,,,,,,,,,,,,,,,,,,,,,,,,,,,,,,,,,,,,,,,,
,,,,,,,Appliances,Kitchen Appliances,Microwaves,,C9TMA2S4PW3,C9TMA2S4PW3 Café Toaster MW,,,,Appliance Dealers Cooperative (APPDE),Appliance Dealers Cooperative,,,C9TMA2S4PW3,,Appliances & Consumer Electronics>Kitchen Appliances>Microwave Ovens,"Appliance Dealers Cooperative, C9TMA2S4PW3 Café Toaster MW, C9TMA2S4PW3",CAFÉ TOASTER MW,C9TMA2S4PW3 Café Toaster MW C9TMA2S4PW3,C9TMA2S4PW3 Café Toaster MW C9TMA2S4PW3. High performance industrial and commercial grade c9tma2s4pw3 café toaster mw designed for professional applications.,C9TMA2S4PW3 Café Toaster MW,,,,,,,,,,,,,,,,,,,,,,,,,,,,,,,,,,,,,,,,,,,,,,,,,,,,,,,,,,,,,,,,,,,,,,,,,,,,,,,,,,,,,,,,,,,,,,,,,,,,,,,,,,,,,,,,,,,,,,,,,,,,,,,,,,,,,,,,,,,,,,,,,,,,,,,,,,,,,,,,,,,,,,,,,,,,,,,,,,,,,,,,,,,,,,,,,,,,,,,,,,,,,,,,,,,,,,,,,,,,,,,,
,,,,,,,Appliances,Kitchen Appliances,Microwaves,,C90AAAS2RS3,C90AAAS2RS3 Cafe Toast Oven SS,,,,Appliance Dealers Cooperative (APPDE),Appliance Dealers Cooperative,,,C90AAAS2RS3,,Appliances & Consumer Electronics>Kitchen Appliances>Microwave Ovens,"Appliance Dealers Cooperative, Oven, C90AAAS2RS3",CAFE TOAST OVEN SS,Oven C90AAAS2RS3,Oven C90AAAS2RS3. High performance industrial and commercial grade oven designed for professional applications.,Oven,,,,,,,,,,,,,,,,,,,,,,,,,,,Oven,,,,,,,,,,,,,,,,,,,,,,,,,,,,,,,,,,,,,,,,,,,,,,,,,,,,,,,,,,,,,,,,,,,,,,,,,,,,,,,,,,,,,,,,,,,,,,,,,,,,,,,,,,,,,,,,,,,,,,,,,,,,,,,,,,,,,,,,,,,,,,,,,,,,,,,,,,,,,,,,,,,,,,,,,,,,,,,,,,,,,,,,,,,,,,,,,,,,,
,,,,,,,Appliances,Kitchen Appliances,Microwaves,,C9TMA2SP2PS3,C9TMA2S2PS3 Cafe Toaster SS,,,,Appliance Dealers Cooperative (APPDE),Appliance Dealers Cooperative,,,C9TMA2SP2PS3,,Appliances & Consumer Electronics>Kitchen Appliances>Microwave Ovens,"Appliance Dealers Cooperative, C9TMA2S2PS3 Cafe Toaster SS, C9TMA2SP2PS3",CAFE TOASTER SS,C9TMA2S2PS3 Cafe Toaster SS C9TMA2SP2PS3,C9TMA2S2PS3 Cafe Toaster SS C9TMA2SP2PS3. High performance industrial and commercial grade c9tma2s2ps3 cafe toaster ss designed for professional applications.,C9TMA2S2PS3 Cafe Toaster SS,,,,,,,,,,,,,,,,,,,,,,,,,,,,,,,,,,,,,,,,,,,,,,,,,,,,,,,,,,,,,,,,,,,,,,,,,,,,,,,,,,,,,,,,,,,,,,,,,,,,,,,,,,,,,,,,,,,,,,,,,,,,,,,,,,,,,,,,,,,,,,,,,,,,,,,,,,,,,,,,,,,,,,,,,,,,,,,,,,,,,,,,,,,,,,,,,,,,,,,,,,,,,,,,,,,,,,,,,,,,,,,,
,,,,,,,Appliances,Large Appliances,Refrigerators,,GDE21EMKES,GDE21EMKES GE 21CF Fridge SL Display Only,,,,Appliance Dealers Cooperative (APPDE),Appliance Dealers Cooperative,,,GDE21EMKES,,Appliances & Consumer Electronics>Kitchen Appliances>Refrigerators,"Appliance Dealers Cooperative, GDE21EMKES GE 21CF Fridge SL Display Only, GDE21EMKES",GE 21CF FRIDGE SL DISPLAY ONLY,GDE21EMKES GE 21CF Fridge SL Display Only GDE21EMKES,GDE21EMKES GE 21CF Fridge SL Display Only GDE21EMKES. High performance industrial and commercial grade gde21emkes ge 21cf fridge sl display only designed for professional applications.,GDE21EMKES GE 21CF Fridge SL Display Only,,,,,,,,,,,,,,,,,,,,,,,,,,,,,,,,,,,,,,,,,,,,,,,,,,,,,,,,,,,,,,,,,,,,,,,,,,,,,,,,,,,,,,,,,,,,,,,,,,,,,,,,,,,,,,,,,,,,,,,,,,,,,,,,,,,,,,,,,,,,,,,,,,,,,,,,,,,,,,,,,,,,,,,,,,,,,,,,,,,,,,,,,,,,,,,,,,,,,,,,,,,,,,,,,,,,,,,,,,,,,,,,
,,,,,,,Appliances,Large Appliances,Refrigerators,,FCM16SLWW,FCM16SLWW 16CF GE Freezer Chest MH,,,,Appliance Dealers Cooperative (APPDE),Appliance Dealers Cooperative,,,FCM16SLWW,,Appliances & Consumer Electronics>Kitchen Appliances>Refrigerators,"Appliance Dealers Cooperative, FCM16SLWW 16CF GE Freezer Chest MH, FCM16SLWW",16CF GE FREEZER CHEST MH,FCM16SLWW 16CF GE Freezer Chest MH FCM16SLWW,FCM16SLWW 16CF GE Freezer Chest MH FCM16SLWW. High performance industrial and commercial grade fcm16slww 16cf ge freezer chest mh designed for professional applications.,FCM16SLWW 16CF GE Freezer Chest MH,,,,,,,,,,,,,,,,,,,,,,,,,,,,,,,,,,,,,,,,,,,,,,,,,,,,,,,,,,,,,,,,,,,,,,,,,,,,,,,,,,,,,,,,,,,,,,,,,,,,,,,,,,,,,,,,,,,,,,,,,,,,,,,,,,,,,,,,,,,,,,,,,,,,,,,,,,,,,,,,,,,,,,,,,,,,,,,,,,,,,,,,,,,,,,,,,,,,,,,,,,,,,,,,,,,,,,,,,,,,,,,,
,,,,,,,Appliances,Large Appliances,Refrigerators,,GNE27JYMFS,GNE27JYMFS GE Fridge SS,,,,Appliance Dealers Cooperative (APPDE),Appliance Dealers Cooperative,,,GNE27JYMFS,,Appliances & Consumer Electronics>Kitchen Appliances>Refrigerators,"Appliance Dealers Cooperative, GNE27JYMFS GE Fridge SS, GNE27JYMFS",GE FRIDGE SS,GNE27JYMFS GE Fridge SS GNE27JYMFS,GNE27JYMFS GE Fridge SS GNE27JYMFS. High performance industrial and commercial grade gne27jymfs ge fridge ss designed for professional applications.,GNE27JYMFS GE Fridge SS,,,,,,,,,,,,,,,,,,,,,,,,,,,,,,,,,,,,,,,,,,,,,,,,,,,,,,,,,,,,,,,,,,,,,,,,,,,,,,,,,,,,,,,,,,,,,,,,,,,,,,,,,,,,,,,,,,,,,,,,,,,,,,,,,,,,,,,,,,,,,,,,,,,,,,,,,,,,,,,,,,,,,,,,,,,,,,,,,,,,,,,,,,,,,,,,,,,,,,,,,,,,,,,,,,,,,,,,,,,,,,,,
,,,,,,,Appliances,Large Appliances,Refrigerators,,CVE28DP3ND1,CVE28DP3ND1 Cafe Fridge Bk,,,,Appliance Dealers Cooperative (APPDE),Appliance Dealers Cooperative,,,CVE28DP3ND1,,Appliances & Consumer Electronics>Kitchen Appliances>Refrigerators,"Appliance Dealers Cooperative, CVE28DP3ND1 Cafe Fridge Bk, CVE28DP3ND1",CAFE FRIDGE BK,CVE28DP3ND1 Cafe Fridge Bk CVE28DP3ND1,CVE28DP3ND1 Cafe Fridge Bk CVE28DP3ND1. High performance industrial and commercial grade cve28dp3nd1 cafe fridge bk designed for professional applications.,CVE28DP3ND1 Cafe Fridge Bk,,,,,,,,,,,,,,,,,,,,,,,,,,,,,,,,,,,,,,,,,,,,,,,,,,,,,,,,,,,,,,,,,,,,,,,,,,,,,,,,,,,,,,,,,,,,,,,,,,,,,,,,,,,,,,,,,,,,,,,,,,,,,,,,,,,,,,,,,,,,,,,,,,,,,,,,,,,,,,,,,,,,,,,,,,,,,,,,,,,,,,,,,,,,,,,,,,,,,,,,,,,,,,,,,,,,,,,,,,,,,,,,
,,,,,,,Appliances,Large Appliances,Refrigerators,,GNE25JMKES,GNE25JMKES GE Fridge Slate - Display,,,,Appliance Dealers Cooperative (APPDE),Appliance Dealers Cooperative,,,GNE25JMKES,,Appliances & Consumer Electronics>Kitchen Appliances>Refrigerators,"Appliance Dealers Cooperative, GNE25JMKES GE Fridge Slate - Display, GNE25JMKES",GE FRIDGE SLATE - DISPLAY,GNE25JMKES GE Fridge Slate - Display GNE25JMKES,GNE25JMKES GE Fridge Slate - Display GNE25JMKES. High performance industrial and commercial grade gne25jmkes ge fridge slate - display designed for professional applications.,GNE25JMKES GE Fridge Slate - Display,,,,,,,,,,,,,,,,,,,,,,,,,,,,,,,,,,,,,,,,,,,,,,,,,,,,,,,,,,,,,,,,,,,,,,,,,,,,,,,,,,,,,,,,,,,,,,,,,,,,,,,,,,,,,,,,,,,,,,,,,,,,,,,,,,,,,,,,,,,,,,,,,,,,,,,,,,,,,,,,,,,,,,,,,,,,,,,,,,,,,,,,,,,,,,,,,,,,,,,,,,,,,,,,,,,,,,,,,,,,,,,,
,,,,,,,Appliances,Large Appliances,Refrigerators,,PRFS2883AF,"PRFS2883AF 36"" Fridge SS - Display Only",,,,Appliance Dealers Cooperative (APPDE),Appliance Dealers Cooperative,,,PRFS2883AF,,Appliances & Consumer Electronics>Kitchen Appliances>Refrigerators,"Appliance Dealers Cooperative, PRFS2883AF 36"" Fridge SS - Display Only, PRFS2883AF","36"" FRIDGE SS - DISPLAY ONLY","PRFS2883AF 36"" Fridge SS - Display Only PRFS2883AF","PRFS2883AF 36"" Fridge SS - Display Only PRFS2883AF. High performance industrial and commercial grade prfs2883af 36"" fridge ss - display only designed for professional applications.","PRFS2883AF 36"" Fridge SS - Display Only",,,,,,,,,,,,,,,,,,,,,,,,,,,,,,,,,,,,,,,,,,,,,,,,,,,,,,,,,,,,,,,,,,,,,,,,,,,,,,,,,,,,,,,,,,,,,,,,,,,,,,,,,,,,,,,,,,,,,,,,,,,,,,,,,,,,,,,,,,,,,,,,,,,,,,,,,,,,,,,,,,,,,,,,,,,,,,,,,,,,,,,,,,,,,,,,,,,,,,,,,,,,,,,,,,,,,,,,,,,,,,,,
,,,,,,,Appliances,Large Appliances,Refrigerators,,PAD28BYTFS,PAD28BYTFS GE Fridge SS,,,,Appliance Dealers Cooperative (APPDE),Appliance Dealers Cooperative,,,PAD28BYTFS,,Appliances & Consumer Electronics>Kitchen Appliances>Refrigerators,"Appliance Dealers Cooperative, PAD28BYTFS GE Fridge SS, PAD28BYTFS",GE FRIDGE SS,PAD28BYTFS GE Fridge SS PAD28BYTFS,PAD28BYTFS GE Fridge SS PAD28BYTFS. High performance industrial and commercial grade pad28bytfs ge fridge ss designed for professional applications.,PAD28BYTFS GE Fridge SS,,,,,,,,,,,,,,,,,,,,,,,,,,,,,,,,,,,,,,,,,,,,,,,,,,,,,,,,,,,,,,,,,,,,,,,,,,,,,,,,,,,,,,,,,,,,,,,,,,,,,,,,,,,,,,,,,,,,,,,,,,,,,,,,,,,,,,,,,,,,,,,,,,,,,,,,,,,,,,,,,,,,,,,,,,,,,,,,,,,,,,,,,,,,,,,,,,,,,,,,,,,,,,,,,,,,,,,,,,,,,,,,
,,,,,,,Appliances,Large Appliances,Refrigerators,,PGE29BYTFS,PGE29BYTFS GE Fridge SS,,,,Appliance Dealers Cooperative (APPDE),Appliance Dealers Cooperative,,,PGE29BYTFS,,Appliances & Consumer Electronics>Kitchen Appliances>Refrigerators,"Appliance Dealers Cooperative, PGE29BYTFS GE Fridge SS, PGE29BYTFS",GE FRIDGE SS,PGE29BYTFS GE Fridge SS PGE29BYTFS,PGE29BYTFS GE Fridge SS PGE29BYTFS. High performance industrial and commercial grade pge29bytfs ge fridge ss designed for professional applications.,PGE29BYTFS GE Fridge SS,,,,,,,,,,,,,,,,,,,,,,,,,,,,,,,,,,,,,,,,,,,,,,,,,,,,,,,,,,,,,,,,,,,,,,,,,,,,,,,,,,,,,,,,,,,,,,,,,,,,,,,,,,,,,,,,,,,,,,,,,,,,,,,,,,,,,,,,,,,,,,,,,,,,,,,,,,,,,,,,,,,,,,,,,,,,,,,,,,,,,,,,,,,,,,,,,,,,,,,,,,,,,,,,,,,,,,,,,,,,,,,,
,,,,,,,Appliances,Large Appliances,Refrigerators,,ERFD19CGCS,ERFD19CGCS Element Fridge SS,,,,Appliance Dealers Cooperative (APPDE),Appliance Dealers Cooperative,,,ERFD19CGCS,,Appliances & Consumer Electronics>Kitchen Appliances>Refrigerators,"Appliance Dealers Cooperative, ERFD19CGCS Element Fridge SS, ERFD19CGCS",ELEMENT FRIDGE SS,ERFD19CGCS Element Fridge SS ERFD19CGCS,ERFD19CGCS Element Fridge SS ERFD19CGCS. High performance industrial and commercial grade erfd19cgcs element fridge ss designed for professional applications.,ERFD19CGCS Element Fridge SS,,,,,,,,,,,,,,,,,,,,,,,,,,,,,,,,,,,,,,,,,,,,,,,,,,,,,,,,,,,,,,,,,,,,,,,,,,,,,,,,,,,,,,,,,,,,,,,,,,,,,,,,,,,,,,,,,,,,,,,,,,,,,,,,,,,,,,,,,,,,,,,,,,,,,,,,,,,,,,,,,,,,,,,,,,,,,,,,,,,,,,,,,,,,,,,,,,,,,,,,,,,,,,,,,,,,,,,,,,,,,,,,
,,,,,,,Appliances,Large Appliances,Refrigerators,,LT18S2100W,LT18S2100W LG Fridge Wh,,,,Appliance Dealers Cooperative (APPDE),Appliance Dealers Cooperative,,,LT18S2100W,,Appliances & Consumer Electronics>Kitchen Appliances>Refrigerators,"Appliance Dealers Cooperative, LT18S2100W LG Fridge Wh, LT18S2100W",LG FRIDGE WH,LT18S2100W LG Fridge Wh LT18S2100W,LT18S2100W LG Fridge Wh LT18S2100W. High performance industrial and commercial grade lt18s2100w lg fridge wh designed for professional applications.,LT18S2100W LG Fridge Wh,,,,,,,,,,,,,,,,,,,,,,,,,,,,,,,,,,,,,,,,,,,,,,,,,,,,,,,,,,,,,,,,,,,,,,,,,,,,,,,,,,,,,,,,,,,,,,,,,,,,,,,,,,,,,,,,,,,,,,,,,,,,,,,,,,,,,,,,,,,,,,,,,,,,,,,,,,,,,,,,,,,,,,,,,,,,,,,,,,,,,,,,,,,,,,,,,,,,,,,,,,,,,,,,,,,,,,,,,,,,,,,,
,,,,,,,Appliances,Large Appliances,Refrigerators,,LT18S2100SS,LT18S2100S 18CF LG Fridge SS,,,,Appliance Dealers Cooperative (APPDE),Appliance Dealers Cooperative,,,LT18S2100SS,,Appliances & Consumer Electronics>Kitchen Appliances>Refrigerators,"Appliance Dealers Cooperative, LT18S2100S 18CF LG Fridge SS, LT18S2100SS",18CF LG FRIDGE SS,LT18S2100S 18CF LG Fridge SS LT18S2100SS,LT18S2100S 18CF LG Fridge SS LT18S2100SS. High performance industrial and commercial grade lt18s2100s 18cf lg fridge ss designed for professional applications.,LT18S2100S 18CF LG Fridge SS,,,,,,,,,,,,,,,,,,,,,,,,,,,,,,,,,,,,,,,,,,,,,,,,,,,,,,,,,,,,,,,,,,,,,,,,,,,,,,,,,,,,,,,,,,,,,,,,,,,,,,,,,,,,,,,,,,,,,,,,,,,,,,,,,,,,,,,,,,,,,,,,,,,,,,,,,,,,,,,,,,,,,,,,,,,,,,,,,,,,,,,,,,,,,,,,,,,,,,,,,,,,,,,,,,,,,,,,,,,,,,,,
,,,,,,,Appliances,Large Appliances,Refrigerators,,EUF17CDBW,EUF17CDBW Element 17CF Freezer - Upright,,,,Appliance Dealers Cooperative (APPDE),Appliance Dealers Cooperative,,,EUF17CDBW,,Appliances & Consumer Electronics>Kitchen Appliances>Refrigerators,"Appliance Dealers Cooperative, EUF17CDBW Element 17CF Freezer - Upright, EUF17CDBW",ELEMENT 17CF FREEZER - UPRIGHT,EUF17CDBW Element 17CF Freezer - Upright EUF17CDBW,EUF17CDBW Element 17CF Freezer - Upright EUF17CDBW. High performance industrial and commercial grade euf17cdbw element 17cf freezer - upright designed for professional applications.,EUF17CDBW Element 17CF Freezer - Upright,,,,,,,,,,,,,,,,,,,,,,,,,,,,,,,,,,,,,,,,,,,,,,,,,,,,,,,,,,,,,,,,,,,,,,,,,,,,,,,,,,,,,,,,,,,,,,,,,,,,,,,,,,,,,,,,,,,,,,,,,,,,,,,,,,,,,,,,,,,,,,,,,,,,,,,,,,,,,,,,,,,,,,,,,,,,,,,,,,,,,,,,,,,,,,,,,,,,,,,,,,,,,,,,,,,,,,,,,,,,,,,,
,,,,,,,Appliances,Large Appliances,Refrigerators,,EUF21CDBW,EUF21CDBW Element 21CF Freezer - Upright,,,,Appliance Dealers Cooperative (APPDE),Appliance Dealers Cooperative,,,EUF21CDBW,,Appliances & Consumer Electronics>Kitchen Appliances>Refrigerators,"Appliance Dealers Cooperative, EUF21CDBW Element 21CF Freezer - Upright, EUF21CDBW",ELEMENT 21CF FREEZER - UPRIGHT,EUF21CDBW Element 21CF Freezer - Upright EUF21CDBW,EUF21CDBW Element 21CF Freezer - Upright EUF21CDBW. High performance industrial and commercial grade euf21cdbw element 21cf freezer - upright designed for professional applications.,EUF21CDBW Element 21CF Freezer - Upright,,,,,,,,,,,,,,,,,,,,,,,,,,,,,,,,,,,,,,,,,,,,,,,,,,,,,,,,,,,,,,,,,,,,,,,,,,,,,,,,,,,,,,,,,,,,,,,,,,,,,,,,,,,,,,,,,,,,,,,,,,,,,,,,,,,,,,,,,,,,,,,,,,,,,,,,,,,,,,,,,,,,,,,,,,,,,,,,,,,,,,,,,,,,,,,,,,,,,,,,,,,,,,,,,,,,,,,,,,,,,,,,
,,,,,,,Tools & Hardware,Power Tools,Saws & Blades,,TP-1935,TP-1935 Hole Drilling System,,,,-,,,,TP-1935,,Tools & Hardware>Power Tools>Power Saws,"TP-1935 Hole Drilling System, TP-1935",HOLE DRILLING SYSTEM,TP-1935 Hole Drilling System TP-1935,TP-1935 Hole Drilling System TP-1935. High performance industrial and commercial grade tp-1935 hole drilling system designed for professional applications.,TP-1935 Hole Drilling System,,,,,,,,,,,,,,,,,,,,,,,,,,,,,,,,,,,,,,,,,,,,,,,,,,,,,,,,,,,,,,,,,,,,,,,,,,,,,,,,,,,,,,,,,,,,,,,,,,,,,,,,,,,,,,,,,,,,,,,,,,,,,,,,,,,,,,,,,,,,,,,,,,,,,,,,,,,,,,,,,,,,,,,,,,,,,,,,,,,,,,,,,,,,,,,,,,,,,,,,,,,,,,,,,,,,,,,,,,,,,,,,
,,,,,,,Electrical,Fittings & Conduit,Cord Grips & Connectors,,K527APBXR,"K527APBXR Senco .131x3"" SM BB - 500CT",,,,Senco Products Inc (4650),Senco Products Inc,,,K527APBXR,,Electrical>Conduit & Fittings>Cord Grips & Connectors,"Senco Products Inc, K527APBXR Senco .131x3"" SM BB - 500CT, K527APBXR","SENCO .131X3"" SM BB - 500CT","K527APBXR Senco .131x3"" SM BB - 500CT K527APBXR","K527APBXR Senco .131x3"" SM BB - 500CT K527APBXR. High performance industrial and commercial grade k527apbxr senco .131x3"" sm bb - 500ct designed for professional applications.","K527APBXR Senco .131x3"" SM BB - 500CT",,,,,,,,,,,,,,,,,,,,,,,,,,,,,,,,,,,,,,,,,,,,,,,,,,,,,,,,,,,,,,,,,,,,,,,,,,,,,,,,,,,,,,,,,,,,,,,,,,,,,,,,,,,,,,,,,,,,,,,,,,,,,,,,,,,,,,,,,,,,,,,,,,,,,,,,,,,,,,,,,,,,,,,,,,,,,,,,,,,,,,,,,,,,,,,,,,,,,,,,,,,,,,,,,,,,,,,,,,,,,,,,
,,,,,,,Tools & Hardware,Abrasives,Sanding Belts & Discs,,603150,"603150 2-1/2"" Finish Nail 15GA - 4M",,,,National Nail Corp (7439),National Nail Corp,,,603150,,Tools & Hardware>Abrasives & Polishing>Sanding Belts & Discs,"National Nail Corp, 603150 2-1/2"" Finish Nail 15GA - 4M, 603150","2-1/2"" FINISH NAIL 15GA - 4M","603150 2-1/2"" Finish Nail 15GA - 4M 603150","603150 2-1/2"" Finish Nail 15GA - 4M 603150. High performance industrial and commercial grade 603150 2-1/2"" finish nail 15ga - 4m designed for professional applications.","603150 2-1/2"" Finish Nail 15GA - 4M",,,,,,,,,,,,,,,,,,,,,,,,,,,,,,,,,,,,,,,,,,,,,,,,,,,,,,,,,,,,,,,,,,,,,,,,,,,,,,,,,,,,,,,,,,,,,,,,,,,,,,,,,,,,,,,,,,,,,,,,,,,,,,,,,,,,,,,,,,,,,,,,,,,,,,,,,,,,,,,,,,,,,,,,,,,,,,,,,,,,,,,,,,,,,,,,,,,,,,,,,,,,,,,,,,,,,,,,,,,,,,,,
,,,,,,,Tools & Hardware,Abrasives,Sanding Belts & Discs,,d10cnk,"D10CNK Prebena 1/2""x3/8"" - Staple",,,,Prebena (PREBE),Prebena,,,d10cnk,,Tools & Hardware>Abrasives & Polishing>Sanding Belts & Discs,"Prebena, D10CNK Prebena 1/2""x3/8"" - Staple, d10cnk","PREBENA 1/2""X3/8"" - STAPLE","D10CNK Prebena 1/2""x3/8"" - Staple d10cnk, dimension_wxh=1/2 in x 3/8 in","D10CNK Prebena 1/2""x3/8"" - Staple d10cnk, dimension_wxh=1/2 in x 3/8 in. High performance industrial and commercial grade d10cnk prebena 1/2""x3/8"" - staple designed for professional applications.","D10CNK Prebena 1/2""x3/8"" - Staple, dimension_wxh=1/2 in x 3/8 in",,,,,,,,,,,,,,,,,,,,,,,,,,,,,,,,,,,,,,,,,,,,,,,,,,,,,,,,,,,,,,,,,,,,,,,,,,,,,,,,,,,,,,,,,,,,,,,,,,,,,,,,,,,,,,,,,,,,,,,,,,,,,,,,,,,,,,,,,,,,,,,,,,,,,,,,,,,,,,,,,,,,,,,,,,,,,,,,,,,,,,,,,,,,,,,,,,,,,,,,,,,,,,,,,,,,,,,,,,,,,,,,
,,,,,,,Tools & Hardware,Abrasives,Sanding Belts & Discs,,e28cnkha,"E28CNKHA Prebena 2/4""x1 1/8"" - Staple",,,,Prebena (PREBE),Prebena,,,e28cnkha,,Tools & Hardware>Abrasives & Polishing>Sanding Belts & Discs,"Prebena, E28CNKHA Prebena 2/4""x1 1/8"" - Staple, e28cnkha","PREBENA 2/4""X1 1/8"" - STAPLE","E28CNKHA Prebena 2/4""x1 1/8"" - Staple e28cnkha","E28CNKHA Prebena 2/4""x1 1/8"" - Staple e28cnkha. High performance industrial and commercial grade e28cnkha prebena 2/4""x1 1/8"" - staple designed for professional applications.","E28CNKHA Prebena 2/4""x1 1/8"" - Staple",,,,,,,,,,,,,,,,,,,,,,,,,,,,,,,,,,,,,,,,,,,,,,,,,,,,,,,,,,,,,,,,,,,,,,,,,,,,,,,,,,,,,,,,,,,,,,,,,,,,,,,,,,,,,,,,,,,,,,,,,,,,,,,,,,,,,,,,,,,,,,,,,,,,,,,,,,,,,,,,,,,,,,,,,,,,,,,,,,,,,,,,,,,,,,,,,,,,,,,,,,,,,,,,,,,,,,,,,,,,,,,,
,,,,,,,Lighting & Ceiling Fans,Indoor Lighting,Chandeliers & Pendants,,51334,"51334 44"" Wh Gilmour Fan",,,,Hunter Fan Co (4381),Hunter Fan Co,,,51334,,Lighting & Electrical>Light Fixtures>Chandeliers & Pendants,"Hunter Fan Co, 51334 44"" Wh Gilmour Fan, 51334","44"" WH GILMOUR FAN","51334 44"" Wh Gilmour Fan 51334","51334 44"" Wh Gilmour Fan 51334. High performance industrial and commercial grade 51334 44"" wh gilmour fan designed for professional applications.","51334 44"" Wh Gilmour Fan",,,,,,,,,,,,,,,,,,,,,,,,,,,,,,,,,,,,,,,,,,,,,,,,,,,,,,,,,,,,,,,,,,,,,,,,,,,,,,,,,,,,,,,,,,,,,,,,,,,,,,,,,,,,,,,,,,,,,,,,,,,,,,,,,,,,,,,,,,,,,,,,,,,,,,,,,,,,,,,,,,,,,,,,,,,,,,,,,,,,,,,,,,,,,,,,,,,,,,,,,,,,,,,,,,,,,,,,,,,,,,,,
,,,,,,,Lighting & Ceiling Fans,Indoor Lighting,Chandeliers & Pendants,,59210,"59210 52"" BZ Sent Hunter Fan",,,Hunter,Hunter Fan Co (4381),Hunter Fan Co,Hunter,,59210,,Lighting & Electrical>Light Fixtures>Chandeliers & Pendants,"Hunter Fan Co, Hunter, 59210 52"" BZ Sent Hunter Fan, 59210","52"" BZ SENT HUNTER FAN","Hunter 59210 52"" BZ Sent Hunter Fan 59210","Hunter 59210 52"" BZ Sent Hunter Fan 59210. High performance industrial and commercial grade 59210 52"" bz sent hunter fan designed for professional applications.","Hunter 59210 52"" BZ Sent Hunter Fan",,,,,,,,,,,,,,,,,,,,,,,,,,,,,,,,,,,,,,,,,,,,,,,,,,,,,,,,,,,,,,,,,,,,,,,,,,,,,,,,,,,,,,,,,,,,,,,,,,,,,,,,,,,,,,,,,,,,,,,,,,,,,,,,,,,,,,,,,,,,,,,,,,,,,,,,,,,,,,,,,,,,,,,,,,,,,,,,,,,,,,,,,,,,,,,,,,,,,,,,,,,,,,,,,,,,,,,,,,,,,,,,
,,,,,,,Lighting & Ceiling Fans,Indoor Lighting,Chandeliers & Pendants,,52485,"52485 52"" MB Anisten Fan",,,,Hunter Fan Co (4381),Hunter Fan Co,,,52485,,Lighting & Electrical>Light Fixtures>Chandeliers & Pendants,"Hunter Fan Co, 52485 52"" MB Anisten Fan, 52485","52"" MB ANISTEN FAN","52485 52"" MB Anisten Fan 52485","52485 52"" MB Anisten Fan 52485. High performance industrial and commercial grade 52485 52"" mb anisten fan designed for professional applications.","52485 52"" MB Anisten Fan",,,,,,,,,,,,,,,,,,,,,,,,,,,,,,,,,,,,,,,,,,,,,,,,,,,,,,,,,,,,,,,,,,,,,,,,,,,,,,,,,,,,,,,,,,,,,,,,,,,,,,,,,,,,,,,,,,,,,,,,,,,,,,,,,,,,,,,,,,,,,,,,,,,,,,,,,,,,,,,,,,,,,,,,,,,,,,,,,,,,,,,,,,,,,,,,,,,,,,,,,,,,,,,,,,,,,,,,,,,,,,,,
,,,,,,,Lighting & Ceiling Fans,Indoor Lighting,Chandeliers & Pendants,,52486,"52486 44"" MB Anisten Fan",,,,Hunter Fan Co (4381),Hunter Fan Co,,,52486,,Lighting & Electrical>Light Fixtures>Chandeliers & Pendants,"Hunter Fan Co, 52486 44"" MB Anisten Fan, 52486","44"" MB ANISTEN FAN","52486 44"" MB Anisten Fan 52486","52486 44"" MB Anisten Fan 52486. High performance industrial and commercial grade 52486 44"" mb anisten fan designed for professional applications.","52486 44"" MB Anisten Fan",,,,,,,,,,,,,,,,,,,,,,,,,,,,,,,,,,,,,,,,,,,,,,,,,,,,,,,,,,,,,,,,,,,,,,,,,,,,,,,,,,,,,,,,,,,,,,,,,,,,,,,,,,,,,,,,,,,,,,,,,,,,,,,,,,,,,,,,,,,,,,,,,,,,,,,,,,,,,,,,,,,,,,,,,,,,,,,,,,,,,,,,,,,,,,,,,,,,,,,,,,,,,,,,,,,,,,,,,,,,,,,,
,,,,,,,Lighting & Ceiling Fans,Indoor Lighting,Chandeliers & Pendants,,52487,"52487 52"" WH Anisten Fan",,,,Hunter Fan Co (4381),Hunter Fan Co,,,52487,,Lighting & Electrical>Light Fixtures>Chandeliers & Pendants,"Hunter Fan Co, 52487 52"" WH Anisten Fan, 52487","52"" WH ANISTEN FAN","52487 52"" WH Anisten Fan 52487","52487 52"" WH Anisten Fan 52487. High performance industrial and commercial grade 52487 52"" wh anisten fan designed for professional applications.","52487 52"" WH Anisten Fan",,,,,,,,,,,,,,,,,,,,,,,,,,,,,,,,,,,,,,,,,,,,,,,,,,,,,,,,,,,,,,,,,,,,,,,,,,,,,,,,,,,,,,,,,,,,,,,,,,,,,,,,,,,,,,,,,,,,,,,,,,,,,,,,,,,,,,,,,,,,,,,,,,,,,,,,,,,,,,,,,,,,,,,,,,,,,,,,,,,,,,,,,,,,,,,,,,,,,,,,,,,,,,,,,,,,,,,,,,,,,,,,
,,,,,,,Lighting & Ceiling Fans,Indoor Lighting,Chandeliers & Pendants,,52488,"52488 44"" WH Anisten Fan",,,,Hunter Fan Co (4381),Hunter Fan Co,,,52488,,Lighting & Electrical>Light Fixtures>Chandeliers & Pendants,"Hunter Fan Co, 52488 44"" WH Anisten Fan, 52488","44"" WH ANISTEN FAN","52488 44"" WH Anisten Fan 52488","52488 44"" WH Anisten Fan 52488. High performance industrial and commercial grade 52488 44"" wh anisten fan designed for professional applications.","52488 44"" WH Anisten Fan",,,,,,,,,,,,,,,,,,,,,,,,,,,,,,,,,,,,,,,,,,,,,,,,,,,,,,,,,,,,,,,,,,,,,,,,,,,,,,,,,,,,,,,,,,,,,,,,,,,,,,,,,,,,,,,,,,,,,,,,,,,,,,,,,,,,,,,,,,,,,,,,,,,,,,,,,,,,,,,,,,,,,,,,,,,,,,,,,,,,,,,,,,,,,,,,,,,,,,,,,,,,,,,,,,,,,,,,,,,,,,,,
,,,,,,,Lighting & Ceiling Fans,Indoor Lighting,Chandeliers & Pendants,,52655,"52655 52"" MB Xidane Hunter Fan",,,,Hunter Fan Co (4381),Hunter Fan Co,,,52655,,Lighting & Electrical>Light Fixtures>Chandeliers & Pendants,"Hunter Fan Co, 52655 52"" MB Xidane Hunter Fan, 52655","52"" MB XIDANE HUNTER FAN","52655 52"" MB Xidane Hunter Fan 52655","52655 52"" MB Xidane Hunter Fan 52655. High performance industrial and commercial grade 52655 52"" mb xidane hunter fan designed for professional applications.","52655 52"" MB Xidane Hunter Fan",,,,,,,,,,,,,,,,,,,,,,,,,,,,,,,,,,,,,,,,,,,,,,,,,,,,,,,,,,,,,,,,,,,,,,,,,,,,,,,,,,,,,,,,,,,,,,,,,,,,,,,,,,,,,,,,,,,,,,,,,,,,,,,,,,,,,,,,,,,,,,,,,,,,,,,,,,,,,,,,,,,,,,,,,,,,,,,,,,,,,,,,,,,,,,,,,,,,,,,,,,,,,,,,,,,,,,,,,,,,,,,,
,,,,,,,Lighting & Ceiling Fans,Indoor Lighting,Chandeliers & Pendants,,59261,"59261 52"" PB Cassius Fan",,,,Hunter Fan Co (4381),Hunter Fan Co,,,59261,,Lighting & Electrical>Light Fixtures>Chandeliers & Pendants,"Hunter Fan Co, 59261 52"" PB Cassius Fan, 59261","52"" PB CASSIUS FAN","59261 52"" PB Cassius Fan 59261","59261 52"" PB Cassius Fan 59261. High performance industrial and commercial grade 59261 52"" pb cassius fan designed for professional applications.","59261 52"" PB Cassius Fan",,,,,,,,,,,,,,,,,,,,,,,,,,,,,,,,,,,,,,,,,,,,,,,,,,,,,,,,,,,,,,,,,,,,,,,,,,,,,,,,,,,,,,,,,,,,,,,,,,,,,,,,,,,,,,,,,,,,,,,,,,,,,,,,,,,,,,,,,,,,,,,,,,,,,,,,,,,,,,,,,,,,,,,,,,,,,,,,,,,,,,,,,,,,,,,,,,,,,,,,,,,,,,,,,,,,,,,,,,,,,,,,
,,,,,,,Lighting & Ceiling Fans,Indoor Lighting,Chandeliers & Pendants,,51731,"51731 52"" MB Jetty Hunter Fan",,,,Hunter Fan Co (4381),Hunter Fan Co,,,51731,,Lighting & Electrical>Light Fixtures>Chandeliers & Pendants,"Hunter Fan Co, 51731 52"" MB Jetty Hunter Fan, 51731","52"" MB JETTY HUNTER FAN","51731 52"" MB Jetty Hunter Fan 51731","51731 52"" MB Jetty Hunter Fan 51731. High performance industrial and commercial grade 51731 52"" mb jetty hunter fan designed for professional applications.","51731 52"" MB Jetty Hunter Fan",,,,,,,,,,,,,,,,,,,,,,,,,,,,,,,,,,,,,,,,,,,,,,,,,,,,,,,,,,,,,,,,,,,,,,,,,,,,,,,,,,,,,,,,,,,,,,,,,,,,,,,,,,,,,,,,,,,,,,,,,,,,,,,,,,,,,,,,,,,,,,,,,,,,,,,,,,,,,,,,,,,,,,,,,,,,,,,,,,,,,,,,,,,,,,,,,,,,,,,,,,,,,,,,,,,,,,,,,,,,,,,,
,,,,,,,Tools & Hardware,Power Tools,Blowers & Vacuums,,XLC10ZW,XLC10ZW Makita 18V Cordless Vacuum (Bare),,,,Makita Usa Inc (5142),Makita Usa Inc,Makita,,XLC10ZW,,Tools & Hardware>Power Tools>Blowers & Sweepers,"Makita Usa Inc, Makita, XLC10ZW Makita 18V Cordless Vacuum (Bare), XLC10ZW",MAKITA 18V CORDLESS VACUUM (BARE),Makita XLC10ZW Makita 18V Cordless Vacuum (Bare) XLC10ZW,Makita XLC10ZW Makita 18V Cordless Vacuum (Bare) XLC10ZW. High performance industrial and commercial grade xlc10zw makita 18v cordless vacuum (bare) designed for professional applications.,Makita XLC10ZW Makita 18V Cordless Vacuum (Bare),,,,,,,,,,,,,,,,,,,,,,,,,,,,,,,,,,,,,,,,,,,,,,,,,,,,,,,,,,,,,,,,,,,,,,,,,,,,,,,,,,,,,,,,,,,,,,,,,,,,,,,,,,,,,,,,,,,,,,,,,,,,,,,,,,,,,,,,,,,,,,,,,,,,,,,,,,,,,,,,,,,,,,,,,,,,,,,,,,,,,,,,,,,,,,,,,,,,,,,,,,,,,,,,,,,,,,,,,,,,,,,,
,,,,,,,Tools & Hardware,Abrasives,Sanding Belts & Discs,,HS-DA,HS-DA Motion Driveway Alert,,,,Sabre (9195),Sabre,,,HS-DA,,Tools & Hardware>Abrasives & Polishing>Sanding Belts & Discs,"Sabre, HS-DA Motion Driveway Alert, HS-DA",MOTION DRIVEWAY ALERT,HS-DA Motion Driveway Alert HS-DA,HS-DA Motion Driveway Alert HS-DA. High performance industrial and commercial grade hs-da motion driveway alert designed for professional applications.,HS-DA Motion Driveway Alert,,,,,,,,,,,,,,,,,,,,,,,,,,,,,,,,,,,,,,,,,,,,,,,,,,,,,,,,,,,,,,,,,,,,,,,,,,,,,,,,,,,,,,,,,,,,,,,,,,,,,,,,,,,,,,,,,,,,,,,,,,,,,,,,,,,,,,,,,,,,,,,,,,,,,,,,,,,,,,,,,,,,,,,,,,,,,,,,,,,,,,,,,,,,,,,,,,,,,,,,,,,,,,,,,,,,,,,,,,,,,,,,
,,,,,,,Electrical,Fittings & Conduit,Cord Grips & Connectors,,73002252,Black Gate Gravity Latch RDI,,,,-,,,,73002252,,Electrical>Conduit & Fittings>Cord Grips & Connectors,"Black Gate Gravity Latch RDI, 73002252",GATE GRAVITY LATCH RDI,Black Gate Gravity Latch RDI 73002252,Black Gate Gravity Latch RDI 73002252. High performance industrial and commercial grade black gate gravity latch rdi designed for professional applications.,Black Gate Gravity Latch RDI,,,,,,,,,,,,,,,,,,,,,,,,,,,,,,,,,,,,,,,,,,,,,,,,,,,,,,,,,,,,,,,,,,,,,,,,,,,,,,,,,,,,,,,,,,,,,,,,,,,,,,,,,,,,,,,,,,,,,,,,,,,,,,,,,,,,,,,,,,,,,,,,,,,,,,,,,,,,,,,,,,,,,,,,,,,,,,,,,,,,,,,,,,,,,,,,,,,,,,,,,,,,,,,,,,,,,,,,,,,,,,,,
,,,,,,,Appliances,Large Appliances,Refrigerators,,48-22-8396R,48-22-8396R Milw 24oz Bottle - Insulated,,,,Milwaukee Accessory (4031),Milwaukee Accessory,Milwaukee,,48-22-8396R,,Appliances & Consumer Electronics>Kitchen Appliances>Refrigerators,"Milwaukee Accessory, Milwaukee, 48-22-8396R Milw 24oz Bottle - Insulated, 48-22-8396R",MILW 24OZ BOTTLE - INSULATED,Milwaukee 48-22-8396R Milw 24oz Bottle - Insulated 48-22-8396R,Milwaukee 48-22-8396R Milw 24oz Bottle - Insulated 48-22-8396R. High performance industrial and commercial grade 48-22-8396r milw 24oz bottle - insulated designed for professional applications.,Milwaukee 48-22-8396R Milw 24oz Bottle - Insulated,,,,,,,,,,,,,,,,,,,,,,,,,,,,,,,,,,,,,,,,,,,,,,,,,,,,,,,,,,,,,,,,,,,,,,,,,,,,,,,,,,,,,,,,,,,,,,,,,,,,,,,,,,,,,,,,,,,,,,,,,,,,,,,,,,,,,,,,,,,,,,,,,,,,,,,,,,,,,,,,,,,,,,,,,,,,,,,,,,,,,,,,,,,,,,,,,,,,,,,,,,,,,,,,,,,,,,,,,,,,,,,,
,,,,,,,Appliances,Large Appliances,Refrigerators,,48-22-8397R,48-22-8397R Milw 36oz Bottle - Insulated,,,,Milwaukee Accessory (4031),Milwaukee Accessory,Milwaukee,,48-22-8397R,,Appliances & Consumer Electronics>Kitchen Appliances>Refrigerators,"Milwaukee Accessory, Milwaukee, 48-22-8397R Milw 36oz Bottle - Insulated, 48-22-8397R",MILW 36OZ BOTTLE - INSULATED,Milwaukee 48-22-8397R Milw 36oz Bottle - Insulated 48-22-8397R,Milwaukee 48-22-8397R Milw 36oz Bottle - Insulated 48-22-8397R. High performance industrial and commercial grade 48-22-8397r milw 36oz bottle - insulated designed for professional applications.,Milwaukee 48-22-8397R Milw 36oz Bottle - Insulated,,,,,,,,,,,,,,,,,,,,,,,,,,,,,,,,,,,,,,,,,,,,,,,,,,,,,,,,,,,,,,,,,,,,,,,,,,,,,,,,,,,,,,,,,,,,,,,,,,,,,,,,,,,,,,,,,,,,,,,,,,,,,,,,,,,,,,,,,,,,,,,,,,,,,,,,,,,,,,,,,,,,,,,,,,,,,,,,,,,,,,,,,,,,,,,,,,,,,,,,,,,,,,,,,,,,,,,,,,,,,,,,
,,,,,,,Tools & Hardware,Power Tools,Blowers & Vacuums,,DCGG581B,DCGG581B Dewalt 20V Grease Gun 2-Speed,,,,Black & Decker/dewlt (2585),Black & Decker/dewlt,DeWalt,,DCGG581B,,Tools & Hardware>Power Tools>Blowers & Sweepers,"Black & Decker/dewlt, DeWalt, DCGG581B Dewalt 20V Grease Gun 2-Speed, DCGG581B",DEWALT 20V GREASE GUN 2-SPEED,DeWalt DCGG581B Dewalt 20V Grease Gun 2-Speed DCGG581B,DeWalt DCGG581B Dewalt 20V Grease Gun 2-Speed DCGG581B. High performance industrial and commercial grade dcgg581b dewalt 20v grease gun 2-speed designed for professional applications.,DeWalt DCGG581B Dewalt 20V Grease Gun 2-Speed,,,,,,,,,,,,,,,,,,,,,,,,,,,,,,,,,,,,,,,,,,,,,,,,,,,,,,,,,,,,,,,,,,,,,,,,,,,,,,,,,,,,,,,,,,,,,,,,,,,,,,,,,,,,,,,,,,,,,,,,,,,,,,,,,,,,,,,,,,,,,,,,,,,,,,,,,,,,,,,,,,,,,,,,,,,,,,,,,,,,,,,,,,,,,,,,,,,,,,,,,,,,,,,,,,,,,,,,,,,,,,,,
,,,,,,,Tools & Hardware,Power Tools,Blowers & Vacuums,,DCGG581GD1,DCGG581GD1 Dewalt 20V Grease Gun 2-Speed Kit,,,,Black & Decker/dewlt (2585),Black & Decker/dewlt,DeWalt,,DCGG581GD1,,Tools & Hardware>Power Tools>Blowers & Sweepers,"Black & Decker/dewlt, DeWalt, DCGG581GD1 Dewalt 20V Grease Gun 2-Speed Kit, DCGG581GD1",DEWALT 20V GREASE GUN 2-SPEED KIT,DeWalt DCGG581GD1 Dewalt 20V Grease Gun 2-Speed Kit DCGG581GD1,DeWalt DCGG581GD1 Dewalt 20V Grease Gun 2-Speed Kit DCGG581GD1. High performance industrial and commercial grade dcgg581gd1 dewalt 20v grease gun 2-speed kit designed for professional applications.,DeWalt DCGG581GD1 Dewalt 20V Grease Gun 2-Speed Kit,,,,,,,,,,,,,,,,,,,,,,,,,,,,,,,,,,,,,,,,,,,,,,,,,,,,,,,,,,,,,,,,,,,,,,,,,,,,,,,,,,,,,,,,,,,,,,,,,,,,,,,,,,,,,,,,,,,,,,,,,,,,,,,,,,,,,,,,,,,,,,,,,,,,,,,,,,,,,,,,,,,,,,,,,,,,,,,,,,,,,,,,,,,,,,,,,,,,,,,,,,,,,,,,,,,,,,,,,,,,,,,,
,,,,,,,Tools & Hardware,Power Tools,Saws & Blades,,DWST41092,"DWST41092 Dewalt Tool Chest 41"" Bottom",,,,Black & Decker/dewlt (2585),Black & Decker/dewlt,DeWalt,,DWST41092,,Tools & Hardware>Power Tools>Power Saws,"Black & Decker/dewlt, DeWalt, DWST41092 Dewalt Tool Chest 41"" Bottom, DWST41092","DEWALT TOOL CHEST 41"" BOTTOM","DeWalt DWST41092 Dewalt Tool Chest 41"" Bottom DWST41092","DeWalt DWST41092 Dewalt Tool Chest 41"" Bottom DWST41092. High performance industrial and commercial grade dwst41092 dewalt tool chest 41"" bottom designed for professional applications.","DeWalt DWST41092 Dewalt Tool Chest 41"" Bottom",,,,,,,,,,,,,,,,,,,,,,,,,,,,,,,,,,,,,,,,,,,,,,,,,,,,,,,,,,,,,,,,,,,,,,,,,,,,,,,,,,,,,,,,,,,,,,,,,,,,,,,,,,,,,,,,,,,,,,,,,,,,,,,,,,,,,,,,,,,,,,,,,,,,,,,,,,,,,,,,,,,,,,,,,,,,,,,,,,,,,,,,,,,,,,,,,,,,,,,,,,,,,,,,,,,,,,,,,,,,,,,,
,,,,,,,Lighting & Ceiling Fans,Commercial Lighting,Wrap & Strip Lights,,156436WHT,156436 Wh 4x4x120 Post Wrap,DSI Westbury,,,Palmer Donavin Mfg Company (PALDO),Palmer Donavin Mfg Company,DSI Westbury,,156436WHT,,Lighting & Electrical>Light Fixtures>LED Wrap & Linear Fixtures,"Palmer Donavin Mfg Company, DSI Westbury, 156436 Wh 4x4x120 Post Wrap, 156436WHT",WH 4X4X120 POST WRAP,DSI Westbury 156436 Wh 4x4x120 Post Wrap 156436WHT,DSI Westbury 156436 Wh 4x4x120 Post Wrap 156436WHT. High performance industrial and commercial grade 156436 wh 4x4x120 post wrap designed for professional applications.,DSI Westbury 156436 Wh 4x4x120 Post Wrap,,,,,,,,,,,,,,,,,,,,,,,,,,,,,,,,,,,,,,,,,,,,,,,,,,,,,,,,,,,,,,,,,,,,,,,,,,,,,,,,,,,,,,,,,,,,,,,,,,,,,,,,,,,,,,,,,,,,,,,,,,,,,,,,,,,,,,,,,,,,,,,,,,,,,,,,,,,,,,,,,,,,,,,,,,,,,,,,,,,,,,,,,,,,,,,,,,,,,,,,,,,,,,,,,,,,,,,,,,,,,,,,
,,,,,,,Lighting & Ceiling Fans,Commercial Lighting,Wrap & Strip Lights,,173950TBK,"4""x8'-6"" DSI SQ Black Alum Post Wrap",,,,Palmer Donavin Mfg Company (PALDO),Palmer Donavin Mfg Company,,,173950TBK,,Lighting & Electrical>Light Fixtures>LED Wrap & Linear Fixtures,"Palmer Donavin Mfg Company, 4""x8'-6"" DSI SQ Black Alum Post Wrap, 173950TBK","4""X8'-6"" DSI SQ BLACK ALUM POST WRAP","4""x8'-6"" DSI SQ Black Alum Post Wrap 173950TBK","4""x8'-6"" DSI SQ Black Alum Post Wrap 173950TBK. High performance industrial and commercial grade 4""x8'-6"" dsi sq black alum post wrap designed for professional applications.","4""x8'-6"" DSI SQ Black Alum Post Wrap",,,,,,,,,,,,,,,,,,,,,,,,,,,,,,,,,,,,,,,,,,,,,,,,,,,,,,,,,,,,,,,,,,,,,,,,,,,,,,,,,,,,,,,,,,,,,,,,,,,,,,,,,,,,,,,,,,,,,,,,,,,,,,,,,,,,,,,,,,,,,,,,,,,,,,,,,,,,,,,,,,,,,,,,,,,,,,,,,,,,,,,,,,,,,,,,,,,,,,,,,,,,,,,,,,,,,,,,,,,,,,,,
,,,,,,,Lighting & Ceiling Fans,Commercial Lighting,Wrap & Strip Lights,,173951TBK,"6""x8'-6"" DSI SQ Black Alum Post Wrap",,,,Palmer Donavin Mfg Company (PALDO),Palmer Donavin Mfg Company,,,173951TBK,,Lighting & Electrical>Light Fixtures>LED Wrap & Linear Fixtures,"Palmer Donavin Mfg Company, 6""x8'-6"" DSI SQ Black Alum Post Wrap, 173951TBK","6""X8'-6"" DSI SQ BLACK ALUM POST WRAP","6""x8'-6"" DSI SQ Black Alum Post Wrap 173951TBK","6""x8'-6"" DSI SQ Black Alum Post Wrap 173951TBK. High performance industrial and commercial grade 6""x8'-6"" dsi sq black alum post wrap designed for professional applications.","6""x8'-6"" DSI SQ Black Alum Post Wrap",,,,,,,,,,,,,,,,,,,,,,,,,,,,,,,,,,,,,,,,,,,,,,,,,,,,,,,,,,,,,,,,,,,,,,,,,,,,,,,,,,,,,,,,,,,,,,,,,,,,,,,,,,,,,,,,,,,,,,,,,,,,,,,,,,,,,,,,,,,,,,,,,,,,,,,,,,,,,,,,,,,,,,,,,,,,,,,,,,,,,,,,,,,,,,,,,,,,,,,,,,,,,,,,,,,,,,,,,,,,,,,,
,,,,,,,Lighting & Ceiling Fans,Commercial Lighting,Wrap & Strip Lights,,173952TBK,"6""x10' DSI SQ Black Alum Post Wrap",,,,Palmer Donavin Mfg Company (PALDO),Palmer Donavin Mfg Company,,,173952TBK,,Lighting & Electrical>Light Fixtures>LED Wrap & Linear Fixtures,"Palmer Donavin Mfg Company, 6""x10' DSI SQ Black Alum Post Wrap, 173952TBK","6""X10' DSI SQ BLACK ALUM POST WRAP","6""x10' DSI SQ Black Alum Post Wrap 173952TBK","6""x10' DSI SQ Black Alum Post Wrap 173952TBK. High performance industrial and commercial grade 6""x10' dsi sq black alum post wrap designed for professional applications.","6""x10' DSI SQ Black Alum Post Wrap",,,,,,,,,,,,,,,,,,,,,,,,,,,,,,,,,,,,,,,,,,,,,,,,,,,,,,,,,,,,,,,,,,,,,,,,,,,,,,,,,,,,,,,,,,,,,,,,,,,,,,,,,,,,,,,,,,,,,,,,,,,,,,,,,,,,,,,,,,,,,,,,,,,,,,,,,,,,,,,,,,,,,,,,,,,,,,,,,,,,,,,,,,,,,,,,,,,,,,,,,,,,,,,,,,,,,,,,,,,,,,,,
,,,,,,,Lighting & Ceiling Fans,Commercial Lighting,Wrap & Strip Lights,,1624157,TW52 WH INSIDE CAS VIN WRAPPED,ANDERSEN,,,-,,ANDERSEN,,1624157,,Lighting & Electrical>Light Fixtures>LED Wrap & Linear Fixtures,"ANDERSEN, TW52 WH INSIDE CAS VIN WRAPPED, 1624157",WH INSIDE CAS VIN WRAPPED,ANDERSEN TW52 WH INSIDE CAS VIN WRAPPED 1624157,ANDERSEN TW52 WH INSIDE CAS VIN WRAPPED 1624157. High performance industrial and commercial grade tw52 wh inside cas vin wrapped designed for professional applications.,ANDERSEN TW52 WH INSIDE CAS VIN WRAPPED,,,,,,,,,,,,,,,,,,,,,,,,,,,,,,,,,,,,,,,,,,,,,,,,,,,,,,,,,,,,,,,,,,,,,,,,,,,,,,,,,,,,,,,,,,,,,,,,,,,,,,,,,,,,,,,,,,,,,,,,,,,,,,,,,,,,,,,,,,,,,,,,,,,,,,,,,,,,,,,,,,,,,,,,,,,,,,,,,,,,,,,,,,,,,,,,,,,,,,,,,,,,,,,,,,,,,,,,,,,,,,,,
,,,,,,,Tools & Hardware,Power Tools,Saws & Blades,,40025,40025 TS-54 Wal-Board T-Square 009-008,,,,Marshalltown Trowel (5155),Marshalltown Trowel,,,40025,,Tools & Hardware>Power Tools>Power Saws,"Marshalltown Trowel, 40025 TS-54 Wal-Board T-Square 009-008, 40025",TS-54 WAL-BOARD T-SQUARE 009-008,40025 TS-54 Wal-Board T-Square 009-008 40025,40025 TS-54 Wal-Board T-Square 009-008 40025. High performance industrial and commercial grade 40025 ts-54 wal-board t-square 009-008 designed for professional applications.,40025 TS-54 Wal-Board T-Square 009-008,,,,,,,,,,,,,,,,,,,,,,,,,,,,,,,,,,,,,,,,,,,,,,,,,,,,,,,,,,,,,,,,,,,,,,,,,,,,,,,,,,,,,,,,,,,,,,,,,,,,,,,,,,,,,,,,,,,,,,,,,,,,,,,,,,,,,,,,,,,,,,,,,,,,,,,,,,,,,,,,,,,,,,,,,,,,,,,,,,,,,,,,,,,,,,,,,,,,,,,,,,,,,,,,,,,,,,,,,,,,,,,,
,,,,,,,Tools & Hardware,Power Tools,Saws & Blades,,48-22-3301,48-22-3301 Milw Mechanical Pencil w/ Lead Pack,,,,Milwaukee Accessory (4031),Milwaukee Accessory,Milwaukee,,48-22-3301,,Tools & Hardware>Power Tools>Power Saws,"Milwaukee Accessory, Milwaukee, Pencil, 48-22-3301",MILW MECHANICAL PENCIL W/ LEAD PACK,Milwaukee Pencil 48-22-3301,Milwaukee Pencil 48-22-3301. High performance industrial and commercial grade pencil designed for professional applications.,Milwaukee Pencil,,,,,,,,,,,,,,,,,,,,,,,,,,,Pencil,,,,,,,,,,,,,,,,,,,,,,,,,,,,,,,,,,,,,,,,,,,,,,,,,,,,,,,,,,,,,,,,,,,,,,,,,,,,,,,,,,,,,,,,,,,,,,,,,,,,,,,,,,,,,,,,,,,,,,,,,,,,,,,,,,,,,,,,,,,,,,,,,,,,,,,,,,,,,,,,,,,,,,,,,,,,,,,,,,,,,,,,,,,,,,,,,,,,,
,,,,,,,Tools & Hardware,Power Tools,Saws & Blades,,48-22-3302,48-22-3302 Milw Mechanical Pencil Replacement Lead,,,,Milwaukee Accessory (4031),Milwaukee Accessory,Milwaukee,,48-22-3302,,Tools & Hardware>Power Tools>Power Saws,"Milwaukee Accessory, Milwaukee, Pencil, 48-22-3302",MILW MECHANICAL PENCIL REPLACEMENT LEAD,Milwaukee Pencil 48-22-3302,Milwaukee Pencil 48-22-3302. High performance industrial and commercial grade pencil designed for professional applications.,Milwaukee Pencil,,,,,,,,,,,,,,,,,,,,,,,,,,,Pencil,,,,,,,,,,,,,,,,,,,,,,,,,,,,,,,,,,,,,,,,,,,,,,,,,,,,,,,,,,,,,,,,,,,,,,,,,,,,,,,,,,,,,,,,,,,,,,,,,,,,,,,,,,,,,,,,,,,,,,,,,,,,,,,,,,,,,,,,,,,,,,,,,,,,,,,,,,,,,,,,,,,,,,,,,,,,,,,,,,,,,,,,,,,,,,,,,,,,,
,,,,,,,Tools & Hardware,Abrasives,Grinding Wheels,,48-22-3303,48-22-3303 Milw Mechanical Pencil Replacement Lead-Color,,,,Milwaukee Accessory (4031),Milwaukee Accessory,Milwaukee,,48-22-3303,,Tools & Hardware>Abrasives & Polishing>Grinding & Cut-Off Wheels,"Milwaukee Accessory, Milwaukee, Pencil, 48-22-3303",MILW MECHANICAL PENCIL REPLACEMENT LEAD-COLOR,Milwaukee Pencil 48-22-3303,Milwaukee Pencil 48-22-3303. High performance industrial and commercial grade pencil designed for professional applications.,Milwaukee Pencil,,,,,,,,,,,,,,,,,,,,,,,,,,,Pencil,,,,,,,,,,,,,,,,,,,,,,,,,,,,,,,,,,,,,,,,,,,,,,,,,,,,,,,,,,,,,,,,,,,,,,,,,,,,,,,,,,,,,,,,,,,,,,,,,,,,,,,,,,,,,,,,,,,,,,,,,,,,,,,,,,,,,,,,,,,,,,,,,,,,,,,,,,,,,,,,,,,,,,,,,,,,,,,,,,,,,,,,,,,,,,,,,,,,,
,,,,,,,Building Materials,Decking & Railing,Railing Kits,,TSDKAP218-G2,TSDKAP218-G2 Edge Safety - Khor Black Frame Polarized,,,,Edge Eyewear Inc (EDGSA),Edge Eyewear Inc,,,TSDKAP218-G2,,Building Materials>Decking & Porch>Railing Kits & Balusters,"Edge Eyewear Inc, TSDKAP218-G2 Edge Safety - Khor Black Frame Polarized, TSDKAP218-G2",EDGE SAFETY - KHOR BLACK FRAME POLARIZED,TSDKAP218-G2 Edge Safety - Khor Black Frame Polarized TSDKAP218-G2,TSDKAP218-G2 Edge Safety - Khor Black Frame Polarized TSDKAP218-G2. High performance industrial and commercial grade tsdkap218-g2 edge safety - khor black frame polarized designed for professional applications.,TSDKAP218-G2 Edge Safety - Khor Black Frame Polarized,,,,,,,,,,,,,,,,,,,,,,,,,,,,,,,,,,,,,,,,,,,,,,,,,,,,,,,,,,,,,,,,,,,,,,,,,,,,,,,,,,,,,,,,,,,,,,,,,,,,,,,,,,,,,,,,,,,,,,,,,,,,,,,,,,,,,,,,,,,,,,,,,,,,,,,,,,,,,,,,,,,,,,,,,,,,,,,,,,,,,,,,,,,,,,,,,,,,,,,,,,,,,,,,,,,,,,,,,,,,,,,,
,,,,,,,Building Materials,Decking & Railing,Railing Kits,,XPAP418,XPAP418 Edge Safety Glasses - Pumori Black Frame,,,,Edge Eyewear Inc (EDGSA),Edge Eyewear Inc,,,XPAP418,,Building Materials>Decking & Porch>Railing Kits & Balusters,"Edge Eyewear Inc, Safety Glasses, XPAP418",EDGE SAFETY GLASSES - PUMORI BLACK FRAME,Safety Glasses XPAP418,Safety Glasses XPAP418. High performance industrial and commercial grade safety glasses designed for professional applications.,Safety Glasses,,,,,,,,,,,,,,,,,,,,,,,,,,,Safety Glasses,,,,,,,,,,,,,,,,,,,,,,,,,,,,,,,,,,,,,,,,,,,,,,,,,,,,,,,,,,,,,,,,,,,,,,,,,,,,,,,,,,,,,,,,,,,,,,,,,,,,,,,,,,,,,,,,,,,,,,,,,,,,,,,,,,,,,,,,,,,,,,,,,,,,,,,,,,,,,,,,,,,,,,,,,,,,,,,,,,,,,,,,,,,,,,,,,,,,,
,,,,,,,Tools & Hardware,Measuring & Layout,Levels & Lasers,,XDAP419,XDAP419 Edge Safety Glasses - Dawson Black Frame Red Lenses,,,,Edge Eyewear Inc (EDGSA),Edge Eyewear Inc,,,XDAP419,,Tools & Hardware>Hand Tools>Measuring & Layout Tools>Laser Levels,"Edge Eyewear Inc, Safety Glasses, XDAP419",EDGE SAFETY GLASSES - DAWSON BLACK FRAME RED LENSES,Safety Glasses XDAP419,Safety Glasses XDAP419. High performance industrial and commercial grade safety glasses designed for professional applications.,Safety Glasses,,,,,,,,,,,,,,,,,,,,,,,,,,,Safety Glasses,,,,,,,,,,,,,,,,,,,,,,,,,,,,,,,,,,,,,,,,,,,,,,,,,,,,,,,,,,,,,,,,,,,,,,,,,,,,,,,,,,,,,,,,,,,,,,,,,,,,,,,,,,,,,,,,,,,,,,,,,,,,,,,,,,,,,,,,,,,,,,,,,,,,,,,,,,,,,,,,,,,,,,,,,,,,,,,,,,,,,,,,,,,,,,,,,,,,,
,,,,,,,Tools & Hardware,Measuring & Layout,Levels & Lasers,,XB11PCVS,XB11PCVS Edge Safety Glasses - Photochromic Lense,,,,Edge Eyewear Inc (EDGSA),Edge Eyewear Inc,,,XB11PCVS,,Tools & Hardware>Hand Tools>Measuring & Layout Tools>Laser Levels,"Edge Eyewear Inc, Safety Glasses, XB11PCVS",EDGE SAFETY GLASSES - PHOTOCHROMIC LENSE,Safety Glasses XB11PCVS,Safety Glasses XB11PCVS. High performance industrial and commercial grade safety glasses designed for professional applications.,Safety Glasses,,,,,,,,,,,,,,,,,,,,,,,,,,,Safety Glasses,,,,,,,,,,,,,,,,,,,,,,,,,,,,,,,,,,,,,,,,,,,,,,,,,,,,,,,,,,,,,,,,,,,,,,,,,,,,,,,,,,,,,,,,,,,,,,,,,,,,,,,,,,,,,,,,,,,,,,,,,,,,,,,,,,,,,,,,,,,,,,,,,,,,,,,,,,,,,,,,,,,,,,,,,,,,,,,,,,,,,,,,,,,,,,,,,,,,,
,,,,,,,Tools & Hardware,Measuring & Layout,Levels & Lasers,,KB121VS,KB121VS Edge Safety Glasses - Kabru Black Frame,,,,Edge Eyewear Inc (EDGSA),Edge Eyewear Inc,,,KB121VS,,Tools & Hardware>Hand Tools>Measuring & Layout Tools>Laser Levels,"Edge Eyewear Inc, Safety Glasses, KB121VS",EDGE SAFETY GLASSES - KABRU BLACK FRAME,Safety Glasses KB121VS,Safety Glasses KB121VS. High performance industrial and commercial grade safety glasses designed for professional applications.,Safety Glasses,,,,,,,,,,,,,,,,,,,,,,,,,,,Safety Glasses,,,,,,,,,,,,,,,,,,,,,,,,,,,,,,,,,,,,,,,,,,,,,,,,,,,,,,,,,,,,,,,,,,,,,,,,,,,,,,,,,,,,,,,,,,,,,,,,,,,,,,,,,,,,,,,,,,,,,,,,,,,,,,,,,,,,,,,,,,,,,,,,,,,,,,,,,,,,,,,,,,,,,,,,,,,,,,,,,,,,,,,,,,,,,,,,,,,,,
,,,,,,,Building Materials,Decking & Railing,Railing Kits,,KB126VS,KB126VS Edge Safety Glasses - Kabru Black Frame,,,,Edge Eyewear Inc (EDGSA),Edge Eyewear Inc,,,KB126VS,,Building Materials>Decking & Porch>Railing Kits & Balusters,"Edge Eyewear Inc, Safety Glasses, KB126VS",EDGE SAFETY GLASSES - KABRU BLACK FRAME,Safety Glasses KB126VS,Safety Glasses KB126VS. High performance industrial and commercial grade safety glasses designed for professional applications.,Safety Glasses,,,,,,,,,,,,,,,,,,,,,,,,,,,Safety Glasses,,,,,,,,,,,,,,,,,,,,,,,,,,,,,,,,,,,,,,,,,,,,,,,,,,,,,,,,,,,,,,,,,,,,,,,,,,,,,,,,,,,,,,,,,,,,,,,,,,,,,,,,,,,,,,,,,,,,,,,,,,,,,,,,,,,,,,,,,,,,,,,,,,,,,,,,,,,,,,,,,,,,,,,,,,,,,,,,,,,,,,,,,,,,,,,,,,,,,
,,,,,,,Building Materials,Decking & Railing,Railing Kits,,TC121VS,TC121VS Edge Safety Glasses - Tacana Black Frame,,,,Edge Eyewear Inc (EDGSA),Edge Eyewear Inc,,,TC121VS,,Building Materials>Decking & Porch>Railing Kits & Balusters,"Edge Eyewear Inc, Safety Glasses, TC121VS",EDGE SAFETY GLASSES - TACANA BLACK FRAME,Safety Glasses TC121VS,Safety Glasses TC121VS. High performance industrial and commercial grade safety glasses designed for professional applications.,Safety Glasses,,,,,,,,,,,,,,,,,,,,,,,,,,,Safety Glasses,,,,,,,,,,,,,,,,,,,,,,,,,,,,,,,,,,,,,,,,,,,,,,,,,,,,,,,,,,,,,,,,,,,,,,,,,,,,,,,,,,,,,,,,,,,,,,,,,,,,,,,,,,,,,,,,,,,,,,,,,,,,,,,,,,,,,,,,,,,,,,,,,,,,,,,,,,,,,,,,,,,,,,,,,,,,,,,,,,,,,,,,,,,,,,,,,,,,,
,,,,,,,Building Materials,Decking & Railing,Railing Kits,,TC126VS,TC126VS Edge Safety Glasses - Tacana Black Frame,,,,Edge Eyewear Inc (EDGSA),Edge Eyewear Inc,,,TC126VS,,Building Materials>Decking & Porch>Railing Kits & Balusters,"Edge Eyewear Inc, Safety Glasses, TC126VS",EDGE SAFETY GLASSES - TACANA BLACK FRAME,Safety Glasses TC126VS,Safety Glasses TC126VS. High performance industrial and commercial grade safety glasses designed for professional applications.,Safety Glasses,,,,,,,,,,,,,,,,,,,,,,,,,,,Safety Glasses,,,,,,,,,,,,,,,,,,,,,,,,,,,,,,,,,,,,,,,,,,,,,,,,,,,,,,,,,,,,,,,,,,,,,,,,,,,,,,,,,,,,,,,,,,,,,,,,,,,,,,,,,,,,,,,,,,,,,,,,,,,,,,,,,,,,,,,,,,,,,,,,,,,,,,,,,,,,,,,,,,,,,,,,,,,,,,,,,,,,,,,,,,,,,,,,,,,,,
,,,,,,,Building Materials,Decking & Railing,Railing Kits,,MK113MPAP,MK113MPAP Edge Safety Glasses - Makalu Black Frame Polarized,,,,Edge Eyewear Inc (EDGSA),Edge Eyewear Inc,,,MK113MPAP,,Building Materials>Decking & Porch>Railing Kits & Balusters,"Edge Eyewear Inc, Safety Glasses, MK113MPAP",EDGE SAFETY GLASSES - MAKALU BLACK FRAME POLARIZED,Safety Glasses MK113MPAP,Safety Glasses MK113MPAP. High performance industrial and commercial grade safety glasses designed for professional applications.,Safety Glasses,,,,,,,,,,,,,,,,,,,,,,,,,,,Safety Glasses,,,,,,,,,,,,,,,,,,,,,,,,,,,,,,,,,,,,,,,,,,,,,,,,,,,,,,,,,,,,,,,,,,,,,,,,,,,,,,,,,,,,,,,,,,,,,,,,,,,,,,,,,,,,,,,,,,,,,,,,,,,,,,,,,,,,,,,,,,,,,,,,,,,,,,,,,,,,,,,,,,,,,,,,,,,,,,,,,,,,,,,,,,,,,,,,,,,,,
,,,,,,,Lighting & Ceiling Fans,Indoor Lighting,Chandeliers & Pendants,,LS117MPAP,LS117MPAP Edge Safety Glasses - Lassen Black Frame Polarized,,,,Edge Eyewear Inc (EDGSA),Edge Eyewear Inc,,,LS117MPAP,,Lighting & Electrical>Light Fixtures>Chandeliers & Pendants,"Edge Eyewear Inc, Safety Glasses, LS117MPAP",EDGE SAFETY GLASSES - LASSEN BLACK FRAME POLARIZED,Safety Glasses LS117MPAP,Safety Glasses LS117MPAP. High performance industrial and commercial grade safety glasses designed for professional applications.,Safety Glasses,,,,,,,,,,,,,,,,,,,,,,,,,,,Safety Glasses,,,,,,,,,,,,,,,,,,,,,,,,,,,,,,,,,,,,,,,,,,,,,,,,,,,,,,,,,,,,,,,,,,,,,,,,,,,,,,,,,,,,,,,,,,,,,,,,,,,,,,,,,,,,,,,,,,,,,,,,,,,,,,,,,,,,,,,,,,,,,,,,,,,,,,,,,,,,,,,,,,,,,,,,,,,,,,,,,,,,,,,,,,,,,,,,,,,,,
,,,,,,,Tools & Hardware,Power Tools,Blowers & Vacuums,,FE-EFX-6L,FEEFX6L Lith Fire Extinguisher,,,,Ohio Firewatch Protection Inc (HOLFS),Ohio Firewatch Protection Inc,,,FE-EFX-6L,,Tools & Hardware>Power Tools>Blowers & Sweepers,"Ohio Firewatch Protection Inc, FEEFX6L Lith Fire Extinguisher, FE-EFX-6L",LITH FIRE EXTINGUISHER,FEEFX6L Lith Fire Extinguisher FE-EFX-6L,FEEFX6L Lith Fire Extinguisher FE-EFX-6L. High performance industrial and commercial grade feefx6l lith fire extinguisher designed for professional applications.,FEEFX6L Lith Fire Extinguisher,,,,,,,,,,,,,,,,,,,,,,,,,,,,,,,,,,,,,,,,,,,,,,,,,,,,,,,,,,,,,,,,,,,,,,,,,,,,,,,,,,,,,,,,,,,,,,,,,,,,,,,,,,,,,,,,,,,,,,,,,,,,,,,,,,,,,,,,,,,,,,,,,,,,,,,,,,,,,,,,,,,,,,,,,,,,,,,,,,,,,,,,,,,,,,,,,,,,,,,,,,,,,,,,,,,,,,,,,,,,,,,,
,,,,,,,Appliances,Large Appliances,Refrigerators,,FE-EFX-9L,FEEFX9L Lith Fire Extinguisher,,,,Ohio Firewatch Protection Inc (HOLFS),Ohio Firewatch Protection Inc,,,FE-EFX-9L,,Appliances & Consumer Electronics>Kitchen Appliances>Refrigerators,"Ohio Firewatch Protection Inc, FEEFX9L Lith Fire Extinguisher, FE-EFX-9L",LITH FIRE EXTINGUISHER,FEEFX9L Lith Fire Extinguisher FE-EFX-9L,FEEFX9L Lith Fire Extinguisher FE-EFX-9L. High performance industrial and commercial grade feefx9l lith fire extinguisher designed for professional applications.,FEEFX9L Lith Fire Extinguisher,,,,,,,,,,,,,,,,,,,,,,,,,,,,,,,,,,,,,,,,,,,,,,,,,,,,,,,,,,,,,,,,,,,,,,,,,,,,,,,,,,,,,,,,,,,,,,,,,,,,,,,,,,,,,,,,,,,,,,,,,,,,,,,,,,,,,,,,,,,,,,,,,,,,,,,,,,,,,,,,,,,,,,,,,,,,,,,,,,,,,,,,,,,,,,,,,,,,,,,,,,,,,,,,,,,,,,,,,,,,,,,,
,,,,,,,Tools & Hardware,Power Tools,Blowers & Vacuums,,1046793,1046793 Smoke & CO Alarm,,,First Alert,First Alert - B R K Brands (2754),First Alert - B R K Brands,First Alert,,1046793,,Tools & Hardware>Power Tools>Blowers & Sweepers,"First Alert - B R K Brands, First Alert, 1046793 Smoke & CO Alarm, 1046793",SMOKE & CO ALARM,First Alert 1046793 Smoke & CO Alarm 1046793,First Alert 1046793 Smoke & CO Alarm 1046793. High performance industrial and commercial grade 1046793 smoke & co alarm designed for professional applications.,First Alert 1046793 Smoke & CO Alarm,,,,,,,,,,,,,,,,,,,,,,,,,,,,,,,,,,,,,,,,,,,,,,,,,,,,,,,,,,,,,,,,,,,,,,,,,,,,,,,,,,,,,,,,,,,,,,,,,,,,,,,,,,,,,,,,,,,,,,,,,,,,,,,,,,,,,,,,,,,,,,,,,,,,,,,,,,,,,,,,,,,,,,,,,,,,,,,,,,,,,,,,,,,,,,,,,,,,,,,,,,,,,,,,,,,,,,,,,,,,,,,,
,,,,,,,Tools & Hardware,Power Tools,Blowers & Vacuums,,1046870,1046870 Smoke & CO Alarm,,,BRK,First Alert - B R K Brands (2754),First Alert - B R K Brands,BRK,,1046870,,Tools & Hardware>Power Tools>Blowers & Sweepers,"First Alert - B R K Brands, BRK, 1046870 Smoke & CO Alarm, 1046870",SMOKE & CO ALARM,BRK 1046870 Smoke & CO Alarm 1046870,BRK 1046870 Smoke & CO Alarm 1046870. High performance industrial and commercial grade 1046870 smoke & co alarm designed for professional applications.,BRK 1046870 Smoke & CO Alarm,,,,,,,,,,,,,,,,,,,,,,,,,,,,,,,,,,,,,,,,,,,,,,,,,,,,,,,,,,,,,,,,,,,,,,,,,,,,,,,,,,,,,,,,,,,,,,,,,,,,,,,,,,,,,,,,,,,,,,,,,,,,,,,,,,,,,,,,,,,,,,,,,,,,,,,,,,,,,,,,,,,,,,,,,,,,,,,,,,,,,,,,,,,,,,,,,,,,,,,,,,,,,,,,,,,,,,,,,,,,,,,,
,,,,,,,Tools & Hardware,Abrasives,Sanding Belts & Discs,,M701B-21L,M701B-21L Milw L Black Heated Work Glove Liners,,,,Milwaukee Accessory (4031),Milwaukee Accessory,Milwaukee,,M701B-21L,,Tools & Hardware>Abrasives & Polishing>Sanding Belts & Discs,"Milwaukee Accessory, Milwaukee, M701B-21L Milw L Black Heated Work Glove Liners, M701B-21L",MILW L BLACK HEATED WORK GLOVE LINERS,Milwaukee M701B-21L Milw L Black Heated Work Glove Liners M701B-21L,Milwaukee M701B-21L Milw L Black Heated Work Glove Liners M701B-21L. High performance industrial and commercial grade m701b-21l milw l black heated work glove liners designed for professional applications.,Milwaukee M701B-21L Milw L Black Heated Work Glove Liners,,,,,,,,,,,,,,,,,,,,,,,,,,,,,,,,,,,,,,,,,,,,,,,,,,,,,,,,,,,,,,,,,,,,,,,,,,,,,,,,,,,,,,,,,,,,,,,,,,,,,,,,,,,,,,,,,,,,,,,,,,,,,,,,,,,,,,,,,,,,,,,,,,,,,,,,,,,,,,,,,,,,,,,,,,,,,,,,,,,,,,,,,,,,,,,,,,,,,,,,,,,,,,,,,,,,,,,,,,,,,,,,
,,,,,,,Tools & Hardware,Abrasives,Sanding Belts & Discs,,M701B-21M,M701B-21M Milw M Black Heated Work Glove Liners,,,,Milwaukee Accessory (4031),Milwaukee Accessory,Milwaukee,,M701B-21M,,Tools & Hardware>Abrasives & Polishing>Sanding Belts & Discs,"Milwaukee Accessory, Milwaukee, M701B-21M Milw M Black Heated Work Glove Liners, M701B-21M",MILW M BLACK HEATED WORK GLOVE LINERS,Milwaukee M701B-21M Milw M Black Heated Work Glove Liners M701B-21M,Milwaukee M701B-21M Milw M Black Heated Work Glove Liners M701B-21M. High performance industrial and commercial grade m701b-21m milw m black heated work glove liners designed for professional applications.,Milwaukee M701B-21M Milw M Black Heated Work Glove Liners,,,,,,,,,,,,,,,,,,,,,,,,,,,,,,,,,,,,,,,,,,,,,,,,,,,,,,,,,,,,,,,,,,,,,,,,,,,,,,,,,,,,,,,,,,,,,,,,,,,,,,,,,,,,,,,,,,,,,,,,,,,,,,,,,,,,,,,,,,,,,,,,,,,,,,,,,,,,,,,,,,,,,,,,,,,,,,,,,,,,,,,,,,,,,,,,,,,,,,,,,,,,,,,,,,,,,,,,,,,,,,,,
,,,,,,,Tools & Hardware,Abrasives,Sanding Belts & Discs,,M701B-21S,M701B-21S Milw S Black Heated Work Glove Liners,,,,Milwaukee Accessory (4031),Milwaukee Accessory,Milwaukee,,M701B-21S,,Tools & Hardware>Abrasives & Polishing>Sanding Belts & Discs,"Milwaukee Accessory, Milwaukee, M701B-21S Milw S Black Heated Work Glove Liners, M701B-21S",MILW S BLACK HEATED WORK GLOVE LINERS,Milwaukee M701B-21S Milw S Black Heated Work Glove Liners M701B-21S,Milwaukee M701B-21S Milw S Black Heated Work Glove Liners M701B-21S. High performance industrial and commercial grade m701b-21s milw s black heated work glove liners designed for professional applications.,Milwaukee M701B-21S Milw S Black Heated Work Glove Liners,,,,,,,,,,,,,,,,,,,,,,,,,,,,,,,,,,,,,,,,,,,,,,,,,,,,,,,,,,,,,,,,,,,,,,,,,,,,,,,,,,,,,,,,,,,,,,,,,,,,,,,,,,,,,,,,,,,,,,,,,,,,,,,,,,,,,,,,,,,,,,,,,,,,,,,,,,,,,,,,,,,,,,,,,,,,,,,,,,,,,,,,,,,,,,,,,,,,,,,,,,,,,,,,,,,,,,,,,,,,,,,,
,,,,,,,Electrical,Fittings & Conduit,Cord Grips & Connectors,,M701B-21XL,M701B-21XL Milw XL Black Heated Work Glove Liners,,,,Milwaukee Accessory (4031),Milwaukee Accessory,Milwaukee,,M701B-21XL,,Electrical>Conduit & Fittings>Cord Grips & Connectors,"Milwaukee Accessory, Milwaukee, M701B-21XL Milw XL Black Heated Work Glove Liners, M701B-21XL",MILW XL BLACK HEATED WORK GLOVE LINERS,Milwaukee M701B-21XL Milw XL Black Heated Work Glove Liners M701B-21XL,Milwaukee M701B-21XL Milw XL Black Heated Work Glove Liners M701B-21XL. High performance industrial and commercial grade m701b-21xl milw xl black heated work glove liners designed for professional applications.,Milwaukee M701B-21XL Milw XL Black Heated Work Glove Liners,,,,,,,,,,,,,,,,,,,,,,,,,,,,,,,,,,,,,,,,,,,,,,,,,,,,,,,,,,,,,,,,,,,,,,,,,,,,,,,,,,,,,,,,,,,,,,,,,,,,,,,,,,,,,,,,,,,,,,,,,,,,,,,,,,,,,,,,,,,,,,,,,,,,,,,,,,,,,,,,,,,,,,,,,,,,,,,,,,,,,,,,,,,,,,,,,,,,,,,,,,,,,,,,,,,,,,,,,,,,,,,,
,,,,,,,Tools & Hardware,Abrasives,Sanding Belts & Discs,,MWUG42010124,UTW Pro Heated Glove Blk XS,,,,Tech Gear 5.7 Inc (TECGE),Tech Gear 5.7 Inc,,,MWUG42010124,,Tools & Hardware>Abrasives & Polishing>Sanding Belts & Discs,"Tech Gear 5.7 Inc, UTW Pro Heated Glove Blk XS, MWUG42010124",PRO HEATED GLOVE BLK XS,UTW Pro Heated Glove Blk XS MWUG42010124,UTW Pro Heated Glove Blk XS MWUG42010124. High performance industrial and commercial grade utw pro heated glove blk xs designed for professional applications.,UTW Pro Heated Glove Blk XS,,,,,,,,,,,,,,,,,,,,,,,,,,,,,,,,,,,,,,,,,,,,,,,,,,,,,,,,,,,,,,,,,,,,,,,,,,,,,,,,,,,,,,,,,,,,,,,,,,,,,,,,,,,,,,,,,,,,,,,,,,,,,,,,,,,,,,,,,,,,,,,,,,,,,,,,,,,,,,,,,,,,,,,,,,,,,,,,,,,,,,,,,,,,,,,,,,,,,,,,,,,,,,,,,,,,,,,,,,,,,,,,
,,,,,,,Tools & Hardware,Abrasives,Sanding Belts & Discs,,MWUG42010224,UTW Pro Heated Glove Blk SM,,,,Tech Gear 5.7 Inc (TECGE),Tech Gear 5.7 Inc,,,MWUG42010224,,Tools & Hardware>Abrasives & Polishing>Sanding Belts & Discs,"Tech Gear 5.7 Inc, UTW Pro Heated Glove Blk SM, MWUG42010224",PRO HEATED GLOVE BLK SM,UTW Pro Heated Glove Blk SM MWUG42010224,UTW Pro Heated Glove Blk SM MWUG42010224. High performance industrial and commercial grade utw pro heated glove blk sm designed for professional applications.,UTW Pro Heated Glove Blk SM,,,,,,,,,,,,,,,,,,,,,,,,,,,,,,,,,,,,,,,,,,,,,,,,,,,,,,,,,,,,,,,,,,,,,,,,,,,,,,,,,,,,,,,,,,,,,,,,,,,,,,,,,,,,,,,,,,,,,,,,,,,,,,,,,,,,,,,,,,,,,,,,,,,,,,,,,,,,,,,,,,,,,,,,,,,,,,,,,,,,,,,,,,,,,,,,,,,,,,,,,,,,,,,,,,,,,,,,,,,,,,,,
,,,,,,,Tools & Hardware,Abrasives,Sanding Belts & Discs,,MWUG42010324,UTW Pro Heated Glove Blk MD,,,,Tech Gear 5.7 Inc (TECGE),Tech Gear 5.7 Inc,,,MWUG42010324,,Tools & Hardware>Abrasives & Polishing>Sanding Belts & Discs,"Tech Gear 5.7 Inc, UTW Pro Heated Glove Blk MD, MWUG42010324",PRO HEATED GLOVE BLK MD,UTW Pro Heated Glove Blk MD MWUG42010324,UTW Pro Heated Glove Blk MD MWUG42010324. High performance industrial and commercial grade utw pro heated glove blk md designed for professional applications.,UTW Pro Heated Glove Blk MD,,,,,,,,,,,,,,,,,,,,,,,,,,,,,,,,,,,,,,,,,,,,,,,,,,,,,,,,,,,,,,,,,,,,,,,,,,,,,,,,,,,,,,,,,,,,,,,,,,,,,,,,,,,,,,,,,,,,,,,,,,,,,,,,,,,,,,,,,,,,,,,,,,,,,,,,,,,,,,,,,,,,,,,,,,,,,,,,,,,,,,,,,,,,,,,,,,,,,,,,,,,,,,,,,,,,,,,,,,,,,,,,
,,,,,,,Appliances,Large Appliances,Dishwashers,,MWUG42010424,UTW Pro Heated Glove Blk LG,,,,Tech Gear 5.7 Inc (TECGE),Tech Gear 5.7 Inc,,,MWUG42010424,,Appliances & Consumer Electronics>Kitchen Appliances>Built-In Dishwashers,"Tech Gear 5.7 Inc, UTW Pro Heated Glove Blk LG, MWUG42010424",PRO HEATED GLOVE BLK LG,UTW Pro Heated Glove Blk LG MWUG42010424,UTW Pro Heated Glove Blk LG MWUG42010424. High performance industrial and commercial grade utw pro heated glove blk lg designed for professional applications.,UTW Pro Heated Glove Blk LG,,,,,,,,,,,,,,,,,,,,,,,,,,,,,,,,,,,,,,,,,,,,,,,,,,,,,,,,,,,,,,,,,,,,,,,,,,,,,,,,,,,,,,,,,,,,,,,,,,,,,,,,,,,,,,,,,,,,,,,,,,,,,,,,,,,,,,,,,,,,,,,,,,,,,,,,,,,,,,,,,,,,,,,,,,,,,,,,,,,,,,,,,,,,,,,,,,,,,,,,,,,,,,,,,,,,,,,,,,,,,,,,
,,,,,,,Electrical,Fittings & Conduit,Cord Grips & Connectors,,MWUG42010524,UTW Pro Heated Glove Blk XL,,,,Tech Gear 5.7 Inc (TECGE),Tech Gear 5.7 Inc,,,MWUG42010524,,Electrical>Conduit & Fittings>Cord Grips & Connectors,"Tech Gear 5.7 Inc, UTW Pro Heated Glove Blk XL, MWUG42010524",PRO HEATED GLOVE BLK XL,UTW Pro Heated Glove Blk XL MWUG42010524,UTW Pro Heated Glove Blk XL MWUG42010524. High performance industrial and commercial grade utw pro heated glove blk xl designed for professional applications.,UTW Pro Heated Glove Blk XL,,,,,,,,,,,,,,,,,,,,,,,,,,,,,,,,,,,,,,,,,,,,,,,,,,,,,,,,,,,,,,,,,,,,,,,,,,,,,,,,,,,,,,,,,,,,,,,,,,,,,,,,,,,,,,,,,,,,,,,,,,,,,,,,,,,,,,,,,,,,,,,,,,,,,,,,,,,,,,,,,,,,,,,,,,,,,,,,,,,,,,,,,,,,,,,,,,,,,,,,,,,,,,,,,,,,,,,,,,,,,,,,
,,,,,,,Tools & Hardware,Abrasives,Sanding Belts & Discs,,MWUG42010624,UTW Pro Heated Glove Blk 2X,,,,Tech Gear 5.7 Inc (TECGE),Tech Gear 5.7 Inc,,,MWUG42010624,,Tools & Hardware>Abrasives & Polishing>Sanding Belts & Discs,"Tech Gear 5.7 Inc, UTW Pro Heated Glove Blk 2X, MWUG42010624",PRO HEATED GLOVE BLK 2X,UTW Pro Heated Glove Blk 2X MWUG42010624,UTW Pro Heated Glove Blk 2X MWUG42010624. High performance industrial and commercial grade utw pro heated glove blk 2x designed for professional applications.,UTW Pro Heated Glove Blk 2X,,,,,,,,,,,,,,,,,,,,,,,,,,,,,,,,,,,,,,,,,,,,,,,,,,,,,,,,,,,,,,,,,,,,,,,,,,,,,,,,,,,,,,,,,,,,,,,,,,,,,,,,,,,,,,,,,,,,,,,,,,,,,,,,,,,,,,,,,,,,,,,,,,,,,,,,,,,,,,,,,,,,,,,,,,,,,,,,,,,,,,,,,,,,,,,,,,,,,,,,,,,,,,,,,,,,,,,,,,,,,,,,
,,,,,,,Tools & Hardware,Power Tools,Blowers & Vacuums,,MWUG36010225,MWUG36010225 BLK SM Aerial Snow Heated Glove,,,,Tech Gear 5.7 Inc (TECGE),Tech Gear 5.7 Inc,,,MWUG36010225,,Tools & Hardware>Power Tools>Blowers & Sweepers,"Tech Gear 5.7 Inc, MWUG36010225 BLK SM Aerial Snow Heated Glove, MWUG36010225",BLK SM AERIAL SNOW HEATED GLOVE,MWUG36010225 BLK SM Aerial Snow Heated Glove MWUG36010225,MWUG36010225 BLK SM Aerial Snow Heated Glove MWUG36010225. High performance industrial and commercial grade mwug36010225 blk sm aerial snow heated glove designed for professional applications.,MWUG36010225 BLK SM Aerial Snow Heated Glove,,,,,,,,,,,,,,,,,,,,,,,,,,,,,,,,,,,,,,,,,,,,,,,,,,,,,,,,,,,,,,,,,,,,,,,,,,,,,,,,,,,,,,,,,,,,,,,,,,,,,,,,,,,,,,,,,,,,,,,,,,,,,,,,,,,,,,,,,,,,,,,,,,,,,,,,,,,,,,,,,,,,,,,,,,,,,,,,,,,,,,,,,,,,,,,,,,,,,,,,,,,,,,,,,,,,,,,,,,,,,,,,
,,,,,,,Tools & Hardware,Abrasives,Sanding Belts & Discs,,MWUG36010325,MWUG36010325 BLK MD Aerial Snow Heated Glove,,,,Tech Gear 5.7 Inc (TECGE),Tech Gear 5.7 Inc,,,MWUG36010325,,Tools & Hardware>Abrasives & Polishing>Sanding Belts & Discs,"Tech Gear 5.7 Inc, MWUG36010325 BLK MD Aerial Snow Heated Glove, MWUG36010325",BLK MD AERIAL SNOW HEATED GLOVE,MWUG36010325 BLK MD Aerial Snow Heated Glove MWUG36010325,MWUG36010325 BLK MD Aerial Snow Heated Glove MWUG36010325. High performance industrial and commercial grade mwug36010325 blk md aerial snow heated glove designed for professional applications.,MWUG36010325 BLK MD Aerial Snow Heated Glove,,,,,,,,,,,,,,,,,,,,,,,,,,,,,,,,,,,,,,,,,,,,,,,,,,,,,,,,,,,,,,,,,,,,,,,,,,,,,,,,,,,,,,,,,,,,,,,,,,,,,,,,,,,,,,,,,,,,,,,,,,,,,,,,,,,,,,,,,,,,,,,,,,,,,,,,,,,,,,,,,,,,,,,,,,,,,,,,,,,,,,,,,,,,,,,,,,,,,,,,,,,,,,,,,,,,,,,,,,,,,,,,
,,,,,,,Tools & Hardware,Power Tools,Blowers & Vacuums,,MWUG36010425,MWUG36010425 BLK LG Aerial Snow Heated Glove,,,,Tech Gear 5.7 Inc (TECGE),Tech Gear 5.7 Inc,,,MWUG36010425,,Tools & Hardware>Power Tools>Blowers & Sweepers,"Tech Gear 5.7 Inc, MWUG36010425 BLK LG Aerial Snow Heated Glove, MWUG36010425",BLK LG AERIAL SNOW HEATED GLOVE,MWUG36010425 BLK LG Aerial Snow Heated Glove MWUG36010425,MWUG36010425 BLK LG Aerial Snow Heated Glove MWUG36010425. High performance industrial and commercial grade mwug36010425 blk lg aerial snow heated glove designed for professional applications.,MWUG36010425 BLK LG Aerial Snow Heated Glove,,,,,,,,,,,,,,,,,,,,,,,,,,,,,,,,,,,,,,,,,,,,,,,,,,,,,,,,,,,,,,,,,,,,,,,,,,,,,,,,,,,,,,,,,,,,,,,,,,,,,,,,,,,,,,,,,,,,,,,,,,,,,,,,,,,,,,,,,,,,,,,,,,,,,,,,,,,,,,,,,,,,,,,,,,,,,,,,,,,,,,,,,,,,,,,,,,,,,,,,,,,,,,,,,,,,,,,,,,,,,,,,
,,,,,,,Tools & Hardware,Power Tools,Blowers & Vacuums,,MWUG36010525,MWUG36010525 BLK XL Aerial Snow Heated Glove,,,,Tech Gear 5.7 Inc (TECGE),Tech Gear 5.7 Inc,,,MWUG36010525,,Tools & Hardware>Power Tools>Blowers & Sweepers,"Tech Gear 5.7 Inc, MWUG36010525 BLK XL Aerial Snow Heated Glove, MWUG36010525",BLK XL AERIAL SNOW HEATED GLOVE,MWUG36010525 BLK XL Aerial Snow Heated Glove MWUG36010525,MWUG36010525 BLK XL Aerial Snow Heated Glove MWUG36010525. High performance industrial and commercial grade mwug36010525 blk xl aerial snow heated glove designed for professional applications.,MWUG36010525 BLK XL Aerial Snow Heated Glove,,,,,,,,,,,,,,,,,,,,,,,,,,,,,,,,,,,,,,,,,,,,,,,,,,,,,,,,,,,,,,,,,,,,,,,,,,,,,,,,,,,,,,,,,,,,,,,,,,,,,,,,,,,,,,,,,,,,,,,,,,,,,,,,,,,,,,,,,,,,,,,,,,,,,,,,,,,,,,,,,,,,,,,,,,,,,,,,,,,,,,,,,,,,,,,,,,,,,,,,,,,,,,,,,,,,,,,,,,,,,,,,
,,,,,,,Tools & Hardware,Power Tools,Blowers & Vacuums,,MWUG36010625,MWUG36010625 BLK 2X Aerial Snow Heated Glove,,,,Tech Gear 5.7 Inc (TECGE),Tech Gear 5.7 Inc,,,MWUG36010625,,Tools & Hardware>Power Tools>Blowers & Sweepers,"Tech Gear 5.7 Inc, MWUG36010625 BLK 2X Aerial Snow Heated Glove, MWUG36010625",BLK 2X AERIAL SNOW HEATED GLOVE,MWUG36010625 BLK 2X Aerial Snow Heated Glove MWUG36010625,MWUG36010625 BLK 2X Aerial Snow Heated Glove MWUG36010625. High performance industrial and commercial grade mwug36010625 blk 2x aerial snow heated glove designed for professional applications.,MWUG36010625 BLK 2X Aerial Snow Heated Glove,,,,,,,,,,,,,,,,,,,,,,,,,,,,,,,,,,,,,,,,,,,,,,,,,,,,,,,,,,,,,,,,,,,,,,,,,,,,,,,,,,,,,,,,,,,,,,,,,,,,,,,,,,,,,,,,,,,,,,,,,,,,,,,,,,,,,,,,,,,,,,,,,,,,,,,,,,,,,,,,,,,,,,,,,,,,,,,,,,,,,,,,,,,,,,,,,,,,,,,,,,,,,,,,,,,,,,,,,,,,,,,,
,,,,,,,Tools & Hardware,Power Tools,Saws & Blades,,DPG15,DPG15 Dewalt AM/FM Hearing Protector,,,,Radians (7363),Radians,DeWalt,,DPG15,,Tools & Hardware>Power Tools>Power Saws,"Radians, DeWalt, DPG15 Dewalt AM/FM Hearing Protector, DPG15",DEWALT AM/FM HEARING PROTECTOR,DeWalt DPG15 Dewalt AM/FM Hearing Protector DPG15,DeWalt DPG15 Dewalt AM/FM Hearing Protector DPG15. High performance industrial and commercial grade dpg15 dewalt am/fm hearing protector designed for professional applications.,DeWalt DPG15 Dewalt AM/FM Hearing Protector,,,,,,,,,,,,,,,,,,,,,,,,,,,,,,,,,,,,,,,,,,,,,,,,,,,,,,,,,,,,,,,,,,,,,,,,,,,,,,,,,,,,,,,,,,,,,,,,,,,,,,,,,,,,,,,,,,,,,,,,,,,,,,,,,,,,,,,,,,,,,,,,,,,,,,,,,,,,,,,,,,,,,,,,,,,,,,,,,,,,,,,,,,,,,,,,,,,,,,,,,,,,,,,,,,,,,,,,,,,,,,,,
,,,,,,,Lighting & Ceiling Fans,Commercial Lighting,Wrap & Strip Lights,,F200B-21L,F200B-21L Milw M12 Womens - BLK Heated Hoodie Kit L,,,,Milwaukee Accessory (4031),Milwaukee Accessory,Milwaukee,,F200B-21L,,Lighting & Electrical>Light Fixtures>LED Wrap & Linear Fixtures,"Milwaukee Accessory, Milwaukee, F200B-21L Milw M12 Womens - BLK Heated Hoodie Kit L, F200B-21L",MILW M12 WOMENS - BLK HEATED HOODIE KIT L,Milwaukee F200B-21L Milw M12 Womens - BLK Heated Hoodie Kit L F200B-21L,Milwaukee F200B-21L Milw M12 Womens - BLK Heated Hoodie Kit L F200B-21L. High performance industrial and commercial grade f200b-21l milw m12 womens - blk heated hoodie kit l designed for professional applications.,Milwaukee F200B-21L Milw M12 Womens - BLK Heated Hoodie Kit L,,,,,,,,,,,,,,,,,,,,,,,,,,,,,,,,,,,,,,,,,,,,,,,,,,,,,,,,,,,,,,,,,,,,,,,,,,,,,,,,,,,,,,,,,,,,,,,,,,,,,,,,,,,,,,,,,,,,,,,,,,,,,,,,,,,,,,,,,,,,,,,,,,,,,,,,,,,,,,,,,,,,,,,,,,,,,,,,,,,,,,,,,,,,,,,,,,,,,,,,,,,,,,,,,,,,,,,,,,,,,,,,
,,,,,,,Lighting & Ceiling Fans,Commercial Lighting,Wrap & Strip Lights,,F200B-21M,F200B-21M Milw M12 Womens - BLK Heated Hoodie Kit M,,,,Milwaukee Accessory (4031),Milwaukee Accessory,Milwaukee,,F200B-21M,,Lighting & Electrical>Light Fixtures>LED Wrap & Linear Fixtures,"Milwaukee Accessory, Milwaukee, F200B-21M Milw M12 Womens - BLK Heated Hoodie Kit M, F200B-21M",MILW M12 WOMENS - BLK HEATED HOODIE KIT M,Milwaukee F200B-21M Milw M12 Womens - BLK Heated Hoodie Kit M F200B-21M,Milwaukee F200B-21M Milw M12 Womens - BLK Heated Hoodie Kit M F200B-21M. High performance industrial and commercial grade f200b-21m milw m12 womens - blk heated hoodie kit m designed for professional applications.,Milwaukee F200B-21M Milw M12 Womens - BLK Heated Hoodie Kit M,,,,,,,,,,,,,,,,,,,,,,,,,,,,,,,,,,,,,,,,,,,,,,,,,,,,,,,,,,,,,,,,,,,,,,,,,,,,,,,,,,,,,,,,,,,,,,,,,,,,,,,,,,,,,,,,,,,,,,,,,,,,,,,,,,,,,,,,,,,,,,,,,,,,,,,,,,,,,,,,,,,,,,,,,,,,,,,,,,,,,,,,,,,,,,,,,,,,,,,,,,,,,,,,,,,,,,,,,,,,,,,,
,,,,,,,Lighting & Ceiling Fans,Commercial Lighting,Wrap & Strip Lights,,M200B-21L,M200B-21L Milw M12 BLK - Heated Hoodie Kit L,,,,Milwaukee Accessory (4031),Milwaukee Accessory,Milwaukee,,M200B-21L,,Lighting & Electrical>Light Fixtures>LED Wrap & Linear Fixtures,"Milwaukee Accessory, Milwaukee, M200B-21L Milw M12 BLK - Heated Hoodie Kit L, M200B-21L",MILW M12 BLK - HEATED HOODIE KIT L,Milwaukee M200B-21L Milw M12 BLK - Heated Hoodie Kit L M200B-21L,Milwaukee M200B-21L Milw M12 BLK - Heated Hoodie Kit L M200B-21L. High performance industrial and commercial grade m200b-21l milw m12 blk - heated hoodie kit l designed for professional applications.,Milwaukee M200B-21L Milw M12 BLK - Heated Hoodie Kit L,,,,,,,,,,,,,,,,,,,,,,,,,,,,,,,,,,,,,,,,,,,,,,,,,,,,,,,,,,,,,,,,,,,,,,,,,,,,,,,,,,,,,,,,,,,,,,,,,,,,,,,,,,,,,,,,,,,,,,,,,,,,,,,,,,,,,,,,,,,,,,,,,,,,,,,,,,,,,,,,,,,,,,,,,,,,,,,,,,,,,,,,,,,,,,,,,,,,,,,,,,,,,,,,,,,,,,,,,,,,,,,,
,,,,,,,Lighting & Ceiling Fans,Commercial Lighting,Wrap & Strip Lights,,M200B-21M,M200B-21M Milw M12 BLK - Heated Hoodie Kit M,,,,Milwaukee Accessory (4031),Milwaukee Accessory,Milwaukee,,M200B-21M,,Lighting & Electrical>Light Fixtures>LED Wrap & Linear Fixtures,"Milwaukee Accessory, Milwaukee, M200B-21M Milw M12 BLK - Heated Hoodie Kit M, M200B-21M",MILW M12 BLK - HEATED HOODIE KIT M,Milwaukee M200B-21M Milw M12 BLK - Heated Hoodie Kit M M200B-21M,Milwaukee M200B-21M Milw M12 BLK - Heated Hoodie Kit M M200B-21M. High performance industrial and commercial grade m200b-21m milw m12 blk - heated hoodie kit m designed for professional applications.,Milwaukee M200B-21M Milw M12 BLK - Heated Hoodie Kit M,,,,,,,,,,,,,,,,,,,,,,,,,,,,,,,,,,,,,,,,,,,,,,,,,,,,,,,,,,,,,,,,,,,,,,,,,,,,,,,,,,,,,,,,,,,,,,,,,,,,,,,,,,,,,,,,,,,,,,,,,,,,,,,,,,,,,,,,,,,,,,,,,,,,,,,,,,,,,,,,,,,,,,,,,,,,,,,,,,,,,,,,,,,,,,,,,,,,,,,,,,,,,,,,,,,,,,,,,,,,,,,,
,,,,,,,Lighting & Ceiling Fans,Commercial Lighting,Wrap & Strip Lights,,M200B-21XL,M200B-21XL Milw M12 BLK - Heated Hoodie Kit XL,,,,Milwaukee Accessory (4031),Milwaukee Accessory,Milwaukee,,M200B-21XL,,Lighting & Electrical>Light Fixtures>LED Wrap & Linear Fixtures,"Milwaukee Accessory, Milwaukee, M200B-21XL Milw M12 BLK - Heated Hoodie Kit XL, M200B-21XL",MILW M12 BLK - HEATED HOODIE KIT XL,Milwaukee M200B-21XL Milw M12 BLK - Heated Hoodie Kit XL M200B-21XL,Milwaukee M200B-21XL Milw M12 BLK - Heated Hoodie Kit XL M200B-21XL. High performance industrial and commercial grade m200b-21xl milw m12 blk - heated hoodie kit xl designed for professional applications.,Milwaukee M200B-21XL Milw M12 BLK - Heated Hoodie Kit XL,,,,,,,,,,,,,,,,,,,,,,,,,,,,,,,,,,,,,,,,,,,,,,,,,,,,,,,,,,,,,,,,,,,,,,,,,,,,,,,,,,,,,,,,,,,,,,,,,,,,,,,,,,,,,,,,,,,,,,,,,,,,,,,,,,,,,,,,,,,,,,,,,,,,,,,,,,,,,,,,,,,,,,,,,,,,,,,,,,,,,,,,,,,,,,,,,,,,,,,,,,,,,,,,,,,,,,,,,,,,,,,,
,,,,,,,Lighting & Ceiling Fans,Commercial Lighting,Wrap & Strip Lights,,M200G-21L,M200G-21L Milw M12 Gray - Heated Hoodie Kit L,,,,Milwaukee Accessory (4031),Milwaukee Accessory,Milwaukee,,M200G-21L,,Lighting & Electrical>Light Fixtures>LED Wrap & Linear Fixtures,"Milwaukee Accessory, Milwaukee, M200G-21L Milw M12 Gray - Heated Hoodie Kit L, M200G-21L",MILW M12 GRAY - HEATED HOODIE KIT L,Milwaukee M200G-21L Milw M12 Gray - Heated Hoodie Kit L M200G-21L,Milwaukee M200G-21L Milw M12 Gray - Heated Hoodie Kit L M200G-21L. High performance industrial and commercial grade m200g-21l milw m12 gray - heated hoodie kit l designed for professional applications.,Milwaukee M200G-21L Milw M12 Gray - Heated Hoodie Kit L,,,,,,,,,,,,,,,,,,,,,,,,,,,,,,,,,,,,,,,,,,,,,,,,,,,,,,,,,,,,,,,,,,,,,,,,,,,,,,,,,,,,,,,,,,,,,,,,,,,,,,,,,,,,,,,,,,,,,,,,,,,,,,,,,,,,,,,,,,,,,,,,,,,,,,,,,,,,,,,,,,,,,,,,,,,,,,,,,,,,,,,,,,,,,,,,,,,,,,,,,,,,,,,,,,,,,,,,,,,,,,,,
,,,,,,,Lighting & Ceiling Fans,Commercial Lighting,Wrap & Strip Lights,,M200G-21M,M200G-21M Milw M12 Gray - Heated Hoodie Kit M,,,,Milwaukee Accessory (4031),Milwaukee Accessory,Milwaukee,,M200G-21M,,Lighting & Electrical>Light Fixtures>LED Wrap & Linear Fixtures,"Milwaukee Accessory, Milwaukee, M200G-21M Milw M12 Gray - Heated Hoodie Kit M, M200G-21M",MILW M12 GRAY - HEATED HOODIE KIT M,Milwaukee M200G-21M Milw M12 Gray - Heated Hoodie Kit M M200G-21M,Milwaukee M200G-21M Milw M12 Gray - Heated Hoodie Kit M M200G-21M. High performance industrial and commercial grade m200g-21m milw m12 gray - heated hoodie kit m designed for professional applications.,Milwaukee M200G-21M Milw M12 Gray - Heated Hoodie Kit M,,,,,,,,,,,,,,,,,,,,,,,,,,,,,,,,,,,,,,,,,,,,,,,,,,,,,,,,,,,,,,,,,,,,,,,,,,,,,,,,,,,,,,,,,,,,,,,,,,,,,,,,,,,,,,,,,,,,,,,,,,,,,,,,,,,,,,,,,,,,,,,,,,,,,,,,,,,,,,,,,,,,,,,,,,,,,,,,,,,,,,,,,,,,,,,,,,,,,,,,,,,,,,,,,,,,,,,,,,,,,,,,
,,,,,,,Lighting & Ceiling Fans,Commercial Lighting,Wrap & Strip Lights,,M200G-21XL,M200G-21XL Milw M12 Gray - Heated Hoodie Kit XL,,,,Milwaukee Accessory (4031),Milwaukee Accessory,Milwaukee,,M200G-21XL,,Lighting & Electrical>Light Fixtures>LED Wrap & Linear Fixtures,"Milwaukee Accessory, Milwaukee, M200G-21XL Milw M12 Gray - Heated Hoodie Kit XL, M200G-21XL",MILW M12 GRAY - HEATED HOODIE KIT XL,Milwaukee M200G-21XL Milw M12 Gray - Heated Hoodie Kit XL M200G-21XL,Milwaukee M200G-21XL Milw M12 Gray - Heated Hoodie Kit XL M200G-21XL. High performance industrial and commercial grade m200g-21xl milw m12 gray - heated hoodie kit xl designed for professional applications.,Milwaukee M200G-21XL Milw M12 Gray - Heated Hoodie Kit XL,,,,,,,,,,,,,,,,,,,,,,,,,,,,,,,,,,,,,,,,,,,,,,,,,,,,,,,,,,,,,,,,,,,,,,,,,,,,,,,,,,,,,,,,,,,,,,,,,,,,,,,,,,,,,,,,,,,,,,,,,,,,,,,,,,,,,,,,,,,,,,,,,,,,,,,,,,,,,,,,,,,,,,,,,,,,,,,,,,,,,,,,,,,,,,,,,,,,,,,,,,,,,,,,,,,,,,,,,,,,,,,,
,,,,,,,Tools & Hardware,Power Tools,Blowers & Vacuums,,48-11-2330,48-11-2330 Milw Heated Gear Power Source,,,,Milwaukee Accessory (4031),Milwaukee Accessory,Milwaukee,,48-11-2330,,Tools & Hardware>Power Tools>Blowers & Sweepers,"Milwaukee Accessory, Milwaukee, 48-11-2330 Milw Heated Gear Power Source, 48-11-2330",MILW HEATED GEAR POWER SOURCE,Milwaukee 48-11-2330 Milw Heated Gear Power Source 48-11-2330,Milwaukee 48-11-2330 Milw Heated Gear Power Source 48-11-2330. High performance industrial and commercial grade 48-11-2330 milw heated gear power source designed for professional applications.,Milwaukee 48-11-2330 Milw Heated Gear Power Source,,,,,,,,,,,,,,,,,,,,,,,,,,,,,,,,,,,,,,,,,,,,,,,,,,,,,,,,,,,,,,,,,,,,,,,,,,,,,,,,,,,,,,,,,,,,,,,,,,,,,,,,,,,,,,,,,,,,,,,,,,,,,,,,,,,,,,,,,,,,,,,,,,,,,,,,,,,,,,,,,,,,,,,,,,,,,,,,,,,,,,,,,,,,,,,,,,,,,,,,,,,,,,,,,,,,,,,,,,,,,,,,
,,,,,,,Electrical,Fittings & Conduit,Cord Grips & Connectors,,DCBP250C,DCBP520C Dewalt Starter Kit,,,DEWALT,Black & Decker/dewlt (2585),Black & Decker/dewlt,DEWALT,,DCBP250C,,Electrical>Conduit & Fittings>Cord Grips & Connectors,"Black & Decker/dewlt, DEWALT, DCBP520C Dewalt Starter Kit, DCBP250C",DEWALT STARTER KIT,DEWALT DCBP520C Dewalt Starter Kit DCBP250C,DEWALT DCBP520C Dewalt Starter Kit DCBP250C. High performance industrial and commercial grade dcbp520c dewalt starter kit designed for professional applications.,DEWALT DCBP520C Dewalt Starter Kit,,,,,,,,,,,,,,,,,,,,,,,,,,,,,,,,,,,,,,,,,,,,,,,,,,,,,,,,,,,,,,,,,,,,,,,,,,,,,,,,,,,,,,,,,,,,,,,,,,,,,,,,,,,,,,,,,,,,,,,,,,,,,,,,,,,,,,,,,,,,,,,,,,,,,,,,,,,,,,,,,,,,,,,,,,,,,,,,,,,,,,,,,,,,,,,,,,,,,,,,,,,,,,,,,,,,,,,,,,,,,,,,
,,,,,,,Electrical,Fittings & Conduit,Cord Grips & Connectors,,5328,5328 Lg. Leather Phone Holster - Clip-on,,,,-,,,,5328,,Electrical>Conduit & Fittings>Cord Grips & Connectors,"5328 Lg. Leather Phone Holster - Clip-on, 5328",LG. LEATHER PHONE HOLSTER - CLIP-ON,5328 Lg. Leather Phone Holster - Clip-on 5328,5328 Lg. Leather Phone Holster - Clip-on 5328. High performance industrial and commercial grade 5328 lg. leather phone holster - clip-on designed for professional applications.,5328 Lg. Leather Phone Holster - Clip-on,,,,,,,,,,,,,,,,,,,,,,,,,,,,,,,,,,,,,,,,,,,,,,,,,,,,,,,,,,,,,,,,,,,,,,,,,,,,,,,,,,,,,,,,,,,,,,,,,,,,,,,,,,,,,,,,,,,,,,,,,,,,,,,,,,,,,,,,,,,,,,,,,,,,,,,,,,,,,,,,,,,,,,,,,,,,,,,,,,,,,,,,,,,,,,,,,,,,,,,,,,,,,,,,,,,,,,,,,,,,,,,,
,,,,,,,Tools & Hardware,Power Tools,Blowers & Vacuums,,3200-20,3200-20 Milw Voltage Detector,,,,Milwaukee Accessory (4031),Milwaukee Accessory,Milwaukee,,3200-20,,Tools & Hardware>Power Tools>Blowers & Sweepers,"Milwaukee Accessory, Milwaukee, 3200-20 Milw Voltage Detector, 3200-20",MILW VOLTAGE DETECTOR,Milwaukee 3200-20 Milw Voltage Detector 3200-20,Milwaukee 3200-20 Milw Voltage Detector 3200-20. High performance industrial and commercial grade 3200-20 milw voltage detector designed for professional applications.,Milwaukee 3200-20 Milw Voltage Detector,,,,,,,,,,,,,,,,,,,,,,,,,,,,,,,,,,,,,,,,,,,,,,,,,,,,,,,,,,,,,,,,,,,,,,,,,,,,,,,,,,,,,,,,,,,,,,,,,,,,,,,,,,,,,,,,,,,,,,,,,,,,,,,,,,,,,,,,,,,,,,,,,,,,,,,,,,,,,,,,,,,,,,,,,,,,,,,,,,,,,,,,,,,,,,,,,,,,,,,,,,,,,,,,,,,,,,,,,,,,,,,,
,,,,,,,Lighting & Ceiling Fans,Light Bulbs,LED Bulbs,,3202-20,3202-20 Milw Voltage Detector w/ LED,,,,Milwaukee Accessory (4031),Milwaukee Accessory,Milwaukee,,3202-20,,Lighting & Electrical>Light Bulbs>LED Bulbs,"Milwaukee Accessory, Milwaukee, 3202-20 Milw Voltage Detector w/ LED, 3202-20",MILW VOLTAGE DETECTOR W/ LED,Milwaukee 3202-20 Milw Voltage Detector w/ LED 3202-20,Milwaukee 3202-20 Milw Voltage Detector w/ LED 3202-20. High performance industrial and commercial grade 3202-20 milw voltage detector w/ led designed for professional applications.,Milwaukee 3202-20 Milw Voltage Detector w/ LED,,,,,,,,,,,,,,,,,,,,,,,,,,,,,,,,,,,,,,,,,,,,,,,,,,,,,,,,,,,,,,,,,,,,,,,,,,,,,,,,,,,,,,,,,,,,,,,,,,,,,,,,,,,,,,,,,,,,,,,,,,,,,,,,,,,,,,,,,,,,,,,,,,,,,,,,,,,,,,,,,,,,,,,,,,,,,,,,,,,,,,,,,,,,,,,,,,,,,,,,,,,,,,,,,,,,,,,,,,,,,,,,
,,,,,,,Tools & Hardware,Measuring & Layout,Levels & Lasers,,3203-20,3203-20 Milw Dual Range Voltage Detector w/ LED,,,,Milwaukee Accessory (4031),Milwaukee Accessory,Milwaukee,,3203-20,,Tools & Hardware>Hand Tools>Measuring & Layout Tools>Laser Levels,"Milwaukee Accessory, Milwaukee, Range, 3203-20",MILW DUAL RANGE VOLTAGE DETECTOR W/ LED,Milwaukee Range 3203-20,Milwaukee Range 3203-20. High performance industrial and commercial grade range designed for professional applications.,Milwaukee Range,,,,,,,,,,,,,,,,,,,,,,,,,,,Range,,,,,,,,,,,,,,,,,,,,,,,,,,,,,,,,,,,,,,,,,,,,,,,,,,,,,,,,,,,,,,,,,,,,,,,,,,,,,,,,,,,,,,,,,,,,,,,,,,,,,,,,,,,,,,,,,,,,,,,,,,,,,,,,,,,,,,,,,,,,,,,,,,,,,,,,,,,,,,,,,,,,,,,,,,,,,,,,,,,,,,,,,,,,,,,,,,,,,
,,,,,,,Tools & Hardware,Measuring & Layout,Levels & Lasers,,BC-12300,"BC-12300 BigCal 12""/300mm",,,,Woodpeckers Inc (WOODP),Woodpeckers Inc,,,BC-12300,,Tools & Hardware>Hand Tools>Measuring & Layout Tools>Laser Levels,"Woodpeckers Inc, BC-12300 BigCal 12""/300mm, BC-12300","BIGCAL 12""/300MM","BC-12300 BigCal 12""/300mm BC-12300","BC-12300 BigCal 12""/300mm BC-12300. High performance industrial and commercial grade bc-12300 bigcal 12""/300mm designed for professional applications.","BC-12300 BigCal 12""/300mm",,,,,,,,,,,,,,,,,,,,,,,,,,,,,,,,,,,,,,,,,,,,,,,,,,,,,,,,,,,,,,,,,,,,,,,,,,,,,,,,,,,,,,,,,,,,,,,,,,,,,,,,,,,,,,,,,,,,,,,,,,,,,,,,,,,,,,,,,,,,,,,,,,,,,,,,,,,,,,,,,,,,,,,,,,,,,,,,,,,,,,,,,,,,,,,,,,,,,,,,,,,,,,,,,,,,,,,,,,,,,,,,
,,,,,,,Tools & Hardware,Measuring & Layout,Levels & Lasers,,BC-24600,"BC-24600 BigCal 24""/600mm",,,,Woodpeckers Inc (WOODP),Woodpeckers Inc,,,BC-24600,,Tools & Hardware>Hand Tools>Measuring & Layout Tools>Laser Levels,"Woodpeckers Inc, BC-24600 BigCal 24""/600mm, BC-24600","BIGCAL 24""/600MM","BC-24600 BigCal 24""/600mm BC-24600","BC-24600 BigCal 24""/600mm BC-24600. High performance industrial and commercial grade bc-24600 bigcal 24""/600mm designed for professional applications.","BC-24600 BigCal 24""/600mm",,,,,,,,,,,,,,,,,,,,,,,,,,,,,,,,,,,,,,,,,,,,,,,,,,,,,,,,,,,,,,,,,,,,,,,,,,,,,,,,,,,,,,,,,,,,,,,,,,,,,,,,,,,,,,,,,,,,,,,,,,,,,,,,,,,,,,,,,,,,,,,,,,,,,,,,,,,,,,,,,,,,,,,,,,,,,,,,,,,,,,,,,,,,,,,,,,,,,,,,,,,,,,,,,,,,,,,,,,,,,,,,
,,,,,,,Tools & Hardware,Measuring & Layout,Levels & Lasers,,DW08302CG,DW08302CG Dewalt Laser - Green 3 Spot,,,DEWALT,Black & Decker/dewlt (2585),Black & Decker/dewlt,DEWALT,,DW08302CG,,Tools & Hardware>Hand Tools>Measuring & Layout Tools>Laser Levels,"Black & Decker/dewlt, DEWALT, Laser, DW08302CG",DEWALT LASER - GREEN 3 SPOT,DEWALT Laser DW08302CG,DEWALT Laser DW08302CG. High performance industrial and commercial grade laser designed for professional applications.,DEWALT Laser,,,,,,,,,,,,,,,,,,,,,,,,,,,Laser,,,,,,,,,,,,,,,,,,,,,,,,,,,,,,,,,,,,,,,,,,,,,,,,,,,,,,,,,,,,,,,,,,,,,,,,,,,,,,,,,,,,,,,,,,,,,,,,,,,,,,,,,,,,,,,,,,,,,,,,,,,,,,,,,,,,,,,,,,,,,,,,,,,,,,,,,,,,,,,,,,,,,,,,,,,,,,,,,,,,,,,,,,,,,,,,,,,,,
,,,,,,,Tools & Hardware,Measuring & Layout,Levels & Lasers,,GCL165-42GL,GCL165--42GL Cross Line Laser,,,,Robt Bosch Tool Corp (6564),Robt Bosch Tool Corp,,,GCL165-42GL,,Tools & Hardware>Hand Tools>Measuring & Layout Tools>Laser Levels,"Robt Bosch Tool Corp, Laser, GCL165-42GL",CROSS LINE LASER,Laser GCL165-42GL,Laser GCL165-42GL. High performance industrial and commercial grade laser designed for professional applications.,Laser,,,,,,,,,,,,,,,,,,,,,,,,,,,Laser,,,,,,,,,,,,,,,,,,,,,,,,,,,,,,,,,,,,,,,,,,,,,,,,,,,,,,,,,,,,,,,,,,,,,,,,,,,,,,,,,,,,,,,,,,,,,,,,,,,,,,,,,,,,,,,,,,,,,,,,,,,,,,,,,,,,,,,,,,,,,,,,,,,,,,,,,,,,,,,,,,,,,,,,,,,,,,,,,,,,,,,,,,,,,,,,,,,,,
,,,,,,,Tools & Hardware,Measuring & Layout,Levels & Lasers,,DW08802CG,DW08802CG Dewalt Laser Green - Self-Level Cross Line,,,DEWALT,Black & Decker/dewlt (2585),Black & Decker/dewlt,DEWALT,,DW08802CG,,Tools & Hardware>Hand Tools>Measuring & Layout Tools>Laser Levels,"Black & Decker/dewlt, DEWALT, Laser, DW08802CG",DEWALT LASER GREEN - SELF-LEVEL CROSS LINE,DEWALT Laser DW08802CG,DEWALT Laser DW08802CG. High performance industrial and commercial grade laser designed for professional applications.,DEWALT Laser,,,,,,,,,,,,,,,,,,,,,,,,,,,Laser,,,,,,,,,,,,,,,,,,,,,,,,,,,,,,,,,,,,,,,,,,,,,,,,,,,,,,,,,,,,,,,,,,,,,,,,,,,,,,,,,,,,,,,,,,,,,,,,,,,,,,,,,,,,,,,,,,,,,,,,,,,,,,,,,,,,,,,,,,,,,,,,,,,,,,,,,,,,,,,,,,,,,,,,,,,,,,,,,,,,,,,,,,,,,,,,,,,,,
,,,,,,,Tools & Hardware,Measuring & Layout,Levels & Lasers,,DW088CG,DW088CG Dewalt Laser - Green Cross Line,,,DEWALT,Black & Decker/dewlt (2585),Black & Decker/dewlt,DEWALT,,DW088CG,,Tools & Hardware>Hand Tools>Measuring & Layout Tools>Laser Levels,"Black & Decker/dewlt, DEWALT, Laser, DW088CG",DEWALT LASER - GREEN CROSS LINE,DEWALT Laser DW088CG,DEWALT Laser DW088CG. High performance industrial and commercial grade laser designed for professional applications.,DEWALT Laser,,,,,,,,,,,,,,,,,,,,,,,,,,,Laser,,,,,,,,,,,,,,,,,,,,,,,,,,,,,,,,,,,,,,,,,,,,,,,,,,,,,,,,,,,,,,,,,,,,,,,,,,,,,,,,,,,,,,,,,,,,,,,,,,,,,,,,,,,,,,,,,,,,,,,,,,,,,,,,,,,,,,,,,,,,,,,,,,,,,,,,,,,,,,,,,,,,,,,,,,,,,,,,,,,,,,,,,,,,,,,,,,,,,
,,,,,,,Tools & Hardware,Measuring & Layout,Levels & Lasers,,DW089CG,DW089CG Dewalt Laser Level - 3 Line 30ft Range,,,DEWALT,Black & Decker/dewlt (2585),Black & Decker/dewlt,DEWALT,,DW089CG,,Tools & Hardware>Hand Tools>Measuring & Layout Tools>Laser Levels,"Black & Decker/dewlt, DEWALT, Range, DW089CG",DEWALT LASER LEVEL - 3 LINE 30FT RANGE,DEWALT Range DW089CG,DEWALT Range DW089CG. High performance industrial and commercial grade range designed for professional applications.,DEWALT Range,,,,,,,,,,,,,,,,,,,,,,,,,,,Range,,,,,,,,,,,,,,,,,,,,,,,,,,,,,,,,,,,,,,,,,,,,,,,,,,,,,,,,,,,,,,,,,,,,,,,,,,,,,,,,,,,,,,,,,,,,,,,,,,,,,,,,,,,,,,,,,,,,,,,,,,,,,,,,,,,,,,,,,,,,,,,,,,,,,,,,,,,,,,,,,,,,,,,,,,,,,,,,,,,,,,,,,,,,,,,,,,,,,
,,,,,,,Tools & Hardware,Measuring & Layout,Levels & Lasers,,DCLE34520GB,DCLE34520GB Dewalt Laser 20V - Cross Line 5 Spot (Bare),,,DEWALT,Black & Decker/dewlt (2585),Black & Decker/dewlt,DEWALT,,DCLE34520GB,,Tools & Hardware>Hand Tools>Measuring & Layout Tools>Laser Levels,"Black & Decker/dewlt, DEWALT, Laser, DCLE34520GB",DEWALT LASER 20V - CROSS LINE 5 SPOT (BARE),DEWALT Laser DCLE34520GB,DEWALT Laser DCLE34520GB. High performance industrial and commercial grade laser designed for professional applications.,DEWALT Laser,,,,,,,,,,,,,,,,,,,,,,,,,,,Laser,,,,,,,,,,,,,,,,,,,,,,,,,,,,,,,,,,,,,,,,,,,,,,,,,,,,,,,,,,,,,,,,,,,,,,,,,,,,,,,,,,,,,,,,,,,,,,,,,,,,,,,,,,,,,,,,,,,,,,,,,,,,,,,,,,,,,,,,,,,,,,,,,,,,,,,,,,,,,,,,,,,,,,,,,,,,,,,,,,,,,,,,,,,,,,,,,,,,,
,,,,,,,Tools & Hardware,Measuring & Layout,Levels & Lasers,,DCLE34031B,DCLE34031B Dewalt Line Laser - 20V Self-Leveling (Bare),,,DEWALT,Black & Decker/dewlt (2585),Black & Decker/dewlt,DEWALT,,DCLE34031B,,Tools & Hardware>Hand Tools>Measuring & Layout Tools>Laser Levels,"Black & Decker/dewlt, DEWALT, Laser, DCLE34031B",DEWALT LINE LASER - 20V SELF-LEVELING (BARE),DEWALT Laser DCLE34031B,DEWALT Laser DCLE34031B. High performance industrial and commercial grade laser designed for professional applications.,DEWALT Laser,,,,,,,,,,,,,,,,,,,,,,,,,,,Laser,,,,,,,,,,,,,,,,,,,,,,,,,,,,,,,,,,,,,,,,,,,,,,,,,,,,,,,,,,,,,,,,,,,,,,,,,,,,,,,,,,,,,,,,,,,,,,,,,,,,,,,,,,,,,,,,,,,,,,,,,,,,,,,,,,,,,,,,,,,,,,,,,,,,,,,,,,,,,,,,,,,,,,,,,,,,,,,,,,,,,,,,,,,,,,,,,,,,,
,,,,,,,Tools & Hardware,Measuring & Layout,Levels & Lasers,,DW0822CG,DW0822CG Dewalt Cross Line - Plumb Spots Laser-Green,,,DEWALT,Black & Decker/dewlt (2585),Black & Decker/dewlt,DEWALT,,DW0822CG,,Tools & Hardware>Hand Tools>Measuring & Layout Tools>Laser Levels,"Black & Decker/dewlt, DEWALT, Laser, DW0822CG",DEWALT CROSS LINE - PLUMB SPOTS LASER-GREEN,DEWALT Laser DW0822CG,DEWALT Laser DW0822CG. High performance industrial and commercial grade laser designed for professional applications.,DEWALT Laser,,,,,,,,,,,,,,,,,,,,,,,,,,,Laser,,,,,,,,,,,,,,,,,,,,,,,,,,,,,,,,,,,,,,,,,,,,,,,,,,,,,,,,,,,,,,,,,,,,,,,,,,,,,,,,,,,,,,,,,,,,,,,,,,,,,,,,,,,,,,,,,,,,,,,,,,,,,,,,,,,,,,,,,,,,,,,,,,,,,,,,,,,,,,,,,,,,,,,,,,,,,,,,,,,,,,,,,,,,,,,,,,,,,
,,,,,,,Building Materials,Decking & Railing,Railing Kits,,25459,25459 Mason Line Brd Orange - 500',,,,U S Tape Company (6694),U S Tape Company,,,25459,,Building Materials>Decking & Porch>Railing Kits & Balusters,"U S Tape Company, 25459 Mason Line Brd Orange - 500', 25459",MASON LINE BRD ORANGE - 500',25459 Mason Line Brd Orange - 500' 25459,25459 Mason Line Brd Orange - 500' 25459. High performance industrial and commercial grade 25459 mason line brd orange - 500' designed for professional applications.,25459 Mason Line Brd Orange - 500',,,,,,,,,,,,,,,,,,,,,,,,,,,,,,,,,,,,,,,,,,,,,,,,,,,,,,,,,,,,,,,,,,,,,,,,,,,,,,,,,,,,,,,,,,,,,,,,,,,,,,,,,,,,,,,,,,,,,,,,,,,,,,,,,,,,,,,,,,,,,,,,,,,,,,,,,,,,,,,,,,,,,,,,,,,,,,,,,,,,,,,,,,,,,,,,,,,,,,,,,,,,,,,,,,,,,,,,,,,,,,,,
,,,,,,,Electrical,Fittings & Conduit,Cord Grips & Connectors,,35459,35459 Mason Line Brd Orange - 500' Replacement,,,,U S Tape Company (6694),U S Tape Company,,,35459,,Electrical>Conduit & Fittings>Cord Grips & Connectors,"U S Tape Company, 35459 Mason Line Brd Orange - 500' Replacement, 35459",MASON LINE BRD ORANGE - 500' REPLACEMENT,35459 Mason Line Brd Orange - 500' Replacement 35459,35459 Mason Line Brd Orange - 500' Replacement 35459. High performance industrial and commercial grade 35459 mason line brd orange - 500' replacement designed for professional applications.,35459 Mason Line Brd Orange - 500' Replacement,,,,,,,,,,,,,,,,,,,,,,,,,,,,,,,,,,,,,,,,,,,,,,,,,,,,,,,,,,,,,,,,,,,,,,,,,,,,,,,,,,,,,,,,,,,,,,,,,,,,,,,,,,,,,,,,,,,,,,,,,,,,,,,,,,,,,,,,,,,,,,,,,,,,,,,,,,,,,,,,,,,,,,,,,,,,,,,,,,,,,,,,,,,,,,,,,,,,,,,,,,,,,,,,,,,,,,,,,,,,,,,,
,,,,,,,Building Materials,Decking & Railing,Railing Kits,,25759,25759 Mason Line Brd Orange - 1000',,,,U S Tape Company (6694),U S Tape Company,,,25759,,Building Materials>Decking & Porch>Railing Kits & Balusters,"U S Tape Company, 25759 Mason Line Brd Orange - 1000', 25759",MASON LINE BRD ORANGE - 1000',25759 Mason Line Brd Orange - 1000' 25759,25759 Mason Line Brd Orange - 1000' 25759. High performance industrial and commercial grade 25759 mason line brd orange - 1000' designed for professional applications.,25759 Mason Line Brd Orange - 1000',,,,,,,,,,,,,,,,,,,,,,,,,,,,,,,,,,,,,,,,,,,,,,,,,,,,,,,,,,,,,,,,,,,,,,,,,,,,,,,,,,,,,,,,,,,,,,,,,,,,,,,,,,,,,,,,,,,,,,,,,,,,,,,,,,,,,,,,,,,,,,,,,,,,,,,,,,,,,,,,,,,,,,,,,,,,,,,,,,,,,,,,,,,,,,,,,,,,,,,,,,,,,,,,,,,,,,,,,,,,,,,,
,,,,,,,Electrical,Fittings & Conduit,Cord Grips & Connectors,,35112,35112 Mason Line Twist Yellow - 270',,,,U S Tape Company (6694),U S Tape Company,,,35112,,Electrical>Conduit & Fittings>Cord Grips & Connectors,"U S Tape Company, 35112 Mason Line Twist Yellow - 270', 35112",MASON LINE TWIST YELLOW - 270',35112 Mason Line Twist Yellow - 270' 35112,35112 Mason Line Twist Yellow - 270' 35112. High performance industrial and commercial grade 35112 mason line twist yellow - 270' designed for professional applications.,35112 Mason Line Twist Yellow - 270',,,,,,,,,,,,,,,,,,,,,,,,,,,,,,,,,,,,,,,,,,,,,,,,,,,,,,,,,,,,,,,,,,,,,,,,,,,,,,,,,,,,,,,,,,,,,,,,,,,,,,,,,,,,,,,,,,,,,,,,,,,,,,,,,,,,,,,,,,,,,,,,,,,,,,,,,,,,,,,,,,,,,,,,,,,,,,,,,,,,,,,,,,,,,,,,,,,,,,,,,,,,,,,,,,,,,,,,,,,,,,,,
,,,,,,,Electrical,Fittings & Conduit,Cord Grips & Connectors,,35115,35115 Mason Line Twist Green - 270',,,,U S Tape Company (6694),U S Tape Company,,,35115,,Electrical>Conduit & Fittings>Cord Grips & Connectors,"U S Tape Company, 35115 Mason Line Twist Green - 270', 35115",MASON LINE TWIST GREEN - 270',35115 Mason Line Twist Green - 270' 35115,35115 Mason Line Twist Green - 270' 35115. High performance industrial and commercial grade 35115 mason line twist green - 270' designed for professional applications.,35115 Mason Line Twist Green - 270',,,,,,,,,,,,,,,,,,,,,,,,,,,,,,,,,,,,,,,,,,,,,,,,,,,,,,,,,,,,,,,,,,,,,,,,,,,,,,,,,,,,,,,,,,,,,,,,,,,,,,,,,,,,,,,,,,,,,,,,,,,,,,,,,,,,,,,,,,,,,,,,,,,,,,,,,,,,,,,,,,,,,,,,,,,,,,,,,,,,,,,,,,,,,,,,,,,,,,,,,,,,,,,,,,,,,,,,,,,,,,,,
,,,,,,,Electrical,Fittings & Conduit,Cord Grips & Connectors,,25168,25168 Mason Line Brd Green - 250',CENTURY COMPONENTS,,,U S Tape Company (6694),U S Tape Company,CENTURY COMPONENTS,,25168,,Electrical>Conduit & Fittings>Cord Grips & Connectors,"U S Tape Company, CENTURY COMPONENTS, 25168 Mason Line Brd Green - 250', 25168",MASON LINE BRD GREEN - 250',CENTURY COMPONENTS 25168 Mason Line Brd Green - 250' 25168,CENTURY COMPONENTS 25168 Mason Line Brd Green - 250' 25168. High performance industrial and commercial grade 25168 mason line brd green - 250' designed for professional applications.,CENTURY COMPONENTS 25168 Mason Line Brd Green - 250',,,,,,,,,,,,,,,,,,,,,,,,,,,,,,,,,,,,,,,,,,,,,,,,,,,,,,,,,,,,,,,,,,,,,,,,,,,,,,,,,,,,,,,,,,,,,,,,,,,,,,,,,,,,,,,,,,,,,,,,,,,,,,,,,,,,,,,,,,,,,,,,,,,,,,,,,,,,,,,,,,,,,,,,,,,,,,,,,,,,,,,,,,,,,,,,,,,,,,,,,,,,,,,,,,,,,,,,,,,,,,,,
,,,,,,,Electrical,Fittings & Conduit,Cord Grips & Connectors,,35468,35468 Mason Line Brd Green - 500' Replacement,,,,U S Tape Company (6694),U S Tape Company,,,35468,,Electrical>Conduit & Fittings>Cord Grips & Connectors,"U S Tape Company, 35468 Mason Line Brd Green - 500' Replacement, 35468",MASON LINE BRD GREEN - 500' REPLACEMENT,35468 Mason Line Brd Green - 500' Replacement 35468,35468 Mason Line Brd Green - 500' Replacement 35468. High performance industrial and commercial grade 35468 mason line brd green - 500' replacement designed for professional applications.,35468 Mason Line Brd Green - 500' Replacement,,,,,,,,,,,,,,,,,,,,,,,,,,,,,,,,,,,,,,,,,,,,,,,,,,,,,,,,,,,,,,,,,,,,,,,,,,,,,,,,,,,,,,,,,,,,,,,,,,,,,,,,,,,,,,,,,,,,,,,,,,,,,,,,,,,,,,,,,,,,,,,,,,,,,,,,,,,,,,,,,,,,,,,,,,,,,,,,,,,,,,,,,,,,,,,,,,,,,,,,,,,,,,,,,,,,,,,,,,,,,,,,
,,,,,,,Electrical,Fittings & Conduit,Cord Grips & Connectors,,35494,35494 Mason Line Brd Blk/Yellw - 500' Replacement,,,,U S Tape Company (6694),U S Tape Company,,,35494,,Electrical>Conduit & Fittings>Cord Grips & Connectors,"U S Tape Company, 35494 Mason Line Brd Blk/Yellw - 500' Replacement, 35494",MASON LINE BRD BLK/YELLW - 500' REPLACEMENT,35494 Mason Line Brd Blk/Yellw - 500' Replacement 35494,35494 Mason Line Brd Blk/Yellw - 500' Replacement 35494. High performance industrial and commercial grade 35494 mason line brd blk/yellw - 500' replacement designed for professional applications.,35494 Mason Line Brd Blk/Yellw - 500' Replacement,,,,,,,,,,,,,,,,,,,,,,,,,,,,,,,,,,,,,,,,,,,,,,,,,,,,,,,,,,,,,,,,,,,,,,,,,,,,,,,,,,,,,,,,,,,,,,,,,,,,,,,,,,,,,,,,,,,,,,,,,,,,,,,,,,,,,,,,,,,,,,,,,,,,,,,,,,,,,,,,,,,,,,,,,,,,,,,,,,,,,,,,,,,,,,,,,,,,,,,,,,,,,,,,,,,,,,,,,,,,,,,,
,,,,,,,Lighting & Ceiling Fans,Indoor Lighting,Chandeliers & Pendants,,MLSQ0120,"MLSQ0120 Milw 12"" RafterSquare",,,,Milwaukee Accessory (4031),Milwaukee Accessory,Milwaukee,,MLSQ0120,,Lighting & Electrical>Light Fixtures>Chandeliers & Pendants,"Milwaukee Accessory, Milwaukee, MLSQ0120 Milw 12"" RafterSquare, MLSQ0120","MILW 12"" RAFTERSQUARE","Milwaukee MLSQ0120 Milw 12"" RafterSquare MLSQ0120","Milwaukee MLSQ0120 Milw 12"" RafterSquare MLSQ0120. High performance industrial and commercial grade mlsq0120 milw 12"" raftersquare designed for professional applications.","Milwaukee MLSQ0120 Milw 12"" RafterSquare",,,,,,,,,,,,,,,,,,,,,,,,,,,,,,,,,,,,,,,,,,,,,,,,,,,,,,,,,,,,,,,,,,,,,,,,,,,,,,,,,,,,,,,,,,,,,,,,,,,,,,,,,,,,,,,,,,,,,,,,,,,,,,,,,,,,,,,,,,,,,,,,,,,,,,,,,,,,,,,,,,,,,,,,,,,,,,,,,,,,,,,,,,,,,,,,,,,,,,,,,,,,,,,,,,,,,,,,,,,,,,,,
,,,,,,,Lighting & Ceiling Fans,Indoor Lighting,Chandeliers & Pendants,,MLSQ1120,MLSQ1120 Milw 300mm Rafter - Square (Metric),,,,Milwaukee Accessory (4031),Milwaukee Accessory,Milwaukee,,MLSQ1120,,Lighting & Electrical>Light Fixtures>Chandeliers & Pendants,"Milwaukee Accessory, Milwaukee, MLSQ1120 Milw 300mm Rafter - Square (Metric), MLSQ1120",MILW 300MM RAFTER - SQUARE (METRIC),Milwaukee MLSQ1120 Milw 300mm Rafter - Square (Metric) MLSQ1120,Milwaukee MLSQ1120 Milw 300mm Rafter - Square (Metric) MLSQ1120. High performance industrial and commercial grade mlsq1120 milw 300mm rafter - square (metric) designed for professional applications.,Milwaukee MLSQ1120 Milw 300mm Rafter - Square (Metric),,,,,,,,,,,,,,,,,,,,,,,,,,,,,,,,,,,,,,,,,,,,,,,,,,,,,,,,,,,,,,,,,,,,,,,,,,,,,,,,,,,,,,,,,,,,,,,,,,,,,,,,,,,,,,,,,,,,,,,,,,,,,,,,,,,,,,,,,,,,,,,,,,,,,,,,,,,,,,,,,,,,,,,,,,,,,,,,,,,,,,,,,,,,,,,,,,,,,,,,,,,,,,,,,,,,,,,,,,,,,,,,
,,,,,,,Tools & Hardware,Power Tools,Saws & Blades,,55227,"55227 Amana Countersink/Stop 1/8"" Drill TB",,,,Amana Tool Corp (AMATO),Amana Tool Corp,,,55227,,Tools & Hardware>Power Tools>Power Saws,"Amana Tool Corp, Drill, 55227","AMANA COUNTERSINK/STOP 1/8"" DRILL TB",Drill 55227,Drill 55227. High performance industrial and commercial grade drill designed for professional applications.,Drill,,,,,,,,,,,,,,,,,,,,,,,,,,,Drill,,,,,,,,,,,,,,,,,,,,,,,,,,,,,,,,,,,,,,,,,,,,,,,,,,,,,,,,,,,,,,,,,,,,,,,,,,,,,,,,,,,,,,,,,,,,,,,,,,,,,,,,,,,,,,,,,,,,,,,,,,,,,,,,,,,,,,,,,,,,,,,,,,,,,,,,,,,,,,,,,,,,,,,,,,,,,,,,,,,,,,,,,,,,,,,,,,,,,
,,,,,,,Electrical,Fittings & Conduit,Cord Grips & Connectors,,37300952,"095842 Fisch Plug Cutter 3/8""",,,,-,,,,37300952,,Electrical>Conduit & Fittings>Cord Grips & Connectors,"095842 Fisch Plug Cutter 3/8"", 37300952","FISCH PLUG CUTTER 3/8""","095842 Fisch Plug Cutter 3/8"" 37300952","095842 Fisch Plug Cutter 3/8"" 37300952. High performance industrial and commercial grade 095842 fisch plug cutter 3/8"" designed for professional applications.","095842 Fisch Plug Cutter 3/8""",,,,,,,,,,,,,,,,,,,,,,,,,,,,,,,,,,,,,,,,,,,,,,,,,,,,,,,,,,,,,,,,,,,,,,,,,,,,,,,,,,,,,,,,,,,,,,,,,,,,,,,,,,,,,,,,,,,,,,,,,,,,,,,,,,,,,,,,,,,,,,,,,,,,,,,,,,,,,,,,,,,,,,,,,,,,,,,,,,,,,,,,,,,,,,,,,,,,,,,,,,,,,,,,,,,,,,,,,,,,,,,,
,,,,,,,Tools & Hardware,Power Tools,Saws & Blades,,6008,6008 Whiteside Router Bit,,,,Whiteside Machine & Repair Co (WHIMA),Whiteside Machine & Repair Co,,,6008,,Tools & Hardware>Power Tools>Power Saws,"Whiteside Machine & Repair Co, Router, 6008",WHITESIDE ROUTER BIT,Router 6008,Router 6008. High performance industrial and commercial grade router designed for professional applications.,Router,,,,,,,,,,,,,,,,,,,,,,,,,,,Router,,,,,,,,,,,,,,,,,,,,,,,,,,,,,,,,,,,,,,,,,,,,,,,,,,,,,,,,,,,,,,,,,,,,,,,,,,,,,,,,,,,,,,,,,,,,,,,,,,,,,,,,,,,,,,,,,,,,,,,,,,,,,,,,,,,,,,,,,,,,,,,,,,,,,,,,,,,,,,,,,,,,,,,,,,,,,,,,,,,,,,,,,,,,,,,,,,,,,
,,,,,,,Tools & Hardware,Power Tools,Saws & Blades,,6009,6009 Whiteside Router Bit,,,,Whiteside Machine & Repair Co (WHIMA),Whiteside Machine & Repair Co,,,6009,,Tools & Hardware>Power Tools>Power Saws,"Whiteside Machine & Repair Co, Router, 6009",WHITESIDE ROUTER BIT,Router 6009,Router 6009. High performance industrial and commercial grade router designed for professional applications.,Router,,,,,,,,,,,,,,,,,,,,,,,,,,,Router,,,,,,,,,,,,,,,,,,,,,,,,,,,,,,,,,,,,,,,,,,,,,,,,,,,,,,,,,,,,,,,,,,,,,,,,,,,,,,,,,,,,,,,,,,,,,,,,,,,,,,,,,,,,,,,,,,,,,,,,,,,,,,,,,,,,,,,,,,,,,,,,,,,,,,,,,,,,,,,,,,,,,,,,,,,,,,,,,,,,,,,,,,,,,,,,,,,,,
,,,,,,,Tools & Hardware,Abrasives,Grinding Wheels,,3000A,3000A Whiteside Router Bit,,,,Whiteside Machine & Repair Co (WHIMA),Whiteside Machine & Repair Co,,,3000A,,Tools & Hardware>Abrasives & Polishing>Grinding & Cut-Off Wheels,"Whiteside Machine & Repair Co, Router, 3000A",WHITESIDE ROUTER BIT,Router 3000A,Router 3000A. High performance industrial and commercial grade router designed for professional applications.,Router,,,,,,,,,,,,,,,,,,,,,,,,,,,Router,,,,,,,,,,,,,,,,,,,,,,,,,,,,,,,,,,,,,,,,,,,,,,,,,,,,,,,,,,,,,,,,,,,,,,,,,,,,,,,,,,,,,,,,,,,,,,,,,,,,,,,,,,,,,,,,,,,,,,,,,,,,,,,,,,,,,,,,,,,,,,,,,,,,,,,,,,,,,,,,,,,,,,,,,,,,,,,,,,,,,,,,,,,,,,,,,,,,,
,,,,,,,Tools & Hardware,Abrasives,Sanding Belts & Discs,,MID6630201US,MID6630201US Deos663XCV Sander,,,,Mirka Abrasives Inc (MIRUS),Mirka Abrasives Inc,,,MID6630201US,,Tools & Hardware>Abrasives & Polishing>Sanding Belts & Discs,"Mirka Abrasives Inc, Sander, MID6630201US",DEOS663XCV SANDER,Sander MID6630201US,Sander MID6630201US. High performance industrial and commercial grade sander designed for professional applications.,Sander,,,,,,,,,,,,,,,,,,,,,,,,,,,Sander,,,,,,,,,,,,,,,,,,,,,,,,,,,,,,,,,,,,,,,,,,,,,,,,,,,,,,,,,,,,,,,,,,,,,,,,,,,,,,,,,,,,,,,,,,,,,,,,,,,,,,,,,,,,,,,,,,,,,,,,,,,,,,,,,,,,,,,,,,,,,,,,,,,,,,,,,,,,,,,,,,,,,,,,,,,,,,,,,,,,,,,,,,,,,,,,,,,,,
,,,,,,,Electrical,Fittings & Conduit,Cord Grips & Connectors,,DCF6202,DCF6202 Dewalt Collated Attach,,,DEWALT,Black & Decker/dewlt (2585),Black & Decker/dewlt,DEWALT,,DCF6202,,Electrical>Conduit & Fittings>Cord Grips & Connectors,"Black & Decker/dewlt, DEWALT, DCF6202 Dewalt Collated Attach, DCF6202",DEWALT COLLATED ATTACH,DEWALT DCF6202 Dewalt Collated Attach DCF6202,DEWALT DCF6202 Dewalt Collated Attach DCF6202. High performance industrial and commercial grade dcf6202 dewalt collated attach designed for professional applications.,DEWALT DCF6202 Dewalt Collated Attach,,,,,,,,,,,,,,,,,,,,,,,,,,,,,,,,,,,,,,,,,,,,,,,,,,,,,,,,,,,,,,,,,,,,,,,,,,,,,,,,,,,,,,,,,,,,,,,,,,,,,,,,,,,,,,,,,,,,,,,,,,,,,,,,,,,,,,,,,,,,,,,,,,,,,,,,,,,,,,,,,,,,,,,,,,,,,,,,,,,,,,,,,,,,,,,,,,,,,,,,,,,,,,,,,,,,,,,,,,,,,,,,
,,,,,,,Building Materials,Decking & Railing,Railing Kits,,25468,25468 Mason Line Brd Green - 500',,,,U S Tape Company (6694),U S Tape Company,,,25468,,Building Materials>Decking & Porch>Railing Kits & Balusters,"U S Tape Company, 25468 Mason Line Brd Green - 500', 25468",MASON LINE BRD GREEN - 500',25468 Mason Line Brd Green - 500' 25468,25468 Mason Line Brd Green - 500' 25468. High performance industrial and commercial grade 25468 mason line brd green - 500' designed for professional applications.,25468 Mason Line Brd Green - 500',,,,,,,,,,,,,,,,,,,,,,,,,,,,,,,,,,,,,,,,,,,,,,,,,,,,,,,,,,,,,,,,,,,,,,,,,,,,,,,,,,,,,,,,,,,,,,,,,,,,,,,,,,,,,,,,,,,,,,,,,,,,,,,,,,,,,,,,,,,,,,,,,,,,,,,,,,,,,,,,,,,,,,,,,,,,,,,,,,,,,,,,,,,,,,,,,,,,,,,,,,,,,,,,,,,,,,,,,,,,,,,,
,,,,,,,Electrical,Fittings & Conduit,Cord Grips & Connectors,,25762,25762 Mason Line Brd Pink - 1000',,,,U S Tape Company (6694),U S Tape Company,,,25762,,Electrical>Conduit & Fittings>Cord Grips & Connectors,"U S Tape Company, 25762 Mason Line Brd Pink - 1000', 25762",MASON LINE BRD PINK - 1000',25762 Mason Line Brd Pink - 1000' 25762,25762 Mason Line Brd Pink - 1000' 25762. High performance industrial and commercial grade 25762 mason line brd pink - 1000' designed for professional applications.,25762 Mason Line Brd Pink - 1000',,,,,,,,,,,,,,,,,,,,,,,,,,,,,,,,,,,,,,,,,,,,,,,,,,,,,,,,,,,,,,,,,,,,,,,,,,,,,,,,,,,,,,,,,,,,,,,,,,,,,,,,,,,,,,,,,,,,,,,,,,,,,,,,,,,,,,,,,,,,,,,,,,,,,,,,,,,,,,,,,,,,,,,,,,,,,,,,,,,,,,,,,,,,,,,,,,,,,,,,,,,,,,,,,,,,,,,,,,,,,,,,
,,,,,,,Tools & Hardware,Abrasives,Sanding Belts & Discs,,21839NN,"21839NN File Bstd Mill 10""",,,Nicholson,-,,Nicholson,,21839NN,,Tools & Hardware>Abrasives & Polishing>Sanding Belts & Discs,"Nicholson, 21839NN File Bstd Mill 10"", 21839NN","FILE BSTD MILL 10""","Nicholson 21839NN File Bstd Mill 10"" 21839NN","Nicholson 21839NN File Bstd Mill 10"" 21839NN. High performance industrial and commercial grade 21839nn file bstd mill 10"" designed for professional applications.","Nicholson 21839NN File Bstd Mill 10""",,,,,,,,,,,,,,,,,,,,,,,,,,,,,,,,,,,,,,,,,,,,,,,,,,,,,,,,,,,,,,,,,,,,,,,,,,,,,,,,,,,,,,,,,,,,,,,,,,,,,,,,,,,,,,,,,,,,,,,,,,,,,,,,,,,,,,,,,,,,,,,,,,,,,,,,,,,,,,,,,,,,,,,,,,,,,,,,,,,,,,,,,,,,,,,,,,,,,,,,,,,,,,,,,,,,,,,,,,,,,,,,
,,,,,,,Tools & Hardware,Power Tools,Saws & Blades,,VN56920,"VN56920 10 1/2"" Saw Blade",,,,Marshalltown Trowel (5155),Marshalltown Trowel,,,VN56920,,Tools & Hardware>Power Tools>Power Saws,"Marshalltown Trowel, Saw, VN56920","10 1/2"" SAW BLADE",Saw VN56920,Saw VN56920. High performance industrial and commercial grade saw designed for professional applications.,Saw,,,,,,,,,,,,,,,,,,,,,,,,,,,Saw,,,,,,,,,,,,,,,,,,,,,,,,,,,,,,,,,,,,,,,,,,,,,,,,,,,,,,,,,,,,,,,,,,,,,,,,,,,,,,,,,,,,,,,,,,,,,,,,,,,,,,,,,,,,,,,,,,,,,,,,,,,,,,,,,,,,,,,,,,,,,,,,,,,,,,,,,,,,,,,,,,,,,,,,,,,,,,,,,,,,,,,,,,,,,,,,,,,,,
,,,,,,,Tools & Hardware,Measuring & Layout,Levels & Lasers,,133164,133164 950/9 Hex Plus Spks - Multicolor,,,,Wera Tools NA Inc (WERTO),Wera Tools NA Inc,,,133164,,Tools & Hardware>Hand Tools>Measuring & Layout Tools>Laser Levels,"Wera Tools NA Inc, 133164 950/9 Hex Plus Spks - Multicolor, 133164",950/9 HEX PLUS SPKS - MULTICOLOR,133164 950/9 Hex Plus Spks - Multicolor 133164,133164 950/9 Hex Plus Spks - Multicolor 133164. High performance industrial and commercial grade 133164 950/9 hex plus spks - multicolor designed for professional applications.,133164 950/9 Hex Plus Spks - Multicolor,,,,,,,,,,,,,,,,,,,,,,,,,,,,,,,,,,,,,,,,,,,,,,,,,,,,,,,,,,,,,,,,,,,,,,,,,,,,,,,,,,,,,,,,,,,,,,,,,,,,,,,,,,,,,,,,,,,,,,,,,,,,,,,,,,,,,,,,,,,,,,,,,,,,,,,,,,,,,,,,,,,,,,,,,,,,,,,,,,,,,,,,,,,,,,,,,,,,,,,,,,,,,,,,,,,,,,,,,,,,,,,,
,,,,,,,Tools & Hardware,Power Tools,Saws & Blades,,DWHT10993,DWHT10993 Folding Knife,,,DEWALT,Black & Decker/dewlt (2585),Black & Decker/dewlt,DEWALT,,DWHT10993,,Tools & Hardware>Power Tools>Power Saws,"Black & Decker/dewlt, DEWALT, DWHT10993 Folding Knife, DWHT10993",FOLDING KNIFE,DEWALT DWHT10993 Folding Knife DWHT10993,DEWALT DWHT10993 Folding Knife DWHT10993. High performance industrial and commercial grade dwht10993 folding knife designed for professional applications.,DEWALT DWHT10993 Folding Knife,,,,,,,,,,,,,,,,,,,,,,,,,,,,,,,,,,,,,,,,,,,,,,,,,,,,,,,,,,,,,,,,,,,,,,,,,,,,,,,,,,,,,,,,,,,,,,,,,,,,,,,,,,,,,,,,,,,,,,,,,,,,,,,,,,,,,,,,,,,,,,,,,,,,,,,,,,,,,,,,,,,,,,,,,,,,,,,,,,,,,,,,,,,,,,,,,,,,,,,,,,,,,,,,,,,,,,,,,,,,,,,,
,,,,,,,Tools & Hardware,Power Tools,Saws & Blades,,DWHT10994,DWHT10994 Folding Knife,,,DEWALT,Black & Decker/dewlt (2585),Black & Decker/dewlt,DEWALT,,DWHT10994,,Tools & Hardware>Power Tools>Power Saws,"Black & Decker/dewlt, DEWALT, DWHT10994 Folding Knife, DWHT10994",FOLDING KNIFE,DEWALT DWHT10994 Folding Knife DWHT10994,DEWALT DWHT10994 Folding Knife DWHT10994. High performance industrial and commercial grade dwht10994 folding knife designed for professional applications.,DEWALT DWHT10994 Folding Knife,,,,,,,,,,,,,,,,,,,,,,,,,,,,,,,,,,,,,,,,,,,,,,,,,,,,,,,,,,,,,,,,,,,,,,,,,,,,,,,,,,,,,,,,,,,,,,,,,,,,,,,,,,,,,,,,,,,,,,,,,,,,,,,,,,,,,,,,,,,,,,,,,,,,,,,,,,,,,,,,,,,,,,,,,,,,,,,,,,,,,,,,,,,,,,,,,,,,,,,,,,,,,,,,,,,,,,,,,,,,,,,,
,,,,,,,Electrical,Fittings & Conduit,Cord Grips & Connectors,,QB22RU,QB22RU Vessel Carrying Bit Holder (Red),,,,Vessel Tools USA Inc (VESTO),Vessel Tools USA Inc,,,QB22RU,,Electrical>Conduit & Fittings>Cord Grips & Connectors,"Vessel Tools USA Inc, QB22RU Vessel Carrying Bit Holder (Red), QB22RU",VESSEL CARRYING BIT HOLDER (RED),QB22RU Vessel Carrying Bit Holder (Red) QB22RU,QB22RU Vessel Carrying Bit Holder (Red) QB22RU. High performance industrial and commercial grade qb22ru vessel carrying bit holder (red) designed for professional applications.,QB22RU Vessel Carrying Bit Holder (Red),,,,,,,,,,,,,,,,,,,,,,,,,,,,,,,,,,,,,,,,,,,,,,,,,,,,,,,,,,,,,,,,,,,,,,,,,,,,,,,,,,,,,,,,,,,,,,,,,,,,,,,,,,,,,,,,,,,,,,,,,,,,,,,,,,,,,,,,,,,,,,,,,,,,,,,,,,,,,,,,,,,,,,,,,,,,,,,,,,,,,,,,,,,,,,,,,,,,,,,,,,,,,,,,,,,,,,,,,,,,,,,,
,,,,,,,Electrical,Fittings & Conduit,Cord Grips & Connectors,,QB22KU,QB22KU Vessel Carrying Bit Holder (Black),,,,Vessel Tools USA Inc (VESTO),Vessel Tools USA Inc,,,QB22KU,,Electrical>Conduit & Fittings>Cord Grips & Connectors,"Vessel Tools USA Inc, QB22KU Vessel Carrying Bit Holder (Black), QB22KU",VESSEL CARRYING BIT HOLDER (BLACK),QB22KU Vessel Carrying Bit Holder (Black) QB22KU,QB22KU Vessel Carrying Bit Holder (Black) QB22KU. High performance industrial and commercial grade qb22ku vessel carrying bit holder (black) designed for professional applications.,QB22KU Vessel Carrying Bit Holder (Black),,,,,,,,,,,,,,,,,,,,,,,,,,,,,,,,,,,,,,,,,,,,,,,,,,,,,,,,,,,,,,,,,,,,,,,,,,,,,,,,,,,,,,,,,,,,,,,,,,,,,,,,,,,,,,,,,,,,,,,,,,,,,,,,,,,,,,,,,,,,,,,,,,,,,,,,,,,,,,,,,,,,,,,,,,,,,,,,,,,,,,,,,,,,,,,,,,,,,,,,,,,,,,,,,,,,,,,,,,,,,,,,
,,,,,,,Lighting & Ceiling Fans,Light Bulbs,LED Bulbs,,AVM6EV,AVM6 EV Mini Snip Red,,,,Malco Prod (2370),Malco Prod,,,AVM6EV,,Lighting & Electrical>Light Bulbs>LED Bulbs,"Malco Prod, AVM6 EV Mini Snip Red, AVM6EV",EV MINI SNIP RED,AVM6 EV Mini Snip Red AVM6EV,AVM6 EV Mini Snip Red AVM6EV. High performance industrial and commercial grade avm6 ev mini snip red designed for professional applications.,AVM6 EV Mini Snip Red,,,,,,,,,,,,,,,,,,,,,,,,,,,,,,,,,,,,,,,,,,,,,,,,,,,,,,,,,,,,,,,,,,,,,,,,,,,,,,,,,,,,,,,,,,,,,,,,,,,,,,,,,,,,,,,,,,,,,,,,,,,,,,,,,,,,,,,,,,,,,,,,,,,,,,,,,,,,,,,,,,,,,,,,,,,,,,,,,,,,,,,,,,,,,,,,,,,,,,,,,,,,,,,,,,,,,,,,,,,,,,,,
,,,,,,,Lighting & Ceiling Fans,Light Bulbs,LED Bulbs,,AVM6EV,AVM7 EV Mini Snip Green,,,,Malco Prod (2370),Malco Prod,,,AVM6EV,,Lighting & Electrical>Light Bulbs>LED Bulbs,"Malco Prod, AVM7 EV Mini Snip Green, AVM6EV",EV MINI SNIP GREEN,AVM7 EV Mini Snip Green AVM6EV,AVM7 EV Mini Snip Green AVM6EV. High performance industrial and commercial grade avm7 ev mini snip green designed for professional applications.,AVM7 EV Mini Snip Green,,,,,,,,,,,,,,,,,,,,,,,,,,,,,,,,,,,,,,,,,,,,,,,,,,,,,,,,,,,,,,,,,,,,,,,,,,,,,,,,,,,,,,,,,,,,,,,,,,,,,,,,,,,,,,,,,,,,,,,,,,,,,,,,,,,,,,,,,,,,,,,,,,,,,,,,,,,,,,,,,,,,,,,,,,,,,,,,,,,,,,,,,,,,,,,,,,,,,,,,,,,,,,,,,,,,,,,,,,,,,,,,
,,,,,,,Electrical,Fittings & Conduit,Cord Grips & Connectors,,DSA0250B,"DSA0250B 1/4"" Square x1/4"" Hex - Socket Adapter",,,Diablo,Freud Inc (2435),Freud Inc,Diablo,,DSA0250B,,Electrical>Conduit & Fittings>Cord Grips & Connectors,"Freud Inc, Diablo, DSA0250B 1/4"" Square x1/4"" Hex - Socket Adapter, DSA0250B","1/4"" SQUARE X1/4"" HEX - SOCKET ADAPTER","Diablo DSA0250B 1/4"" Square x1/4"" Hex - Socket Adapter DSA0250B","Diablo DSA0250B 1/4"" Square x1/4"" Hex - Socket Adapter DSA0250B. High performance industrial and commercial grade dsa0250b 1/4"" square x1/4"" hex - socket adapter designed for professional applications.","Diablo DSA0250B 1/4"" Square x1/4"" Hex - Socket Adapter",,,,,,,,,,,,,,,,,,,,,,,,,,,,,,,,,,,,,,,,,,,,,,,,,,,,,,,,,,,,,,,,,,,,,,,,,,,,,,,,,,,,,,,,,,,,,,,,,,,,,,,,,,,,,,,,,,,,,,,,,,,,,,,,,,,,,,,,,,,,,,,,,,,,,,,,,,,,,,,,,,,,,,,,,,,,,,,,,,,,,,,,,,,,,,,,,,,,,,,,,,,,,,,,,,,,,,,,,,,,,,,,
,,,,,,,Electrical,Fittings & Conduit,Cord Grips & Connectors,,DSA0375B,"DSA0375B 3/8"" Square x1/4"" Hex - Socket Adapter",,,Diablo,Freud Inc (2435),Freud Inc,Diablo,,DSA0375B,,Electrical>Conduit & Fittings>Cord Grips & Connectors,"Freud Inc, Diablo, DSA0375B 3/8"" Square x1/4"" Hex - Socket Adapter, DSA0375B","3/8"" SQUARE X1/4"" HEX - SOCKET ADAPTER","Diablo DSA0375B 3/8"" Square x1/4"" Hex - Socket Adapter DSA0375B","Diablo DSA0375B 3/8"" Square x1/4"" Hex - Socket Adapter DSA0375B. High performance industrial and commercial grade dsa0375b 3/8"" square x1/4"" hex - socket adapter designed for professional applications.","Diablo DSA0375B 3/8"" Square x1/4"" Hex - Socket Adapter",,,,,,,,,,,,,,,,,,,,,,,,,,,,,,,,,,,,,,,,,,,,,,,,,,,,,,,,,,,,,,,,,,,,,,,,,,,,,,,,,,,,,,,,,,,,,,,,,,,,,,,,,,,,,,,,,,,,,,,,,,,,,,,,,,,,,,,,,,,,,,,,,,,,,,,,,,,,,,,,,,,,,,,,,,,,,,,,,,,,,,,,,,,,,,,,,,,,,,,,,,,,,,,,,,,,,,,,,,,,,,,,
,,,,,,,Electrical,Fittings & Conduit,Cord Grips & Connectors,,DSA0500B,"DSA0500B 1/2"" Square x1/4"" Hex - Socket Adapter",,,Diablo,Freud Inc (2435),Freud Inc,Diablo,,DSA0500B,,Electrical>Conduit & Fittings>Cord Grips & Connectors,"Freud Inc, Diablo, DSA0500B 1/2"" Square x1/4"" Hex - Socket Adapter, DSA0500B","1/2"" SQUARE X1/4"" HEX - SOCKET ADAPTER","Diablo DSA0500B 1/2"" Square x1/4"" Hex - Socket Adapter DSA0500B","Diablo DSA0500B 1/2"" Square x1/4"" Hex - Socket Adapter DSA0500B. High performance industrial and commercial grade dsa0500b 1/2"" square x1/4"" hex - socket adapter designed for professional applications.","Diablo DSA0500B 1/2"" Square x1/4"" Hex - Socket Adapter",,,,,,,,,,,,,,,,,,,,,,,,,,,,,,,,,,,,,,,,,,,,,,,,,,,,,,,,,,,,,,,,,,,,,,,,,,,,,,,,,,,,,,,,,,,,,,,,,,,,,,,,,,,,,,,,,,,,,,,,,,,,,,,,,,,,,,,,,,,,,,,,,,,,,,,,,,,,,,,,,,,,,,,,,,,,,,,,,,,,,,,,,,,,,,,,,,,,,,,,,,,,,,,,,,,,,,,,,,,,,,,,
,,,,,,,Electrical,Fittings & Conduit,Cord Grips & Connectors,,42-04-9107,"42-04-9107 Milw 3/8"" Drive Universal Joint",,,,Milwaukee Accessory (4031),Milwaukee Accessory,Milwaukee,,42-04-9107,,Electrical>Conduit & Fittings>Cord Grips & Connectors,"Milwaukee Accessory, Milwaukee, 42-04-9107 Milw 3/8"" Drive Universal Joint, 42-04-9107","MILW 3/8"" DRIVE UNIVERSAL JOINT","Milwaukee 42-04-9107 Milw 3/8"" Drive Universal Joint 42-04-9107","Milwaukee 42-04-9107 Milw 3/8"" Drive Universal Joint 42-04-9107. High performance industrial and commercial grade 42-04-9107 milw 3/8"" drive universal joint designed for professional applications.","Milwaukee 42-04-9107 Milw 3/8"" Drive Universal Joint",,,,,,,,,,,,,,,,,,,,,,,,,,,,,,,,,,,,,,,,,,,,,,,,,,,,,,,,,,,,,,,,,,,,,,,,,,,,,,,,,,,,,,,,,,,,,,,,,,,,,,,,,,,,,,,,,,,,,,,,,,,,,,,,,,,,,,,,,,,,,,,,,,,,,,,,,,,,,,,,,,,,,,,,,,,,,,,,,,,,,,,,,,,,,,,,,,,,,,,,,,,,,,,,,,,,,,,,,,,,,,,,
,,,,,,,Tools & Hardware,Power Tools,Saws & Blades,,48-22-9491,48-22-9491 Milw 242pc Ratchet & Socket Set 4-Drawer Tool Box,,,,Milwaukee Accessory (4031),Milwaukee Accessory,Milwaukee,,48-22-9491,,Tools & Hardware>Power Tools>Power Saws,"Milwaukee Accessory, Milwaukee, 48-22-9491 Milw 242pc Ratchet & Socket Set 4-Drawer Tool Box, 48-22-9491",MILW 242PC RATCHET & SOCKET SET 4-DRAWER TOOL BOX,"Milwaukee 48-22-9491 Milw 242pc Ratchet & Socket Set 4-Drawer Tool Box 48-22-9491, piece_count=242","Milwaukee 48-22-9491 Milw 242pc Ratchet & Socket Set 4-Drawer Tool Box 48-22-9491, piece_count=242. High performance industrial and commercial grade 48-22-9491 milw 242pc ratchet & socket set 4-drawer tool box designed for professional applications.","Milwaukee 48-22-9491 Milw 242pc Ratchet & Socket Set 4-Drawer Tool Box, piece_count=242",,,,,,,,,,,,,,,,,,,,,,,,,,,,,,,,,,,,,,,,,,,,,,,,,,,,,,,,,,,,,,,,,,,,,,,,,,,,,,,,,,,,,,,,,,,,,,,,,,,,,,,,,,,,,,,,,,,,,,,,,,,,,,,,,,,,,,,,,,,,,,,,,,,,,,,,,,,,,,,,,,,,,,,,,,,,,,,,,,,,,,,,,,,,,,,,,,,,,,,,,,,,,,,,,,,,,,,,,,,,,,,,
,,,,,,,Tools & Hardware,Power Tools,Saws & Blades,,DWMT45422,"DWMT45422 Dewalt 1/4"" Drive - 50pc Mechanics Set",,,,Black & Decker/dewlt (2585),Black & Decker/dewlt,DeWalt,,DWMT45422,,Tools & Hardware>Power Tools>Power Saws,"Black & Decker/dewlt, DeWalt, DWMT45422 Dewalt 1/4"" Drive - 50pc Mechanics Set, DWMT45422","DEWALT 1/4"" DRIVE - 50PC MECHANICS SET","DeWalt DWMT45422 Dewalt 1/4"" Drive - 50pc Mechanics Set DWMT45422, piece_count=50","DeWalt DWMT45422 Dewalt 1/4"" Drive - 50pc Mechanics Set DWMT45422, piece_count=50. High performance industrial and commercial grade dwmt45422 dewalt 1/4"" drive - 50pc mechanics set designed for professional applications.","DeWalt DWMT45422 Dewalt 1/4"" Drive - 50pc Mechanics Set, piece_count=50",,,,,,,,,,,,,,,,,,,,,,,,,,,,,,,,,,,,,,,,,,,,,,,,,,,,,,,,,,,,,,,,,,,,,,,,,,,,,,,,,,,,,,,,,,,,,,,,,,,,,,,,,,,,,,,,,,,,,,,,,,,,,,,,,,,,,,,,,,,,,,,,,,,,,,,,,,,,,,,,,,,,,,,,,,,,,,,,,,,,,,,,,,,,,,,,,,,,,,,,,,,,,,,,,,,,,,,,,,,,,,,,
,,,,,,,Tools & Hardware,Power Tools,Saws & Blades,,DWMT45424,"DWMT45424 Dewalt 3/8"" Drive - 84pc Mechanics Set",,,,Black & Decker/dewlt (2585),Black & Decker/dewlt,DeWalt,,DWMT45424,,Tools & Hardware>Power Tools>Power Saws,"Black & Decker/dewlt, DeWalt, DWMT45424 Dewalt 3/8"" Drive - 84pc Mechanics Set, DWMT45424","DEWALT 3/8"" DRIVE - 84PC MECHANICS SET","DeWalt DWMT45424 Dewalt 3/8"" Drive - 84pc Mechanics Set DWMT45424, piece_count=84","DeWalt DWMT45424 Dewalt 3/8"" Drive - 84pc Mechanics Set DWMT45424, piece_count=84. High performance industrial and commercial grade dwmt45424 dewalt 3/8"" drive - 84pc mechanics set designed for professional applications.","DeWalt DWMT45424 Dewalt 3/8"" Drive - 84pc Mechanics Set, piece_count=84",,,,,,,,,,,,,,,,,,,,,,,,,,,,,,,,,,,,,,,,,,,,,,,,,,,,,,,,,,,,,,,,,,,,,,,,,,,,,,,,,,,,,,,,,,,,,,,,,,,,,,,,,,,,,,,,,,,,,,,,,,,,,,,,,,,,,,,,,,,,,,,,,,,,,,,,,,,,,,,,,,,,,,,,,,,,,,,,,,,,,,,,,,,,,,,,,,,,,,,,,,,,,,,,,,,,,,,,,,,,,,,,
,,,,,,,Electrical,Fittings & Conduit,Cord Grips & Connectors,,48-22-9483,48-22-9483 Milw Packout 15pc - Metric Wrench Set,,,,Milwaukee Accessory (4031),Milwaukee Accessory,Milwaukee,,48-22-9483,,Electrical>Conduit & Fittings>Cord Grips & Connectors,"Milwaukee Accessory, Milwaukee, 48-22-9483 Milw Packout 15pc - Metric Wrench Set, 48-22-9483",MILW PACKOUT 15PC - METRIC WRENCH SET,"Milwaukee 48-22-9483 Milw Packout 15pc - Metric Wrench Set 48-22-9483, piece_count=15","Milwaukee 48-22-9483 Milw Packout 15pc - Metric Wrench Set 48-22-9483, piece_count=15. High performance industrial and commercial grade 48-22-9483 milw packout 15pc - metric wrench set designed for professional applications.","Milwaukee 48-22-9483 Milw Packout 15pc - Metric Wrench Set, piece_count=15",,,,,,,,,,,,,,,,,,,,,,,,,,,,,,,,,,,,,,,,,,,,,,,,,,,,,,,,,,,,,,,,,,,,,,,,,,,,,,,,,,,,,,,,,,,,,,,,,,,,,,,,,,,,,,,,,,,,,,,,,,,,,,,,,,,,,,,,,,,,,,,,,,,,,,,,,,,,,,,,,,,,,,,,,,,,,,,,,,,,,,,,,,,,,,,,,,,,,,,,,,,,,,,,,,,,,,,,,,,,,,,,
,,,,,,,Electrical,Fittings & Conduit,Cord Grips & Connectors,,48-22-9484,48-22-9484 Milw Packout 15pc - SAE Wrench Set,,,,Milwaukee Accessory (4031),Milwaukee Accessory,Milwaukee,,48-22-9484,,Electrical>Conduit & Fittings>Cord Grips & Connectors,"Milwaukee Accessory, Milwaukee, 48-22-9484 Milw Packout 15pc - SAE Wrench Set, 48-22-9484",MILW PACKOUT 15PC - SAE WRENCH SET,"Milwaukee 48-22-9484 Milw Packout 15pc - SAE Wrench Set 48-22-9484, piece_count=15","Milwaukee 48-22-9484 Milw Packout 15pc - SAE Wrench Set 48-22-9484, piece_count=15. High performance industrial and commercial grade 48-22-9484 milw packout 15pc - sae wrench set designed for professional applications.","Milwaukee 48-22-9484 Milw Packout 15pc - SAE Wrench Set, piece_count=15",,,,,,,,,,,,,,,,,,,,,,,,,,,,,,,,,,,,,,,,,,,,,,,,,,,,,,,,,,,,,,,,,,,,,,,,,,,,,,,,,,,,,,,,,,,,,,,,,,,,,,,,,,,,,,,,,,,,,,,,,,,,,,,,,,,,,,,,,,,,,,,,,,,,,,,,,,,,,,,,,,,,,,,,,,,,,,,,,,,,,,,,,,,,,,,,,,,,,,,,,,,,,,,,,,,,,,,,,,,,,,,,
,,,,,,,Tools & Hardware,Power Tools,Blowers & Vacuums,,48-22-9485,48-22-9485 Milw Packout 30pc - Metric & SAE Wrench Set,,,,Milwaukee Accessory (4031),Milwaukee Accessory,Milwaukee,,48-22-9485,,Tools & Hardware>Power Tools>Blowers & Sweepers,"Milwaukee Accessory, Milwaukee, 48-22-9485 Milw Packout 30pc - Metric & SAE Wrench Set, 48-22-9485",MILW PACKOUT 30PC - METRIC & SAE WRENCH SET,"Milwaukee 48-22-9485 Milw Packout 30pc - Metric & SAE Wrench Set 48-22-9485, piece_count=30","Milwaukee 48-22-9485 Milw Packout 30pc - Metric & SAE Wrench Set 48-22-9485, piece_count=30. High performance industrial and commercial grade 48-22-9485 milw packout 30pc - metric & sae wrench set designed for professional applications.","Milwaukee 48-22-9485 Milw Packout 30pc - Metric & SAE Wrench Set, piece_count=30",,,,,,,,,,,,,,,,,,,,,,,,,,,,,,,,,,,,,,,,,,,,,,,,,,,,,,,,,,,,,,,,,,,,,,,,,,,,,,,,,,,,,,,,,,,,,,,,,,,,,,,,,,,,,,,,,,,,,,,,,,,,,,,,,,,,,,,,,,,,,,,,,,,,,,,,,,,,,,,,,,,,,,,,,,,,,,,,,,,,,,,,,,,,,,,,,,,,,,,,,,,,,,,,,,,,,,,,,,,,,,,,
,,,,,,,Tools & Hardware,Power Tools,Saws & Blades,,48-44-2770,48-44-2770 Milw Pole Pruning - Shears Replacement Blade,,,,Milwaukee Accessory (4031),Milwaukee Accessory,Milwaukee,,48-44-2770,,Tools & Hardware>Power Tools>Power Saws,"Milwaukee Accessory, Milwaukee, 48-44-2770 Milw Pole Pruning - Shears Replacement Blade, 48-44-2770",MILW POLE PRUNING - SHEARS REPLACEMENT BLADE,Milwaukee 48-44-2770 Milw Pole Pruning - Shears Replacement Blade 48-44-2770,Milwaukee 48-44-2770 Milw Pole Pruning - Shears Replacement Blade 48-44-2770. High performance industrial and commercial grade 48-44-2770 milw pole pruning - shears replacement blade designed for professional applications.,Milwaukee 48-44-2770 Milw Pole Pruning - Shears Replacement Blade,,,,,,,,,,,,,,,,,,,,,,,,,,,,,,,,,,,,,,,,,,,,,,,,,,,,,,,,,,,,,,,,,,,,,,,,,,,,,,,,,,,,,,,,,,,,,,,,,,,,,,,,,,,,,,,,,,,,,,,,,,,,,,,,,,,,,,,,,,,,,,,,,,,,,,,,,,,,,,,,,,,,,,,,,,,,,,,,,,,,,,,,,,,,,,,,,,,,,,,,,,,,,,,,,,,,,,,,,,,,,,,,
,,,,,,,Building Materials,Decking & Railing,Railing Kits,,IWHT48441RC,IWHT48441RC Irwin 100ft - Red Chalk & Reel Set,,,Irwin,Irwin Industrial Tools (5863),Irwin Industrial Tools,Irwin,,IWHT48441RC,,Building Materials>Decking & Porch>Railing Kits & Balusters,"Irwin Industrial Tools, Irwin, IWHT48441RC Irwin 100ft - Red Chalk & Reel Set, IWHT48441RC",IRWIN 100FT - RED CHALK & REEL SET,Irwin IWHT48441RC Irwin 100ft - Red Chalk & Reel Set IWHT48441RC,Irwin IWHT48441RC Irwin 100ft - Red Chalk & Reel Set IWHT48441RC. High performance industrial and commercial grade iwht48441rc irwin 100ft - red chalk & reel set designed for professional applications.,Irwin IWHT48441RC Irwin 100ft - Red Chalk & Reel Set,,,,,,,,,,,,,,,,,,,,,,,,,,,,,,,,,,,,,,,,,,,,,,,,,,,,,,,,,,,,,,,,,,,,,,,,,,,,,,,,,,,,,,,,,,,,,,,,,,,,,,,,,,,,,,,,,,,,,,,,,,,,,,,,,,,,,,,,,,,,,,,,,,,,,,,,,,,,,,,,,,,,,,,,,,,,,,,,,,,,,,,,,,,,,,,,,,,,,,,,,,,,,,,,,,,,,,,,,,,,,,,,
,,,,,,,Tools & Hardware,Power Tools,Saws & Blades,,XRU23SM1,"XRU23SM1 Makita 18V 13"" - String Trimmer Kit",,,,Makita Usa Inc (5142),Makita Usa Inc,Makita,,XRU23SM1,,Tools & Hardware>Power Tools>Power Saws,"Makita Usa Inc, Makita, XRU23SM1 Makita 18V 13"" - String Trimmer Kit, XRU23SM1","MAKITA 18V 13"" - STRING TRIMMER KIT","Makita XRU23SM1 Makita 18V 13"" - String Trimmer Kit XRU23SM1","Makita XRU23SM1 Makita 18V 13"" - String Trimmer Kit XRU23SM1. High performance industrial and commercial grade xru23sm1 makita 18v 13"" - string trimmer kit designed for professional applications.","Makita XRU23SM1 Makita 18V 13"" - String Trimmer Kit",,,,,,,,,,,,,,,,,,,,,,,,,,,,,,,,,,,,,,,,,,,,,,,,,,,,,,,,,,,,,,,,,,,,,,,,,,,,,,,,,,,,,,,,,,,,,,,,,,,,,,,,,,,,,,,,,,,,,,,,,,,,,,,,,,,,,,,,,,,,,,,,,,,,,,,,,,,,,,,,,,,,,,,,,,,,,,,,,,,,,,,,,,,,,,,,,,,,,,,,,,,,,,,,,,,,,,,,,,,,,,,,
,,,,,,,Tools & Hardware,Power Tools,Saws & Blades,,XRU15PT1,XRU15PT1 Makita String Trimmer,,,,Makita Usa Inc (5142),Makita Usa Inc,Makita,,XRU15PT1,,Tools & Hardware>Power Tools>Power Saws,"Makita Usa Inc, Makita, XRU15PT1 Makita String Trimmer, XRU15PT1",MAKITA STRING TRIMMER,Makita XRU15PT1 Makita String Trimmer XRU15PT1,Makita XRU15PT1 Makita String Trimmer XRU15PT1. High performance industrial and commercial grade xru15pt1 makita string trimmer designed for professional applications.,Makita XRU15PT1 Makita String Trimmer,,,,,,,,,,,,,,,,,,,,,,,,,,,,,,,,,,,,,,,,,,,,,,,,,,,,,,,,,,,,,,,,,,,,,,,,,,,,,,,,,,,,,,,,,,,,,,,,,,,,,,,,,,,,,,,,,,,,,,,,,,,,,,,,,,,,,,,,,,,,,,,,,,,,,,,,,,,,,,,,,,,,,,,,,,,,,,,,,,,,,,,,,,,,,,,,,,,,,,,,,,,,,,,,,,,,,,,,,,,,,,,,
,,,,,,,Tools & Hardware,Power Tools,Blowers & Vacuums,,XRU23Z,XRU23Z Makita 18V Trimmer Tool - Only,,,,Makita Usa Inc (5142),Makita Usa Inc,Makita,,XRU23Z,,Tools & Hardware>Power Tools>Blowers & Sweepers,"Makita Usa Inc, Makita, XRU23Z Makita 18V Trimmer Tool - Only, XRU23Z",MAKITA 18V TRIMMER TOOL - ONLY,Makita XRU23Z Makita 18V Trimmer Tool - Only XRU23Z,Makita XRU23Z Makita 18V Trimmer Tool - Only XRU23Z. High performance industrial and commercial grade xru23z makita 18v trimmer tool - only designed for professional applications.,Makita XRU23Z Makita 18V Trimmer Tool - Only,,,,,,,,,,,,,,,,,,,,,,,,,,,,,,,,,,,,,,,,,,,,,,,,,,,,,,,,,,,,,,,,,,,,,,,,,,,,,,,,,,,,,,,,,,,,,,,,,,,,,,,,,,,,,,,,,,,,,,,,,,,,,,,,,,,,,,,,,,,,,,,,,,,,,,,,,,,,,,,,,,,,,,,,,,,,,,,,,,,,,,,,,,,,,,,,,,,,,,,,,,,,,,,,,,,,,,,,,,,,,,,,
,,,,,,,Tools & Hardware,Power Tools,Blowers & Vacuums,,0887-20,0887-20 Milw M18 Brushless Precision Blower,,,,Milwaukee Accessory (4031),Milwaukee Accessory,Milwaukee,,0887-20,,Tools & Hardware>Power Tools>Blowers & Sweepers,"Milwaukee Accessory, Milwaukee, Blower, 0887-20",MILW M18 BRUSHLESS PRECISION BLOWER,Milwaukee Blower 0887-20,Milwaukee Blower 0887-20. High performance industrial and commercial grade blower designed for professional applications.,Milwaukee Blower,,,,,,,,,,,,,,,,,,,,,,,,,,,Blower,,,,,,,,,,,,,,,,,,,,,,,,,,,,,,,,,,,,,,,,,,,,,,,,,,,,,,,,,,,,,,,,,,,,,,,,,,,,,,,,,,,,,,,,,,,,,,,,,,,,,,,,,,,,,,,,,,,,,,,,,,,,,,,,,,,,,,,,,,,,,,,,,,,,,,,,,,,,,,,,,,,,,,,,,,,,,,,,,,,,,,,,,,,,,,,,,,,,,
,,,,,,,Tools & Hardware,Power Tools,Blowers & Vacuums,,DCBL724B,DCBL724B Dewalt 20V Max XR Blower (Bare),,,,Black & Decker/dewlt (2585),Black & Decker/dewlt,DeWalt,,DCBL724B,,Tools & Hardware>Power Tools>Blowers & Sweepers,"Black & Decker/dewlt, DeWalt, Blower, DCBL724B",DEWALT 20V MAX XR BLOWER (BARE),DeWalt Blower DCBL724B,DeWalt Blower DCBL724B. High performance industrial and commercial grade blower designed for professional applications.,DeWalt Blower,,,,,,,,,,,,,,,,,,,,,,,,,,,Blower,,,,,,,,,,,,,,,,,,,,,,,,,,,,,,,,,,,,,,,,,,,,,,,,,,,,,,,,,,,,,,,,,,,,,,,,,,,,,,,,,,,,,,,,,,,,,,,,,,,,,,,,,,,,,,,,,,,,,,,,,,,,,,,,,,,,,,,,,,,,,,,,,,,,,,,,,,,,,,,,,,,,,,,,,,,,,,,,,,,,,,,,,,,,,,,,,,,,,
,,,,,,,Tools & Hardware,Power Tools,Saws & Blades,,2954-20,2954-20 Milw M18 Bluetooth Jobsite Speaker,,,,Milwaukee Accessory (4031),Milwaukee Accessory,Milwaukee,,2954-20,,Tools & Hardware>Power Tools>Power Saws,"Milwaukee Accessory, Milwaukee, 2954-20 Milw M18 Bluetooth Jobsite Speaker, 2954-20",MILW M18 BLUETOOTH JOBSITE SPEAKER,Milwaukee 2954-20 Milw M18 Bluetooth Jobsite Speaker 2954-20,Milwaukee 2954-20 Milw M18 Bluetooth Jobsite Speaker 2954-20. High performance industrial and commercial grade 2954-20 milw m18 bluetooth jobsite speaker designed for professional applications.,Milwaukee 2954-20 Milw M18 Bluetooth Jobsite Speaker,,,,,,,,,,,,,,,,,,,,,,,,,,,,,,,,,,,,,,,,,,,,,,,,,,,,,,,,,,,,,,,,,,,,,,,,,,,,,,,,,,,,,,,,,,,,,,,,,,,,,,,,,,,,,,,,,,,,,,,,,,,,,,,,,,,,,,,,,,,,,,,,,,,,,,,,,,,,,,,,,,,,,,,,,,,,,,,,,,,,,,,,,,,,,,,,,,,,,,,,,,,,,,,,,,,,,,,,,,,,,,,,
,,,,,,,Electrical,Fittings & Conduit,Cord Grips & Connectors,,2955-20,2955-20 Milw M12 Bluetooth - Jobsite Speaker w/Packout,,,,Milwaukee Accessory (4031),Milwaukee Accessory,Milwaukee,,2955-20,,Electrical>Conduit & Fittings>Cord Grips & Connectors,"Milwaukee Accessory, Milwaukee, 2955-20 Milw M12 Bluetooth - Jobsite Speaker w/Packout, 2955-20",MILW M12 BLUETOOTH - JOBSITE SPEAKER W/PACKOUT,Milwaukee 2955-20 Milw M12 Bluetooth - Jobsite Speaker w/Packout 2955-20,Milwaukee 2955-20 Milw M12 Bluetooth - Jobsite Speaker w/Packout 2955-20. High performance industrial and commercial grade 2955-20 milw m12 bluetooth - jobsite speaker w/packout designed for professional applications.,Milwaukee 2955-20 Milw M12 Bluetooth - Jobsite Speaker w/Packout,,,,,,,,,,,,,,,,,,,,,,,,,,,,,,,,,,,,,,,,,,,,,,,,,,,,,,,,,,,,,,,,,,,,,,,,,,,,,,,,,,,,,,,,,,,,,,,,,,,,,,,,,,,,,,,,,,,,,,,,,,,,,,,,,,,,,,,,,,,,,,,,,,,,,,,,,,,,,,,,,,,,,,,,,,,,,,,,,,,,,,,,,,,,,,,,,,,,,,,,,,,,,,,,,,,,,,,,,,,,,,,,
,,,,,,,Electrical,Fittings & Conduit,Cord Grips & Connectors,,9A-219-180,9A-219-180 Abranet 4x6x6,,,,Mirka Abrasives Inc (MIRUS),Mirka Abrasives Inc,,,9A-219-180,,Electrical>Conduit & Fittings>Cord Grips & Connectors,"Mirka Abrasives Inc, 9A-219-180 Abranet 4x6x6, 9A-219-180",ABRANET 4X6X6,9A-219-180 Abranet 4x6x6 9A-219-180,9A-219-180 Abranet 4x6x6 9A-219-180. High performance industrial and commercial grade 9a-219-180 abranet 4x6x6 designed for professional applications.,9A-219-180 Abranet 4x6x6,,,,,,,,,,,,,,,,,,,,,,,,,,,,,,,,,,,,,,,,,,,,,,,,,,,,,,,,,,,,,,,,,,,,,,,,,,,,,,,,,,,,,,,,,,,,,,,,,,,,,,,,,,,,,,,,,,,,,,,,,,,,,,,,,,,,,,,,,,,,,,,,,,,,,,,,,,,,,,,,,,,,,,,,,,,,,,,,,,,,,,,,,,,,,,,,,,,,,,,,,,,,,,,,,,,,,,,,,,,,,,,,
,,,,,,,Electrical,Fittings & Conduit,Cord Grips & Connectors,,9A-219-120RP,9A-219-120RP Abranet 4x6x6,,,,Mirka Abrasives Inc (MIRUS),Mirka Abrasives Inc,,,9A-219-120RP,,Electrical>Conduit & Fittings>Cord Grips & Connectors,"Mirka Abrasives Inc, 9A-219-120RP Abranet 4x6x6, 9A-219-120RP",ABRANET 4X6X6,9A-219-120RP Abranet 4x6x6 9A-219-120RP,9A-219-120RP Abranet 4x6x6 9A-219-120RP. High performance industrial and commercial grade 9a-219-120rp abranet 4x6x6 designed for professional applications.,9A-219-120RP Abranet 4x6x6,,,,,,,,,,,,,,,,,,,,,,,,,,,,,,,,,,,,,,,,,,,,,,,,,,,,,,,,,,,,,,,,,,,,,,,,,,,,,,,,,,,,,,,,,,,,,,,,,,,,,,,,,,,,,,,,,,,,,,,,,,,,,,,,,,,,,,,,,,,,,,,,,,,,,,,,,,,,,,,,,,,,,,,,,,,,,,,,,,,,,,,,,,,,,,,,,,,,,,,,,,,,,,,,,,,,,,,,,,,,,,,,
,,,,,,,Tools & Hardware,Power Tools,Saws & Blades,,3033-20,"3033-20 Milw M18 24"" - Hedge Trimmer",,,Milwaukee,Milwaukee Accessory (4031),Milwaukee Accessory,Milwaukee,,3033-20,,Tools & Hardware>Power Tools>Power Saws,"Milwaukee Accessory, Milwaukee, 3033-20 Milw M18 24"" - Hedge Trimmer, 3033-20","MILW M18 24"" - HEDGE TRIMMER","Milwaukee 3033-20 Milw M18 24"" - Hedge Trimmer 3033-20","Milwaukee 3033-20 Milw M18 24"" - Hedge Trimmer 3033-20. High performance industrial and commercial grade 3033-20 milw m18 24"" - hedge trimmer designed for professional applications.","Milwaukee 3033-20 Milw M18 24"" - Hedge Trimmer",,,,,,,,,,,,,,,,,,,,,,,,,,,,,,,,,,,,,,,,,,,,,,,,,,,,,,,,,,,,,,,,,,,,,,,,,,,,,,,,,,,,,,,,,,,,,,,,,,,,,,,,,,,,,,,,,,,,,,,,,,,,,,,,,,,,,,,,,,,,,,,,,,,,,,,,,,,,,,,,,,,,,,,,,,,,,,,,,,,,,,,,,,,,,,,,,,,,,,,,,,,,,,,,,,,,,,,,,,,,,,,,
,,,,,,,Tools & Hardware,Power Tools,Saws & Blades,,3033-21,"3033-21 Milw M18 24"" - Hedge Trimmer Kit",,,,Milwaukee Accessory (4031),Milwaukee Accessory,Milwaukee,,3033-21,,Tools & Hardware>Power Tools>Power Saws,"Milwaukee Accessory, Milwaukee, 3033-21 Milw M18 24"" - Hedge Trimmer Kit, 3033-21","MILW M18 24"" - HEDGE TRIMMER KIT","Milwaukee 3033-21 Milw M18 24"" - Hedge Trimmer Kit 3033-21","Milwaukee 3033-21 Milw M18 24"" - Hedge Trimmer Kit 3033-21. High performance industrial and commercial grade 3033-21 milw m18 24"" - hedge trimmer kit designed for professional applications.","Milwaukee 3033-21 Milw M18 24"" - Hedge Trimmer Kit",,,,,,,,,,,,,,,,,,,,,,,,,,,,,,,,,,,,,,,,,,,,,,,,,,,,,,,,,,,,,,,,,,,,,,,,,,,,,,,,,,,,,,,,,,,,,,,,,,,,,,,,,,,,,,,,,,,,,,,,,,,,,,,,,,,,,,,,,,,,,,,,,,,,,,,,,,,,,,,,,,,,,,,,,,,,,,,,,,,,,,,,,,,,,,,,,,,,,,,,,,,,,,,,,,,,,,,,,,,,,,,,
,,,,,,,Tools & Hardware,Power Tools,Saws & Blades,,3034-20,"3034-20 Milw M18 30"" - Hedge Trimmer",,,Milwaukee,Milwaukee Accessory (4031),Milwaukee Accessory,Milwaukee,,3034-20,,Tools & Hardware>Power Tools>Power Saws,"Milwaukee Accessory, Milwaukee, 3034-20 Milw M18 30"" - Hedge Trimmer, 3034-20","MILW M18 30"" - HEDGE TRIMMER","Milwaukee 3034-20 Milw M18 30"" - Hedge Trimmer 3034-20","Milwaukee 3034-20 Milw M18 30"" - Hedge Trimmer 3034-20. High performance industrial and commercial grade 3034-20 milw m18 30"" - hedge trimmer designed for professional applications.","Milwaukee 3034-20 Milw M18 30"" - Hedge Trimmer",,,,,,,,,,,,,,,,,,,,,,,,,,,,,,,,,,,,,,,,,,,,,,,,,,,,,,,,,,,,,,,,,,,,,,,,,,,,,,,,,,,,,,,,,,,,,,,,,,,,,,,,,,,,,,,,,,,,,,,,,,,,,,,,,,,,,,,,,,,,,,,,,,,,,,,,,,,,,,,,,,,,,,,,,,,,,,,,,,,,,,,,,,,,,,,,,,,,,,,,,,,,,,,,,,,,,,,,,,,,,,,,
,,,,,,,Tools & Hardware,Power Tools,Saws & Blades,,D25333K,D25333K Dewalt Hammer Drill,,,,Black & Decker/dewlt (2585),Black & Decker/dewlt,DeWalt,,D25333K,,Tools & Hardware>Power Tools>Power Saws,"Black & Decker/dewlt, DeWalt, Drill, D25333K",DEWALT HAMMER DRILL,DeWalt Drill D25333K,DeWalt Drill D25333K. High performance industrial and commercial grade drill designed for professional applications.,DeWalt Drill,,,,,,,,,,,,,,,,,,,,,,,,,,,Drill,,,,,,,,,,,,,,,,,,,,,,,,,,,,,,,,,,,,,,,,,,,,,,,,,,,,,,,,,,,,,,,,,,,,,,,,,,,,,,,,,,,,,,,,,,,,,,,,,,,,,,,,,,,,,,,,,,,,,,,,,,,,,,,,,,,,,,,,,,,,,,,,,,,,,,,,,,,,,,,,,,,,,,,,,,,,,,,,,,,,,,,,,,,,,,,,,,,,,
,,,,,,,Tools & Hardware,Power Tools,Saws & Blades,,DCD803B,DCD803B Dewalt Multi-Head Drill Driver,,,,Black & Decker/dewlt (2585),Black & Decker/dewlt,DeWalt,,DCD803B,,Tools & Hardware>Power Tools>Power Saws,"Black & Decker/dewlt, DeWalt, Driver, DCD803B",DEWALT MULTI-HEAD DRILL DRIVER,DeWalt Driver DCD803B,DeWalt Driver DCD803B. High performance industrial and commercial grade driver designed for professional applications.,DeWalt Driver,,,,,,,,,,,,,,,,,,,,,,,,,,,Driver,,,,,,,,,,,,,,,,,,,,,,,,,,,,,,,,,,,,,,,,,,,,,,,,,,,,,,,,,,,,,,,,,,,,,,,,,,,,,,,,,,,,,,,,,,,,,,,,,,,,,,,,,,,,,,,,,,,,,,,,,,,,,,,,,,,,,,,,,,,,,,,,,,,,,,,,,,,,,,,,,,,,,,,,,,,,,,,,,,,,,,,,,,,,,,,,,,,,,
,,,,,,,Tools & Hardware,Power Tools,Saws & Blades,,DCF860B,DCF860B Dewalt 20V Impact - Driver Drill,,,,Black & Decker/dewlt (2585),Black & Decker/dewlt,DeWalt,,DCF860B,,Tools & Hardware>Power Tools>Power Saws,"Black & Decker/dewlt, DeWalt, Driver, DCF860B",DEWALT 20V IMPACT - DRIVER DRILL,DeWalt Driver DCF860B,DeWalt Driver DCF860B. High performance industrial and commercial grade driver designed for professional applications.,DeWalt Driver,,,,,,,,,,,,,,,,,,,,,,,,,,,Driver,,,,,,,,,,,,,,,,,,,,,,,,,,,,,,,,,,,,,,,,,,,,,,,,,,,,,,,,,,,,,,,,,,,,,,,,,,,,,,,,,,,,,,,,,,,,,,,,,,,,,,,,,,,,,,,,,,,,,,,,,,,,,,,,,,,,,,,,,,,,,,,,,,,,,,,,,,,,,,,,,,,,,,,,,,,,,,,,,,,,,,,,,,,,,,,,,,,,,
,,,,,,,Tools & Hardware,Power Tools,Saws & Blades,,3401-20,3401-20 Milw M12 Drill Driver - Brushless Compact (Bare),,,,Milwaukee Accessory (4031),Milwaukee Accessory,Milwaukee,,3401-20,,Tools & Hardware>Power Tools>Power Saws,"Milwaukee Accessory, Milwaukee, Driver, 3401-20",MILW M12 DRILL DRIVER - BRUSHLESS COMPACT (BARE),Milwaukee Driver 3401-20,Milwaukee Driver 3401-20. High performance industrial and commercial grade driver designed for professional applications.,Milwaukee Driver,,,,,,,,,,,,,,,,,,,,,,,,,,,Driver,,,,,,,,,,,,,,,,,,,,,,,,,,,,,,,,,,,,,,,,,,,,,,,,,,,,,,,,,,,,,,,,,,,,,,,,,,,,,,,,,,,,,,,,,,,,,,,,,,,,,,,,,,,,,,,,,,,,,,,,,,,,,,,,,,,,,,,,,,,,,,,,,,,,,,,,,,,,,,,,,,,,,,,,,,,,,,,,,,,,,,,,,,,,,,,,,,,,,
,,,,,,,Tools & Hardware,Power Tools,Saws & Blades,,KPTDR050A,KPTDR050A Kreg 20V Ionic Compact Drill,,,,Kreg Tool Company (KRETO),Kreg Tool Company,Kreg,,KPTDR050A,,Tools & Hardware>Power Tools>Power Saws,"Kreg Tool Company, Kreg, Drill, KPTDR050A",KREG 20V IONIC COMPACT DRILL,Kreg Drill KPTDR050A,Kreg Drill KPTDR050A. High performance industrial and commercial grade drill designed for professional applications.,Kreg Drill,,,,,,,,,,,,,,,,,,,,,,,,,,,Drill,,,,,,,,,,,,,,,,,,,,,,,,,,,,,,,,,,,,,,,,,,,,,,,,,,,,,,,,,,,,,,,,,,,,,,,,,,,,,,,,,,,,,,,,,,,,,,,,,,,,,,,,,,,,,,,,,,,,,,,,,,,,,,,,,,,,,,,,,,,,,,,,,,,,,,,,,,,,,,,,,,,,,,,,,,,,,,,,,,,,,,,,,,,,,,,,,,,,,
,,,,,,,Tools & Hardware,Power Tools,Saws & Blades,,DCD1007B,"DCD1007B Dewalt 20V Cordless - 1/2"" Hammer Drill (Bare)",,,DEWALT,Black & Decker/dewlt (2585),Black & Decker/dewlt,DEWALT,,DCD1007B,,Tools & Hardware>Power Tools>Power Saws,"Black & Decker/dewlt, DEWALT, Drill, DCD1007B","DEWALT 20V CORDLESS - 1/2"" HAMMER DRILL (BARE)",DEWALT Drill DCD1007B,DEWALT Drill DCD1007B. High performance industrial and commercial grade drill designed for professional applications.,DEWALT Drill,,,,,,,,,,,,,,,,,,,,,,,,,,,Drill,,,,,,,,,,,,,,,,,,,,,,,,,,,,,,,,,,,,,,,,,,,,,,,,,,,,,,,,,,,,,,,,,,,,,,,,,,,,,,,,,,,,,,,,,,,,,,,,,,,,,,,,,,,,,,,,,,,,,,,,,,,,,,,,,,,,,,,,,,,,,,,,,,,,,,,,,,,,,,,,,,,,,,,,,,,,,,,,,,,,,,,,,,,,,,,,,,,,,
,,,,,,,Tools & Hardware,Power Tools,Saws & Blades,,DCD799B,DCD799B Dewalt Drill,,,,Black & Decker/dewlt (2585),Black & Decker/dewlt,DeWalt,,DCD799B,,Tools & Hardware>Power Tools>Power Saws,"Black & Decker/dewlt, DeWalt, Drill, DCD799B",DEWALT DRILL,DeWalt Drill DCD799B,DeWalt Drill DCD799B. High performance industrial and commercial grade drill designed for professional applications.,DeWalt Drill,,,,,,,,,,,,,,,,,,,,,,,,,,,Drill,,,,,,,,,,,,,,,,,,,,,,,,,,,,,,,,,,,,,,,,,,,,,,,,,,,,,,,,,,,,,,,,,,,,,,,,,,,,,,,,,,,,,,,,,,,,,,,,,,,,,,,,,,,,,,,,,,,,,,,,,,,,,,,,,,,,,,,,,,,,,,,,,,,,,,,,,,,,,,,,,,,,,,,,,,,,,,,,,,,,,,,,,,,,,,,,,,,,,
,,,,,,,Tools & Hardware,Power Tools,Saws & Blades,,58006,58006 Voyager Drill Press,,,,King Canada Inc (KINCA),King Canada Inc,,,58006,,Tools & Hardware>Power Tools>Power Saws,"King Canada Inc, Drill, 58006",VOYAGER DRILL PRESS,Drill 58006,Drill 58006. High performance industrial and commercial grade drill designed for professional applications.,Drill,,,,,,,,,,,,,,,,,,,,,,,,,,,Drill,,,,,,,,,,,,,,,,,,,,,,,,,,,,,,,,,,,,,,,,,,,,,,,,,,,,,,,,,,,,,,,,,,,,,,,,,,,,,,,,,,,,,,,,,,,,,,,,,,,,,,,,,,,,,,,,,,,,,,,,,,,,,,,,,,,,,,,,,,,,,,,,,,,,,,,,,,,,,,,,,,,,,,,,,,,,,,,,,,,,,,,,,,,,,,,,,,,,,
,,,,,,,Tools & Hardware,Power Tools,Saws & Blades,,2909-20,2909-20 Milw Roofing Nailer - M18,,,Milwaukee,Milwaukee Accessory (4031),Milwaukee Accessory,Milwaukee,,2909-20,,Tools & Hardware>Power Tools>Power Saws,"Milwaukee Accessory, Milwaukee, 2909-20 Milw Roofing Nailer - M18, 2909-20",MILW ROOFING NAILER - M18,Milwaukee 2909-20 Milw Roofing Nailer - M18 2909-20,Milwaukee 2909-20 Milw Roofing Nailer - M18 2909-20. High performance industrial and commercial grade 2909-20 milw roofing nailer - m18 designed for professional applications.,Milwaukee 2909-20 Milw Roofing Nailer - M18,,,,,,,,,,,,,,,,,,,,,,,,,,,,,,,,,,,,,,,,,,,,,,,,,,,,,,,,,,,,,,,,,,,,,,,,,,,,,,,,,,,,,,,,,,,,,,,,,,,,,,,,,,,,,,,,,,,,,,,,,,,,,,,,,,,,,,,,,,,,,,,,,,,,,,,,,,,,,,,,,,,,,,,,,,,,,,,,,,,,,,,,,,,,,,,,,,,,,,,,,,,,,,,,,,,,,,,,,,,,,,,,
,,,,,,,Building Materials,Decking & Railing,Railing Kits,,2909-21,2909-21 Milw M18 Coil Roofing - Nailer Kit,,,Milwaukee,Milwaukee Accessory (4031),Milwaukee Accessory,Milwaukee,,2909-21,,Building Materials>Decking & Porch>Railing Kits & Balusters,"Milwaukee Accessory, Milwaukee, 2909-21 Milw M18 Coil Roofing - Nailer Kit, 2909-21",MILW M18 COIL ROOFING - NAILER KIT,Milwaukee 2909-21 Milw M18 Coil Roofing - Nailer Kit 2909-21,Milwaukee 2909-21 Milw M18 Coil Roofing - Nailer Kit 2909-21. High performance industrial and commercial grade 2909-21 milw m18 coil roofing - nailer kit designed for professional applications.,Milwaukee 2909-21 Milw M18 Coil Roofing - Nailer Kit,,,,,,,,,,,,,,,,,,,,,,,,,,,,,,,,,,,,,,,,,,,,,,,,,,,,,,,,,,,,,,,,,,,,,,,,,,,,,,,,,,,,,,,,,,,,,,,,,,,,,,,,,,,,,,,,,,,,,,,,,,,,,,,,,,,,,,,,,,,,,,,,,,,,,,,,,,,,,,,,,,,,,,,,,,,,,,,,,,,,,,,,,,,,,,,,,,,,,,,,,,,,,,,,,,,,,,,,,,,,,,,,
,,,,,,,Tools & Hardware,Power Tools,Blowers & Vacuums,,918200,918200 Paslode CT200S24 18Ga ST Brad Nailer,,,,National Nail Corp (7439),National Nail Corp,,,918200,,Tools & Hardware>Power Tools>Blowers & Sweepers,"National Nail Corp, 918200 Paslode CT200S24 18Ga ST Brad Nailer, 918200",PASLODE CT200S24 18GA ST BRAD NAILER,918200 Paslode CT200S24 18Ga ST Brad Nailer 918200,918200 Paslode CT200S24 18Ga ST Brad Nailer 918200. High performance industrial and commercial grade 918200 paslode ct200s24 18ga st brad nailer designed for professional applications.,918200 Paslode CT200S24 18Ga ST Brad Nailer,,,,,,,,,,,,,,,,,,,,,,,,,,,,,,,,,,,,,,,,,,,,,,,,,,,,,,,,,,,,,,,,,,,,,,,,,,,,,,,,,,,,,,,,,,,,,,,,,,,,,,,,,,,,,,,,,,,,,,,,,,,,,,,,,,,,,,,,,,,,,,,,,,,,,,,,,,,,,,,,,,,,,,,,,,,,,,,,,,,,,,,,,,,,,,,,,,,,,,,,,,,,,,,,,,,,,,,,,,,,,,,,
,,,,,,,Tools & Hardware,Power Tools,Saws & Blades,,2541-20,2541-20 Milw M12 - Compact Brad Nailer (Bare),,,,Milwaukee Accessory (4031),Milwaukee Accessory,Milwaukee,,2541-20,,Tools & Hardware>Power Tools>Power Saws,"Milwaukee Accessory, Milwaukee, 2541-20 Milw M12 - Compact Brad Nailer (Bare), 2541-20",MILW M12 - COMPACT BRAD NAILER (BARE),Milwaukee 2541-20 Milw M12 - Compact Brad Nailer (Bare) 2541-20,Milwaukee 2541-20 Milw M12 - Compact Brad Nailer (Bare) 2541-20. High performance industrial and commercial grade 2541-20 milw m12 - compact brad nailer (bare) designed for professional applications.,Milwaukee 2541-20 Milw M12 - Compact Brad Nailer (Bare),,,,,,,,,,,,,,,,,,,,,,,,,,,,,,,,,,,,,,,,,,,,,,,,,,,,,,,,,,,,,,,,,,,,,,,,,,,,,,,,,,,,,,,,,,,,,,,,,,,,,,,,,,,,,,,,,,,,,,,,,,,,,,,,,,,,,,,,,,,,,,,,,,,,,,,,,,,,,,,,,,,,,,,,,,,,,,,,,,,,,,,,,,,,,,,,,,,,,,,,,,,,,,,,,,,,,,,,,,,,,,,,
,,,,,,,Tools & Hardware,Power Tools,Saws & Blades,,DCN930B,DCN930B Dewalt 20V 30 Degree - Framing Nailer,,,DEWALT,Black & Decker/dewlt (2585),Black & Decker/dewlt,DEWALT,,DCN930B,,Tools & Hardware>Power Tools>Power Saws,"Black & Decker/dewlt, DEWALT, DCN930B Dewalt 20V 30 Degree - Framing Nailer, DCN930B",DEWALT 20V 30 DEGREE - FRAMING NAILER,DEWALT DCN930B Dewalt 20V 30 Degree - Framing Nailer DCN930B,DEWALT DCN930B Dewalt 20V 30 Degree - Framing Nailer DCN930B. High performance industrial and commercial grade dcn930b dewalt 20v 30 degree - framing nailer designed for professional applications.,DEWALT DCN930B Dewalt 20V 30 Degree - Framing Nailer,,,,,,,,,,,,,,,,,,,,,,,,,,,,,,,,,,,,,,,,,,,,,,,,,,,,,,,,,,,,,,,,,,,,,,,,,,,,,,,,,,,,,,,,,,,,,,,,,,,,,,,,,,,,,,,,,,,,,,,,,,,,,,,,,,,,,,,,,,,,,,,,,,,,,,,,,,,,,,,,,,,,,,,,,,,,,,,,,,,,,,,,,,,,,,,,,,,,,,,,,,,,,,,,,,,,,,,,,,,,,,,,
,,,,,,,Tools & Hardware,Power Tools,Saws & Blades,,DCN930P1,DCN930P1 Dewalt 20V 30 Degree - Framing Nailer Kit,,,DEWALT,Black & Decker/dewlt (2585),Black & Decker/dewlt,DEWALT,,DCN930P1,,Tools & Hardware>Power Tools>Power Saws,"Black & Decker/dewlt, DEWALT, DCN930P1 Dewalt 20V 30 Degree - Framing Nailer Kit, DCN930P1",DEWALT 20V 30 DEGREE - FRAMING NAILER KIT,DEWALT DCN930P1 Dewalt 20V 30 Degree - Framing Nailer Kit DCN930P1,DEWALT DCN930P1 Dewalt 20V 30 Degree - Framing Nailer Kit DCN930P1. High performance industrial and commercial grade dcn930p1 dewalt 20v 30 degree - framing nailer kit designed for professional applications.,DEWALT DCN930P1 Dewalt 20V 30 Degree - Framing Nailer Kit,,,,,,,,,,,,,,,,,,,,,,,,,,,,,,,,,,,,,,,,,,,,,,,,,,,,,,,,,,,,,,,,,,,,,,,,,,,,,,,,,,,,,,,,,,,,,,,,,,,,,,,,,,,,,,,,,,,,,,,,,,,,,,,,,,,,,,,,,,,,,,,,,,,,,,,,,,,,,,,,,,,,,,,,,,,,,,,,,,,,,,,,,,,,,,,,,,,,,,,,,,,,,,,,,,,,,,,,,,,,,,,,
,,,,,,,Tools & Hardware,Power Tools,Saws & Blades,,XNB04Z,"XNB04Z Makita 18V 2"" Brad Nailer 18GA (Bare)",,,,Makita Usa Inc (5142),Makita Usa Inc,Makita,,XNB04Z,,Tools & Hardware>Power Tools>Power Saws,"Makita Usa Inc, Makita, XNB04Z Makita 18V 2"" Brad Nailer 18GA (Bare), XNB04Z","MAKITA 18V 2"" BRAD NAILER 18GA (BARE)","Makita XNB04Z Makita 18V 2"" Brad Nailer 18GA (Bare) XNB04Z","Makita XNB04Z Makita 18V 2"" Brad Nailer 18GA (Bare) XNB04Z. High performance industrial and commercial grade xnb04z makita 18v 2"" brad nailer 18ga (bare) designed for professional applications.","Makita XNB04Z Makita 18V 2"" Brad Nailer 18GA (Bare)",,,,,,,,,,,,,,,,,,,,,,,,,,,,,,,,,,,,,,,,,,,,,,,,,,,,,,,,,,,,,,,,,,,,,,,,,,,,,,,,,,,,,,,,,,,,,,,,,,,,,,,,,,,,,,,,,,,,,,,,,,,,,,,,,,,,,,,,,,,,,,,,,,,,,,,,,,,,,,,,,,,,,,,,,,,,,,,,,,,,,,,,,,,,,,,,,,,,,,,,,,,,,,,,,,,,,,,,,,,,,,,,
,,,,,,,Tools & Hardware,Power Tools,Saws & Blades,,XNB05Z,"XNB05Z Makita 18V 2-1/2"" Straight Finish Nailer 16GA",,,,Makita Usa Inc (5142),Makita Usa Inc,Makita,,XNB05Z,,Tools & Hardware>Power Tools>Power Saws,"Makita Usa Inc, Makita, XNB05Z Makita 18V 2-1/2"" Straight Finish Nailer 16GA, XNB05Z","MAKITA 18V 2-1/2"" STRAIGHT FINISH NAILER 16GA","Makita XNB05Z Makita 18V 2-1/2"" Straight Finish Nailer 16GA XNB05Z","Makita XNB05Z Makita 18V 2-1/2"" Straight Finish Nailer 16GA XNB05Z. High performance industrial and commercial grade xnb05z makita 18v 2-1/2"" straight finish nailer 16ga designed for professional applications.","Makita XNB05Z Makita 18V 2-1/2"" Straight Finish Nailer 16GA",,,,,,,,,,,,,,,,,,,,,,,,,,,,,,,,,,,,,,,,,,,,,,,,,,,,,,,,,,,,,,,,,,,,,,,,,,,,,,,,,,,,,,,,,,,,,,,,,,,,,,,,,,,,,,,,,,,,,,,,,,,,,,,,,,,,,,,,,,,,,,,,,,,,,,,,,,,,,,,,,,,,,,,,,,,,,,,,,,,,,,,,,,,,,,,,,,,,,,,,,,,,,,,,,,,,,,,,,,,,,,,,
,,,,,,,Tools & Hardware,Power Tools,Saws & Blades,,XNB06Z,"XNB06Z Makita 18V 2-1/2"" Angled Finish Nailer 16GA",,,,Makita Usa Inc (5142),Makita Usa Inc,Makita,,XNB06Z,,Tools & Hardware>Power Tools>Power Saws,"Makita Usa Inc, Makita, XNB06Z Makita 18V 2-1/2"" Angled Finish Nailer 16GA, XNB06Z","MAKITA 18V 2-1/2"" ANGLED FINISH NAILER 16GA","Makita XNB06Z Makita 18V 2-1/2"" Angled Finish Nailer 16GA XNB06Z","Makita XNB06Z Makita 18V 2-1/2"" Angled Finish Nailer 16GA XNB06Z. High performance industrial and commercial grade xnb06z makita 18v 2-1/2"" angled finish nailer 16ga designed for professional applications.","Makita XNB06Z Makita 18V 2-1/2"" Angled Finish Nailer 16GA",,,,,,,,,,,,,,,,,,,,,,,,,,,,,,,,,,,,,,,,,,,,,,,,,,,,,,,,,,,,,,,,,,,,,,,,,,,,,,,,,,,,,,,,,,,,,,,,,,,,,,,,,,,,,,,,,,,,,,,,,,,,,,,,,,,,,,,,,,,,,,,,,,,,,,,,,,,,,,,,,,,,,,,,,,,,,,,,,,,,,,,,,,,,,,,,,,,,,,,,,,,,,,,,,,,,,,,,,,,,,,,,
,,,,,,,Tools & Hardware,Abrasives,Grinding Wheels,,XNB07Z,XNB07Z Makita 18V LXT BL 30 Nailer (Bare),,,,Makita Usa Inc (5142),Makita Usa Inc,Makita,,XNB07Z,,Tools & Hardware>Abrasives & Polishing>Grinding & Cut-Off Wheels,"Makita Usa Inc, Makita, XNB07Z Makita 18V LXT BL 30 Nailer (Bare), XNB07Z",MAKITA 18V LXT BL 30 NAILER (BARE),Makita XNB07Z Makita 18V LXT BL 30 Nailer (Bare) XNB07Z,Makita XNB07Z Makita 18V LXT BL 30 Nailer (Bare) XNB07Z. High performance industrial and commercial grade xnb07z makita 18v lxt bl 30 nailer (bare) designed for professional applications.,Makita XNB07Z Makita 18V LXT BL 30 Nailer (Bare),,,,,,,,,,,,,,,,,,,,,,,,,,,,,,,,,,,,,,,,,,,,,,,,,,,,,,,,,,,,,,,,,,,,,,,,,,,,,,,,,,,,,,,,,,,,,,,,,,,,,,,,,,,,,,,,,,,,,,,,,,,,,,,,,,,,,,,,,,,,,,,,,,,,,,,,,,,,,,,,,,,,,,,,,,,,,,,,,,,,,,,,,,,,,,,,,,,,,,,,,,,,,,,,,,,,,,,,,,,,,,,,
,,,,,,,Lighting & Ceiling Fans,Indoor Lighting,Chandeliers & Pendants,,DZN930,DZN930 Dewalt 30 Degree - Framing Magazine,,,,Black & Decker/dewlt (2585),Black & Decker/dewlt,DeWalt,,DZN930,,Lighting & Electrical>Light Fixtures>Chandeliers & Pendants,"Black & Decker/dewlt, DeWalt, DZN930 Dewalt 30 Degree - Framing Magazine, DZN930",DEWALT 30 DEGREE - FRAMING MAGAZINE,DeWalt DZN930 Dewalt 30 Degree - Framing Magazine DZN930,DeWalt DZN930 Dewalt 30 Degree - Framing Magazine DZN930. High performance industrial and commercial grade dzn930 dewalt 30 degree - framing magazine designed for professional applications.,DeWalt DZN930 Dewalt 30 Degree - Framing Magazine,,,,,,,,,,,,,,,,,,,,,,,,,,,,,,,,,,,,,,,,,,,,,,,,,,,,,,,,,,,,,,,,,,,,,,,,,,,,,,,,,,,,,,,,,,,,,,,,,,,,,,,,,,,,,,,,,,,,,,,,,,,,,,,,,,,,,,,,,,,,,,,,,,,,,,,,,,,,,,,,,,,,,,,,,,,,,,,,,,,,,,,,,,,,,,,,,,,,,,,,,,,,,,,,,,,,,,,,,,,,,,,,
,,,,,,,Tools & Hardware,Power Tools,Saws & Blades,,220USB25U,220USB25U Vessel Screwdriver w/25pc Bit Set,,,,Vessel Tools USA Inc (VESTO),Vessel Tools USA Inc,,,220USB25U,,Tools & Hardware>Power Tools>Power Saws,"Vessel Tools USA Inc, 220USB25U Vessel Screwdriver w/25pc Bit Set, 220USB25U",VESSEL SCREWDRIVER W/25PC BIT SET,"220USB25U Vessel Screwdriver w/25pc Bit Set 220USB25U, piece_count=25","220USB25U Vessel Screwdriver w/25pc Bit Set 220USB25U, piece_count=25. High performance industrial and commercial grade 220usb25u vessel screwdriver w/25pc bit set designed for professional applications.","220USB25U Vessel Screwdriver w/25pc Bit Set, piece_count=25",,,,,,,,,,,,,,,,,,,,,,,,,,,,,,,,,,,,,,,,,,,,,,,,,,,,,,,,,,,,,,,,,,,,,,,,,,,,,,,,,,,,,,,,,,,,,,,,,,,,,,,,,,,,,,,,,,,,,,,,,,,,,,,,,,,,,,,,,,,,,,,,,,,,,,,,,,,,,,,,,,,,,,,,,,,,,,,,,,,,,,,,,,,,,,,,,,,,,,,,,,,,,,,,,,,,,,,,,,,,,,,,
,,,,,,,Tools & Hardware,Power Tools,Saws & Blades,,XRF03Z,XRF03Z Makita 18V Screwdriver - Autofeed,,,,Makita Usa Inc (5142),Makita Usa Inc,Makita,,XRF03Z,,Tools & Hardware>Power Tools>Power Saws,"Makita Usa Inc, Makita, XRF03Z Makita 18V Screwdriver - Autofeed, XRF03Z",MAKITA 18V SCREWDRIVER - AUTOFEED,Makita XRF03Z Makita 18V Screwdriver - Autofeed XRF03Z,Makita XRF03Z Makita 18V Screwdriver - Autofeed XRF03Z. High performance industrial and commercial grade xrf03z makita 18v screwdriver - autofeed designed for professional applications.,Makita XRF03Z Makita 18V Screwdriver - Autofeed,,,,,,,,,,,,,,,,,,,,,,,,,,,,,,,,,,,,,,,,,,,,,,,,,,,,,,,,,,,,,,,,,,,,,,,,,,,,,,,,,,,,,,,,,,,,,,,,,,,,,,,,,,,,,,,,,,,,,,,,,,,,,,,,,,,,,,,,,,,,,,,,,,,,,,,,,,,,,,,,,,,,,,,,,,,,,,,,,,,,,,,,,,,,,,,,,,,,,,,,,,,,,,,,,,,,,,,,,,,,,,,,
,,,,,,,Tools & Hardware,Power Tools,Saws & Blades,,220USBP5U,220USBP5U Vessel Screwdriver Plus w/5pc Bit Set,,,,Vessel Tools USA Inc (VESTO),Vessel Tools USA Inc,,,220USBP5U,,Tools & Hardware>Power Tools>Power Saws,"Vessel Tools USA Inc, 220USBP5U Vessel Screwdriver Plus w/5pc Bit Set, 220USBP5U",VESSEL SCREWDRIVER PLUS W/5PC BIT SET,"220USBP5U Vessel Screwdriver Plus w/5pc Bit Set 220USBP5U, piece_count=5","220USBP5U Vessel Screwdriver Plus w/5pc Bit Set 220USBP5U, piece_count=5. High performance industrial and commercial grade 220usbp5u vessel screwdriver plus w/5pc bit set designed for professional applications.","220USBP5U Vessel Screwdriver Plus w/5pc Bit Set, piece_count=5",,,,,,,,,,,,,,,,,,,,,,,,,,,,,,,,,,,,,,,,,,,,,,,,,,,,,,,,,,,,,,,,,,,,,,,,,,,,,,,,,,,,,,,,,,,,,,,,,,,,,,,,,,,,,,,,,,,,,,,,,,,,,,,,,,,,,,,,,,,,,,,,,,,,,,,,,,,,,,,,,,,,,,,,,,,,,,,,,,,,,,,,,,,,,,,,,,,,,,,,,,,,,,,,,,,,,,,,,,,,,,,,
,,,,,,,Tools & Hardware,Power Tools,Saws & Blades,,49-66-4567,"49-66-4567 Milw 6"" Magnetic - Impact Driver Set 6pc",,,,Milwaukee Accessory (4031),Milwaukee Accessory,Milwaukee,,49-66-4567,,Tools & Hardware>Power Tools>Power Saws,"Milwaukee Accessory, Milwaukee, Driver, 49-66-4567","MILW 6"" MAGNETIC - IMPACT DRIVER SET 6PC","Milwaukee Driver 49-66-4567, piece_count=6","Milwaukee Driver 49-66-4567, piece_count=6. High performance industrial and commercial grade driver designed for professional applications.","Milwaukee Driver, piece_count=6",,,,,,,,,,,,,,,,,,,,,,,,,,,Driver,,,,,,,,,,,,,,,,,,,,,,,,,,,,,,,,,,,,,,,,,,,,,,,,,,,,,,,,,,,,,,,,,,,,,,,,,,,,,,,,,,,,,,,,,,,,,,,,,,,,,,,,,,,,,,,,,,,,,,,,,,,,,,,,,,,,,,,,,,,,,,,,,,,,,,,,,,,,,,,,,,,,,,,,,,,,,,,,,,,,,,,,,,,,,,,,,,,,,
,,,,,,,Electrical,Fittings & Conduit,Cord Grips & Connectors,,IBMG90K003,"IBMG90K003 Vessel Impact Ball Torsion Bit Assort 5pc 3.5""",,,,Vessel Tools USA Inc (VESTO),Vessel Tools USA Inc,,,IBMG90K003,,Electrical>Conduit & Fittings>Cord Grips & Connectors,"Vessel Tools USA Inc, IBMG90K003 Vessel Impact Ball Torsion Bit Assort 5pc 3.5"", IBMG90K003","VESSEL IMPACT BALL TORSION BIT ASSORT 5PC 3.5""","IBMG90K003 Vessel Impact Ball Torsion Bit Assort 5pc 3.5"" IBMG90K003, piece_count=5","IBMG90K003 Vessel Impact Ball Torsion Bit Assort 5pc 3.5"" IBMG90K003, piece_count=5. High performance industrial and commercial grade ibmg90k003 vessel impact ball torsion bit assort 5pc 3.5"" designed for professional applications.","IBMG90K003 Vessel Impact Ball Torsion Bit Assort 5pc 3.5"", piece_count=5",,,,,,,,,,,,,,,,,,,,,,,,,,,,,,,,,,,,,,,,,,,,,,,,,,,,,,,,,,,,,,,,,,,,,,,,,,,,,,,,,,,,,,,,,,,,,,,,,,,,,,,,,,,,,,,,,,,,,,,,,,,,,,,,,,,,,,,,,,,,,,,,,,,,,,,,,,,,,,,,,,,,,,,,,,,,,,,,,,,,,,,,,,,,,,,,,,,,,,,,,,,,,,,,,,,,,,,,,,,,,,,,
,,,,,,,Electrical,Fittings & Conduit,Cord Grips & Connectors,,IBPH250P15T,"IBPH250P15T Vessel Torsion Bit 2"" 15pc",,,,Vessel Tools USA Inc (VESTO),Vessel Tools USA Inc,,,IBPH250P15T,,Electrical>Conduit & Fittings>Cord Grips & Connectors,"Vessel Tools USA Inc, IBPH250P15T Vessel Torsion Bit 2"" 15pc, IBPH250P15T","VESSEL TORSION BIT 2"" 15PC","IBPH250P15T Vessel Torsion Bit 2"" 15pc IBPH250P15T, piece_count=15","IBPH250P15T Vessel Torsion Bit 2"" 15pc IBPH250P15T, piece_count=15. High performance industrial and commercial grade ibph250p15t vessel torsion bit 2"" 15pc designed for professional applications.","IBPH250P15T Vessel Torsion Bit 2"" 15pc, piece_count=15",,,,,,,,,,,,,,,,,,,,,,,,,,,,,,,,,,,,,,,,,,,,,,,,,,,,,,,,,,,,,,,,,,,,,,,,,,,,,,,,,,,,,,,,,,,,,,,,,,,,,,,,,,,,,,,,,,,,,,,,,,,,,,,,,,,,,,,,,,,,,,,,,,,,,,,,,,,,,,,,,,,,,,,,,,,,,,,,,,,,,,,,,,,,,,,,,,,,,,,,,,,,,,,,,,,,,,,,,,,,,,,,
,,,,,,,Tools & Hardware,Power Tools,Saws & Blades,,DPH12B,"DPH12B 2"" #1 Phillips Drive - Bit",,,Diablo,Freud Inc (2435),Freud Inc,Diablo,,DPH12B,,Tools & Hardware>Power Tools>Power Saws,"Freud Inc, Diablo, DPH12B 2"" #1 Phillips Drive - Bit, DPH12B","2"" #1 PHILLIPS DRIVE - BIT","Diablo DPH12B 2"" #1 Phillips Drive - Bit DPH12B","Diablo DPH12B 2"" #1 Phillips Drive - Bit DPH12B. High performance industrial and commercial grade dph12b 2"" #1 phillips drive - bit designed for professional applications.","Diablo DPH12B 2"" #1 Phillips Drive - Bit",,,,,,,,,,,,,,,,,,,,,,,,,,,,,,,,,,,,,,,,,,,,,,,,,,,,,,,,,,,,,,,,,,,,,,,,,,,,,,,,,,,,,,,,,,,,,,,,,,,,,,,,,,,,,,,,,,,,,,,,,,,,,,,,,,,,,,,,,,,,,,,,,,,,,,,,,,,,,,,,,,,,,,,,,,,,,,,,,,,,,,,,,,,,,,,,,,,,,,,,,,,,,,,,,,,,,,,,,,,,,,,,
,,,,,,,Tools & Hardware,Power Tools,Saws & Blades,,DPH135B,"DPH135B 3-1/2"" #1 Phillips - Drive Bit",,,Diablo,Freud Inc (2435),Freud Inc,Diablo,,DPH135B,,Tools & Hardware>Power Tools>Power Saws,"Freud Inc, Diablo, DPH135B 3-1/2"" #1 Phillips - Drive Bit, DPH135B","3-1/2"" #1 PHILLIPS - DRIVE BIT","Diablo DPH135B 3-1/2"" #1 Phillips - Drive Bit DPH135B","Diablo DPH135B 3-1/2"" #1 Phillips - Drive Bit DPH135B. High performance industrial and commercial grade dph135b 3-1/2"" #1 phillips - drive bit designed for professional applications.","Diablo DPH135B 3-1/2"" #1 Phillips - Drive Bit",,,,,,,,,,,,,,,,,,,,,,,,,,,,,,,,,,,,,,,,,,,,,,,,,,,,,,,,,,,,,,,,,,,,,,,,,,,,,,,,,,,,,,,,,,,,,,,,,,,,,,,,,,,,,,,,,,,,,,,,,,,,,,,,,,,,,,,,,,,,,,,,,,,,,,,,,,,,,,,,,,,,,,,,,,,,,,,,,,,,,,,,,,,,,,,,,,,,,,,,,,,,,,,,,,,,,,,,,,,,,,,,
,,,,,,,Tools & Hardware,Power Tools,Saws & Blades,,DPH21B,"DPH21B 1"" #2 Phillips Drive - Bit",,,Diablo,Freud Inc (2435),Freud Inc,Diablo,,DPH21B,,Tools & Hardware>Power Tools>Power Saws,"Freud Inc, Diablo, DPH21B 1"" #2 Phillips Drive - Bit, DPH21B","1"" #2 PHILLIPS DRIVE - BIT","Diablo DPH21B 1"" #2 Phillips Drive - Bit DPH21B","Diablo DPH21B 1"" #2 Phillips Drive - Bit DPH21B. High performance industrial and commercial grade dph21b 1"" #2 phillips drive - bit designed for professional applications.","Diablo DPH21B 1"" #2 Phillips Drive - Bit",,,,,,,,,,,,,,,,,,,,,,,,,,,,,,,,,,,,,,,,,,,,,,,,,,,,,,,,,,,,,,,,,,,,,,,,,,,,,,,,,,,,,,,,,,,,,,,,,,,,,,,,,,,,,,,,,,,,,,,,,,,,,,,,,,,,,,,,,,,,,,,,,,,,,,,,,,,,,,,,,,,,,,,,,,,,,,,,,,,,,,,,,,,,,,,,,,,,,,,,,,,,,,,,,,,,,,,,,,,,,,,,
,,,,,,,Tools & Hardware,Power Tools,Saws & Blades,,DPH22B,"DPH22B 2"" #2 Phillips Drive - Bit",,,Diablo,Freud Inc (2435),Freud Inc,Diablo,,DPH22B,,Tools & Hardware>Power Tools>Power Saws,"Freud Inc, Diablo, DPH22B 2"" #2 Phillips Drive - Bit, DPH22B","2"" #2 PHILLIPS DRIVE - BIT","Diablo DPH22B 2"" #2 Phillips Drive - Bit DPH22B","Diablo DPH22B 2"" #2 Phillips Drive - Bit DPH22B. High performance industrial and commercial grade dph22b 2"" #2 phillips drive - bit designed for professional applications.","Diablo DPH22B 2"" #2 Phillips Drive - Bit",,,,,,,,,,,,,,,,,,,,,,,,,,,,,,,,,,,,,,,,,,,,,,,,,,,,,,,,,,,,,,,,,,,,,,,,,,,,,,,,,,,,,,,,,,,,,,,,,,,,,,,,,,,,,,,,,,,,,,,,,,,,,,,,,,,,,,,,,,,,,,,,,,,,,,,,,,,,,,,,,,,,,,,,,,,,,,,,,,,,,,,,,,,,,,,,,,,,,,,,,,,,,,,,,,,,,,,,,,,,,,,,
,,,,,,,Tools & Hardware,Power Tools,Saws & Blades,,DPH235B,"DPH235B 3-1/2"" #2 Phillips - Drive Bit",,,Diablo,Freud Inc (2435),Freud Inc,Diablo,,DPH235B,,Tools & Hardware>Power Tools>Power Saws,"Freud Inc, Diablo, DPH235B 3-1/2"" #2 Phillips - Drive Bit, DPH235B","3-1/2"" #2 PHILLIPS - DRIVE BIT","Diablo DPH235B 3-1/2"" #2 Phillips - Drive Bit DPH235B","Diablo DPH235B 3-1/2"" #2 Phillips - Drive Bit DPH235B. High performance industrial and commercial grade dph235b 3-1/2"" #2 phillips - drive bit designed for professional applications.","Diablo DPH235B 3-1/2"" #2 Phillips - Drive Bit",,,,,,,,,,,,,,,,,,,,,,,,,,,,,,,,,,,,,,,,,,,,,,,,,,,,,,,,,,,,,,,,,,,,,,,,,,,,,,,,,,,,,,,,,,,,,,,,,,,,,,,,,,,,,,,,,,,,,,,,,,,,,,,,,,,,,,,,,,,,,,,,,,,,,,,,,,,,,,,,,,,,,,,,,,,,,,,,,,,,,,,,,,,,,,,,,,,,,,,,,,,,,,,,,,,,,,,,,,,,,,,,
,,,,,,,Tools & Hardware,Power Tools,Saws & Blades,,DPH26B,"DPH26B 6"" #2 Phillips Drive - Bit",,,Diablo,Freud Inc (2435),Freud Inc,Diablo,,DPH26B,,Tools & Hardware>Power Tools>Power Saws,"Freud Inc, Diablo, DPH26B 6"" #2 Phillips Drive - Bit, DPH26B","6"" #2 PHILLIPS DRIVE - BIT","Diablo DPH26B 6"" #2 Phillips Drive - Bit DPH26B","Diablo DPH26B 6"" #2 Phillips Drive - Bit DPH26B. High performance industrial and commercial grade dph26b 6"" #2 phillips drive - bit designed for professional applications.","Diablo DPH26B 6"" #2 Phillips Drive - Bit",,,,,,,,,,,,,,,,,,,,,,,,,,,,,,,,,,,,,,,,,,,,,,,,,,,,,,,,,,,,,,,,,,,,,,,,,,,,,,,,,,,,,,,,,,,,,,,,,,,,,,,,,,,,,,,,,,,,,,,,,,,,,,,,,,,,,,,,,,,,,,,,,,,,,,,,,,,,,,,,,,,,,,,,,,,,,,,,,,,,,,,,,,,,,,,,,,,,,,,,,,,,,,,,,,,,,,,,,,,,,,,,
,,,,,,,Tools & Hardware,Power Tools,Saws & Blades,,DPH2R1B,"DPH2R1B 1"" #2 Phillips Drywall - Screws Drive Bit",,,Diablo,Freud Inc (2435),Freud Inc,Diablo,,DPH2R1B,,Tools & Hardware>Power Tools>Power Saws,"Freud Inc, Diablo, DPH2R1B 1"" #2 Phillips Drywall - Screws Drive Bit, DPH2R1B","1"" #2 PHILLIPS DRYWALL - SCREWS DRIVE BIT","Diablo DPH2R1B 1"" #2 Phillips Drywall - Screws Drive Bit DPH2R1B","Diablo DPH2R1B 1"" #2 Phillips Drywall - Screws Drive Bit DPH2R1B. High performance industrial and commercial grade dph2r1b 1"" #2 phillips drywall - screws drive bit designed for professional applications.","Diablo DPH2R1B 1"" #2 Phillips Drywall - Screws Drive Bit",,,,,,,,,,,,,,,,,,,,,,,,,,,,,,,,,,,,,,,,,,,,,,,,,,,,,,,,,,,,,,,,,,,,,,,,,,,,,,,,,,,,,,,,,,,,,,,,,,,,,,,,,,,,,,,,,,,,,,,,,,,,,,,,,,,,,,,,,,,,,,,,,,,,,,,,,,,,,,,,,,,,,,,,,,,,,,,,,,,,,,,,,,,,,,,,,,,,,,,,,,,,,,,,,,,,,,,,,,,,,,,,
,,,,,,,Tools & Hardware,Power Tools,Saws & Blades,,DPH31B,"DPH31B 1"" #3 Phillips Drive - Bit",,,Diablo,Freud Inc (2435),Freud Inc,Diablo,,DPH31B,,Tools & Hardware>Power Tools>Power Saws,"Freud Inc, Diablo, DPH31B 1"" #3 Phillips Drive - Bit, DPH31B","1"" #3 PHILLIPS DRIVE - BIT","Diablo DPH31B 1"" #3 Phillips Drive - Bit DPH31B","Diablo DPH31B 1"" #3 Phillips Drive - Bit DPH31B. High performance industrial and commercial grade dph31b 1"" #3 phillips drive - bit designed for professional applications.","Diablo DPH31B 1"" #3 Phillips Drive - Bit",,,,,,,,,,,,,,,,,,,,,,,,,,,,,,,,,,,,,,,,,,,,,,,,,,,,,,,,,,,,,,,,,,,,,,,,,,,,,,,,,,,,,,,,,,,,,,,,,,,,,,,,,,,,,,,,,,,,,,,,,,,,,,,,,,,,,,,,,,,,,,,,,,,,,,,,,,,,,,,,,,,,,,,,,,,,,,,,,,,,,,,,,,,,,,,,,,,,,,,,,,,,,,,,,,,,,,,,,,,,,,,,
,,,,,,,Tools & Hardware,Power Tools,Saws & Blades,,DPH32B,"DPH32B 2"" #3 Phillips Drive - Bit",,,Diablo,Freud Inc (2435),Freud Inc,Diablo,,DPH32B,,Tools & Hardware>Power Tools>Power Saws,"Freud Inc, Diablo, DPH32B 2"" #3 Phillips Drive - Bit, DPH32B","2"" #3 PHILLIPS DRIVE - BIT","Diablo DPH32B 2"" #3 Phillips Drive - Bit DPH32B","Diablo DPH32B 2"" #3 Phillips Drive - Bit DPH32B. High performance industrial and commercial grade dph32b 2"" #3 phillips drive - bit designed for professional applications.","Diablo DPH32B 2"" #3 Phillips Drive - Bit",,,,,,,,,,,,,,,,,,,,,,,,,,,,,,,,,,,,,,,,,,,,,,,,,,,,,,,,,,,,,,,,,,,,,,,,,,,,,,,,,,,,,,,,,,,,,,,,,,,,,,,,,,,,,,,,,,,,,,,,,,,,,,,,,,,,,,,,,,,,,,,,,,,,,,,,,,,,,,,,,,,,,,,,,,,,,,,,,,,,,,,,,,,,,,,,,,,,,,,,,,,,,,,,,,,,,,,,,,,,,,,,
,,,,,,,Tools & Hardware,Power Tools,Saws & Blades,,DPH335B,"DPH335B 3-1/2"" #3 Phillips - Drive Bit",,,Diablo,Freud Inc (2435),Freud Inc,Diablo,,DPH335B,,Tools & Hardware>Power Tools>Power Saws,"Freud Inc, Diablo, DPH335B 3-1/2"" #3 Phillips - Drive Bit, DPH335B","3-1/2"" #3 PHILLIPS - DRIVE BIT","Diablo DPH335B 3-1/2"" #3 Phillips - Drive Bit DPH335B","Diablo DPH335B 3-1/2"" #3 Phillips - Drive Bit DPH335B. High performance industrial and commercial grade dph335b 3-1/2"" #3 phillips - drive bit designed for professional applications.","Diablo DPH335B 3-1/2"" #3 Phillips - Drive Bit",,,,,,,,,,,,,,,,,,,,,,,,,,,,,,,,,,,,,,,,,,,,,,,,,,,,,,,,,,,,,,,,,,,,,,,,,,,,,,,,,,,,,,,,,,,,,,,,,,,,,,,,,,,,,,,,,,,,,,,,,,,,,,,,,,,,,,,,,,,,,,,,,,,,,,,,,,,,,,,,,,,,,,,,,,,,,,,,,,,,,,,,,,,,,,,,,,,,,,,,,,,,,,,,,,,,,,,,,,,,,,,,
,,,,,,,Tools & Hardware,Power Tools,Saws & Blades,,DSQ12B,"DSQ12B 2"" #1 Square Drive Bit",,,Diablo,Freud Inc (2435),Freud Inc,Diablo,,DSQ12B,,Tools & Hardware>Power Tools>Power Saws,"Freud Inc, Diablo, DSQ12B 2"" #1 Square Drive Bit, DSQ12B","2"" #1 SQUARE DRIVE BIT","Diablo DSQ12B 2"" #1 Square Drive Bit DSQ12B","Diablo DSQ12B 2"" #1 Square Drive Bit DSQ12B. High performance industrial and commercial grade dsq12b 2"" #1 square drive bit designed for professional applications.","Diablo DSQ12B 2"" #1 Square Drive Bit",,,,,,,,,,,,,,,,,,,,,,,,,,,,,,,,,,,,,,,,,,,,,,,,,,,,,,,,,,,,,,,,,,,,,,,,,,,,,,,,,,,,,,,,,,,,,,,,,,,,,,,,,,,,,,,,,,,,,,,,,,,,,,,,,,,,,,,,,,,,,,,,,,,,,,,,,,,,,,,,,,,,,,,,,,,,,,,,,,,,,,,,,,,,,,,,,,,,,,,,,,,,,,,,,,,,,,,,,,,,,,,,
,,,,,,,Tools & Hardware,Power Tools,Saws & Blades,,DSQ22B,"DSQ22B 2"" #2 Square Drive Bit",,,Diablo,Freud Inc (2435),Freud Inc,Diablo,,DSQ22B,,Tools & Hardware>Power Tools>Power Saws,"Freud Inc, Diablo, DSQ22B 2"" #2 Square Drive Bit, DSQ22B","2"" #2 SQUARE DRIVE BIT","Diablo DSQ22B 2"" #2 Square Drive Bit DSQ22B","Diablo DSQ22B 2"" #2 Square Drive Bit DSQ22B. High performance industrial and commercial grade dsq22b 2"" #2 square drive bit designed for professional applications.","Diablo DSQ22B 2"" #2 Square Drive Bit",,,,,,,,,,,,,,,,,,,,,,,,,,,,,,,,,,,,,,,,,,,,,,,,,,,,,,,,,,,,,,,,,,,,,,,,,,,,,,,,,,,,,,,,,,,,,,,,,,,,,,,,,,,,,,,,,,,,,,,,,,,,,,,,,,,,,,,,,,,,,,,,,,,,,,,,,,,,,,,,,,,,,,,,,,,,,,,,,,,,,,,,,,,,,,,,,,,,,,,,,,,,,,,,,,,,,,,,,,,,,,,,
,,,,,,,Tools & Hardware,Power Tools,Saws & Blades,,DSQ26B,"DSQ26B 6"" #2 Square Drive Bit",,,Diablo,Freud Inc (2435),Freud Inc,Diablo,,DSQ26B,,Tools & Hardware>Power Tools>Power Saws,"Freud Inc, Diablo, DSQ26B 6"" #2 Square Drive Bit, DSQ26B","6"" #2 SQUARE DRIVE BIT","Diablo DSQ26B 6"" #2 Square Drive Bit DSQ26B","Diablo DSQ26B 6"" #2 Square Drive Bit DSQ26B. High performance industrial and commercial grade dsq26b 6"" #2 square drive bit designed for professional applications.","Diablo DSQ26B 6"" #2 Square Drive Bit",,,,,,,,,,,,,,,,,,,,,,,,,,,,,,,,,,,,,,,,,,,,,,,,,,,,,,,,,,,,,,,,,,,,,,,,,,,,,,,,,,,,,,,,,,,,,,,,,,,,,,,,,,,,,,,,,,,,,,,,,,,,,,,,,,,,,,,,,,,,,,,,,,,,,,,,,,,,,,,,,,,,,,,,,,,,,,,,,,,,,,,,,,,,,,,,,,,,,,,,,,,,,,,,,,,,,,,,,,,,,,,,
,,,,,,,Tools & Hardware,Abrasives,Sanding Belts & Discs,,DSQ32B,"DSQ32B 2"" #3 Square Drive Bit",,,Diablo,Freud Inc (2435),Freud Inc,Diablo,,DSQ32B,,Tools & Hardware>Abrasives & Polishing>Sanding Belts & Discs,"Freud Inc, Diablo, DSQ32B 2"" #3 Square Drive Bit, DSQ32B","2"" #3 SQUARE DRIVE BIT","Diablo DSQ32B 2"" #3 Square Drive Bit DSQ32B","Diablo DSQ32B 2"" #3 Square Drive Bit DSQ32B. High performance industrial and commercial grade dsq32b 2"" #3 square drive bit designed for professional applications.","Diablo DSQ32B 2"" #3 Square Drive Bit",,,,,,,,,,,,,,,,,,,,,,,,,,,,,,,,,,,,,,,,,,,,,,,,,,,,,,,,,,,,,,,,,,,,,,,,,,,,,,,,,,,,,,,,,,,,,,,,,,,,,,,,,,,,,,,,,,,,,,,,,,,,,,,,,,,,,,,,,,,,,,,,,,,,,,,,,,,,,,,,,,,,,,,,,,,,,,,,,,,,,,,,,,,,,,,,,,,,,,,,,,,,,,,,,,,,,,,,,,,,,,,,
,,,,,,,Tools & Hardware,Abrasives,Sanding Belts & Discs,,DT102B,"DT102B 2"" #10 Torx Drive Bit",,,Diablo,Freud Inc (2435),Freud Inc,Diablo,,DT102B,,Tools & Hardware>Abrasives & Polishing>Sanding Belts & Discs,"Freud Inc, Diablo, DT102B 2"" #10 Torx Drive Bit, DT102B","2"" #10 TORX DRIVE BIT","Diablo DT102B 2"" #10 Torx Drive Bit DT102B","Diablo DT102B 2"" #10 Torx Drive Bit DT102B. High performance industrial and commercial grade dt102b 2"" #10 torx drive bit designed for professional applications.","Diablo DT102B 2"" #10 Torx Drive Bit",,,,,,,,,,,,,,,,,,,,,,,,,,,,,,,,,,,,,,,,,,,,,,,,,,,,,,,,,,,,,,,,,,,,,,,,,,,,,,,,,,,,,,,,,,,,,,,,,,,,,,,,,,,,,,,,,,,,,,,,,,,,,,,,,,,,,,,,,,,,,,,,,,,,,,,,,,,,,,,,,,,,,,,,,,,,,,,,,,,,,,,,,,,,,,,,,,,,,,,,,,,,,,,,,,,,,,,,,,,,,,,,
,,,,,,,Tools & Hardware,Power Tools,Saws & Blades,,DT152B,"DT152B 2"" #15 Torx Drive Bit",,,Diablo,Freud Inc (2435),Freud Inc,Diablo,,DT152B,,Tools & Hardware>Power Tools>Power Saws,"Freud Inc, Diablo, DT152B 2"" #15 Torx Drive Bit, DT152B","2"" #15 TORX DRIVE BIT","Diablo DT152B 2"" #15 Torx Drive Bit DT152B","Diablo DT152B 2"" #15 Torx Drive Bit DT152B. High performance industrial and commercial grade dt152b 2"" #15 torx drive bit designed for professional applications.","Diablo DT152B 2"" #15 Torx Drive Bit",,,,,,,,,,,,,,,,,,,,,,,,,,,,,,,,,,,,,,,,,,,,,,,,,,,,,,,,,,,,,,,,,,,,,,,,,,,,,,,,,,,,,,,,,,,,,,,,,,,,,,,,,,,,,,,,,,,,,,,,,,,,,,,,,,,,,,,,,,,,,,,,,,,,,,,,,,,,,,,,,,,,,,,,,,,,,,,,,,,,,,,,,,,,,,,,,,,,,,,,,,,,,,,,,,,,,,,,,,,,,,,,
,,,,,,,Tools & Hardware,Power Tools,Saws & Blades,,DT1535B,"DT1535B 3-1/2"" #15 Torx Drive - Bit",,,Diablo,Freud Inc (2435),Freud Inc,Diablo,,DT1535B,,Tools & Hardware>Power Tools>Power Saws,"Freud Inc, Diablo, DT1535B 3-1/2"" #15 Torx Drive - Bit, DT1535B","3-1/2"" #15 TORX DRIVE - BIT","Diablo DT1535B 3-1/2"" #15 Torx Drive - Bit DT1535B","Diablo DT1535B 3-1/2"" #15 Torx Drive - Bit DT1535B. High performance industrial and commercial grade dt1535b 3-1/2"" #15 torx drive - bit designed for professional applications.","Diablo DT1535B 3-1/2"" #15 Torx Drive - Bit",,,,,,,,,,,,,,,,,,,,,,,,,,,,,,,,,,,,,,,,,,,,,,,,,,,,,,,,,,,,,,,,,,,,,,,,,,,,,,,,,,,,,,,,,,,,,,,,,,,,,,,,,,,,,,,,,,,,,,,,,,,,,,,,,,,,,,,,,,,,,,,,,,,,,,,,,,,,,,,,,,,,,,,,,,,,,,,,,,,,,,,,,,,,,,,,,,,,,,,,,,,,,,,,,,,,,,,,,,,,,,,,
,,,,,,,Tools & Hardware,Power Tools,Saws & Blades,,DT202B,"DT202B 2"" #20 Torx Drive Bit",,,Diablo,Freud Inc (2435),Freud Inc,Diablo,,DT202B,,Tools & Hardware>Power Tools>Power Saws,"Freud Inc, Diablo, DT202B 2"" #20 Torx Drive Bit, DT202B","2"" #20 TORX DRIVE BIT","Diablo DT202B 2"" #20 Torx Drive Bit DT202B","Diablo DT202B 2"" #20 Torx Drive Bit DT202B. High performance industrial and commercial grade dt202b 2"" #20 torx drive bit designed for professional applications.","Diablo DT202B 2"" #20 Torx Drive Bit",,,,,,,,,,,,,,,,,,,,,,,,,,,,,,,,,,,,,,,,,,,,,,,,,,,,,,,,,,,,,,,,,,,,,,,,,,,,,,,,,,,,,,,,,,,,,,,,,,,,,,,,,,,,,,,,,,,,,,,,,,,,,,,,,,,,,,,,,,,,,,,,,,,,,,,,,,,,,,,,,,,,,,,,,,,,,,,,,,,,,,,,,,,,,,,,,,,,,,,,,,,,,,,,,,,,,,,,,,,,,,,,
,,,,,,,Tools & Hardware,Power Tools,Saws & Blades,,DT2035B,"DT2035B 3-1/2"" #20 Torx Drive - Bit",,,Diablo,Freud Inc (2435),Freud Inc,Diablo,,DT2035B,,Tools & Hardware>Power Tools>Power Saws,"Freud Inc, Diablo, DT2035B 3-1/2"" #20 Torx Drive - Bit, DT2035B","3-1/2"" #20 TORX DRIVE - BIT","Diablo DT2035B 3-1/2"" #20 Torx Drive - Bit DT2035B","Diablo DT2035B 3-1/2"" #20 Torx Drive - Bit DT2035B. High performance industrial and commercial grade dt2035b 3-1/2"" #20 torx drive - bit designed for professional applications.","Diablo DT2035B 3-1/2"" #20 Torx Drive - Bit",,,,,,,,,,,,,,,,,,,,,,,,,,,,,,,,,,,,,,,,,,,,,,,,,,,,,,,,,,,,,,,,,,,,,,,,,,,,,,,,,,,,,,,,,,,,,,,,,,,,,,,,,,,,,,,,,,,,,,,,,,,,,,,,,,,,,,,,,,,,,,,,,,,,,,,,,,,,,,,,,,,,,,,,,,,,,,,,,,,,,,,,,,,,,,,,,,,,,,,,,,,,,,,,,,,,,,,,,,,,,,,,
,,,,,,,Tools & Hardware,Power Tools,Saws & Blades,,DT206B,"DT206B 6"" #20 Torx Drive Bit",,,Diablo,Freud Inc (2435),Freud Inc,Diablo,,DT206B,,Tools & Hardware>Power Tools>Power Saws,"Freud Inc, Diablo, DT206B 6"" #20 Torx Drive Bit, DT206B","6"" #20 TORX DRIVE BIT","Diablo DT206B 6"" #20 Torx Drive Bit DT206B","Diablo DT206B 6"" #20 Torx Drive Bit DT206B. High performance industrial and commercial grade dt206b 6"" #20 torx drive bit designed for professional applications.","Diablo DT206B 6"" #20 Torx Drive Bit",,,,,,,,,,,,,,,,,,,,,,,,,,,,,,,,,,,,,,,,,,,,,,,,,,,,,,,,,,,,,,,,,,,,,,,,,,,,,,,,,,,,,,,,,,,,,,,,,,,,,,,,,,,,,,,,,,,,,,,,,,,,,,,,,,,,,,,,,,,,,,,,,,,,,,,,,,,,,,,,,,,,,,,,,,,,,,,,,,,,,,,,,,,,,,,,,,,,,,,,,,,,,,,,,,,,,,,,,,,,,,,,
,,,,,,,Tools & Hardware,Power Tools,Saws & Blades,,DT252B,"DT252B 2"" #25 Trox Drive Bit",,,Diablo,Freud Inc (2435),Freud Inc,Diablo,,DT252B,,Tools & Hardware>Power Tools>Power Saws,"Freud Inc, Diablo, DT252B 2"" #25 Trox Drive Bit, DT252B","2"" #25 TROX DRIVE BIT","Diablo DT252B 2"" #25 Trox Drive Bit DT252B","Diablo DT252B 2"" #25 Trox Drive Bit DT252B. High performance industrial and commercial grade dt252b 2"" #25 trox drive bit designed for professional applications.","Diablo DT252B 2"" #25 Trox Drive Bit",,,,,,,,,,,,,,,,,,,,,,,,,,,,,,,,,,,,,,,,,,,,,,,,,,,,,,,,,,,,,,,,,,,,,,,,,,,,,,,,,,,,,,,,,,,,,,,,,,,,,,,,,,,,,,,,,,,,,,,,,,,,,,,,,,,,,,,,,,,,,,,,,,,,,,,,,,,,,,,,,,,,,,,,,,,,,,,,,,,,,,,,,,,,,,,,,,,,,,,,,,,,,,,,,,,,,,,,,,,,,,,,
,,,,,,,Tools & Hardware,Power Tools,Saws & Blades,,DT2535B,"DT2535B 3-1/4"" #25 Torx Drive - Bit",,,Diablo,Freud Inc (2435),Freud Inc,Diablo,,DT2535B,,Tools & Hardware>Power Tools>Power Saws,"Freud Inc, Diablo, DT2535B 3-1/4"" #25 Torx Drive - Bit, DT2535B","3-1/4"" #25 TORX DRIVE - BIT","Diablo DT2535B 3-1/4"" #25 Torx Drive - Bit DT2535B","Diablo DT2535B 3-1/4"" #25 Torx Drive - Bit DT2535B. High performance industrial and commercial grade dt2535b 3-1/4"" #25 torx drive - bit designed for professional applications.","Diablo DT2535B 3-1/4"" #25 Torx Drive - Bit",,,,,,,,,,,,,,,,,,,,,,,,,,,,,,,,,,,,,,,,,,,,,,,,,,,,,,,,,,,,,,,,,,,,,,,,,,,,,,,,,,,,,,,,,,,,,,,,,,,,,,,,,,,,,,,,,,,,,,,,,,,,,,,,,,,,,,,,,,,,,,,,,,,,,,,,,,,,,,,,,,,,,,,,,,,,,,,,,,,,,,,,,,,,,,,,,,,,,,,,,,,,,,,,,,,,,,,,,,,,,,,,
,,,,,,,Tools & Hardware,Power Tools,Saws & Blades,,DT256B,"DT256B 6"" #25 Torx Drive Bit",,,Diablo,Freud Inc (2435),Freud Inc,Diablo,,DT256B,,Tools & Hardware>Power Tools>Power Saws,"Freud Inc, Diablo, DT256B 6"" #25 Torx Drive Bit, DT256B","6"" #25 TORX DRIVE BIT","Diablo DT256B 6"" #25 Torx Drive Bit DT256B","Diablo DT256B 6"" #25 Torx Drive Bit DT256B. High performance industrial and commercial grade dt256b 6"" #25 torx drive bit designed for professional applications.","Diablo DT256B 6"" #25 Torx Drive Bit",,,,,,,,,,,,,,,,,,,,,,,,,,,,,,,,,,,,,,,,,,,,,,,,,,,,,,,,,,,,,,,,,,,,,,,,,,,,,,,,,,,,,,,,,,,,,,,,,,,,,,,,,,,,,,,,,,,,,,,,,,,,,,,,,,,,,,,,,,,,,,,,,,,,,,,,,,,,,,,,,,,,,,,,,,,,,,,,,,,,,,,,,,,,,,,,,,,,,,,,,,,,,,,,,,,,,,,,,,,,,,,,
,,,,,,,Tools & Hardware,Power Tools,Saws & Blades,,DT302B,"DT302B 2"" #30 Torx Drive Bit",,,Diablo,Freud Inc (2435),Freud Inc,Diablo,,DT302B,,Tools & Hardware>Power Tools>Power Saws,"Freud Inc, Diablo, DT302B 2"" #30 Torx Drive Bit, DT302B","2"" #30 TORX DRIVE BIT","Diablo DT302B 2"" #30 Torx Drive Bit DT302B","Diablo DT302B 2"" #30 Torx Drive Bit DT302B. High performance industrial and commercial grade dt302b 2"" #30 torx drive bit designed for professional applications.","Diablo DT302B 2"" #30 Torx Drive Bit",,,,,,,,,,,,,,,,,,,,,,,,,,,,,,,,,,,,,,,,,,,,,,,,,,,,,,,,,,,,,,,,,,,,,,,,,,,,,,,,,,,,,,,,,,,,,,,,,,,,,,,,,,,,,,,,,,,,,,,,,,,,,,,,,,,,,,,,,,,,,,,,,,,,,,,,,,,,,,,,,,,,,,,,,,,,,,,,,,,,,,,,,,,,,,,,,,,,,,,,,,,,,,,,,,,,,,,,,,,,,,,,
,,,,,,,Tools & Hardware,Power Tools,Saws & Blades,,DT402B,"DT402B 2"" #40 Torx Drive Bit",,,Diablo,Freud Inc (2435),Freud Inc,Diablo,,DT402B,,Tools & Hardware>Power Tools>Power Saws,"Freud Inc, Diablo, DT402B 2"" #40 Torx Drive Bit, DT402B","2"" #40 TORX DRIVE BIT","Diablo DT402B 2"" #40 Torx Drive Bit DT402B","Diablo DT402B 2"" #40 Torx Drive Bit DT402B. High performance industrial and commercial grade dt402b 2"" #40 torx drive bit designed for professional applications.","Diablo DT402B 2"" #40 Torx Drive Bit",,,,,,,,,,,,,,,,,,,,,,,,,,,,,,,,,,,,,,,,,,,,,,,,,,,,,,,,,,,,,,,,,,,,,,,,,,,,,,,,,,,,,,,,,,,,,,,,,,,,,,,,,,,,,,,,,,,,,,,,,,,,,,,,,,,,,,,,,,,,,,,,,,,,,,,,,,,,,,,,,,,,,,,,,,,,,,,,,,,,,,,,,,,,,,,,,,,,,,,,,,,,,,,,,,,,,,,,,,,,,,,,
,,,,,,,Electrical,Fittings & Conduit,Cord Grips & Connectors,,DDWSSB,DDWSSB #2 Drywall Screw Setter,,,Diablo,Freud Inc (2435),Freud Inc,Diablo,,DDWSSB,,Electrical>Conduit & Fittings>Cord Grips & Connectors,"Freud Inc, Diablo, DDWSSB #2 Drywall Screw Setter, DDWSSB",#2 DRYWALL SCREW SETTER,Diablo DDWSSB #2 Drywall Screw Setter DDWSSB,Diablo DDWSSB #2 Drywall Screw Setter DDWSSB. High performance industrial and commercial grade ddwssb #2 drywall screw setter designed for professional applications.,Diablo DDWSSB #2 Drywall Screw Setter,,,,,,,,,,,,,,,,,,,,,,,,,,,,,,,,,,,,,,,,,,,,,,,,,,,,,,,,,,,,,,,,,,,,,,,,,,,,,,,,,,,,,,,,,,,,,,,,,,,,,,,,,,,,,,,,,,,,,,,,,,,,,,,,,,,,,,,,,,,,,,,,,,,,,,,,,,,,,,,,,,,,,,,,,,,,,,,,,,,,,,,,,,,,,,,,,,,,,,,,,,,,,,,,,,,,,,,,,,,,,,,,
,,,,,,,Tools & Hardware,Measuring & Layout,Levels & Lasers,,191V02-0,191V02-0 Makita #2 Phillips Bit 5pk,,,,Makita Usa Inc (5142),Makita Usa Inc,Makita,,191V02-0,,Tools & Hardware>Hand Tools>Measuring & Layout Tools>Laser Levels,"Makita Usa Inc, Makita, 191V02-0 Makita #2 Phillips Bit 5pk, 191V02-0",MAKITA #2 PHILLIPS BIT 5PK,Makita 191V02-0 Makita #2 Phillips Bit 5pk 191V02-0,Makita 191V02-0 Makita #2 Phillips Bit 5pk 191V02-0. High performance industrial and commercial grade 191v02-0 makita #2 phillips bit 5pk designed for professional applications.,Makita 191V02-0 Makita #2 Phillips Bit 5pk,,,,,,,,,,,,,,,,,,,,,,,,,,,,,,,,,,,,,,,,,,,,,,,,,,,,,,,,,,,,,,,,,,,,,,,,,,,,,,,,,,,,,,,,,,,,,,,,,,,,,,,,,,,,,,,,,,,,,,,,,,,,,,,,,,,,,,,,,,,,,,,,,,,,,,,,,,,,,,,,,,,,,,,,,,,,,,,,,,,,,,,,,,,,,,,,,,,,,,,,,,,,,,,,,,,,,,,,,,,,,,,,
,,,,,,,Tools & Hardware,Power Tools,Saws & Blades,,XTS02Z,"XTS02Z Makita 18V 1/4"" Narrow Crown Stapler 18GA",,,,Makita Usa Inc (5142),Makita Usa Inc,Makita,,XTS02Z,,Tools & Hardware>Power Tools>Power Saws,"Makita Usa Inc, Makita, XTS02Z Makita 18V 1/4"" Narrow Crown Stapler 18GA, XTS02Z","MAKITA 18V 1/4"" NARROW CROWN STAPLER 18GA","Makita XTS02Z Makita 18V 1/4"" Narrow Crown Stapler 18GA XTS02Z","Makita XTS02Z Makita 18V 1/4"" Narrow Crown Stapler 18GA XTS02Z. High performance industrial and commercial grade xts02z makita 18v 1/4"" narrow crown stapler 18ga designed for professional applications.","Makita XTS02Z Makita 18V 1/4"" Narrow Crown Stapler 18GA",,,,,,,,,,,,,,,,,,,,,,,,,,,,,,,,,,,,,,,,,,,,,,,,,,,,,,,,,,,,,,,,,,,,,,,,,,,,,,,,,,,,,,,,,,,,,,,,,,,,,,,,,,,,,,,,,,,,,,,,,,,,,,,,,,,,,,,,,,,,,,,,,,,,,,,,,,,,,,,,,,,,,,,,,,,,,,,,,,,,,,,,,,,,,,,,,,,,,,,,,,,,,,,,,,,,,,,,,,,,,,,,
,,,,,,,Tools & Hardware,Power Tools,Saws & Blades,,DCF809D1,"DCF809D1 Dewalt Atomic 20V 1/4"" Impact Driver Kit",,,DEWALT,Black & Decker/dewlt (2585),Black & Decker/dewlt,DEWALT,,DCF809D1,,Tools & Hardware>Power Tools>Power Saws,"Black & Decker/dewlt, DEWALT, Driver, DCF809D1","DEWALT ATOMIC 20V 1/4"" IMPACT DRIVER KIT",DEWALT Driver DCF809D1,DEWALT Driver DCF809D1. High performance industrial and commercial grade driver designed for professional applications.,DEWALT Driver,,,,,,,,,,,,,,,,,,,,,,,,,,,Driver,,,,,,,,,,,,,,,,,,,,,,,,,,,,,,,,,,,,,,,,,,,,,,,,,,,,,,,,,,,,,,,,,,,,,,,,,,,,,,,,,,,,,,,,,,,,,,,,,,,,,,,,,,,,,,,,,,,,,,,,,,,,,,,,,,,,,,,,,,,,,,,,,,,,,,,,,,,,,,,,,,,,,,,,,,,,,,,,,,,,,,,,,,,,,,,,,,,,,
,,,,,,,Electrical,Fittings & Conduit,Cord Grips & Connectors,,2761-20,"2761-20 Milw M18 1/4"" Hex Hydraulic Driver",,,,Milwaukee Accessory (4031),Milwaukee Accessory,Milwaukee,,2761-20,,Electrical>Conduit & Fittings>Cord Grips & Connectors,"Milwaukee Accessory, Milwaukee, Driver, 2761-20","MILW M18 1/4"" HEX HYDRAULIC DRIVER",Milwaukee Driver 2761-20,Milwaukee Driver 2761-20. High performance industrial and commercial grade driver designed for professional applications.,Milwaukee Driver,,,,,,,,,,,,,,,,,,,,,,,,,,,Driver,,,,,,,,,,,,,,,,,,,,,,,,,,,,,,,,,,,,,,,,,,,,,,,,,,,,,,,,,,,,,,,,,,,,,,,,,,,,,,,,,,,,,,,,,,,,,,,,,,,,,,,,,,,,,,,,,,,,,,,,,,,,,,,,,,,,,,,,,,,,,,,,,,,,,,,,,,,,,,,,,,,,,,,,,,,,,,,,,,,,,,,,,,,,,,,,,,,,,
,,,,,,,Tools & Hardware,Power Tools,Saws & Blades,,2761-22,2761-22 Milw M18 Surge Kit,,,,Milwaukee Accessory (4031),Milwaukee Accessory,Milwaukee,,2761-22,,Tools & Hardware>Power Tools>Power Saws,"Milwaukee Accessory, Milwaukee, 2761-22 Milw M18 Surge Kit, 2761-22",MILW M18 SURGE KIT,Milwaukee 2761-22 Milw M18 Surge Kit 2761-22,Milwaukee 2761-22 Milw M18 Surge Kit 2761-22. High performance industrial and commercial grade 2761-22 milw m18 surge kit designed for professional applications.,Milwaukee 2761-22 Milw M18 Surge Kit,,,,,,,,,,,,,,,,,,,,,,,,,,,,,,,,,,,,,,,,,,,,,,,,,,,,,,,,,,,,,,,,,,,,,,,,,,,,,,,,,,,,,,,,,,,,,,,,,,,,,,,,,,,,,,,,,,,,,,,,,,,,,,,,,,,,,,,,,,,,,,,,,,,,,,,,,,,,,,,,,,,,,,,,,,,,,,,,,,,,,,,,,,,,,,,,,,,,,,,,,,,,,,,,,,,,,,,,,,,,,,,,
,,,,,,,Tools & Hardware,Power Tools,Saws & Blades,,3450-20,3450-20 Milw M12 Impact Driver - Brushless Compact (Bare),,,,Milwaukee Accessory (4031),Milwaukee Accessory,Milwaukee,,3450-20,,Tools & Hardware>Power Tools>Power Saws,"Milwaukee Accessory, Milwaukee, Driver, 3450-20",MILW M12 IMPACT DRIVER - BRUSHLESS COMPACT (BARE),Milwaukee Driver 3450-20,Milwaukee Driver 3450-20. High performance industrial and commercial grade driver designed for professional applications.,Milwaukee Driver,,,,,,,,,,,,,,,,,,,,,,,,,,,Driver,,,,,,,,,,,,,,,,,,,,,,,,,,,,,,,,,,,,,,,,,,,,,,,,,,,,,,,,,,,,,,,,,,,,,,,,,,,,,,,,,,,,,,,,,,,,,,,,,,,,,,,,,,,,,,,,,,,,,,,,,,,,,,,,,,,,,,,,,,,,,,,,,,,,,,,,,,,,,,,,,,,,,,,,,,,,,,,,,,,,,,,,,,,,,,,,,,,,,
,,,,,,,Tools & Hardware,Power Tools,Saws & Blades,,KPTDV025A,KPTDV025A Kreg 20V Ionic Compact Impact Driver,,,,Kreg Tool Company (KRETO),Kreg Tool Company,Kreg,,KPTDV025A,,Tools & Hardware>Power Tools>Power Saws,"Kreg Tool Company, Kreg, Driver, KPTDV025A",KREG 20V IONIC COMPACT IMPACT DRIVER,Kreg Driver KPTDV025A,Kreg Driver KPTDV025A. High performance industrial and commercial grade driver designed for professional applications.,Kreg Driver,,,,,,,,,,,,,,,,,,,,,,,,,,,Driver,,,,,,,,,,,,,,,,,,,,,,,,,,,,,,,,,,,,,,,,,,,,,,,,,,,,,,,,,,,,,,,,,,,,,,,,,,,,,,,,,,,,,,,,,,,,,,,,,,,,,,,,,,,,,,,,,,,,,,,,,,,,,,,,,,,,,,,,,,,,,,,,,,,,,,,,,,,,,,,,,,,,,,,,,,,,,,,,,,,,,,,,,,,,,,,,,,,,,
,,,,,,,Tools & Hardware,Power Tools,Saws & Blades,,3048-20,"3048-20 Milw M12 1/4"" Impact Wrench w/Friction Ring",,,,Milwaukee Accessory (4031),Milwaukee Accessory,Milwaukee,,3048-20,,Tools & Hardware>Power Tools>Power Saws,"Milwaukee Accessory, Milwaukee, 3048-20 Milw M12 1/4"" Impact Wrench w/Friction Ring, 3048-20","MILW M12 1/4"" IMPACT WRENCH W/FRICTION RING","Milwaukee 3048-20 Milw M12 1/4"" Impact Wrench w/Friction Ring 3048-20","Milwaukee 3048-20 Milw M12 1/4"" Impact Wrench w/Friction Ring 3048-20. High performance industrial and commercial grade 3048-20 milw m12 1/4"" impact wrench w/friction ring designed for professional applications.","Milwaukee 3048-20 Milw M12 1/4"" Impact Wrench w/Friction Ring",,,,,,,,,,,,,,,,,,,,,,,,,,,,,,,,,,,,,,,,,,,,,,,,,,,,,,,,,,,,,,,,,,,,,,,,,,,,,,,,,,,,,,,,,,,,,,,,,,,,,,,,,,,,,,,,,,,,,,,,,,,,,,,,,,,,,,,,,,,,,,,,,,,,,,,,,,,,,,,,,,,,,,,,,,,,,,,,,,,,,,,,,,,,,,,,,,,,,,,,,,,,,,,,,,,,,,,,,,,,,,,,
,,,,,,,Tools & Hardware,Power Tools,Saws & Blades,,3049-20,"3049-20 Milw M12 3/8"" Impact Wrench w/Friction Ring",,,,Milwaukee Accessory (4031),Milwaukee Accessory,Milwaukee,,3049-20,,Tools & Hardware>Power Tools>Power Saws,"Milwaukee Accessory, Milwaukee, 3049-20 Milw M12 3/8"" Impact Wrench w/Friction Ring, 3049-20","MILW M12 3/8"" IMPACT WRENCH W/FRICTION RING","Milwaukee 3049-20 Milw M12 3/8"" Impact Wrench w/Friction Ring 3049-20","Milwaukee 3049-20 Milw M12 3/8"" Impact Wrench w/Friction Ring 3049-20. High performance industrial and commercial grade 3049-20 milw m12 3/8"" impact wrench w/friction ring designed for professional applications.","Milwaukee 3049-20 Milw M12 3/8"" Impact Wrench w/Friction Ring",,,,,,,,,,,,,,,,,,,,,,,,,,,,,,,,,,,,,,,,,,,,,,,,,,,,,,,,,,,,,,,,,,,,,,,,,,,,,,,,,,,,,,,,,,,,,,,,,,,,,,,,,,,,,,,,,,,,,,,,,,,,,,,,,,,,,,,,,,,,,,,,,,,,,,,,,,,,,,,,,,,,,,,,,,,,,,,,,,,,,,,,,,,,,,,,,,,,,,,,,,,,,,,,,,,,,,,,,,,,,,,,
,,,,,,,Tools & Hardware,Power Tools,Saws & Blades,,2563-20,"2563-20 Milw M12 Stubby 1/2"" Impact Wrench",,,,Milwaukee Accessory (4031),Milwaukee Accessory,Milwaukee,,2563-20,,Tools & Hardware>Power Tools>Power Saws,"Milwaukee Accessory, Milwaukee, 2563-20 Milw M12 Stubby 1/2"" Impact Wrench, 2563-20","MILW M12 STUBBY 1/2"" IMPACT WRENCH","Milwaukee 2563-20 Milw M12 Stubby 1/2"" Impact Wrench 2563-20","Milwaukee 2563-20 Milw M12 Stubby 1/2"" Impact Wrench 2563-20. High performance industrial and commercial grade 2563-20 milw m12 stubby 1/2"" impact wrench designed for professional applications.","Milwaukee 2563-20 Milw M12 Stubby 1/2"" Impact Wrench",,,,,,,,,,,,,,,,,,,,,,,,,,,,,,,,,,,,,,,,,,,,,,,,,,,,,,,,,,,,,,,,,,,,,,,,,,,,,,,,,,,,,,,,,,,,,,,,,,,,,,,,,,,,,,,,,,,,,,,,,,,,,,,,,,,,,,,,,,,,,,,,,,,,,,,,,,,,,,,,,,,,,,,,,,,,,,,,,,,,,,,,,,,,,,,,,,,,,,,,,,,,,,,,,,,,,,,,,,,,,,,,
,,,,,,,Tools & Hardware,Power Tools,Saws & Blades,,DCF961B,"Dewalt DCF961B 20V 1/2"" Impact - Bare Tool",,,DEWALT,Black & Decker/dewlt (2585),Black & Decker/dewlt,DEWALT,,DCF961B,,Tools & Hardware>Power Tools>Power Saws,"Black & Decker/dewlt, DEWALT, Dewalt DCF961B 20V 1/2"" Impact - Bare Tool, DCF961B","DCF961B 20V 1/2"" IMPACT - BARE TOOL","DEWALT Dewalt DCF961B 20V 1/2"" Impact - Bare Tool DCF961B","DEWALT Dewalt DCF961B 20V 1/2"" Impact - Bare Tool DCF961B. High performance industrial and commercial grade dewalt dcf961b 20v 1/2"" impact - bare tool designed for professional applications.","DEWALT Dewalt DCF961B 20V 1/2"" Impact - Bare Tool",,,,,,,,,,,,,,,,,,,,,,,,,,,,,,,,,,,,,,,,,,,,,,,,,,,,,,,,,,,,,,,,,,,,,,,,,,,,,,,,,,,,,,,,,,,,,,,,,,,,,,,,,,,,,,,,,,,,,,,,,,,,,,,,,,,,,,,,,,,,,,,,,,,,,,,,,,,,,,,,,,,,,,,,,,,,,,,,,,,,,,,,,,,,,,,,,,,,,,,,,,,,,,,,,,,,,,,,,,,,,,,,
,,,,,,,Tools & Hardware,Power Tools,Saws & Blades,,DCF964B,"DCF964B Dewalt 20V 3/4"" Impact - Wrench (Bare)",,,DEWALT,Black & Decker/dewlt (2585),Black & Decker/dewlt,DEWALT,,DCF964B,,Tools & Hardware>Power Tools>Power Saws,"Black & Decker/dewlt, DEWALT, DCF964B Dewalt 20V 3/4"" Impact - Wrench (Bare), DCF964B","DEWALT 20V 3/4"" IMPACT - WRENCH (BARE)","DEWALT DCF964B Dewalt 20V 3/4"" Impact - Wrench (Bare) DCF964B","DEWALT DCF964B Dewalt 20V 3/4"" Impact - Wrench (Bare) DCF964B. High performance industrial and commercial grade dcf964b dewalt 20v 3/4"" impact - wrench (bare) designed for professional applications.","DEWALT DCF964B Dewalt 20V 3/4"" Impact - Wrench (Bare)",,,,,,,,,,,,,,,,,,,,,,,,,,,,,,,,,,,,,,,,,,,,,,,,,,,,,,,,,,,,,,,,,,,,,,,,,,,,,,,,,,,,,,,,,,,,,,,,,,,,,,,,,,,,,,,,,,,,,,,,,,,,,,,,,,,,,,,,,,,,,,,,,,,,,,,,,,,,,,,,,,,,,,,,,,,,,,,,,,,,,,,,,,,,,,,,,,,,,,,,,,,,,,,,,,,,,,,,,,,,,,,,
,,,,,,,Tools & Hardware,Power Tools,Saws & Blades,,2563P-20,"2563P-20 Milw M12 1/2"" Stubby - Impact Wrench w/Pin Detent",,,,Milwaukee Accessory (4031),Milwaukee Accessory,Milwaukee,,2563P-20,,Tools & Hardware>Power Tools>Power Saws,"Milwaukee Accessory, Milwaukee, 2563P-20 Milw M12 1/2"" Stubby - Impact Wrench w/Pin Detent, 2563P-20","MILW M12 1/2"" STUBBY - IMPACT WRENCH W/PIN DETENT","Milwaukee 2563P-20 Milw M12 1/2"" Stubby - Impact Wrench w/Pin Detent 2563P-20","Milwaukee 2563P-20 Milw M12 1/2"" Stubby - Impact Wrench w/Pin Detent 2563P-20. High performance industrial and commercial grade 2563p-20 milw m12 1/2"" stubby - impact wrench w/pin detent designed for professional applications.","Milwaukee 2563P-20 Milw M12 1/2"" Stubby - Impact Wrench w/Pin Detent",,,,,,,,,,,,,,,,,,,,,,,,,,,,,,,,,,,,,,,,,,,,,,,,,,,,,,,,,,,,,,,,,,,,,,,,,,,,,,,,,,,,,,,,,,,,,,,,,,,,,,,,,,,,,,,,,,,,,,,,,,,,,,,,,,,,,,,,,,,,,,,,,,,,,,,,,,,,,,,,,,,,,,,,,,,,,,,,,,,,,,,,,,,,,,,,,,,,,,,,,,,,,,,,,,,,,,,,,,,,,,,,
,,,,,,,Tools & Hardware,Power Tools,Saws & Blades,,DCF921P2,DCF921P2 Dewalt 20V 1/2 Impact,,,,Black & Decker/dewlt (2585),Black & Decker/dewlt,DeWalt,,DCF921P2,,Tools & Hardware>Power Tools>Power Saws,"Black & Decker/dewlt, DeWalt, DCF921P2 Dewalt 20V 1/2 Impact, DCF921P2",DEWALT 20V 1/2 IMPACT,DeWalt DCF921P2 Dewalt 20V 1/2 Impact DCF921P2,DeWalt DCF921P2 Dewalt 20V 1/2 Impact DCF921P2. High performance industrial and commercial grade dcf921p2 dewalt 20v 1/2 impact designed for professional applications.,DeWalt DCF921P2 Dewalt 20V 1/2 Impact,,,,,,,,,,,,,,,,,,,,,,,,,,,,,,,,,,,,,,,,,,,,,,,,,,,,,,,,,,,,,,,,,,,,,,,,,,,,,,,,,,,,,,,,,,,,,,,,,,,,,,,,,,,,,,,,,,,,,,,,,,,,,,,,,,,,,,,,,,,,,,,,,,,,,,,,,,,,,,,,,,,,,,,,,,,,,,,,,,,,,,,,,,,,,,,,,,,,,,,,,,,,,,,,,,,,,,,,,,,,,,,,
,,,,,,,Tools & Hardware,Power Tools,Saws & Blades,,XLT03Z,"XLT03Z Makita 3/8"" 18V Angle Impact",,,,Makita Usa Inc (5142),Makita Usa Inc,Makita,,XLT03Z,,Tools & Hardware>Power Tools>Power Saws,"Makita Usa Inc, Makita, XLT03Z Makita 3/8"" 18V Angle Impact, XLT03Z","MAKITA 3/8"" 18V ANGLE IMPACT","Makita XLT03Z Makita 3/8"" 18V Angle Impact XLT03Z","Makita XLT03Z Makita 3/8"" 18V Angle Impact XLT03Z. High performance industrial and commercial grade xlt03z makita 3/8"" 18v angle impact designed for professional applications.","Makita XLT03Z Makita 3/8"" 18V Angle Impact",,,,,,,,,,,,,,,,,,,,,,,,,,,,,,,,,,,,,,,,,,,,,,,,,,,,,,,,,,,,,,,,,,,,,,,,,,,,,,,,,,,,,,,,,,,,,,,,,,,,,,,,,,,,,,,,,,,,,,,,,,,,,,,,,,,,,,,,,,,,,,,,,,,,,,,,,,,,,,,,,,,,,,,,,,,,,,,,,,,,,,,,,,,,,,,,,,,,,,,,,,,,,,,,,,,,,,,,,,,,,,,,
,,,,,,,Tools & Hardware,Power Tools,Saws & Blades,,XLT04Z,"XLT04Z Makita 1/4"" 18V Angle Impact",,,,Makita Usa Inc (5142),Makita Usa Inc,Makita,,XLT04Z,,Tools & Hardware>Power Tools>Power Saws,"Makita Usa Inc, Makita, XLT04Z Makita 1/4"" 18V Angle Impact, XLT04Z","MAKITA 1/4"" 18V ANGLE IMPACT","Makita XLT04Z Makita 1/4"" 18V Angle Impact XLT04Z","Makita XLT04Z Makita 1/4"" 18V Angle Impact XLT04Z. High performance industrial and commercial grade xlt04z makita 1/4"" 18v angle impact designed for professional applications.","Makita XLT04Z Makita 1/4"" 18V Angle Impact",,,,,,,,,,,,,,,,,,,,,,,,,,,,,,,,,,,,,,,,,,,,,,,,,,,,,,,,,,,,,,,,,,,,,,,,,,,,,,,,,,,,,,,,,,,,,,,,,,,,,,,,,,,,,,,,,,,,,,,,,,,,,,,,,,,,,,,,,,,,,,,,,,,,,,,,,,,,,,,,,,,,,,,,,,,,,,,,,,,,,,,,,,,,,,,,,,,,,,,,,,,,,,,,,,,,,,,,,,,,,,,,
,,,,,,,Tools & Hardware,Power Tools,Saws & Blades,,XLT05Z,"XLT05Z Makita 1/2"" 18V Angle Impact",,,,Makita Usa Inc (5142),Makita Usa Inc,Makita,,XLT05Z,,Tools & Hardware>Power Tools>Power Saws,"Makita Usa Inc, Makita, XLT05Z Makita 1/2"" 18V Angle Impact, XLT05Z","MAKITA 1/2"" 18V ANGLE IMPACT","Makita XLT05Z Makita 1/2"" 18V Angle Impact XLT05Z","Makita XLT05Z Makita 1/2"" 18V Angle Impact XLT05Z. High performance industrial and commercial grade xlt05z makita 1/2"" 18v angle impact designed for professional applications.","Makita XLT05Z Makita 1/2"" 18V Angle Impact",,,,,,,,,,,,,,,,,,,,,,,,,,,,,,,,,,,,,,,,,,,,,,,,,,,,,,,,,,,,,,,,,,,,,,,,,,,,,,,,,,,,,,,,,,,,,,,,,,,,,,,,,,,,,,,,,,,,,,,,,,,,,,,,,,,,,,,,,,,,,,,,,,,,,,,,,,,,,,,,,,,,,,,,,,,,,,,,,,,,,,,,,,,,,,,,,,,,,,,,,,,,,,,,,,,,,,,,,,,,,,,,
,,,,,,,Tools & Hardware,Power Tools,Saws & Blades,,DCF510B,Dewalt DCF510B 20V Rachet - Interchangeable Anvil,,,DEWALT,Black & Decker/dewlt (2585),Black & Decker/dewlt,DEWALT,,DCF510B,,Tools & Hardware>Power Tools>Power Saws,"Black & Decker/dewlt, DEWALT, Dewalt DCF510B 20V Rachet - Interchangeable Anvil, DCF510B",DCF510B 20V RACHET - INTERCHANGEABLE ANVIL,DEWALT Dewalt DCF510B 20V Rachet - Interchangeable Anvil DCF510B,DEWALT Dewalt DCF510B 20V Rachet - Interchangeable Anvil DCF510B. High performance industrial and commercial grade dewalt dcf510b 20v rachet - interchangeable anvil designed for professional applications.,DEWALT Dewalt DCF510B 20V Rachet - Interchangeable Anvil,,,,,,,,,,,,,,,,,,,,,,,,,,,,,,,,,,,,,,,,,,,,,,,,,,,,,,,,,,,,,,,,,,,,,,,,,,,,,,,,,,,,,,,,,,,,,,,,,,,,,,,,,,,,,,,,,,,,,,,,,,,,,,,,,,,,,,,,,,,,,,,,,,,,,,,,,,,,,,,,,,,,,,,,,,,,,,,,,,,,,,,,,,,,,,,,,,,,,,,,,,,,,,,,,,,,,,,,,,,,,,,,
,,,,,,,Tools & Hardware,Abrasives,Grinding Wheels,,3052-20,"3052-20 Milw M12 Fuel 1/4"" Rachet",,,,Milwaukee Accessory (4031),Milwaukee Accessory,Milwaukee,,3052-20,,Tools & Hardware>Abrasives & Polishing>Grinding & Cut-Off Wheels,"Milwaukee Accessory, Milwaukee, 3052-20 Milw M12 Fuel 1/4"" Rachet, 3052-20","MILW M12 FUEL 1/4"" RACHET","Milwaukee 3052-20 Milw M12 Fuel 1/4"" Rachet 3052-20","Milwaukee 3052-20 Milw M12 Fuel 1/4"" Rachet 3052-20. High performance industrial and commercial grade 3052-20 milw m12 fuel 1/4"" rachet designed for professional applications.","Milwaukee 3052-20 Milw M12 Fuel 1/4"" Rachet",,,,,,,,,,,,,,,,,,,,,,,,,,,,,,,,,,,,,,,,,,,,,,,,,,,,,,,,,,,,,,,,,,,,,,,,,,,,,,,,,,,,,,,,,,,,,,,,,,,,,,,,,,,,,,,,,,,,,,,,,,,,,,,,,,,,,,,,,,,,,,,,,,,,,,,,,,,,,,,,,,,,,,,,,,,,,,,,,,,,,,,,,,,,,,,,,,,,,,,,,,,,,,,,,,,,,,,,,,,,,,,,
,,,,,,,Tools & Hardware,Power Tools,Saws & Blades,,3054-20,"3054-20 Milw M12 1/2"" Ratchet (Bare)",,,,Milwaukee Accessory (4031),Milwaukee Accessory,Milwaukee,,3054-20,,Tools & Hardware>Power Tools>Power Saws,"Milwaukee Accessory, Milwaukee, 3054-20 Milw M12 1/2"" Ratchet (Bare), 3054-20","MILW M12 1/2"" RATCHET (BARE)","Milwaukee 3054-20 Milw M12 1/2"" Ratchet (Bare) 3054-20","Milwaukee 3054-20 Milw M12 1/2"" Ratchet (Bare) 3054-20. High performance industrial and commercial grade 3054-20 milw m12 1/2"" ratchet (bare) designed for professional applications.","Milwaukee 3054-20 Milw M12 1/2"" Ratchet (Bare)",,,,,,,,,,,,,,,,,,,,,,,,,,,,,,,,,,,,,,,,,,,,,,,,,,,,,,,,,,,,,,,,,,,,,,,,,,,,,,,,,,,,,,,,,,,,,,,,,,,,,,,,,,,,,,,,,,,,,,,,,,,,,,,,,,,,,,,,,,,,,,,,,,,,,,,,,,,,,,,,,,,,,,,,,,,,,,,,,,,,,,,,,,,,,,,,,,,,,,,,,,,,,,,,,,,,,,,,,,,,,,,,
,,,,,,,Electrical,Fittings & Conduit,Cord Grips & Connectors,,DCF513EB,"DCF513EB Dewalt 3/8"" Open Head Rachet",,,,Black & Decker/dewlt (2585),Black & Decker/dewlt,DeWalt,,DCF513EB,,Electrical>Conduit & Fittings>Cord Grips & Connectors,"Black & Decker/dewlt, DeWalt, DCF513EB Dewalt 3/8"" Open Head Rachet, DCF513EB","DEWALT 3/8"" OPEN HEAD RACHET","DeWalt DCF513EB Dewalt 3/8"" Open Head Rachet DCF513EB","DeWalt DCF513EB Dewalt 3/8"" Open Head Rachet DCF513EB. High performance industrial and commercial grade dcf513eb dewalt 3/8"" open head rachet designed for professional applications.","DeWalt DCF513EB Dewalt 3/8"" Open Head Rachet",,,,,,,,,,,,,,,,,,,,,,,,,,,,,,,,,,,,,,,,,,,,,,,,,,,,,,,,,,,,,,,,,,,,,,,,,,,,,,,,,,,,,,,,,,,,,,,,,,,,,,,,,,,,,,,,,,,,,,,,,,,,,,,,,,,,,,,,,,,,,,,,,,,,,,,,,,,,,,,,,,,,,,,,,,,,,,,,,,,,,,,,,,,,,,,,,,,,,,,,,,,,,,,,,,,,,,,,,,,,,,,,
,,,,,,,Tools & Hardware,Abrasives,Sanding Belts & Discs,,XVP01Z,"XVP01Z Makita 18V 3"" Polisher/ 2"" Sander",,,,Makita Usa Inc (5142),Makita Usa Inc,Makita,,XVP01Z,,Tools & Hardware>Abrasives & Polishing>Sanding Belts & Discs,"Makita Usa Inc, Makita, Sander, XVP01Z","MAKITA 18V 3"" POLISHER/ 2"" SANDER",Makita Sander XVP01Z,Makita Sander XVP01Z. High performance industrial and commercial grade sander designed for professional applications.,Makita Sander,,,,,,,,,,,,,,,,,,,,,,,,,,,Sander,,,,,,,,,,,,,,,,,,,,,,,,,,,,,,,,,,,,,,,,,,,,,,,,,,,,,,,,,,,,,,,,,,,,,,,,,,,,,,,,,,,,,,,,,,,,,,,,,,,,,,,,,,,,,,,,,,,,,,,,,,,,,,,,,,,,,,,,,,,,,,,,,,,,,,,,,,,,,,,,,,,,,,,,,,,,,,,,,,,,,,,,,,,,,,,,,,,,,
,,,,,,,Electrical,Fittings & Conduit,Cord Grips & Connectors,,DCM200B,DCM200B Dewalt 1/2in x 18in - Band File,,,DEWALT,Black & Decker/dewlt (2585),Black & Decker/dewlt,DEWALT,,DCM200B,,Electrical>Conduit & Fittings>Cord Grips & Connectors,"Black & Decker/dewlt, DEWALT, DCM200B Dewalt 1/2in x 18in - Band File, DCM200B",DEWALT 1/2IN X 18IN - BAND FILE,DEWALT DCM200B Dewalt 1/2in x 18in - Band File DCM200B,DEWALT DCM200B Dewalt 1/2in x 18in - Band File DCM200B. High performance industrial and commercial grade dcm200b dewalt 1/2in x 18in - band file designed for professional applications.,DEWALT DCM200B Dewalt 1/2in x 18in - Band File,,,,,,,,,,,,,,,,,,,,,,,,,,,,,,,,,,,,,,,,,,,,,,,,,,,,,,,,,,,,,,,,,,,,,,,,,,,,,,,,,,,,,,,,,,,,,,,,,,,,,,,,,,,,,,,,,,,,,,,,,,,,,,,,,,,,,,,,,,,,,,,,,,,,,,,,,,,,,,,,,,,,,,,,,,,,,,,,,,,,,,,,,,,,,,,,,,,,,,,,,,,,,,,,,,,,,,,,,,,,,,,,
,,,,,,,Tools & Hardware,Abrasives,Grinding Wheels,,DCG410B,"DCG410B Dewalt 20V 4-1/2""-5"" - Angle Grinder (Bare)",,,DEWALT,Black & Decker/dewlt (2585),Black & Decker/dewlt,DEWALT,,DCG410B,,Tools & Hardware>Abrasives & Polishing>Grinding & Cut-Off Wheels,"Black & Decker/dewlt, DEWALT, Grinder, DCG410B","DEWALT 20V 4-1/2""-5"" - ANGLE GRINDER (BARE)",DEWALT Grinder DCG410B,DEWALT Grinder DCG410B. High performance industrial and commercial grade grinder designed for professional applications.,DEWALT Grinder,,,,,,,,,,,,,,,,,,,,,,,,,,,Grinder,,,,,,,,,,,,,,,,,,,,,,,,,,,,,,,,,,,,,,,,,,,,,,,,,,,,,,,,,,,,,,,,,,,,,,,,,,,,,,,,,,,,,,,,,,,,,,,,,,,,,,,,,,,,,,,,,,,,,,,,,,,,,,,,,,,,,,,,,,,,,,,,,,,,,,,,,,,,,,,,,,,,,,,,,,,,,,,,,,,,,,,,,,,,,,,,,,,,,
,,,,,,,Tools & Hardware,Power Tools,Saws & Blades,,DCG460B,"DCG460B Dewalt 60V Grinder - 7-9""",,,DEWALT,Black & Decker/dewlt (2585),Black & Decker/dewlt,DEWALT,,DCG460B,,Tools & Hardware>Power Tools>Power Saws,"Black & Decker/dewlt, DEWALT, Grinder, DCG460B","DEWALT 60V GRINDER - 7-9""",DEWALT Grinder DCG460B,DEWALT Grinder DCG460B. High performance industrial and commercial grade grinder designed for professional applications.,DEWALT Grinder,,,,,,,,,,,,,,,,,,,,,,,,,,,Grinder,,,,,,,,,,,,,,,,,,,,,,,,,,,,,,,,,,,,,,,,,,,,,,,,,,,,,,,,,,,,,,,,,,,,,,,,,,,,,,,,,,,,,,,,,,,,,,,,,,,,,,,,,,,,,,,,,,,,,,,,,,,,,,,,,,,,,,,,,,,,,,,,,,,,,,,,,,,,,,,,,,,,,,,,,,,,,,,,,,,,,,,,,,,,,,,,,,,,,
,,,,,,,Tools & Hardware,Abrasives,Grinding Wheels,,DCG402B,"DCG402B Dewalt 20V 4.5"" Angle Grinder (Bare)",,,,Black & Decker/dewlt (2585),Black & Decker/dewlt,DeWalt,,DCG402B,,Tools & Hardware>Abrasives & Polishing>Grinding & Cut-Off Wheels,"Black & Decker/dewlt, DeWalt, Grinder, DCG402B","DEWALT 20V 4.5"" ANGLE GRINDER (BARE)",DeWalt Grinder DCG402B,DeWalt Grinder DCG402B. High performance industrial and commercial grade grinder designed for professional applications.,DeWalt Grinder,,,,,,,,,,,,,,,,,,,,,,,,,,,Grinder,,,,,,,,,,,,,,,,,,,,,,,,,,,,,,,,,,,,,,,,,,,,,,,,,,,,,,,,,,,,,,,,,,,,,,,,,,,,,,,,,,,,,,,,,,,,,,,,,,,,,,,,,,,,,,,,,,,,,,,,,,,,,,,,,,,,,,,,,,,,,,,,,,,,,,,,,,,,,,,,,,,,,,,,,,,,,,,,,,,,,,,,,,,,,,,,,,,,,
,,,,,,,Tools & Hardware,Abrasives,Grinding Wheels,,3485-20,"3485-20 Milw M12 1/4"" Right Angle Die Grinder",,,,Milwaukee Accessory (4031),Milwaukee Accessory,Milwaukee,,3485-20,,Tools & Hardware>Abrasives & Polishing>Grinding & Cut-Off Wheels,"Milwaukee Accessory, Milwaukee, Grinder, 3485-20","MILW M12 1/4"" RIGHT ANGLE DIE GRINDER",Milwaukee Grinder 3485-20,Milwaukee Grinder 3485-20. High performance industrial and commercial grade grinder designed for professional applications.,Milwaukee Grinder,,,,,,,,,,,,,,,,,,,,,,,,,,,Grinder,,,,,,,,,,,,,,,,,,,,,,,,,,,,,,,,,,,,,,,,,,,,,,,,,,,,,,,,,,,,,,,,,,,,,,,,,,,,,,,,,,,,,,,,,,,,,,,,,,,,,,,,,,,,,,,,,,,,,,,,,,,,,,,,,,,,,,,,,,,,,,,,,,,,,,,,,,,,,,,,,,,,,,,,,,,,,,,,,,,,,,,,,,,,,,,,,,,,,
,,,,,,,Tools & Hardware,Abrasives,Grinding Wheels,,DCG420B,DCG420B Dewalt 20V Die Grinder (Bare),,,,Black & Decker/dewlt (2585),Black & Decker/dewlt,DeWalt,,DCG420B,,Tools & Hardware>Abrasives & Polishing>Grinding & Cut-Off Wheels,"Black & Decker/dewlt, DeWalt, Grinder, DCG420B",DEWALT 20V DIE GRINDER (BARE),DeWalt Grinder DCG420B,DeWalt Grinder DCG420B. High performance industrial and commercial grade grinder designed for professional applications.,DeWalt Grinder,,,,,,,,,,,,,,,,,,,,,,,,,,,Grinder,,,,,,,,,,,,,,,,,,,,,,,,,,,,,,,,,,,,,,,,,,,,,,,,,,,,,,,,,,,,,,,,,,,,,,,,,,,,,,,,,,,,,,,,,,,,,,,,,,,,,,,,,,,,,,,,,,,,,,,,,,,,,,,,,,,,,,,,,,,,,,,,,,,,,,,,,,,,,,,,,,,,,,,,,,,,,,,,,,,,,,,,,,,,,,,,,,,,,
,,,,,,,Tools & Hardware,Power Tools,Saws & Blades,,DCG422B,DCG422B Dewalt 20V Right Angle Die Grinder (Bare),,,,Black & Decker/dewlt (2585),Black & Decker/dewlt,DeWalt,,DCG422B,,Tools & Hardware>Power Tools>Power Saws,"Black & Decker/dewlt, DeWalt, Grinder, DCG422B",DEWALT 20V RIGHT ANGLE DIE GRINDER (BARE),DeWalt Grinder DCG422B,DeWalt Grinder DCG422B. High performance industrial and commercial grade grinder designed for professional applications.,DeWalt Grinder,,,,,,,,,,,,,,,,,,,,,,,,,,,Grinder,,,,,,,,,,,,,,,,,,,,,,,,,,,,,,,,,,,,,,,,,,,,,,,,,,,,,,,,,,,,,,,,,,,,,,,,,,,,,,,,,,,,,,,,,,,,,,,,,,,,,,,,,,,,,,,,,,,,,,,,,,,,,,,,,,,,,,,,,,,,,,,,,,,,,,,,,,,,,,,,,,,,,,,,,,,,,,,,,,,,,,,,,,,,,,,,,,,,,
,,,,,,,Tools & Hardware,Power Tools,Saws & Blades,,924422,924422 Mafell Carpentry - Planing Machine ZH 320 Ec 120V,,,,-,,,,924422,,Tools & Hardware>Power Tools>Power Saws,"924422 Mafell Carpentry - Planing Machine ZH 320 Ec 120V, 924422",MAFELL CARPENTRY - PLANING MACHINE ZH 320 EC 120V,924422 Mafell Carpentry - Planing Machine ZH 320 Ec 120V 924422,924422 Mafell Carpentry - Planing Machine ZH 320 Ec 120V 924422. High performance industrial and commercial grade 924422 mafell carpentry - planing machine zh 320 ec 120v designed for professional applications.,924422 Mafell Carpentry - Planing Machine ZH 320 Ec 120V,,,,,,,,,,,,,,,,,,,,,,,,,,,,,,,,,,,,,,,,,,,,,,,,,,,,,,,,,,,,,,,,,,,,,,,,,,,,,,,,,,,,,,,,,,,,,,,,,,,,,,,,,,,,,,,,,,,,,,,,,,,,,,,,,,,,,,,,,,,,,,,,,,,,,,,,,,,,,,,,,,,,,,,,,,,,,,,,,,,,,,,,,,,,,,,,,,,,,,,,,,,,,,,,,,,,,,,,,,,,,,,,
,,,,,,,Tools & Hardware,Power Tools,Blowers & Vacuums,,DCW620B,DCW620B Dewalt 20V Plunge - Router,,,,Black & Decker/dewlt (2585),Black & Decker/dewlt,DeWalt,,DCW620B,,Tools & Hardware>Power Tools>Blowers & Sweepers,"Black & Decker/dewlt, DeWalt, Router, DCW620B",DEWALT 20V PLUNGE - ROUTER,DeWalt Router DCW620B,DeWalt Router DCW620B. High performance industrial and commercial grade router designed for professional applications.,DeWalt Router,,,,,,,,,,,,,,,,,,,,,,,,,,,Router,,,,,,,,,,,,,,,,,,,,,,,,,,,,,,,,,,,,,,,,,,,,,,,,,,,,,,,,,,,,,,,,,,,,,,,,,,,,,,,,,,,,,,,,,,,,,,,,,,,,,,,,,,,,,,,,,,,,,,,,,,,,,,,,,,,,,,,,,,,,,,,,,,,,,,,,,,,,,,,,,,,,,,,,,,,,,,,,,,,,,,,,,,,,,,,,,,,,,
,,,,,,,Tools & Hardware,Abrasives,Sanding Belts & Discs,,2535-20,"2535-20 Milw 3"" Orbit Sander - M12",,,,Milwaukee Accessory (4031),Milwaukee Accessory,Milwaukee,,2535-20,,Tools & Hardware>Abrasives & Polishing>Sanding Belts & Discs,"Milwaukee Accessory, Milwaukee, Sander, 2535-20","MILW 3"" ORBIT SANDER - M12",Milwaukee Sander 2535-20,Milwaukee Sander 2535-20. High performance industrial and commercial grade sander designed for professional applications.,Milwaukee Sander,,,,,,,,,,,,,,,,,,,,,,,,,,,Sander,,,,,,,,,,,,,,,,,,,,,,,,,,,,,,,,,,,,,,,,,,,,,,,,,,,,,,,,,,,,,,,,,,,,,,,,,,,,,,,,,,,,,,,,,,,,,,,,,,,,,,,,,,,,,,,,,,,,,,,,,,,,,,,,,,,,,,,,,,,,,,,,,,,,,,,,,,,,,,,,,,,,,,,,,,,,,,,,,,,,,,,,,,,,,,,,,,,,,
,,,,,,,Tools & Hardware,Abrasives,Sanding Belts & Discs,,2837-20,"2837-20 Milw M18 5"" Sander - Orbital (Bare)",,,Milwaukee,Milwaukee Accessory (4031),Milwaukee Accessory,Milwaukee,,2837-20,,Tools & Hardware>Abrasives & Polishing>Sanding Belts & Discs,"Milwaukee Accessory, Milwaukee, Sander, 2837-20","MILW M18 5"" SANDER - ORBITAL (BARE)",Milwaukee Sander 2837-20,Milwaukee Sander 2837-20. High performance industrial and commercial grade sander designed for professional applications.,Milwaukee Sander,,,,,,,,,,,,,,,,,,,,,,,,,,,Sander,,,,,,,,,,,,,,,,,,,,,,,,,,,,,,,,,,,,,,,,,,,,,,,,,,,,,,,,,,,,,,,,,,,,,,,,,,,,,,,,,,,,,,,,,,,,,,,,,,,,,,,,,,,,,,,,,,,,,,,,,,,,,,,,,,,,,,,,,,,,,,,,,,,,,,,,,,,,,,,,,,,,,,,,,,,,,,,,,,,,,,,,,,,,,,,,,,,,,
,,,,,,,Tools & Hardware,Abrasives,Sanding Belts & Discs,,577728,577728 Festool Cordless Sander - ETSC 2 150 I-Plus,,,,Festool USA (FESTO),Festool USA,Festool,,577728,,Tools & Hardware>Abrasives & Polishing>Sanding Belts & Discs,"Festool USA, Festool, Sander, 577728",FESTOOL CORDLESS SANDER - ETSC 2 150 I-PLUS,Festool Sander 577728,Festool Sander 577728. High performance industrial and commercial grade sander designed for professional applications.,Festool Sander,,,,,,,,,,,,,,,,,,,,,,,,,,,Sander,,,,,,,,,,,,,,,,,,,,,,,,,,,,,,,,,,,,,,,,,,,,,,,,,,,,,,,,,,,,,,,,,,,,,,,,,,,,,,,,,,,,,,,,,,,,,,,,,,,,,,,,,,,,,,,,,,,,,,,,,,,,,,,,,,,,,,,,,,,,,,,,,,,,,,,,,,,,,,,,,,,,,,,,,,,,,,,,,,,,,,,,,,,,,,,,,,,,,
,,,,,,,Tools & Hardware,Abrasives,Sanding Belts & Discs,,577738,577738 Festool Cordless Sander - ETSC 2 125 I-Plus,,,,Festool USA (FESTO),Festool USA,Festool,,577738,,Tools & Hardware>Abrasives & Polishing>Sanding Belts & Discs,"Festool USA, Festool, Sander, 577738",FESTOOL CORDLESS SANDER - ETSC 2 125 I-PLUS,Festool Sander 577738,Festool Sander 577738. High performance industrial and commercial grade sander designed for professional applications.,Festool Sander,,,,,,,,,,,,,,,,,,,,,,,,,,,Sander,,,,,,,,,,,,,,,,,,,,,,,,,,,,,,,,,,,,,,,,,,,,,,,,,,,,,,,,,,,,,,,,,,,,,,,,,,,,,,,,,,,,,,,,,,,,,,,,,,,,,,,,,,,,,,,,,,,,,,,,,,,,,,,,,,,,,,,,,,,,,,,,,,,,,,,,,,,,,,,,,,,,,,,,,,,,,,,,,,,,,,,,,,,,,,,,,,,,,
,,,,,,,Tools & Hardware,Abrasives,Sanding Belts & Discs,,KPTRS500A,"KPTRS500A Kreg 20V Ionic 5"" Random Orbit Sander",,,,Kreg Tool Company (KRETO),Kreg Tool Company,Kreg,,KPTRS500A,,Tools & Hardware>Abrasives & Polishing>Sanding Belts & Discs,"Kreg Tool Company, Kreg, Sander, KPTRS500A","KREG 20V IONIC 5"" RANDOM ORBIT SANDER",Kreg Sander KPTRS500A,Kreg Sander KPTRS500A. High performance industrial and commercial grade sander designed for professional applications.,Kreg Sander,,,,,,,,,,,,,,,,,,,,,,,,,,,Sander,,,,,,,,,,,,,,,,,,,,,,,,,,,,,,,,,,,,,,,,,,,,,,,,,,,,,,,,,,,,,,,,,,,,,,,,,,,,,,,,,,,,,,,,,,,,,,,,,,,,,,,,,,,,,,,,,,,,,,,,,,,,,,,,,,,,,,,,,,,,,,,,,,,,,,,,,,,,,,,,,,,,,,,,,,,,,,,,,,,,,,,,,,,,,,,,,,,,,
,,,,,,,Electrical,Fittings & Conduit,Cord Grips & Connectors,,24-35M-320,"24-35M-320 Iridium Grip - 3.2"" x 5.2"" Grip",,,,Mirka Abrasives Inc (MIRUS),Mirka Abrasives Inc,,,24-35M-320,,Electrical>Conduit & Fittings>Cord Grips & Connectors,"Mirka Abrasives Inc, 24-35M-320 Iridium Grip - 3.2"" x 5.2"" Grip, 24-35M-320","IRIDIUM GRIP - 3.2"" X 5.2"" GRIP","24-35M-320 Iridium Grip - 3.2"" x 5.2"" Grip 24-35M-320","24-35M-320 Iridium Grip - 3.2"" x 5.2"" Grip 24-35M-320. High performance industrial and commercial grade 24-35m-320 iridium grip - 3.2"" x 5.2"" grip designed for professional applications.","24-35M-320 Iridium Grip - 3.2"" x 5.2"" Grip",,,,,,,,,,,,,,,,,,,,,,,,,,,,,,,,,,,,,,,,,,,,,,,,,,,,,,,,,,,,,,,,,,,,,,,,,,,,,,,,,,,,,,,,,,,,,,,,,,,,,,,,,,,,,,,,,,,,,,,,,,,,,,,,,,,,,,,,,,,,,,,,,,,,,,,,,,,,,,,,,,,,,,,,,,,,,,,,,,,,,,,,,,,,,,,,,,,,,,,,,,,,,,,,,,,,,,,,,,,,,,,,
,,,,,,,Electrical,Boxes & Covers,Weatherproof Box Covers,,9A-129-120,9A-129-120 Abranet 3x4 - 50 Sheets/Box,,,,Mirka Abrasives Inc (MIRUS),Mirka Abrasives Inc,,,9A-129-120,,Electrical>Boxes Enclosures & Covers>Outlet & Switch Covers,"Mirka Abrasives Inc, 9A-129-120 Abranet 3x4 - 50 Sheets/Box, 9A-129-120",ABRANET 3X4 - 50 SHEETS/BOX,9A-129-120 Abranet 3x4 - 50 Sheets/Box 9A-129-120,9A-129-120 Abranet 3x4 - 50 Sheets/Box 9A-129-120. High performance industrial and commercial grade 9a-129-120 abranet 3x4 - 50 sheets/box designed for professional applications.,9A-129-120 Abranet 3x4 - 50 Sheets/Box,,,,,,,,,,,,,,,,,,,,,,,,,,,,,,,,,,,,,,,,,,,,,,,,,,,,,,,,,,,,,,,,,,,,,,,,,,,,,,,,,,,,,,,,,,,,,,,,,,,,,,,,,,,,,,,,,,,,,,,,,,,,,,,,,,,,,,,,,,,,,,,,,,,,,,,,,,,,,,,,,,,,,,,,,,,,,,,,,,,,,,,,,,,,,,,,,,,,,,,,,,,,,,,,,,,,,,,,,,,,,,,,
,,,,,,,Electrical,Fittings & Conduit,Cord Grips & Connectors,,578800,578800 Festool 80x133 M GR PRO/10,,,,Festool USA (FESTO),Festool USA,Festool,,578800,,Electrical>Conduit & Fittings>Cord Grips & Connectors,"Festool USA, Festool, 578800 Festool 80x133 M GR PRO/10, 578800",FESTOOL 80X133 M GR PRO/10,Festool 578800 Festool 80x133 M GR PRO/10 578800,Festool 578800 Festool 80x133 M GR PRO/10 578800. High performance industrial and commercial grade 578800 festool 80x133 m gr pro/10 designed for professional applications.,Festool 578800 Festool 80x133 M GR PRO/10,,,,,,,,,,,,,,,,,,,,,,,,,,,,,,,,,,,,,,,,,,,,,,,,,,,,,,,,,,,,,,,,,,,,,,,,,,,,,,,,,,,,,,,,,,,,,,,,,,,,,,,,,,,,,,,,,,,,,,,,,,,,,,,,,,,,,,,,,,,,,,,,,,,,,,,,,,,,,,,,,,,,,,,,,,,,,,,,,,,,,,,,,,,,,,,,,,,,,,,,,,,,,,,,,,,,,,,,,,,,,,,,
,,,,,,,Electrical,Fittings & Conduit,Cord Grips & Connectors,,578801,578801 Festool 80x133 F GR PRO/10,,,,Festool USA (FESTO),Festool USA,Festool,,578801,,Electrical>Conduit & Fittings>Cord Grips & Connectors,"Festool USA, Festool, 578801 Festool 80x133 F GR PRO/10, 578801",FESTOOL 80X133 F GR PRO/10,Festool 578801 Festool 80x133 F GR PRO/10 578801,Festool 578801 Festool 80x133 F GR PRO/10 578801. High performance industrial and commercial grade 578801 festool 80x133 f gr pro/10 designed for professional applications.,Festool 578801 Festool 80x133 F GR PRO/10,,,,,,,,,,,,,,,,,,,,,,,,,,,,,,,,,,,,,,,,,,,,,,,,,,,,,,,,,,,,,,,,,,,,,,,,,,,,,,,,,,,,,,,,,,,,,,,,,,,,,,,,,,,,,,,,,,,,,,,,,,,,,,,,,,,,,,,,,,,,,,,,,,,,,,,,,,,,,,,,,,,,,,,,,,,,,,,,,,,,,,,,,,,,,,,,,,,,,,,,,,,,,,,,,,,,,,,,,,,,,,,,
,,,,,,,Electrical,Fittings & Conduit,Cord Grips & Connectors,,578802,578802 Festool 80x133 S GR PRO/10,,,,Festool USA (FESTO),Festool USA,Festool,,578802,,Electrical>Conduit & Fittings>Cord Grips & Connectors,"Festool USA, Festool, 578802 Festool 80x133 S GR PRO/10, 578802",FESTOOL 80X133 S GR PRO/10,Festool 578802 Festool 80x133 S GR PRO/10 578802,Festool 578802 Festool 80x133 S GR PRO/10 578802. High performance industrial and commercial grade 578802 festool 80x133 s gr pro/10 designed for professional applications.,Festool 578802 Festool 80x133 S GR PRO/10,,,,,,,,,,,,,,,,,,,,,,,,,,,,,,,,,,,,,,,,,,,,,,,,,,,,,,,,,,,,,,,,,,,,,,,,,,,,,,,,,,,,,,,,,,,,,,,,,,,,,,,,,,,,,,,,,,,,,,,,,,,,,,,,,,,,,,,,,,,,,,,,,,,,,,,,,,,,,,,,,,,,,,,,,,,,,,,,,,,,,,,,,,,,,,,,,,,,,,,,,,,,,,,,,,,,,,,,,,,,,,,,
,,,,,,,Electrical,Fittings & Conduit,Cord Grips & Connectors,,578808,578808 Festool 3x4 M GR PRO/10,,,,Festool USA (FESTO),Festool USA,Festool,,578808,,Electrical>Conduit & Fittings>Cord Grips & Connectors,"Festool USA, Festool, 578808 Festool 3x4 M GR PRO/10, 578808",FESTOOL 3X4 M GR PRO/10,Festool 578808 Festool 3x4 M GR PRO/10 578808,Festool 578808 Festool 3x4 M GR PRO/10 578808. High performance industrial and commercial grade 578808 festool 3x4 m gr pro/10 designed for professional applications.,Festool 578808 Festool 3x4 M GR PRO/10,,,,,,,,,,,,,,,,,,,,,,,,,,,,,,,,,,,,,,,,,,,,,,,,,,,,,,,,,,,,,,,,,,,,,,,,,,,,,,,,,,,,,,,,,,,,,,,,,,,,,,,,,,,,,,,,,,,,,,,,,,,,,,,,,,,,,,,,,,,,,,,,,,,,,,,,,,,,,,,,,,,,,,,,,,,,,,,,,,,,,,,,,,,,,,,,,,,,,,,,,,,,,,,,,,,,,,,,,,,,,,,,
,,,,,,,Electrical,Fittings & Conduit,Cord Grips & Connectors,,578809,578809 Festool 3x4 F GR PRO/10,,,,Festool USA (FESTO),Festool USA,Festool,,578809,,Electrical>Conduit & Fittings>Cord Grips & Connectors,"Festool USA, Festool, 578809 Festool 3x4 F GR PRO/10, 578809",FESTOOL 3X4 F GR PRO/10,Festool 578809 Festool 3x4 F GR PRO/10 578809,Festool 578809 Festool 3x4 F GR PRO/10 578809. High performance industrial and commercial grade 578809 festool 3x4 f gr pro/10 designed for professional applications.,Festool 578809 Festool 3x4 F GR PRO/10,,,,,,,,,,,,,,,,,,,,,,,,,,,,,,,,,,,,,,,,,,,,,,,,,,,,,,,,,,,,,,,,,,,,,,,,,,,,,,,,,,,,,,,,,,,,,,,,,,,,,,,,,,,,,,,,,,,,,,,,,,,,,,,,,,,,,,,,,,,,,,,,,,,,,,,,,,,,,,,,,,,,,,,,,,,,,,,,,,,,,,,,,,,,,,,,,,,,,,,,,,,,,,,,,,,,,,,,,,,,,,,,
,,,,,,,Electrical,Fittings & Conduit,Cord Grips & Connectors,,578810,578810 Festool 3x4 S GR PRO/10,,,,Festool USA (FESTO),Festool USA,Festool,,578810,,Electrical>Conduit & Fittings>Cord Grips & Connectors,"Festool USA, Festool, 578810 Festool 3x4 S GR PRO/10, 578810",FESTOOL 3X4 S GR PRO/10,Festool 578810 Festool 3x4 S GR PRO/10 578810,Festool 578810 Festool 3x4 S GR PRO/10 578810. High performance industrial and commercial grade 578810 festool 3x4 s gr pro/10 designed for professional applications.,Festool 578810 Festool 3x4 S GR PRO/10,,,,,,,,,,,,,,,,,,,,,,,,,,,,,,,,,,,,,,,,,,,,,,,,,,,,,,,,,,,,,,,,,,,,,,,,,,,,,,,,,,,,,,,,,,,,,,,,,,,,,,,,,,,,,,,,,,,,,,,,,,,,,,,,,,,,,,,,,,,,,,,,,,,,,,,,,,,,,,,,,,,,,,,,,,,,,,,,,,,,,,,,,,,,,,,,,,,,,,,,,,,,,,,,,,,,,,,,,,,,,,,,
,,,,,,,Electrical,Fittings & Conduit,Cord Grips & Connectors,,578811,578811 Festool 3x4 GR PRO/10-Set,,,,Festool USA (FESTO),Festool USA,Festool,,578811,,Electrical>Conduit & Fittings>Cord Grips & Connectors,"Festool USA, Festool, 578811 Festool 3x4 GR PRO/10-Set, 578811",FESTOOL 3X4 GR PRO/10-SET,Festool 578811 Festool 3x4 GR PRO/10-Set 578811,Festool 578811 Festool 3x4 GR PRO/10-Set 578811. High performance industrial and commercial grade 578811 festool 3x4 gr pro/10-set designed for professional applications.,Festool 578811 Festool 3x4 GR PRO/10-Set,,,,,,,,,,,,,,,,,,,,,,,,,,,,,,,,,,,,,,,,,,,,,,,,,,,,,,,,,,,,,,,,,,,,,,,,,,,,,,,,,,,,,,,,,,,,,,,,,,,,,,,,,,,,,,,,,,,,,,,,,,,,,,,,,,,,,,,,,,,,,,,,,,,,,,,,,,,,,,,,,,,,,,,,,,,,,,,,,,,,,,,,,,,,,,,,,,,,,,,,,,,,,,,,,,,,,,,,,,,,,,,,
,,,,,,,Tools & Hardware,Abrasives,Sanding Belts & Discs,,578192,578192 Festool D 150 GR SYS - Systainer Abrasive Set,,,,Festool USA (FESTO),Festool USA,Festool,,578192,,Tools & Hardware>Abrasives & Polishing>Sanding Belts & Discs,"Festool USA, Festool, 578192 Festool D 150 GR SYS - Systainer Abrasive Set, 578192",FESTOOL D 150 GR SYS - SYSTAINER ABRASIVE SET,Festool 578192 Festool D 150 GR SYS - Systainer Abrasive Set 578192,Festool 578192 Festool D 150 GR SYS - Systainer Abrasive Set 578192. High performance industrial and commercial grade 578192 festool d 150 gr sys - systainer abrasive set designed for professional applications.,Festool 578192 Festool D 150 GR SYS - Systainer Abrasive Set,,,,,,,,,,,,,,,,,,,,,,,,,,,,,,,,,,,,,,,,,,,,,,,,,,,,,,,,,,,,,,,,,,,,,,,,,,,,,,,,,,,,,,,,,,,,,,,,,,,,,,,,,,,,,,,,,,,,,,,,,,,,,,,,,,,,,,,,,,,,,,,,,,,,,,,,,,,,,,,,,,,,,,,,,,,,,,,,,,,,,,,,,,,,,,,,,,,,,,,,,,,,,,,,,,,,,,,,,,,,,,,,
,,,,,,,Electrical,Fittings & Conduit,Cord Grips & Connectors,,578806,578806 Festool Delta S GR PRO/10,,,,Festool USA (FESTO),Festool USA,Festool,,578806,,Electrical>Conduit & Fittings>Cord Grips & Connectors,"Festool USA, Festool, 578806 Festool Delta S GR PRO/10, 578806",FESTOOL DELTA S GR PRO/10,Festool 578806 Festool Delta S GR PRO/10 578806,Festool 578806 Festool Delta S GR PRO/10 578806. High performance industrial and commercial grade 578806 festool delta s gr pro/10 designed for professional applications.,Festool 578806 Festool Delta S GR PRO/10,,,,,,,,,,,,,,,,,,,,,,,,,,,,,,,,,,,,,,,,,,,,,,,,,,,,,,,,,,,,,,,,,,,,,,,,,,,,,,,,,,,,,,,,,,,,,,,,,,,,,,,,,,,,,,,,,,,,,,,,,,,,,,,,,,,,,,,,,,,,,,,,,,,,,,,,,,,,,,,,,,,,,,,,,,,,,,,,,,,,,,,,,,,,,,,,,,,,,,,,,,,,,,,,,,,,,,,,,,,,,,,,
,,,,,,,Tools & Hardware,Power Tools,Saws & Blades,,D0860X,"D0860X Diablo 8-1/4"" 60 Tooth - Fine Finish Saw Blade",,,,Freud Inc (2435),Freud Inc,Diablo,,D0860X,,Tools & Hardware>Power Tools>Power Saws,"Freud Inc, Diablo, Saw, D0860X","DIABLO 8-1/4"" 60 TOOTH - FINE FINISH SAW BLADE",Diablo Saw D0860X,Diablo Saw D0860X. High performance industrial and commercial grade saw designed for professional applications.,Diablo Saw,,,,,,,,,,,,,,,,,,,,,,,,,,,Saw,,,,,,,,,,,,,,,,,,,,,,,,,,,,,,,,,,,,,,,,,,,,,,,,,,,,,,,,,,,,,,,,,,,,,,,,,,,,,,,,,,,,,,,,,,,,,,,,,,,,,,,,,,,,,,,,,,,,,,,,,,,,,,,,,,,,,,,,,,,,,,,,,,,,,,,,,,,,,,,,,,,,,,,,,,,,,,,,,,,,,,,,,,,,,,,,,,,,,
,,,,,,,Tools & Hardware,Power Tools,Saws & Blades,,48-40-0740,48-40-0740 Milw 7-1/4in. 24T - Framing Circ Saw Blade,,,Milwaukee,Milwaukee Accessory (4031),Milwaukee Accessory,Milwaukee,,48-40-0740,,Tools & Hardware>Power Tools>Power Saws,"Milwaukee Accessory, Milwaukee, Saw, 48-40-0740",MILW 7-1/4IN. 24T - FRAMING CIRC SAW BLADE,Milwaukee Saw 48-40-0740,Milwaukee Saw 48-40-0740. High performance industrial and commercial grade saw designed for professional applications.,Milwaukee Saw,,,,,,,,,,,,,,,,,,,,,,,,,,,Saw,,,,,,,,,,,,,,,,,,,,,,,,,,,,,,,,,,,,,,,,,,,,,,,,,,,,,,,,,,,,,,,,,,,,,,,,,,,,,,,,,,,,,,,,,,,,,,,,,,,,,,,,,,,,,,,,,,,,,,,,,,,,,,,,,,,,,,,,,,,,,,,,,,,,,,,,,,,,,,,,,,,,,,,,,,,,,,,,,,,,,,,,,,,,,,,,,,,,,
,,,,,,,Tools & Hardware,Power Tools,Saws & Blades,,48-41-0740,48-41-0740 Milw7-1/4 24TFrming - Blade,,,,Milwaukee Accessory (4031),Milwaukee Accessory,,,48-41-0740,,Tools & Hardware>Power Tools>Power Saws,"Milwaukee Accessory, 48-41-0740 Milw7-1/4 24TFrming - Blade, 48-41-0740",MILW7-1/4 24TFRMING - BLADE,48-41-0740 Milw7-1/4 24TFrming - Blade 48-41-0740,48-41-0740 Milw7-1/4 24TFrming - Blade 48-41-0740. High performance industrial and commercial grade 48-41-0740 milw7-1/4 24tfrming - blade designed for professional applications.,48-41-0740 Milw7-1/4 24TFrming - Blade,,,,,,,,,,,,,,,,,,,,,,,,,,,,,,,,,,,,,,,,,,,,,,,,,,,,,,,,,,,,,,,,,,,,,,,,,,,,,,,,,,,,,,,,,,,,,,,,,,,,,,,,,,,,,,,,,,,,,,,,,,,,,,,,,,,,,,,,,,,,,,,,,,,,,,,,,,,,,,,,,,,,,,,,,,,,,,,,,,,,,,,,,,,,,,,,,,,,,,,,,,,,,,,,,,,,,,,,,,,,,,,,
,,,,,,,Tools & Hardware,Power Tools,Saws & Blades,,A-96095,"A-96095 Makita 5-7/8"" 32T Saw Blade",,,,Makita Usa Inc (5142),Makita Usa Inc,Makita,,A-96095,,Tools & Hardware>Power Tools>Power Saws,"Makita Usa Inc, Makita, Saw, A-96095","MAKITA 5-7/8"" 32T SAW BLADE",Makita Saw A-96095,Makita Saw A-96095. High performance industrial and commercial grade saw designed for professional applications.,Makita Saw,,,,,,,,,,,,,,,,,,,,,,,,,,,Saw,,,,,,,,,,,,,,,,,,,,,,,,,,,,,,,,,,,,,,,,,,,,,,,,,,,,,,,,,,,,,,,,,,,,,,,,,,,,,,,,,,,,,,,,,,,,,,,,,,,,,,,,,,,,,,,,,,,,,,,,,,,,,,,,,,,,,,,,,,,,,,,,,,,,,,,,,,,,,,,,,,,,,,,,,,,,,,,,,,,,,,,,,,,,,,,,,,,,,
,,,,,,,Tools & Hardware,Power Tools,Saws & Blades,,D0760UX,"D0760UX Diablo 7-1/4"" 60T Circ - Saw Blade",,,Diablo,Freud Inc (2435),Freud Inc,Diablo,,D0760UX,,Tools & Hardware>Power Tools>Power Saws,"Freud Inc, Diablo, Saw, D0760UX","DIABLO 7-1/4"" 60T CIRC - SAW BLADE",Diablo Saw D0760UX,Diablo Saw D0760UX. High performance industrial and commercial grade saw designed for professional applications.,Diablo Saw,,,,,,,,,,,,,,,,,,,,,,,,,,,Saw,,,,,,,,,,,,,,,,,,,,,,,,,,,,,,,,,,,,,,,,,,,,,,,,,,,,,,,,,,,,,,,,,,,,,,,,,,,,,,,,,,,,,,,,,,,,,,,,,,,,,,,,,,,,,,,,,,,,,,,,,,,,,,,,,,,,,,,,,,,,,,,,,,,,,,,,,,,,,,,,,,,,,,,,,,,,,,,,,,,,,,,,,,,,,,,,,,,,,
,,,,,,,Electrical,Fittings & Conduit,Cord Grips & Connectors,,230.312.08,230.312.08 CMT Locked Dado Pro Set,,,,CMT USA Inc (CMTUS),CMT USA Inc,,,230.312.08,,Electrical>Conduit & Fittings>Cord Grips & Connectors,"CMT USA Inc, 230.312.08 CMT Locked Dado Pro Set, 230.312.08",230.312.08 CMT LOCKED DADO PRO SET,230.312.08 CMT Locked Dado Pro Set 230.312.08,230.312.08 CMT Locked Dado Pro Set 230.312.08. High performance industrial and commercial grade 230.312.08 cmt locked dado pro set designed for professional applications.,230.312.08 CMT Locked Dado Pro Set,,,,,,,,,,,,,,,,,,,,,,,,,,,,,,,,,,,,,,,,,,,,,,,,,,,,,,,,,,,,,,,,,,,,,,,,,,,,,,,,,,,,,,,,,,,,,,,,,,,,,,,,,,,,,,,,,,,,,,,,,,,,,,,,,,,,,,,,,,,,,,,,,,,,,,,,,,,,,,,,,,,,,,,,,,,,,,,,,,,,,,,,,,,,,,,,,,,,,,,,,,,,,,,,,,,,,,,,,,,,,,,,
,,,,,,,Tools & Hardware,Power Tools,Saws & Blades,,D0708LF,"D0708LF Saw Blade 7-1/4""x8 - Laminate & Wood Flooring",,,,Freud Inc (2435),Freud Inc,,,D0708LF,,Tools & Hardware>Power Tools>Power Saws,"Freud Inc, Saw, D0708LF","SAW BLADE 7-1/4""X8 - LAMINATE & WOOD FLOORING",Saw D0708LF,Saw D0708LF. High performance industrial and commercial grade saw designed for professional applications.,Saw,,,,,,,,,,,,,,,,,,,,,,,,,,,Saw,,,,,,,,,,,,,,,,,,,,,,,,,,,,,,,,,,,,,,,,,,,,,,,,,,,,,,,,,,,,,,,,,,,,,,,,,,,,,,,,,,,,,,,,,,,,,,,,,,,,,,,,,,,,,,,,,,,,,,,,,,,,,,,,,,,,,,,,,,,,,,,,,,,,,,,,,,,,,,,,,,,,,,,,,,,,,,,,,,,,,,,,,,,,,,,,,,,,,
,,,,,,,Tools & Hardware,Power Tools,Saws & Blades,,D1012LF,"D1012LF Saw Blade 10""x12Teeth - Laminate & Wood Flooring",,,,Freud Inc (2435),Freud Inc,,,D1012LF,,Tools & Hardware>Power Tools>Power Saws,"Freud Inc, Saw, D1012LF","SAW BLADE 10""X12TEETH - LAMINATE & WOOD FLOORING",Saw D1012LF,Saw D1012LF. High performance industrial and commercial grade saw designed for professional applications.,Saw,,,,,,,,,,,,,,,,,,,,,,,,,,,Saw,,,,,,,,,,,,,,,,,,,,,,,,,,,,,,,,,,,,,,,,,,,,,,,,,,,,,,,,,,,,,,,,,,,,,,,,,,,,,,,,,,,,,,,,,,,,,,,,,,,,,,,,,,,,,,,,,,,,,,,,,,,,,,,,,,,,,,,,,,,,,,,,,,,,,,,,,,,,,,,,,,,,,,,,,,,,,,,,,,,,,,,,,,,,,,,,,,,,,
,,,,,,,Tools & Hardware,Power Tools,Saws & Blades,,D1216LF,"D1216LF Saw Blade 12""x16Teeth - Laminate & Wood Flooring",,,,Freud Inc (2435),Freud Inc,,,D1216LF,,Tools & Hardware>Power Tools>Power Saws,"Freud Inc, Saw, D1216LF","SAW BLADE 12""X16TEETH - LAMINATE & WOOD FLOORING",Saw D1216LF,Saw D1216LF. High performance industrial and commercial grade saw designed for professional applications.,Saw,,,,,,,,,,,,,,,,,,,,,,,,,,,Saw,,,,,,,,,,,,,,,,,,,,,,,,,,,,,,,,,,,,,,,,,,,,,,,,,,,,,,,,,,,,,,,,,,,,,,,,,,,,,,,,,,,,,,,,,,,,,,,,,,,,,,,,,,,,,,,,,,,,,,,,,,,,,,,,,,,,,,,,,,,,,,,,,,,,,,,,,,,,,,,,,,,,,,,,,,,,,,,,,,,,,,,,,,,,,,,,,,,,,
,,,,,,,Tools & Hardware,Power Tools,Saws & Blades,,DWA47421,"DWA47421 Dewalt 14"" Segmented - Rim Diamond Blade",,,DEWALT,Black & Decker/dewlt (2585),Black & Decker/dewlt,DEWALT,,DWA47421,,Tools & Hardware>Power Tools>Power Saws,"Black & Decker/dewlt, DEWALT, DWA47421 Dewalt 14"" Segmented - Rim Diamond Blade, DWA47421","DEWALT 14"" SEGMENTED - RIM DIAMOND BLADE","DEWALT DWA47421 Dewalt 14"" Segmented - Rim Diamond Blade DWA47421","DEWALT DWA47421 Dewalt 14"" Segmented - Rim Diamond Blade DWA47421. High performance industrial and commercial grade dwa47421 dewalt 14"" segmented - rim diamond blade designed for professional applications.","DEWALT DWA47421 Dewalt 14"" Segmented - Rim Diamond Blade",,,,,,,,,,,,,,,,,,,,,,,,,,,,,,,,,,,,,,,,,,,,,,,,,,,,,,,,,,,,,,,,,,,,,,,,,,,,,,,,,,,,,,,,,,,,,,,,,,,,,,,,,,,,,,,,,,,,,,,,,,,,,,,,,,,,,,,,,,,,,,,,,,,,,,,,,,,,,,,,,,,,,,,,,,,,,,,,,,,,,,,,,,,,,,,,,,,,,,,,,,,,,,,,,,,,,,,,,,,,,,,,
,,,,,,,Tools & Hardware,Abrasives,Grinding Wheels,,DWA4769,"DWA4769 Dewalt Rim Glass Tile - Blade 10""",,,,Black & Decker/dewlt (2585),Black & Decker/dewlt,DeWalt,,DWA4769,,Tools & Hardware>Abrasives & Polishing>Grinding & Cut-Off Wheels,"Black & Decker/dewlt, DeWalt, DWA4769 Dewalt Rim Glass Tile - Blade 10"", DWA4769","DEWALT RIM GLASS TILE - BLADE 10""","DeWalt DWA4769 Dewalt Rim Glass Tile - Blade 10"" DWA4769","DeWalt DWA4769 Dewalt Rim Glass Tile - Blade 10"" DWA4769. High performance industrial and commercial grade dwa4769 dewalt rim glass tile - blade 10"" designed for professional applications.","DeWalt DWA4769 Dewalt Rim Glass Tile - Blade 10""",,,,,,,,,,,,,,,,,,,,,,,,,,,,,,,,,,,,,,,,,,,,,,,,,,,,,,,,,,,,,,,,,,,,,,,,,,,,,,,,,,,,,,,,,,,,,,,,,,,,,,,,,,,,,,,,,,,,,,,,,,,,,,,,,,,,,,,,,,,,,,,,,,,,,,,,,,,,,,,,,,,,,,,,,,,,,,,,,,,,,,,,,,,,,,,,,,,,,,,,,,,,,,,,,,,,,,,,,,,,,,,,
,,,,,,,Tools & Hardware,Power Tools,Saws & Blades,,49-93-9204,"49-93-9204 Milw 4-1/2"" Diamond - Tile Blade",,,,Milwaukee Accessory (4031),Milwaukee Accessory,Milwaukee,,49-93-9204,,Tools & Hardware>Power Tools>Power Saws,"Milwaukee Accessory, Milwaukee, 49-93-9204 Milw 4-1/2"" Diamond - Tile Blade, 49-93-9204","MILW 4-1/2"" DIAMOND - TILE BLADE","Milwaukee 49-93-9204 Milw 4-1/2"" Diamond - Tile Blade 49-93-9204","Milwaukee 49-93-9204 Milw 4-1/2"" Diamond - Tile Blade 49-93-9204. High performance industrial and commercial grade 49-93-9204 milw 4-1/2"" diamond - tile blade designed for professional applications.","Milwaukee 49-93-9204 Milw 4-1/2"" Diamond - Tile Blade",,,,,,,,,,,,,,,,,,,,,,,,,,,,,,,,,,,,,,,,,,,,,,,,,,,,,,,,,,,,,,,,,,,,,,,,,,,,,,,,,,,,,,,,,,,,,,,,,,,,,,,,,,,,,,,,,,,,,,,,,,,,,,,,,,,,,,,,,,,,,,,,,,,,,,,,,,,,,,,,,,,,,,,,,,,,,,,,,,,,,,,,,,,,,,,,,,,,,,,,,,,,,,,,,,,,,,,,,,,,,,,,
,,,,,,,Tools & Hardware,Power Tools,Saws & Blades,,49-93-9207,"49-93-9207 Milw 7"" Diamond - Tile Blade",,,,Milwaukee Accessory (4031),Milwaukee Accessory,Milwaukee,,49-93-9207,,Tools & Hardware>Power Tools>Power Saws,"Milwaukee Accessory, Milwaukee, 49-93-9207 Milw 7"" Diamond - Tile Blade, 49-93-9207","MILW 7"" DIAMOND - TILE BLADE","Milwaukee 49-93-9207 Milw 7"" Diamond - Tile Blade 49-93-9207","Milwaukee 49-93-9207 Milw 7"" Diamond - Tile Blade 49-93-9207. High performance industrial and commercial grade 49-93-9207 milw 7"" diamond - tile blade designed for professional applications.","Milwaukee 49-93-9207 Milw 7"" Diamond - Tile Blade",,,,,,,,,,,,,,,,,,,,,,,,,,,,,,,,,,,,,,,,,,,,,,,,,,,,,,,,,,,,,,,,,,,,,,,,,,,,,,,,,,,,,,,,,,,,,,,,,,,,,,,,,,,,,,,,,,,,,,,,,,,,,,,,,,,,,,,,,,,,,,,,,,,,,,,,,,,,,,,,,,,,,,,,,,,,,,,,,,,,,,,,,,,,,,,,,,,,,,,,,,,,,,,,,,,,,,,,,,,,,,,,
,,,,,,,Tools & Hardware,Power Tools,Saws & Blades,,49-93-9210,"49-93-9210 Milw 10"" Diamond - Tile Blade",,,,Milwaukee Accessory (4031),Milwaukee Accessory,Milwaukee,,49-93-9210,,Tools & Hardware>Power Tools>Power Saws,"Milwaukee Accessory, Milwaukee, 49-93-9210 Milw 10"" Diamond - Tile Blade, 49-93-9210","MILW 10"" DIAMOND - TILE BLADE","Milwaukee 49-93-9210 Milw 10"" Diamond - Tile Blade 49-93-9210","Milwaukee 49-93-9210 Milw 10"" Diamond - Tile Blade 49-93-9210. High performance industrial and commercial grade 49-93-9210 milw 10"" diamond - tile blade designed for professional applications.","Milwaukee 49-93-9210 Milw 10"" Diamond - Tile Blade",,,,,,,,,,,,,,,,,,,,,,,,,,,,,,,,,,,,,,,,,,,,,,,,,,,,,,,,,,,,,,,,,,,,,,,,,,,,,,,,,,,,,,,,,,,,,,,,,,,,,,,,,,,,,,,,,,,,,,,,,,,,,,,,,,,,,,,,,,,,,,,,,,,,,,,,,,,,,,,,,,,,,,,,,,,,,,,,,,,,,,,,,,,,,,,,,,,,,,,,,,,,,,,,,,,,,,,,,,,,,,,,
,,,,,,,Tools & Hardware,Power Tools,Saws & Blades,,49-93-9202,"49-93-9202 Milw 4"" Diamond - Tile Blade",,,,Milwaukee Accessory (4031),Milwaukee Accessory,Milwaukee,,49-93-9202,,Tools & Hardware>Power Tools>Power Saws,"Milwaukee Accessory, Milwaukee, 49-93-9202 Milw 4"" Diamond - Tile Blade, 49-93-9202","MILW 4"" DIAMOND - TILE BLADE","Milwaukee 49-93-9202 Milw 4"" Diamond - Tile Blade 49-93-9202","Milwaukee 49-93-9202 Milw 4"" Diamond - Tile Blade 49-93-9202. High performance industrial and commercial grade 49-93-9202 milw 4"" diamond - tile blade designed for professional applications.","Milwaukee 49-93-9202 Milw 4"" Diamond - Tile Blade",,,,,,,,,,,,,,,,,,,,,,,,,,,,,,,,,,,,,,,,,,,,,,,,,,,,,,,,,,,,,,,,,,,,,,,,,,,,,,,,,,,,,,,,,,,,,,,,,,,,,,,,,,,,,,,,,,,,,,,,,,,,,,,,,,,,,,,,,,,,,,,,,,,,,,,,,,,,,,,,,,,,,,,,,,,,,,,,,,,,,,,,,,,,,,,,,,,,,,,,,,,,,,,,,,,,,,,,,,,,,,,,
,,,,,,,Tools & Hardware,Power Tools,Saws & Blades,,49-93-9205,"49-93-9205 Milw 5"" Diamond - Tile Blade",,,,Milwaukee Accessory (4031),Milwaukee Accessory,Milwaukee,,49-93-9205,,Tools & Hardware>Power Tools>Power Saws,"Milwaukee Accessory, Milwaukee, 49-93-9205 Milw 5"" Diamond - Tile Blade, 49-93-9205","MILW 5"" DIAMOND - TILE BLADE","Milwaukee 49-93-9205 Milw 5"" Diamond - Tile Blade 49-93-9205","Milwaukee 49-93-9205 Milw 5"" Diamond - Tile Blade 49-93-9205. High performance industrial and commercial grade 49-93-9205 milw 5"" diamond - tile blade designed for professional applications.","Milwaukee 49-93-9205 Milw 5"" Diamond - Tile Blade",,,,,,,,,,,,,,,,,,,,,,,,,,,,,,,,,,,,,,,,,,,,,,,,,,,,,,,,,,,,,,,,,,,,,,,,,,,,,,,,,,,,,,,,,,,,,,,,,,,,,,,,,,,,,,,,,,,,,,,,,,,,,,,,,,,,,,,,,,,,,,,,,,,,,,,,,,,,,,,,,,,,,,,,,,,,,,,,,,,,,,,,,,,,,,,,,,,,,,,,,,,,,,,,,,,,,,,,,,,,,,,,
,,,,,,,Tools & Hardware,Power Tools,Blowers & Vacuums,,49-22-4702,49-22-4702 Milw 13pc Quik-Lock Hole Dozer Kit,,,,Milwaukee Accessory (4031),Milwaukee Accessory,Milwaukee,,49-22-4702,,Tools & Hardware>Power Tools>Blowers & Sweepers,"Milwaukee Accessory, Milwaukee, 49-22-4702 Milw 13pc Quik-Lock Hole Dozer Kit, 49-22-4702",MILW 13PC QUIK-LOCK HOLE DOZER KIT,"Milwaukee 49-22-4702 Milw 13pc Quik-Lock Hole Dozer Kit 49-22-4702, piece_count=13","Milwaukee 49-22-4702 Milw 13pc Quik-Lock Hole Dozer Kit 49-22-4702, piece_count=13. High performance industrial and commercial grade 49-22-4702 milw 13pc quik-lock hole dozer kit designed for professional applications.","Milwaukee 49-22-4702 Milw 13pc Quik-Lock Hole Dozer Kit, piece_count=13",,,,,,,,,,,,,,,,,,,,,,,,,,,,,,,,,,,,,,,,,,,,,,,,,,,,,,,,,,,,,,,,,,,,,,,,,,,,,,,,,,,,,,,,,,,,,,,,,,,,,,,,,,,,,,,,,,,,,,,,,,,,,,,,,,,,,,,,,,,,,,,,,,,,,,,,,,,,,,,,,,,,,,,,,,,,,,,,,,,,,,,,,,,,,,,,,,,,,,,,,,,,,,,,,,,,,,,,,,,,,,,,
,,,,,,,Tools & Hardware,Power Tools,Saws & Blades,,DJT155HHM,"DJT155HHM Diablo 3-3/5"" 10 TPI - Jig Saw Blade",,,,Freud Inc (2435),Freud Inc,Diablo,,DJT155HHM,,Tools & Hardware>Power Tools>Power Saws,"Freud Inc, Diablo, Saw, DJT155HHM","DIABLO 3-3/5"" 10 TPI - JIG SAW BLADE",Diablo Saw DJT155HHM,Diablo Saw DJT155HHM. High performance industrial and commercial grade saw designed for professional applications.,Diablo Saw,,,,,,,,,,,,,,,,,,,,,,,,,,,Saw,,,,,,,,,,,,,,,,,,,,,,,,,,,,,,,,,,,,,,,,,,,,,,,,,,,,,,,,,,,,,,,,,,,,,,,,,,,,,,,,,,,,,,,,,,,,,,,,,,,,,,,,,,,,,,,,,,,,,,,,,,,,,,,,,,,,,,,,,,,,,,,,,,,,,,,,,,,,,,,,,,,,,,,,,,,,,,,,,,,,,,,,,,,,,,,,,,,,,
,,,,,,,Tools & Hardware,Power Tools,Saws & Blades,,790.82,790.820 CMT Planer Blade 2pc,,,,CMT USA Inc (CMTUS),CMT USA Inc,,,790.82,,Tools & Hardware>Power Tools>Power Saws,"CMT USA Inc, 790.820 CMT Planer Blade 2pc, 790.82",790.820 CMT PLANER BLADE 2PC,"790.820 CMT Planer Blade 2pc 790.82, piece_count=2","790.820 CMT Planer Blade 2pc 790.82, piece_count=2. High performance industrial and commercial grade 790.820 cmt planer blade 2pc designed for professional applications.","790.820 CMT Planer Blade 2pc, piece_count=2",,,,,,,,,,,,,,,,,,,,,,,,,,,,,,,,,,,,,,,,,,,,,,,,,,,,,,,,,,,,,,,,,,,,,,,,,,,,,,,,,,,,,,,,,,,,,,,,,,,,,,,,,,,,,,,,,,,,,,,,,,,,,,,,,,,,,,,,,,,,,,,,,,,,,,,,,,,,,,,,,,,,,,,,,,,,,,,,,,,,,,,,,,,,,,,,,,,,,,,,,,,,,,,,,,,,,,,,,,,,,,,,
,,,,,,,Tools & Hardware,Power Tools,Saws & Blades,,794.321,794.321 HS Planer Knives 3pc,,,,CMT USA Inc (CMTUS),CMT USA Inc,,,794.321,,Tools & Hardware>Power Tools>Power Saws,"CMT USA Inc, 794.321 HS Planer Knives 3pc, 794.321",794.321 HS PLANER KNIVES 3PC,"794.321 HS Planer Knives 3pc 794.321, piece_count=3","794.321 HS Planer Knives 3pc 794.321, piece_count=3. High performance industrial and commercial grade 794.321 hs planer knives 3pc designed for professional applications.","794.321 HS Planer Knives 3pc, piece_count=3",,,,,,,,,,,,,,,,,,,,,,,,,,,,,,,,,,,,,,,,,,,,,,,,,,,,,,,,,,,,,,,,,,,,,,,,,,,,,,,,,,,,,,,,,,,,,,,,,,,,,,,,,,,,,,,,,,,,,,,,,,,,,,,,,,,,,,,,,,,,,,,,,,,,,,,,,,,,,,,,,,,,,,,,,,,,,,,,,,,,,,,,,,,,,,,,,,,,,,,,,,,,,,,,,,,,,,,,,,,,,,,,
,,,,,,,Tools & Hardware,Power Tools,Saws & Blades,,49-22-5641,49-22-5641 Milw Packout 15pc - Sawzall Blade Kit,,,,Milwaukee Accessory (4031),Milwaukee Accessory,Milwaukee,,49-22-5641,,Tools & Hardware>Power Tools>Power Saws,"Milwaukee Accessory, Milwaukee, 49-22-5641 Milw Packout 15pc - Sawzall Blade Kit, 49-22-5641",MILW PACKOUT 15PC - SAWZALL BLADE KIT,"Milwaukee 49-22-5641 Milw Packout 15pc - Sawzall Blade Kit 49-22-5641, piece_count=15","Milwaukee 49-22-5641 Milw Packout 15pc - Sawzall Blade Kit 49-22-5641, piece_count=15. High performance industrial and commercial grade 49-22-5641 milw packout 15pc - sawzall blade kit designed for professional applications.","Milwaukee 49-22-5641 Milw Packout 15pc - Sawzall Blade Kit, piece_count=15",,,,,,,,,,,,,,,,,,,,,,,,,,,,,,,,,,,,,,,,,,,,,,,,,,,,,,,,,,,,,,,,,,,,,,,,,,,,,,,,,,,,,,,,,,,,,,,,,,,,,,,,,,,,,,,,,,,,,,,,,,,,,,,,,,,,,,,,,,,,,,,,,,,,,,,,,,,,,,,,,,,,,,,,,,,,,,,,,,,,,,,,,,,,,,,,,,,,,,,,,,,,,,,,,,,,,,,,,,,,,,,,
,,,,,,,Tools & Hardware,Power Tools,Saws & Blades,,D0604TSH,"D0604TSH Diablo 6-1/2"" 4-Tooth - Cement Track Saw Blade",,,,Freud Inc (2435),Freud Inc,Diablo,,D0604TSH,,Tools & Hardware>Power Tools>Power Saws,"Freud Inc, Diablo, Saw, D0604TSH","DIABLO 6-1/2"" 4-TOOTH - CEMENT TRACK SAW BLADE",Diablo Saw D0604TSH,Diablo Saw D0604TSH. High performance industrial and commercial grade saw designed for professional applications.,Diablo Saw,,,,,,,,,,,,,,,,,,,,,,,,,,,Saw,,,,,,,,,,,,,,,,,,,,,,,,,,,,,,,,,,,,,,,,,,,,,,,,,,,,,,,,,,,,,,,,,,,,,,,,,,,,,,,,,,,,,,,,,,,,,,,,,,,,,,,,,,,,,,,,,,,,,,,,,,,,,,,,,,,,,,,,,,,,,,,,,,,,,,,,,,,,,,,,,,,,,,,,,,,,,,,,,,,,,,,,,,,,,,,,,,,,,
,,,,,,,Tools & Hardware,Power Tools,Saws & Blades,,D0620TSR,"D0620TSR Diablo 6-1/2""20 Tooth - Framing Saw Blade",,,,Freud Inc (2435),Freud Inc,Diablo,,D0620TSR,,Tools & Hardware>Power Tools>Power Saws,"Freud Inc, Diablo, Saw, D0620TSR","DIABLO 6-1/2""20 TOOTH - FRAMING SAW BLADE",Diablo Saw D0620TSR,Diablo Saw D0620TSR. High performance industrial and commercial grade saw designed for professional applications.,Diablo Saw,,,,,,,,,,,,,,,,,,,,,,,,,,,Saw,,,,,,,,,,,,,,,,,,,,,,,,,,,,,,,,,,,,,,,,,,,,,,,,,,,,,,,,,,,,,,,,,,,,,,,,,,,,,,,,,,,,,,,,,,,,,,,,,,,,,,,,,,,,,,,,,,,,,,,,,,,,,,,,,,,,,,,,,,,,,,,,,,,,,,,,,,,,,,,,,,,,,,,,,,,,,,,,,,,,,,,,,,,,,,,,,,,,,
,,,,,,,Tools & Hardware,Power Tools,Saws & Blades,,D0648TSF,"D0648TSF Diablo 6-1/2""48 Tooth - Plywood Track Saw Blade",,,,Freud Inc (2435),Freud Inc,Diablo,,D0648TSF,,Tools & Hardware>Power Tools>Power Saws,"Freud Inc, Diablo, Saw, D0648TSF","DIABLO 6-1/2""48 TOOTH - PLYWOOD TRACK SAW BLADE",Diablo Saw D0648TSF,Diablo Saw D0648TSF. High performance industrial and commercial grade saw designed for professional applications.,Diablo Saw,,,,,,,,,,,,,,,,,,,,,,,,,,,Saw,,,,,,,,,,,,,,,,,,,,,,,,,,,,,,,,,,,,,,,,,,,,,,,,,,,,,,,,,,,,,,,,,,,,,,,,,,,,,,,,,,,,,,,,,,,,,,,,,,,,,,,,,,,,,,,,,,,,,,,,,,,,,,,,,,,,,,,,,,,,,,,,,,,,,,,,,,,,,,,,,,,,,,,,,,,,,,,,,,,,,,,,,,,,,,,,,,,,,
,,,,,,,Tools & Hardware,Power Tools,Saws & Blades,,D0652TSL,"D0652TSL Diablo 6-1/2""52 Tooth - Laminate Track Saw Blade",,,,Freud Inc (2435),Freud Inc,Diablo,,D0652TSL,,Tools & Hardware>Power Tools>Power Saws,"Freud Inc, Diablo, Saw, D0652TSL","DIABLO 6-1/2""52 TOOTH - LAMINATE TRACK SAW BLADE",Diablo Saw D0652TSL,Diablo Saw D0652TSL. High performance industrial and commercial grade saw designed for professional applications.,Diablo Saw,,,,,,,,,,,,,,,,,,,,,,,,,,,Saw,,,,,,,,,,,,,,,,,,,,,,,,,,,,,,,,,,,,,,,,,,,,,,,,,,,,,,,,,,,,,,,,,,,,,,,,,,,,,,,,,,,,,,,,,,,,,,,,,,,,,,,,,,,,,,,,,,,,,,,,,,,,,,,,,,,,,,,,,,,,,,,,,,,,,,,,,,,,,,,,,,,,,,,,,,,,,,,,,,,,,,,,,,,,,,,,,,,,,
,,,,,,,Tools & Hardware,Power Tools,Saws & Blades,,JT1-549,"JT1-549 JWBS18SFX 18"" Bandsaw - 1.75HP 1PH 115V",,,,JPW Industries (JPWIN),JPW Industries,,,JT1-549,,Tools & Hardware>Power Tools>Power Saws,"JPW Industries, JT1-549 JWBS18SFX 18"" Bandsaw - 1.75HP 1PH 115V, JT1-549","JWBS18SFX 18"" BANDSAW - 1.75HP 1PH 115V","JT1-549 JWBS18SFX 18"" Bandsaw - 1.75HP 1PH 115V JT1-549","JT1-549 JWBS18SFX 18"" Bandsaw - 1.75HP 1PH 115V JT1-549. High performance industrial and commercial grade jt1-549 jwbs18sfx 18"" bandsaw - 1.75hp 1ph 115v designed for professional applications.","JT1-549 JWBS18SFX 18"" Bandsaw - 1.75HP 1PH 115V",,,,,,,,,,,,,,,,,,,,,,,,,,,,,,,,,,,,,,,,,,,,,,,,,,,,,,,,,,,,,,,,,,,,,,,,,,,,,,,,,,,,,,,,,,,,,,,,,,,,,,,,,,,,,,,,,,,,,,,,,,,,,,,,,,,,,,,,,,,,,,,,,,,,,,,,,,,,,,,,,,,,,,,,,,,,,,,,,,,,,,,,,,,,,,,,,,,,,,,,,,,,,,,,,,,,,,,,,,,,,,,,
,,,,,,,Tools & Hardware,Power Tools,Saws & Blades,,JT1-1371,"JWBS14-SFX-BLK Jet 14"" Bandsaw - JT1-1371",,,,JPW Industries (JPWIN),JPW Industries,,,JT1-1371,,Tools & Hardware>Power Tools>Power Saws,"JPW Industries, JWBS14-SFX-BLK Jet 14"" Bandsaw - JT1-1371, JT1-1371","JET 14"" BANDSAW - JT1-1371","JWBS14-SFX-BLK Jet 14"" Bandsaw - JT1-1371 JT1-1371","JWBS14-SFX-BLK Jet 14"" Bandsaw - JT1-1371 JT1-1371. High performance industrial and commercial grade jwbs14-sfx-blk jet 14"" bandsaw - jt1-1371 designed for professional applications.","JWBS14-SFX-BLK Jet 14"" Bandsaw - JT1-1371",,,,,,,,,,,,,,,,,,,,,,,,,,,,,,,,,,,,,,,,,,,,,,,,,,,,,,,,,,,,,,,,,,,,,,,,,,,,,,,,,,,,,,,,,,,,,,,,,,,,,,,,,,,,,,,,,,,,,,,,,,,,,,,,,,,,,,,,,,,,,,,,,,,,,,,,,,,,,,,,,,,,,,,,,,,,,,,,,,,,,,,,,,,,,,,,,,,,,,,,,,,,,,,,,,,,,,,,,,,,,,,,
,,,,,,,Tools & Hardware,Power Tools,Saws & Blades,,JT9-714400K,"JWBS-14SFX 14"" Bandsaw JTP-714400K",,,,JPW Industries (JPWIN),JPW Industries,,,JT9-714400K,,Tools & Hardware>Power Tools>Power Saws,"JPW Industries, JWBS-14SFX 14"" Bandsaw JTP-714400K, JT9-714400K","14"" BANDSAW JTP-714400K","JWBS-14SFX 14"" Bandsaw JTP-714400K JT9-714400K","JWBS-14SFX 14"" Bandsaw JTP-714400K JT9-714400K. High performance industrial and commercial grade jwbs-14sfx 14"" bandsaw jtp-714400k designed for professional applications.","JWBS-14SFX 14"" Bandsaw JTP-714400K",,,,,,,,,,,,,,,,,,,,,,,,,,,,,,,,,,,,,,,,,,,,,,,,,,,,,,,,,,,,,,,,,,,,,,,,,,,,,,,,,,,,,,,,,,,,,,,,,,,,,,,,,,,,,,,,,,,,,,,,,,,,,,,,,,,,,,,,,,,,,,,,,,,,,,,,,,,,,,,,,,,,,,,,,,,,,,,,,,,,,,,,,,,,,,,,,,,,,,,,,,,,,,,,,,,,,,,,,,,,,,,,
,,,,,,,Tools & Hardware,Power Tools,Saws & Blades,,2834-21HD,"2834-21HD Milw M18 7-1/4"" Circ - Saw Kit",,,Milwaukee,Milwaukee Accessory (4031),Milwaukee Accessory,Milwaukee,,2834-21HD,,Tools & Hardware>Power Tools>Power Saws,"Milwaukee Accessory, Milwaukee, Saw, 2834-21HD","MILW M18 7-1/4"" CIRC - SAW KIT",Milwaukee Saw 2834-21HD,Milwaukee Saw 2834-21HD. High performance industrial and commercial grade saw designed for professional applications.,Milwaukee Saw,,,,,,,,,,,,,,,,,,,,,,,,,,,Saw,,,,,,,,,,,,,,,,,,,,,,,,,,,,,,,,,,,,,,,,,,,,,,,,,,,,,,,,,,,,,,,,,,,,,,,,,,,,,,,,,,,,,,,,,,,,,,,,,,,,,,,,,,,,,,,,,,,,,,,,,,,,,,,,,,,,,,,,,,,,,,,,,,,,,,,,,,,,,,,,,,,,,,,,,,,,,,,,,,,,,,,,,,,,,,,,,,,,,
,,,,,,,Tools & Hardware,Power Tools,Saws & Blades,,DCS383B,"DCS383B Dewalt 20V 7-1/4"" - Metal Cutting Circ Saw",,,,Black & Decker/dewlt (2585),Black & Decker/dewlt,DeWalt,,DCS383B,,Tools & Hardware>Power Tools>Power Saws,"Black & Decker/dewlt, DeWalt, Saw, DCS383B","DEWALT 20V 7-1/4"" - METAL CUTTING CIRC SAW",DeWalt Saw DCS383B,DeWalt Saw DCS383B. High performance industrial and commercial grade saw designed for professional applications.,DeWalt Saw,,,,,,,,,,,,,,,,,,,,,,,,,,,Saw,,,,,,,,,,,,,,,,,,,,,,,,,,,,,,,,,,,,,,,,,,,,,,,,,,,,,,,,,,,,,,,,,,,,,,,,,,,,,,,,,,,,,,,,,,,,,,,,,,,,,,,,,,,,,,,,,,,,,,,,,,,,,,,,,,,,,,,,,,,,,,,,,,,,,,,,,,,,,,,,,,,,,,,,,,,,,,,,,,,,,,,,,,,,,,,,,,,,,
,,,,,,,Tools & Hardware,Power Tools,Saws & Blades,,DCS590B,"DCS590B Dewalt 20V Cordless - 7-1/4"" Circular Saw (Bare)",,,DEWALT,Black & Decker/dewlt (2585),Black & Decker/dewlt,DEWALT,,DCS590B,,Tools & Hardware>Power Tools>Power Saws,"Black & Decker/dewlt, DEWALT, Saw, DCS590B","DEWALT 20V CORDLESS - 7-1/4"" CIRCULAR SAW (BARE)",DEWALT Saw DCS590B,DEWALT Saw DCS590B. High performance industrial and commercial grade saw designed for professional applications.,DEWALT Saw,,,,,,,,,,,,,,,,,,,,,,,,,,,Saw,,,,,,,,,,,,,,,,,,,,,,,,,,,,,,,,,,,,,,,,,,,,,,,,,,,,,,,,,,,,,,,,,,,,,,,,,,,,,,,,,,,,,,,,,,,,,,,,,,,,,,,,,,,,,,,,,,,,,,,,,,,,,,,,,,,,,,,,,,,,,,,,,,,,,,,,,,,,,,,,,,,,,,,,,,,,,,,,,,,,,,,,,,,,,,,,,,,,,
,,,,,,,Tools & Hardware,Power Tools,Saws & Blades,,KPTCS725A,"KPTCS725A Kreg 20V Ionic 7-1/4"" Circ Saw",,,,Kreg Tool Company (KRETO),Kreg Tool Company,Kreg,,KPTCS725A,,Tools & Hardware>Power Tools>Power Saws,"Kreg Tool Company, Kreg, Saw, KPTCS725A","KREG 20V IONIC 7-1/4"" CIRC SAW",Kreg Saw KPTCS725A,Kreg Saw KPTCS725A. High performance industrial and commercial grade saw designed for professional applications.,Kreg Saw,,,,,,,,,,,,,,,,,,,,,,,,,,,Saw,,,,,,,,,,,,,,,,,,,,,,,,,,,,,,,,,,,,,,,,,,,,,,,,,,,,,,,,,,,,,,,,,,,,,,,,,,,,,,,,,,,,,,,,,,,,,,,,,,,,,,,,,,,,,,,,,,,,,,,,,,,,,,,,,,,,,,,,,,,,,,,,,,,,,,,,,,,,,,,,,,,,,,,,,,,,,,,,,,,,,,,,,,,,,,,,,,,,,
,,,,,,,Tools & Hardware,Power Tools,Saws & Blades,,KPTCS450A,"KPTCS450A Kreg 20V Ionic 4-1/2"" Circ Saw",,,,Kreg Tool Company (KRETO),Kreg Tool Company,Kreg,,KPTCS450A,,Tools & Hardware>Power Tools>Power Saws,"Kreg Tool Company, Kreg, Saw, KPTCS450A","KREG 20V IONIC 4-1/2"" CIRC SAW",Kreg Saw KPTCS450A,Kreg Saw KPTCS450A. High performance industrial and commercial grade saw designed for professional applications.,Kreg Saw,,,,,,,,,,,,,,,,,,,,,,,,,,,Saw,,,,,,,,,,,,,,,,,,,,,,,,,,,,,,,,,,,,,,,,,,,,,,,,,,,,,,,,,,,,,,,,,,,,,,,,,,,,,,,,,,,,,,,,,,,,,,,,,,,,,,,,,,,,,,,,,,,,,,,,,,,,,,,,,,,,,,,,,,,,,,,,,,,,,,,,,,,,,,,,,,,,,,,,,,,,,,,,,,,,,,,,,,,,,,,,,,,,,
,,,,,,,Tools & Hardware,Power Tools,Saws & Blades,,2545-20,2545-20 Milw M12 Jig Saw,,,Milwaukee,Milwaukee Accessory (4031),Milwaukee Accessory,Milwaukee,,2545-20,,Tools & Hardware>Power Tools>Power Saws,"Milwaukee Accessory, Milwaukee, Saw, 2545-20",MILW M12 JIG SAW,Milwaukee Saw 2545-20,Milwaukee Saw 2545-20. High performance industrial and commercial grade saw designed for professional applications.,Milwaukee Saw,,,,,,,,,,,,,,,,,,,,,,,,,,,Saw,,,,,,,,,,,,,,,,,,,,,,,,,,,,,,,,,,,,,,,,,,,,,,,,,,,,,,,,,,,,,,,,,,,,,,,,,,,,,,,,,,,,,,,,,,,,,,,,,,,,,,,,,,,,,,,,,,,,,,,,,,,,,,,,,,,,,,,,,,,,,,,,,,,,,,,,,,,,,,,,,,,,,,,,,,,,,,,,,,,,,,,,,,,,,,,,,,,,,
,,,,,,,Tools & Hardware,Power Tools,Saws & Blades,,KPTJS100A,KPTJS100A Kreg 20V Ionic Barrel Grip Jigsaw,,,,Kreg Tool Company (KRETO),Kreg Tool Company,Kreg,,KPTJS100A,,Tools & Hardware>Power Tools>Power Saws,"Kreg Tool Company, Kreg, KPTJS100A Kreg 20V Ionic Barrel Grip Jigsaw, KPTJS100A",KREG 20V IONIC BARREL GRIP JIGSAW,Kreg KPTJS100A Kreg 20V Ionic Barrel Grip Jigsaw KPTJS100A,Kreg KPTJS100A Kreg 20V Ionic Barrel Grip Jigsaw KPTJS100A. High performance industrial and commercial grade kptjs100a kreg 20v ionic barrel grip jigsaw designed for professional applications.,Kreg KPTJS100A Kreg 20V Ionic Barrel Grip Jigsaw,,,,,,,,,,,,,,,,,,,,,,,,,,,,,,,,,,,,,,,,,,,,,,,,,,,,,,,,,,,,,,,,,,,,,,,,,,,,,,,,,,,,,,,,,,,,,,,,,,,,,,,,,,,,,,,,,,,,,,,,,,,,,,,,,,,,,,,,,,,,,,,,,,,,,,,,,,,,,,,,,,,,,,,,,,,,,,,,,,,,,,,,,,,,,,,,,,,,,,,,,,,,,,,,,,,,,,,,,,,,,,,,
,,,,,,,Tools & Hardware,Power Tools,Saws & Blades,,DCS714B,"DCS714B Dewalt 20V Miter Saw - (Bare) 10"" Double Bevel Fixed",,,,Black & Decker/dewlt (2585),Black & Decker/dewlt,DeWalt,,DCS714B,,Tools & Hardware>Power Tools>Power Saws,"Black & Decker/dewlt, DeWalt, Saw, DCS714B","DEWALT 20V MITER SAW - (BARE) 10"" DOUBLE BEVEL FIXED",DeWalt Saw DCS714B,DeWalt Saw DCS714B. High performance industrial and commercial grade saw designed for professional applications.,DeWalt Saw,,,,,,,,,,,,,,,,,,,,,,,,,,,Saw,,,,,,,,,,,,,,,,,,,,,,,,,,,,,,,,,,,,,,,,,,,,,,,,,,,,,,,,,,,,,,,,,,,,,,,,,,,,,,,,,,,,,,,,,,,,,,,,,,,,,,,,,,,,,,,,,,,,,,,,,,,,,,,,,,,,,,,,,,,,,,,,,,,,,,,,,,,,,,,,,,,,,,,,,,,,,,,,,,,,,,,,,,,,,,,,,,,,,
,,,,,,,Tools & Hardware,Power Tools,Saws & Blades,,DCS785B,"DCS785B Dewalt 20V Miter Saw - Kit 12"" Double Bevel Sliding",,,,Black & Decker/dewlt (2585),Black & Decker/dewlt,DeWalt,,DCS785B,,Tools & Hardware>Power Tools>Power Saws,"Black & Decker/dewlt, DeWalt, Saw, DCS785B","DEWALT 20V MITER SAW - KIT 12"" DOUBLE BEVEL SLIDING",DeWalt Saw DCS785B,DeWalt Saw DCS785B. High performance industrial and commercial grade saw designed for professional applications.,DeWalt Saw,,,,,,,,,,,,,,,,,,,,,,,,,,,Saw,,,,,,,,,,,,,,,,,,,,,,,,,,,,,,,,,,,,,,,,,,,,,,,,,,,,,,,,,,,,,,,,,,,,,,,,,,,,,,,,,,,,,,,,,,,,,,,,,,,,,,,,,,,,,,,,,,,,,,,,,,,,,,,,,,,,,,,,,,,,,,,,,,,,,,,,,,,,,,,,,,,,,,,,,,,,,,,,,,,,,,,,,,,,,,,,,,,,,
,,,,,,,Tools & Hardware,Power Tools,Saws & Blades,,GSL02M1,"GSL02M1 Makita Miter Saw - 40V 8-1/2""",,,,Makita Usa Inc (5142),Makita Usa Inc,Makita,,GSL02M1,,Tools & Hardware>Power Tools>Power Saws,"Makita Usa Inc, Makita, Saw, GSL02M1","MAKITA MITER SAW - 40V 8-1/2""",Makita Saw GSL02M1,Makita Saw GSL02M1. High performance industrial and commercial grade saw designed for professional applications.,Makita Saw,,,,,,,,,,,,,,,,,,,,,,,,,,,Saw,,,,,,,,,,,,,,,,,,,,,,,,,,,,,,,,,,,,,,,,,,,,,,,,,,,,,,,,,,,,,,,,,,,,,,,,,,,,,,,,,,,,,,,,,,,,,,,,,,,,,,,,,,,,,,,,,,,,,,,,,,,,,,,,,,,,,,,,,,,,,,,,,,,,,,,,,,,,,,,,,,,,,,,,,,,,,,,,,,,,,,,,,,,,,,,,,,,,,
,,,,,,,Tools & Hardware,Power Tools,Saws & Blades,,DW7029,DW7029 Dewalt Miter Saw - Stand Support/Stop,,,,Black & Decker/dewlt (2585),Black & Decker/dewlt,DeWalt,,DW7029,,Tools & Hardware>Power Tools>Power Saws,"Black & Decker/dewlt, DeWalt, Saw, DW7029",DEWALT MITER SAW - STAND SUPPORT/STOP,DeWalt Saw DW7029,DeWalt Saw DW7029. High performance industrial and commercial grade saw designed for professional applications.,DeWalt Saw,,,,,,,,,,,,,,,,,,,,,,,,,,,Saw,,,,,,,,,,,,,,,,,,,,,,,,,,,,,,,,,,,,,,,,,,,,,,,,,,,,,,,,,,,,,,,,,,,,,,,,,,,,,,,,,,,,,,,,,,,,,,,,,,,,,,,,,,,,,,,,,,,,,,,,,,,,,,,,,,,,,,,,,,,,,,,,,,,,,,,,,,,,,,,,,,,,,,,,,,,,,,,,,,,,,,,,,,,,,,,,,,,,,
,,,,,,,Tools & Hardware,Power Tools,Saws & Blades,,DCS384B,DCS384B Dewalt 20V Brushless - Cordless Recip Saw (Bare),,,DEWALT,Black & Decker/dewlt (2585),Black & Decker/dewlt,DEWALT,,DCS384B,,Tools & Hardware>Power Tools>Power Saws,"Black & Decker/dewlt, DEWALT, Saw, DCS384B",DEWALT 20V BRUSHLESS - CORDLESS RECIP SAW (BARE),DEWALT Saw DCS384B,DEWALT Saw DCS384B. High performance industrial and commercial grade saw designed for professional applications.,DEWALT Saw,,,,,,,,,,,,,,,,,,,,,,,,,,,Saw,,,,,,,,,,,,,,,,,,,,,,,,,,,,,,,,,,,,,,,,,,,,,,,,,,,,,,,,,,,,,,,,,,,,,,,,,,,,,,,,,,,,,,,,,,,,,,,,,,,,,,,,,,,,,,,,,,,,,,,,,,,,,,,,,,,,,,,,,,,,,,,,,,,,,,,,,,,,,,,,,,,,,,,,,,,,,,,,,,,,,,,,,,,,,,,,,,,,,
,,,,,,,Tools & Hardware,Power Tools,Saws & Blades,,XRJ08Z,XRJ08Z Makita 18V Recip Saw - Bare Tool,,,,Makita Usa Inc (5142),Makita Usa Inc,Makita,,XRJ08Z,,Tools & Hardware>Power Tools>Power Saws,"Makita Usa Inc, Makita, Saw, XRJ08Z",MAKITA 18V RECIP SAW - BARE TOOL,Makita Saw XRJ08Z,Makita Saw XRJ08Z. High performance industrial and commercial grade saw designed for professional applications.,Makita Saw,,,,,,,,,,,,,,,,,,,,,,,,,,,Saw,,,,,,,,,,,,,,,,,,,,,,,,,,,,,,,,,,,,,,,,,,,,,,,,,,,,,,,,,,,,,,,,,,,,,,,,,,,,,,,,,,,,,,,,,,,,,,,,,,,,,,,,,,,,,,,,,,,,,,,,,,,,,,,,,,,,,,,,,,,,,,,,,,,,,,,,,,,,,,,,,,,,,,,,,,,,,,,,,,,,,,,,,,,,,,,,,,,,,
,,,,,,,Tools & Hardware,Power Tools,Saws & Blades,,G0771Z,"Grizzly G0771Z 30"" Table Saw",,,,Woodstock Intl (3658),Woodstock Intl,,,G0771Z,,Tools & Hardware>Power Tools>Power Saws,"Woodstock Intl, Saw, G0771Z","G0771Z 30"" TABLE SAW",Saw G0771Z,Saw G0771Z. High performance industrial and commercial grade saw designed for professional applications.,Saw,,,,,,,,,,,,,,,,,,,,,,,,,,,Saw,,,,,,,,,,,,,,,,,,,,,,,,,,,,,,,,,,,,,,,,,,,,,,,,,,,,,,,,,,,,,,,,,,,,,,,,,,,,,,,,,,,,,,,,,,,,,,,,,,,,,,,,,,,,,,,,,,,,,,,,,,,,,,,,,,,,,,,,,,,,,,,,,,,,,,,,,,,,,,,,,,,,,,,,,,,,,,,,,,,,,,,,,,,,,,,,,,,,,
,,,,,,,Tools & Hardware,Power Tools,Saws & Blades,,TS1017,TS1017 Table Saw Zero-Clearance Insert,,,,Robt Bosch Tool Corp (6564),Robt Bosch Tool Corp,,,TS1017,,Tools & Hardware>Power Tools>Power Saws,"Robt Bosch Tool Corp, Saw, TS1017",TABLE SAW ZERO-CLEARANCE INSERT,Saw TS1017,Saw TS1017. High performance industrial and commercial grade saw designed for professional applications.,Saw,,,,,,,,,,,,,,,,,,,,,,,,,,,Saw,,,,,,,,,,,,,,,,,,,,,,,,,,,,,,,,,,,,,,,,,,,,,,,,,,,,,,,,,,,,,,,,,,,,,,,,,,,,,,,,,,,,,,,,,,,,,,,,,,,,,,,,,,,,,,,,,,,,,,,,,,,,,,,,,,,,,,,,,,,,,,,,,,,,,,,,,,,,,,,,,,,,,,,,,,,,,,,,,,,,,,,,,,,,,,,,,,,,,
,,,,,,,Building Materials,Decking & Railing,Railing Kits,,XT524,"XT524 24"" XT XTENDER Fence",,,,Bow Products (BOWPR),Bow Products,,,XT524,,Building Materials>Decking & Porch>Railing Kits & Balusters,"Bow Products, Fence, XT524","24"" XT XTENDER FENCE",Fence XT524,Fence XT524. High performance industrial and commercial grade fence designed for professional applications.,Fence,,,,,,,,,,,,,,,,,,,,,,,,,,,Fence,,,,,,,,,,,,,,,,,,,,,,,,,,,,,,,,,,,,,,,,,,,,,,,,,,,,,,,,,,,,,,,,,,,,,,,,,,,,,,,,,,,,,,,,,,,,,,,,,,,,,,,,,,,,,,,,,,,,,,,,,,,,,,,,,,,,,,,,,,,,,,,,,,,,,,,,,,,,,,,,,,,,,,,,,,,,,,,,,,,,,,,,,,,,,,,,,,,,,
,,,,,,,Building Materials,Decking & Railing,Railing Kits,,XT536,"XT536 36"" XT XTENDER Fence",,,,Bow Products (BOWPR),Bow Products,,,XT536,,Building Materials>Decking & Porch>Railing Kits & Balusters,"Bow Products, Fence, XT536","36"" XT XTENDER FENCE",Fence XT536,Fence XT536. High performance industrial and commercial grade fence designed for professional applications.,Fence,,,,,,,,,,,,,,,,,,,,,,,,,,,Fence,,,,,,,,,,,,,,,,,,,,,,,,,,,,,,,,,,,,,,,,,,,,,,,,,,,,,,,,,,,,,,,,,,,,,,,,,,,,,,,,,,,,,,,,,,,,,,,,,,,,,,,,,,,,,,,,,,,,,,,,,,,,,,,,,,,,,,,,,,,,,,,,,,,,,,,,,,,,,,,,,,,,,,,,,,,,,,,,,,,,,,,,,,,,,,,,,,,,,
,,,,,,,Building Materials,Decking & Railing,Railing Kits,,XT546,"XT546 46"" XT XTENDER Fence",,,,Bow Products (BOWPR),Bow Products,,,XT546,,Building Materials>Decking & Porch>Railing Kits & Balusters,"Bow Products, Fence, XT546","46"" XT XTENDER FENCE",Fence XT546,Fence XT546. High performance industrial and commercial grade fence designed for professional applications.,Fence,,,,,,,,,,,,,,,,,,,,,,,,,,,Fence,,,,,,,,,,,,,,,,,,,,,,,,,,,,,,,,,,,,,,,,,,,,,,,,,,,,,,,,,,,,,,,,,,,,,,,,,,,,,,,,,,,,,,,,,,,,,,,,,,,,,,,,,,,,,,,,,,,,,,,,,,,,,,,,,,,,,,,,,,,,,,,,,,,,,,,,,,,,,,,,,,,,,,,,,,,,,,,,,,,,,,,,,,,,,,,,,,,,,
,,,,,,,Building Materials,Decking & Railing,Railing Kits,,XTP235,"35"" XTP XTENDER PRO Fence - XTP235",,,,Bow Products (BOWPR),Bow Products,,,XTP235,,Building Materials>Decking & Porch>Railing Kits & Balusters,"Bow Products, Fence, XTP235","35"" XTP XTENDER PRO FENCE - XTP235",Fence XTP235,Fence XTP235. High performance industrial and commercial grade fence designed for professional applications.,Fence,,,,,,,,,,,,,,,,,,,,,,,,,,,Fence,,,,,,,,,,,,,,,,,,,,,,,,,,,,,,,,,,,,,,,,,,,,,,,,,,,,,,,,,,,,,,,,,,,,,,,,,,,,,,,,,,,,,,,,,,,,,,,,,,,,,,,,,,,,,,,,,,,,,,,,,,,,,,,,,,,,,,,,,,,,,,,,,,,,,,,,,,,,,,,,,,,,,,,,,,,,,,,,,,,,,,,,,,,,,,,,,,,,,
,,,,,,,Building Materials,Decking & Railing,Railing Kits,,TGP2-FA,TGP2-FA T-Glide Fence Professional,,,,Saw Stop LLC (SAWST),Saw Stop LLC,,,TGP2-FA,,Building Materials>Decking & Porch>Railing Kits & Balusters,"Saw Stop LLC, Fence, TGP2-FA",T-GLIDE FENCE PROFESSIONAL,Fence TGP2-FA,Fence TGP2-FA. High performance industrial and commercial grade fence designed for professional applications.,Fence,,,,,,,,,,,,,,,,,,,,,,,,,,,Fence,,,,,,,,,,,,,,,,,,,,,,,,,,,,,,,,,,,,,,,,,,,,,,,,,,,,,,,,,,,,,,,,,,,,,,,,,,,,,,,,,,,,,,,,,,,,,,,,,,,,,,,,,,,,,,,,,,,,,,,,,,,,,,,,,,,,,,,,,,,,,,,,,,,,,,,,,,,,,,,,,,,,,,,,,,,,,,,,,,,,,,,,,,,,,,,,,,,,,
,,,,,,,Building Materials,Decking & Railing,Railing Kits,,ATGI-FA,ATGI-FA T-Glide Advanced Fence Industrial,,,,Saw Stop LLC (SAWST),Saw Stop LLC,,,ATGI-FA,,Building Materials>Decking & Porch>Railing Kits & Balusters,"Saw Stop LLC, Fence, ATGI-FA",T-GLIDE ADVANCED FENCE INDUSTRIAL,Fence ATGI-FA,Fence ATGI-FA. High performance industrial and commercial grade fence designed for professional applications.,Fence,,,,,,,,,,,,,,,,,,,,,,,,,,,Fence,,,,,,,,,,,,,,,,,,,,,,,,,,,,,,,,,,,,,,,,,,,,,,,,,,,,,,,,,,,,,,,,,,,,,,,,,,,,,,,,,,,,,,,,,,,,,,,,,,,,,,,,,,,,,,,,,,,,,,,,,,,,,,,,,,,,,,,,,,,,,,,,,,,,,,,,,,,,,,,,,,,,,,,,,,,,,,,,,,,,,,,,,,,,,,,,,,,,,
,,,,,,,Building Materials,Decking & Railing,Railing Kits,,ATGP-FA,ATGP-FA T-Glide Advance Fence Professional,,,,Saw Stop LLC (SAWST),Saw Stop LLC,,,ATGP-FA,,Building Materials>Decking & Porch>Railing Kits & Balusters,"Saw Stop LLC, Fence, ATGP-FA",T-GLIDE ADVANCE FENCE PROFESSIONAL,Fence ATGP-FA,Fence ATGP-FA. High performance industrial and commercial grade fence designed for professional applications.,Fence,,,,,,,,,,,,,,,,,,,,,,,,,,,Fence,,,,,,,,,,,,,,,,,,,,,,,,,,,,,,,,,,,,,,,,,,,,,,,,,,,,,,,,,,,,,,,,,,,,,,,,,,,,,,,,,,,,,,,,,,,,,,,,,,,,,,,,,,,,,,,,,,,,,,,,,,,,,,,,,,,,,,,,,,,,,,,,,,,,,,,,,,,,,,,,,,,,,,,,,,,,,,,,,,,,,,,,,,,,,,,,,,,,,
,,,,,,,Building Materials,Decking & Railing,Railing Kits,,TGI2-FA,TGI2-FA T-Glide Fence Indudtrial,,,,Saw Stop LLC (SAWST),Saw Stop LLC,,,TGI2-FA,,Building Materials>Decking & Porch>Railing Kits & Balusters,"Saw Stop LLC, Fence, TGI2-FA",T-GLIDE FENCE INDUDTRIAL,Fence TGI2-FA,Fence TGI2-FA. High performance industrial and commercial grade fence designed for professional applications.,Fence,,,,,,,,,,,,,,,,,,,,,,,,,,,Fence,,,,,,,,,,,,,,,,,,,,,,,,,,,,,,,,,,,,,,,,,,,,,,,,,,,,,,,,,,,,,,,,,,,,,,,,,,,,,,,,,,,,,,,,,,,,,,,,,,,,,,,,,,,,,,,,,,,,,,,,,,,,,,,,,,,,,,,,,,,,,,,,,,,,,,,,,,,,,,,,,,,,,,,,,,,,,,,,,,,,,,,,,,,,,,,,,,,,,
,,,,,,,Tools & Hardware,Power Tools,Saws & Blades,,TGI2-T36A,"TGI2-T36A 36"" Table Assembly Industrial",,,,Saw Stop LLC (SAWST),Saw Stop LLC,,,TGI2-T36A,,Tools & Hardware>Power Tools>Power Saws,"Saw Stop LLC, TGI2-T36A 36"" Table Assembly Industrial, TGI2-T36A","36"" TABLE ASSEMBLY INDUSTRIAL","TGI2-T36A 36"" Table Assembly Industrial TGI2-T36A","TGI2-T36A 36"" Table Assembly Industrial TGI2-T36A. High performance industrial and commercial grade tgi2-t36a 36"" table assembly industrial designed for professional applications.","TGI2-T36A 36"" Table Assembly Industrial",,,,,,,,,,,,,,,,,,,,,,,,,,,,,,,,,,,,,,,,,,,,,,,,,,,,,,,,,,,,,,,,,,,,,,,,,,,,,,,,,,,,,,,,,,,,,,,,,,,,,,,,,,,,,,,,,,,,,,,,,,,,,,,,,,,,,,,,,,,,,,,,,,,,,,,,,,,,,,,,,,,,,,,,,,,,,,,,,,,,,,,,,,,,,,,,,,,,,,,,,,,,,,,,,,,,,,,,,,,,,,,,
,,,,,,,Tools & Hardware,Power Tools,Saws & Blades,,KPTBPS100A,"KPTBPS100A Kreg 20V Ionic 6-1/2"" Plunge-Cut Track Saw Kit",,,,Kreg Tool Company (KRETO),Kreg Tool Company,Kreg,,KPTBPS100A,,Tools & Hardware>Power Tools>Power Saws,"Kreg Tool Company, Kreg, Saw, KPTBPS100A","KREG 20V IONIC 6-1/2"" PLUNGE-CUT TRACK SAW KIT",Kreg Saw KPTBPS100A,Kreg Saw KPTBPS100A. High performance industrial and commercial grade saw designed for professional applications.,Kreg Saw,,,,,,,,,,,,,,,,,,,,,,,,,,,Saw,,,,,,,,,,,,,,,,,,,,,,,,,,,,,,,,,,,,,,,,,,,,,,,,,,,,,,,,,,,,,,,,,,,,,,,,,,,,,,,,,,,,,,,,,,,,,,,,,,,,,,,,,,,,,,,,,,,,,,,,,,,,,,,,,,,,,,,,,,,,,,,,,,,,,,,,,,,,,,,,,,,,,,,,,,,,,,,,,,,,,,,,,,,,,,,,,,,,,
,,,,,,,Electrical,Fittings & Conduit,Cord Grips & Connectors,,DCB606C,DCB606C Dewalt Flexvolt Starter Kit,,,,Black & Decker/dewlt (2585),Black & Decker/dewlt,DeWalt,,DCB606C,,Electrical>Conduit & Fittings>Cord Grips & Connectors,"Black & Decker/dewlt, DeWalt, DCB606C Dewalt Flexvolt Starter Kit, DCB606C",DEWALT FLEXVOLT STARTER KIT,DeWalt DCB606C Dewalt Flexvolt Starter Kit DCB606C,DeWalt DCB606C Dewalt Flexvolt Starter Kit DCB606C. High performance industrial and commercial grade dcb606c dewalt flexvolt starter kit designed for professional applications.,DeWalt DCB606C Dewalt Flexvolt Starter Kit,,,,,,,,,,,,,,,,,,,,,,,,,,,,,,,,,,,,,,,,,,,,,,,,,,,,,,,,,,,,,,,,,,,,,,,,,,,,,,,,,,,,,,,,,,,,,,,,,,,,,,,,,,,,,,,,,,,,,,,,,,,,,,,,,,,,,,,,,,,,,,,,,,,,,,,,,,,,,,,,,,,,,,,,,,,,,,,,,,,,,,,,,,,,,,,,,,,,,,,,,,,,,,,,,,,,,,,,,,,,,,,,
,,,,,,,Electrical,Fittings & Conduit,Cord Grips & Connectors,,BL1850BDC1,BL1850BDC1 Makita Starter Kit,,,,Makita Usa Inc (5142),Makita Usa Inc,Makita,,BL1850BDC1,,Electrical>Conduit & Fittings>Cord Grips & Connectors,"Makita Usa Inc, Makita, BL1850BDC1 Makita Starter Kit, BL1850BDC1",MAKITA STARTER KIT,Makita BL1850BDC1 Makita Starter Kit BL1850BDC1,Makita BL1850BDC1 Makita Starter Kit BL1850BDC1. High performance industrial and commercial grade bl1850bdc1 makita starter kit designed for professional applications.,Makita BL1850BDC1 Makita Starter Kit,,,,,,,,,,,,,,,,,,,,,,,,,,,,,,,,,,,,,,,,,,,,,,,,,,,,,,,,,,,,,,,,,,,,,,,,,,,,,,,,,,,,,,,,,,,,,,,,,,,,,,,,,,,,,,,,,,,,,,,,,,,,,,,,,,,,,,,,,,,,,,,,,,,,,,,,,,,,,,,,,,,,,,,,,,,,,,,,,,,,,,,,,,,,,,,,,,,,,,,,,,,,,,,,,,,,,,,,,,,,,,,,
,,,,,,,Electrical,Fittings & Conduit,Cord Grips & Connectors,,DCB205C,DCB205C 20V Starter Kit,,,DEWALT,Black & Decker/dewlt (2585),Black & Decker/dewlt,DEWALT,,DCB205C,,Electrical>Conduit & Fittings>Cord Grips & Connectors,"Black & Decker/dewlt, DEWALT, DCB205C 20V Starter Kit, DCB205C",20V STARTER KIT,DEWALT DCB205C 20V Starter Kit DCB205C,DEWALT DCB205C 20V Starter Kit DCB205C. High performance industrial and commercial grade dcb205c 20v starter kit designed for professional applications.,DEWALT DCB205C 20V Starter Kit,,,,,,,,,,,,,,,,,,,,,,,,,,,,,,,,,,,,,,,,,,,,,,,,,,,,,,,,,,,,,,,,,,,,,,,,,,,,,,,,,,,,,,,,,,,,,,,,,,,,,,,,,,,,,,,,,,,,,,,,,,,,,,,,,,,,,,,,,,,,,,,,,,,,,,,,,,,,,,,,,,,,,,,,,,,,,,,,,,,,,,,,,,,,,,,,,,,,,,,,,,,,,,,,,,,,,,,,,,,,,,,,
,,,,,,,Tools & Hardware,Power Tools,Saws & Blades,,DCB2108,DCB2108 Dewalt 20V 8Ah Battery - Max XR Powerpack,,,DEWALT,Black & Decker/dewlt (2585),Black & Decker/dewlt,DEWALT,,DCB2108,,Tools & Hardware>Power Tools>Power Saws,"Black & Decker/dewlt, DEWALT, DCB2108 Dewalt 20V 8Ah Battery - Max XR Powerpack, DCB2108",DEWALT 20V 8AH BATTERY - MAX XR POWERPACK,DEWALT DCB2108 Dewalt 20V 8Ah Battery - Max XR Powerpack DCB2108,DEWALT DCB2108 Dewalt 20V 8Ah Battery - Max XR Powerpack DCB2108. High performance industrial and commercial grade dcb2108 dewalt 20v 8ah battery - max xr powerpack designed for professional applications.,DEWALT DCB2108 Dewalt 20V 8Ah Battery - Max XR Powerpack,,,,,,,,,,,,,,,,,,,,,,,,,,,,,,,,,,,,,,,,,,,,,,,,,,,,,,,,,,,,,,,,,,,,,,,,,,,,,,,,,,,,,,,,,,,,,,,,,,,,,,,,,,,,,,,,,,,,,,,,,,,,,,,,,,,,,,,,,,,,,,,,,,,,,,,,,,,,,,,,,,,,,,,,,,,,,,,,,,,,,,,,,,,,,,,,,,,,,,,,,,,,,,,,,,,,,,,,,,,,,,,,
,,,,,,,Tools & Hardware,Power Tools,Saws & Blades,,DCB2108-2,DCB2108-2 Dewalt 20V 8Ah 2pk - Battery Max XR Powerpack,,,,Black & Decker/dewlt (2585),Black & Decker/dewlt,DeWalt,,DCB2108-2,,Tools & Hardware>Power Tools>Power Saws,"Black & Decker/dewlt, DeWalt, DCB2108-2 Dewalt 20V 8Ah 2pk - Battery Max XR Powerpack, DCB2108-2",DEWALT 20V 8AH 2PK - BATTERY MAX XR POWERPACK,DeWalt DCB2108-2 Dewalt 20V 8Ah 2pk - Battery Max XR Powerpack DCB2108-2,DeWalt DCB2108-2 Dewalt 20V 8Ah 2pk - Battery Max XR Powerpack DCB2108-2. High performance industrial and commercial grade dcb2108-2 dewalt 20v 8ah 2pk - battery max xr powerpack designed for professional applications.,DeWalt DCB2108-2 Dewalt 20V 8Ah 2pk - Battery Max XR Powerpack,,,,,,,,,,,,,,,,,,,,,,,,,,,,,,,,,,,,,,,,,,,,,,,,,,,,,,,,,,,,,,,,,,,,,,,,,,,,,,,,,,,,,,,,,,,,,,,,,,,,,,,,,,,,,,,,,,,,,,,,,,,,,,,,,,,,,,,,,,,,,,,,,,,,,,,,,,,,,,,,,,,,,,,,,,,,,,,,,,,,,,,,,,,,,,,,,,,,,,,,,,,,,,,,,,,,,,,,,,,,,,,,
,,,,,,,Tools & Hardware,Power Tools,Saws & Blades,,VB0212,VB0212 Senco 18V 2.0 AH Lithium Battery,,,,Senco Products Inc (4650),Senco Products Inc,,,VB0212,,Tools & Hardware>Power Tools>Power Saws,"Senco Products Inc, VB0212 Senco 18V 2.0 AH Lithium Battery, VB0212",SENCO 18V 2.0 AH LITHIUM BATTERY,VB0212 Senco 18V 2.0 AH Lithium Battery VB0212,VB0212 Senco 18V 2.0 AH Lithium Battery VB0212. High performance industrial and commercial grade vb0212 senco 18v 2.0 ah lithium battery designed for professional applications.,VB0212 Senco 18V 2.0 AH Lithium Battery,,,,,,,,,,,,,,,,,,,,,,,,,,,,,,,,,,,,,,,,,,,,,,,,,,,,,,,,,,,,,,,,,,,,,,,,,,,,,,,,,,,,,,,,,,,,,,,,,,,,,,,,,,,,,,,,,,,,,,,,,,,,,,,,,,,,,,,,,,,,,,,,,,,,,,,,,,,,,,,,,,,,,,,,,,,,,,,,,,,,,,,,,,,,,,,,,,,,,,,,,,,,,,,,,,,,,,,,,,,,,,,,
,,,,,,,Electrical,Fittings & Conduit,Cord Grips & Connectors,,BCB2A20A,BCB2A20A Kreg 20V Battery/Charger Starter Kit,,,,Kreg Tool Company (KRETO),Kreg Tool Company,Kreg,,BCB2A20A,,Electrical>Conduit & Fittings>Cord Grips & Connectors,"Kreg Tool Company, Kreg, BCB2A20A Kreg 20V Battery/Charger Starter Kit, BCB2A20A",KREG 20V BATTERY/CHARGER STARTER KIT,Kreg BCB2A20A Kreg 20V Battery/Charger Starter Kit BCB2A20A,Kreg BCB2A20A Kreg 20V Battery/Charger Starter Kit BCB2A20A. High performance industrial and commercial grade bcb2a20a kreg 20v battery/charger starter kit designed for professional applications.,Kreg BCB2A20A Kreg 20V Battery/Charger Starter Kit,,,,,,,,,,,,,,,,,,,,,,,,,,,,,,,,,,,,,,,,,,,,,,,,,,,,,,,,,,,,,,,,,,,,,,,,,,,,,,,,,,,,,,,,,,,,,,,,,,,,,,,,,,,,,,,,,,,,,,,,,,,,,,,,,,,,,,,,,,,,,,,,,,,,,,,,,,,,,,,,,,,,,,,,,,,,,,,,,,,,,,,,,,,,,,,,,,,,,,,,,,,,,,,,,,,,,,,,,,,,,,,,
,,,,,,,Electrical,Fittings & Conduit,Cord Grips & Connectors,,BATT4A,BATT4A Kreg 20V 4ah Battery Pack,,,,Kreg Tool Company (KRETO),Kreg Tool Company,Kreg,,BATT4A,,Electrical>Conduit & Fittings>Cord Grips & Connectors,"Kreg Tool Company, Kreg, BATT4A Kreg 20V 4ah Battery Pack, BATT4A",KREG 20V 4AH BATTERY PACK,Kreg BATT4A Kreg 20V 4ah Battery Pack BATT4A,Kreg BATT4A Kreg 20V 4ah Battery Pack BATT4A. High performance industrial and commercial grade batt4a kreg 20v 4ah battery pack designed for professional applications.,Kreg BATT4A Kreg 20V 4ah Battery Pack,,,,,,,,,,,,,,,,,,,,,,,,,,,,,,,,,,,,,,,,,,,,,,,,,,,,,,,,,,,,,,,,,,,,,,,,,,,,,,,,,,,,,,,,,,,,,,,,,,,,,,,,,,,,,,,,,,,,,,,,,,,,,,,,,,,,,,,,,,,,,,,,,,,,,,,,,,,,,,,,,,,,,,,,,,,,,,,,,,,,,,,,,,,,,,,,,,,,,,,,,,,,,,,,,,,,,,,,,,,,,,,,
,,,,,,,Electrical,Fittings & Conduit,Cord Grips & Connectors,,BATT2A,BATT2A Kreg 20V 2ah Battery Pack,,,,Kreg Tool Company (KRETO),Kreg Tool Company,Kreg,,BATT2A,,Electrical>Conduit & Fittings>Cord Grips & Connectors,"Kreg Tool Company, Kreg, BATT2A Kreg 20V 2ah Battery Pack, BATT2A",KREG 20V 2AH BATTERY PACK,Kreg BATT2A Kreg 20V 2ah Battery Pack BATT2A,Kreg BATT2A Kreg 20V 2ah Battery Pack BATT2A. High performance industrial and commercial grade batt2a kreg 20v 2ah battery pack designed for professional applications.,Kreg BATT2A Kreg 20V 2ah Battery Pack,,,,,,,,,,,,,,,,,,,,,,,,,,,,,,,,,,,,,,,,,,,,,,,,,,,,,,,,,,,,,,,,,,,,,,,,,,,,,,,,,,,,,,,,,,,,,,,,,,,,,,,,,,,,,,,,,,,,,,,,,,,,,,,,,,,,,,,,,,,,,,,,,,,,,,,,,,,,,,,,,,,,,,,,,,,,,,,,,,,,,,,,,,,,,,,,,,,,,,,,,,,,,,,,,,,,,,,,,,,,,,,,
,,,,,,,Tools & Hardware,Abrasives,Sanding Belts & Discs,,BL1850BDC2X1,BL1850BDC2X1 Makita Starter Kit,,,,Makita Usa Inc (5142),Makita Usa Inc,Makita,,BL1850BDC2X1,,Tools & Hardware>Abrasives & Polishing>Sanding Belts & Discs,"Makita Usa Inc, Makita, BL1850BDC2X1 Makita Starter Kit, BL1850BDC2X1",MAKITA STARTER KIT,Makita BL1850BDC2X1 Makita Starter Kit BL1850BDC2X1,Makita BL1850BDC2X1 Makita Starter Kit BL1850BDC2X1. High performance industrial and commercial grade bl1850bdc2x1 makita starter kit designed for professional applications.,Makita BL1850BDC2X1 Makita Starter Kit,,,,,,,,,,,,,,,,,,,,,,,,,,,,,,,,,,,,,,,,,,,,,,,,,,,,,,,,,,,,,,,,,,,,,,,,,,,,,,,,,,,,,,,,,,,,,,,,,,,,,,,,,,,,,,,,,,,,,,,,,,,,,,,,,,,,,,,,,,,,,,,,,,,,,,,,,,,,,,,,,,,,,,,,,,,,,,,,,,,,,,,,,,,,,,,,,,,,,,,,,,,,,,,,,,,,,,,,,,,,,,,,
,,,,,,,Electrical,Fittings & Conduit,Cord Grips & Connectors,,48-11-2422,48-11-2422 Milw M12 CP2.0 Battery Two Pack,,,,Milwaukee Accessory (4031),Milwaukee Accessory,Milwaukee,,48-11-2422,,Electrical>Conduit & Fittings>Cord Grips & Connectors,"Milwaukee Accessory, Milwaukee, 48-11-2422 Milw M12 CP2.0 Battery Two Pack, 48-11-2422",MILW M12 CP2.0 BATTERY TWO PACK,Milwaukee 48-11-2422 Milw M12 CP2.0 Battery Two Pack 48-11-2422,Milwaukee 48-11-2422 Milw M12 CP2.0 Battery Two Pack 48-11-2422. High performance industrial and commercial grade 48-11-2422 milw m12 cp2.0 battery two pack designed for professional applications.,Milwaukee 48-11-2422 Milw M12 CP2.0 Battery Two Pack,,,,,,,,,,,,,,,,,,,,,,,,,,,,,,,,,,,,,,,,,,,,,,,,,,,,,,,,,,,,,,,,,,,,,,,,,,,,,,,,,,,,,,,,,,,,,,,,,,,,,,,,,,,,,,,,,,,,,,,,,,,,,,,,,,,,,,,,,,,,,,,,,,,,,,,,,,,,,,,,,,,,,,,,,,,,,,,,,,,,,,,,,,,,,,,,,,,,,,,,,,,,,,,,,,,,,,,,,,,,,,,,
,,,,,,,Tools & Hardware,Power Tools,Blowers & Vacuums,,DCB1104,DCB1104 Dewalt 12V/20V Charger - 4 Amp,,,,Black & Decker/dewlt (2585),Black & Decker/dewlt,DeWalt,,DCB1104,,Tools & Hardware>Power Tools>Blowers & Sweepers,"Black & Decker/dewlt, DeWalt, DCB1104 Dewalt 12V/20V Charger - 4 Amp, DCB1104",DEWALT 12V/20V CHARGER - 4 AMP,DeWalt DCB1104 Dewalt 12V/20V Charger - 4 Amp DCB1104,DeWalt DCB1104 Dewalt 12V/20V Charger - 4 Amp DCB1104. High performance industrial and commercial grade dcb1104 dewalt 12v/20v charger - 4 amp designed for professional applications.,DeWalt DCB1104 Dewalt 12V/20V Charger - 4 Amp,,,,,,,,,,,,,,,,,,,,,,,,,,,,,,,,,,,,,,,,,,,,,,,,,,,,,,,,,,,,,,,,,,,,,,,,,,,,,,,,,,,,,,,,,,,,,,,,,,,,,,,,,,,,,,,,,,,,,,,,,,,,,,,,,,,,,,,,,,,,,,,,,,,,,,,,,,,,,,,,,,,,,,,,,,,,,,,,,,,,,,,,,,,,,,,,,,,,,,,,,,,,,,,,,,,,,,,,,,,,,,,,
,,,,,,,Tools & Hardware,Power Tools,Blowers & Vacuums,,48-59-1804,48-59-1804 Milw M18 and M12 Rapid Charger,,,,Milwaukee Accessory (4031),Milwaukee Accessory,Milwaukee,,48-59-1804,,Tools & Hardware>Power Tools>Blowers & Sweepers,"Milwaukee Accessory, Milwaukee, 48-59-1804 Milw M18 and M12 Rapid Charger, 48-59-1804",MILW M18 AND M12 RAPID CHARGER,Milwaukee 48-59-1804 Milw M18 and M12 Rapid Charger 48-59-1804,Milwaukee 48-59-1804 Milw M18 and M12 Rapid Charger 48-59-1804. High performance industrial and commercial grade 48-59-1804 milw m18 and m12 rapid charger designed for professional applications.,Milwaukee 48-59-1804 Milw M18 and M12 Rapid Charger,,,,,,,,,,,,,,,,,,,,,,,,,,,,,,,,,,,,,,,,,,,,,,,,,,,,,,,,,,,,,,,,,,,,,,,,,,,,,,,,,,,,,,,,,,,,,,,,,,,,,,,,,,,,,,,,,,,,,,,,,,,,,,,,,,,,,,,,,,,,,,,,,,,,,,,,,,,,,,,,,,,,,,,,,,,,,,,,,,,,,,,,,,,,,,,,,,,,,,,,,,,,,,,,,,,,,,,,,,,,,,,,
,,,,,,,Tools & Hardware,Power Tools,Blowers & Vacuums,,CRGR401A,CRGR401A Kreg 20V Fast Charger,,,,Kreg Tool Company (KRETO),Kreg Tool Company,Kreg,,CRGR401A,,Tools & Hardware>Power Tools>Blowers & Sweepers,"Kreg Tool Company, Kreg, CRGR401A Kreg 20V Fast Charger, CRGR401A",KREG 20V FAST CHARGER,Kreg CRGR401A Kreg 20V Fast Charger CRGR401A,Kreg CRGR401A Kreg 20V Fast Charger CRGR401A. High performance industrial and commercial grade crgr401a kreg 20v fast charger designed for professional applications.,Kreg CRGR401A Kreg 20V Fast Charger,,,,,,,,,,,,,,,,,,,,,,,,,,,,,,,,,,,,,,,,,,,,,,,,,,,,,,,,,,,,,,,,,,,,,,,,,,,,,,,,,,,,,,,,,,,,,,,,,,,,,,,,,,,,,,,,,,,,,,,,,,,,,,,,,,,,,,,,,,,,,,,,,,,,,,,,,,,,,,,,,,,,,,,,,,,,,,,,,,,,,,,,,,,,,,,,,,,,,,,,,,,,,,,,,,,,,,,,,,,,,,,,
,,,,,,,Tools & Hardware,Power Tools,Blowers & Vacuums,,48-59-1211,48-59-1211 Milw Power Supply - Charger,,,Milwaukee,Milwaukee Accessory (4031),Milwaukee Accessory,Milwaukee,,48-59-1211,,Tools & Hardware>Power Tools>Blowers & Sweepers,"Milwaukee Accessory, Milwaukee, 48-59-1211 Milw Power Supply - Charger, 48-59-1211",MILW POWER SUPPLY - CHARGER,Milwaukee 48-59-1211 Milw Power Supply - Charger 48-59-1211,Milwaukee 48-59-1211 Milw Power Supply - Charger 48-59-1211. High performance industrial and commercial grade 48-59-1211 milw power supply - charger designed for professional applications.,Milwaukee 48-59-1211 Milw Power Supply - Charger,,,,,,,,,,,,,,,,,,,,,,,,,,,,,,,,,,,,,,,,,,,,,,,,,,,,,,,,,,,,,,,,,,,,,,,,,,,,,,,,,,,,,,,,,,,,,,,,,,,,,,,,,,,,,,,,,,,,,,,,,,,,,,,,,,,,,,,,,,,,,,,,,,,,,,,,,,,,,,,,,,,,,,,,,,,,,,,,,,,,,,,,,,,,,,,,,,,,,,,,,,,,,,,,,,,,,,,,,,,,,,,,
,,,,,,,Tools & Hardware,Power Tools,Saws & Blades,,2847-20,2847-20 Milw M18 Charger and Power Supply,,,,Milwaukee Accessory (4031),Milwaukee Accessory,Milwaukee,,2847-20,,Tools & Hardware>Power Tools>Power Saws,"Milwaukee Accessory, Milwaukee, 2847-20 Milw M18 Charger and Power Supply, 2847-20",MILW M18 CHARGER AND POWER SUPPLY,Milwaukee 2847-20 Milw M18 Charger and Power Supply 2847-20,Milwaukee 2847-20 Milw M18 Charger and Power Supply 2847-20. High performance industrial and commercial grade 2847-20 milw m18 charger and power supply designed for professional applications.,Milwaukee 2847-20 Milw M18 Charger and Power Supply,,,,,,,,,,,,,,,,,,,,,,,,,,,,,,,,,,,,,,,,,,,,,,,,,,,,,,,,,,,,,,,,,,,,,,,,,,,,,,,,,,,,,,,,,,,,,,,,,,,,,,,,,,,,,,,,,,,,,,,,,,,,,,,,,,,,,,,,,,,,,,,,,,,,,,,,,,,,,,,,,,,,,,,,,,,,,,,,,,,,,,,,,,,,,,,,,,,,,,,,,,,,,,,,,,,,,,,,,,,,,,,,
,,,,,,,Tools & Hardware,Power Tools,Blowers & Vacuums,,DWV9401,DWV9401 Dewalt Paper Bag - 5pk,,,,Black & Decker/dewlt (2585),Black & Decker/dewlt,DeWalt,,DWV9401,,Tools & Hardware>Power Tools>Blowers & Sweepers,"Black & Decker/dewlt, DeWalt, DWV9401 Dewalt Paper Bag - 5pk, DWV9401",DEWALT PAPER BAG - 5PK,DeWalt DWV9401 Dewalt Paper Bag - 5pk DWV9401,DeWalt DWV9401 Dewalt Paper Bag - 5pk DWV9401. High performance industrial and commercial grade dwv9401 dewalt paper bag - 5pk designed for professional applications.,DeWalt DWV9401 Dewalt Paper Bag - 5pk,,,,,,,,,,,,,,,,,,,,,,,,,,,,,,,,,,,,,,,,,,,,,,,,,,,,,,,,,,,,,,,,,,,,,,,,,,,,,,,,,,,,,,,,,,,,,,,,,,,,,,,,,,,,,,,,,,,,,,,,,,,,,,,,,,,,,,,,,,,,,,,,,,,,,,,,,,,,,,,,,,,,,,,,,,,,,,,,,,,,,,,,,,,,,,,,,,,,,,,,,,,,,,,,,,,,,,,,,,,,,,,,
,,,,,,,Tools & Hardware,Abrasives,Sanding Belts & Discs,,578512,578512 Festool Dust Extractor-CT MIDI I HEPA,,,,Festool USA (FESTO),Festool USA,Festool,,578512,,Tools & Hardware>Abrasives & Polishing>Sanding Belts & Discs,"Festool USA, Festool, 578512 Festool Dust Extractor-CT MIDI I HEPA, 578512",FESTOOL DUST EXTRACTOR-CT MIDI I HEPA,Festool 578512 Festool Dust Extractor-CT MIDI I HEPA 578512,Festool 578512 Festool Dust Extractor-CT MIDI I HEPA 578512. High performance industrial and commercial grade 578512 festool dust extractor-ct midi i hepa designed for professional applications.,Festool 578512 Festool Dust Extractor-CT MIDI I HEPA,,,,,,,,,,,,,,,,,,,,,,,,,,,,,,,,,,,,,,,,,,,,,,,,,,,,,,,,,,,,,,,,,,,,,,,,,,,,,,,,,,,,,,,,,,,,,,,,,,,,,,,,,,,,,,,,,,,,,,,,,,,,,,,,,,,,,,,,,,,,,,,,,,,,,,,,,,,,,,,,,,,,,,,,,,,,,,,,,,,,,,,,,,,,,,,,,,,,,,,,,,,,,,,,,,,,,,,,,,,,,,,,
,,,,,,,Tools & Hardware,Power Tools,Blowers & Vacuums,,577871,577871 Festool Dust Extractor - CT 26,,,,Festool USA (FESTO),Festool USA,Festool,,577871,,Tools & Hardware>Power Tools>Blowers & Sweepers,"Festool USA, Festool, 577871 Festool Dust Extractor - CT 26, 577871",FESTOOL DUST EXTRACTOR - CT 26,Festool 577871 Festool Dust Extractor - CT 26 577871,Festool 577871 Festool Dust Extractor - CT 26 577871. High performance industrial and commercial grade 577871 festool dust extractor - ct 26 designed for professional applications.,Festool 577871 Festool Dust Extractor - CT 26,,,,,,,,,,,,,,,,,,,,,,,,,,,,,,,,,,,,,,,,,,,,,,,,,,,,,,,,,,,,,,,,,,,,,,,,,,,,,,,,,,,,,,,,,,,,,,,,,,,,,,,,,,,,,,,,,,,,,,,,,,,,,,,,,,,,,,,,,,,,,,,,,,,,,,,,,,,,,,,,,,,,,,,,,,,,,,,,,,,,,,,,,,,,,,,,,,,,,,,,,,,,,,,,,,,,,,,,,,,,,,,,
,,,,,,,Tools & Hardware,Power Tools,Blowers & Vacuums,,577874,577874 Festool Dust Extractor - CT 36,,,,Festool USA (FESTO),Festool USA,Festool,,577874,,Tools & Hardware>Power Tools>Blowers & Sweepers,"Festool USA, Festool, 577874 Festool Dust Extractor - CT 36, 577874",FESTOOL DUST EXTRACTOR - CT 36,Festool 577874 Festool Dust Extractor - CT 36 577874,Festool 577874 Festool Dust Extractor - CT 36 577874. High performance industrial and commercial grade 577874 festool dust extractor - ct 36 designed for professional applications.,Festool 577874 Festool Dust Extractor - CT 36,,,,,,,,,,,,,,,,,,,,,,,,,,,,,,,,,,,,,,,,,,,,,,,,,,,,,,,,,,,,,,,,,,,,,,,,,,,,,,,,,,,,,,,,,,,,,,,,,,,,,,,,,,,,,,,,,,,,,,,,,,,,,,,,,,,,,,,,,,,,,,,,,,,,,,,,,,,,,,,,,,,,,,,,,,,,,,,,,,,,,,,,,,,,,,,,,,,,,,,,,,,,,,,,,,,,,,,,,,,,,,,,
,,,,,,,Tools & Hardware,Power Tools,Blowers & Vacuums,,577876,577876 Festool Dust Extractor - CT 48,,,,Festool USA (FESTO),Festool USA,Festool,,577876,,Tools & Hardware>Power Tools>Blowers & Sweepers,"Festool USA, Festool, 577876 Festool Dust Extractor - CT 48, 577876",FESTOOL DUST EXTRACTOR - CT 48,Festool 577876 Festool Dust Extractor - CT 48 577876,Festool 577876 Festool Dust Extractor - CT 48 577876. High performance industrial and commercial grade 577876 festool dust extractor - ct 48 designed for professional applications.,Festool 577876 Festool Dust Extractor - CT 48,,,,,,,,,,,,,,,,,,,,,,,,,,,,,,,,,,,,,,,,,,,,,,,,,,,,,,,,,,,,,,,,,,,,,,,,,,,,,,,,,,,,,,,,,,,,,,,,,,,,,,,,,,,,,,,,,,,,,,,,,,,,,,,,,,,,,,,,,,,,,,,,,,,,,,,,,,,,,,,,,,,,,,,,,,,,,,,,,,,,,,,,,,,,,,,,,,,,,,,,,,,,,,,,,,,,,,,,,,,,,,,,
,,,,,,,Tools & Hardware,Power Tools,Blowers & Vacuums,,578441,578441 Festool Dust Extractor-CT 15 HEPA,,,,Festool USA (FESTO),Festool USA,Festool,,578441,,Tools & Hardware>Power Tools>Blowers & Sweepers,"Festool USA, Festool, 578441 Festool Dust Extractor-CT 15 HEPA, 578441",FESTOOL DUST EXTRACTOR-CT 15 HEPA,Festool 578441 Festool Dust Extractor-CT 15 HEPA 578441,Festool 578441 Festool Dust Extractor-CT 15 HEPA 578441. High performance industrial and commercial grade 578441 festool dust extractor-ct 15 hepa designed for professional applications.,Festool 578441 Festool Dust Extractor-CT 15 HEPA,,,,,,,,,,,,,,,,,,,,,,,,,,,,,,,,,,,,,,,,,,,,,,,,,,,,,,,,,,,,,,,,,,,,,,,,,,,,,,,,,,,,,,,,,,,,,,,,,,,,,,,,,,,,,,,,,,,,,,,,,,,,,,,,,,,,,,,,,,,,,,,,,,,,,,,,,,,,,,,,,,,,,,,,,,,,,,,,,,,,,,,,,,,,,,,,,,,,,,,,,,,,,,,,,,,,,,,,,,,,,,,,
,,,,,,,Tools & Hardware,Power Tools,Saws & Blades,,DCK225D2,DCK225D2 Dewalt Impact/Drill - Kit,,,DEWALT,Black & Decker/dewlt (2585),Black & Decker/dewlt,DEWALT,,DCK225D2,,Tools & Hardware>Power Tools>Power Saws,"Black & Decker/dewlt, DEWALT, Drill, DCK225D2",DEWALT IMPACT/DRILL - KIT,DEWALT Drill DCK225D2,DEWALT Drill DCK225D2. High performance industrial and commercial grade drill designed for professional applications.,DEWALT Drill,,,,,,,,,,,,,,,,,,,,,,,,,,,Drill,,,,,,,,,,,,,,,,,,,,,,,,,,,,,,,,,,,,,,,,,,,,,,,,,,,,,,,,,,,,,,,,,,,,,,,,,,,,,,,,,,,,,,,,,,,,,,,,,,,,,,,,,,,,,,,,,,,,,,,,,,,,,,,,,,,,,,,,,,,,,,,,,,,,,,,,,,,,,,,,,,,,,,,,,,,,,,,,,,,,,,,,,,,,,,,,,,,,,
,,,,,,,Tools & Hardware,Power Tools,Blowers & Vacuums,,DCK2101QQ2,Dewalt DCK2101QQ2 20V 2Pc Kit,,,,Black & Decker/dewlt (2585),Black & Decker/dewlt,DeWalt,,DCK2101QQ2,,Tools & Hardware>Power Tools>Blowers & Sweepers,"Black & Decker/dewlt, DeWalt, Dewalt DCK2101QQ2 20V 2Pc Kit, DCK2101QQ2",DCK2101QQ2 20V 2PC KIT,"DeWalt Dewalt DCK2101QQ2 20V 2Pc Kit DCK2101QQ2, piece_count=2","DeWalt Dewalt DCK2101QQ2 20V 2Pc Kit DCK2101QQ2, piece_count=2. High performance industrial and commercial grade dewalt dck2101qq2 20v 2pc kit designed for professional applications.","DeWalt Dewalt DCK2101QQ2 20V 2Pc Kit, piece_count=2",,,,,,,,,,,,,,,,,,,,,,,,,,,,,,,,,,,,,,,,,,,,,,,,,,,,,,,,,,,,,,,,,,,,,,,,,,,,,,,,,,,,,,,,,,,,,,,,,,,,,,,,,,,,,,,,,,,,,,,,,,,,,,,,,,,,,,,,,,,,,,,,,,,,,,,,,,,,,,,,,,,,,,,,,,,,,,,,,,,,,,,,,,,,,,,,,,,,,,,,,,,,,,,,,,,,,,,,,,,,,,,,
,,,,,,,Tools & Hardware,Abrasives,Grinding Wheels,,4000-2/32,4000-2/32 DREMEL ROTARY TOOL,,,Dremel,Robt Bosch Tool Corp (6564),Robt Bosch Tool Corp,Dremel,,4000-2/32,,Tools & Hardware>Abrasives & Polishing>Grinding & Cut-Off Wheels,"Robt Bosch Tool Corp, Dremel, 4000-2/32 DREMEL ROTARY TOOL, 4000-2/32",4000-2/32 DREMEL ROTARY TOOL,Dremel 4000-2/32 DREMEL ROTARY TOOL 4000-2/32,Dremel 4000-2/32 DREMEL ROTARY TOOL 4000-2/32. High performance industrial and commercial grade 4000-2/32 dremel rotary tool designed for professional applications.,Dremel 4000-2/32 DREMEL ROTARY TOOL,,,,,,,,,,,,,,,,,,,,,,,,,,,,,,,,,,,,,,,,,,,,,,,,,,,,,,,,,,,,,,,,,,,,,,,,,,,,,,,,,,,,,,,,,,,,,,,,,,,,,,,,,,,,,,,,,,,,,,,,,,,,,,,,,,,,,,,,,,,,,,,,,,,,,,,,,,,,,,,,,,,,,,,,,,,,,,,,,,,,,,,,,,,,,,,,,,,,,,,,,,,,,,,,,,,,,,,,,,,,,,,,
,,,,,,,Tools & Hardware,Power Tools,Saws & Blades,,3100-1/15,3100-1/15 Dremel Rotary Tool - Kit 15pc,,,Dremel,Robt Bosch Tool Corp (6564),Robt Bosch Tool Corp,Dremel,,3100-1/15,,Tools & Hardware>Power Tools>Power Saws,"Robt Bosch Tool Corp, Dremel, 3100-1/15 Dremel Rotary Tool - Kit 15pc, 3100-1/15",3100-1/15 DREMEL ROTARY TOOL - KIT 15PC,"Dremel 3100-1/15 Dremel Rotary Tool - Kit 15pc 3100-1/15, piece_count=15","Dremel 3100-1/15 Dremel Rotary Tool - Kit 15pc 3100-1/15, piece_count=15. High performance industrial and commercial grade 3100-1/15 dremel rotary tool - kit 15pc designed for professional applications.","Dremel 3100-1/15 Dremel Rotary Tool - Kit 15pc, piece_count=15",,,,,,,,,,,,,,,,,,,,,,,,,,,,,,,,,,,,,,,,,,,,,,,,,,,,,,,,,,,,,,,,,,,,,,,,,,,,,,,,,,,,,,,,,,,,,,,,,,,,,,,,,,,,,,,,,,,,,,,,,,,,,,,,,,,,,,,,,,,,,,,,,,,,,,,,,,,,,,,,,,,,,,,,,,,,,,,,,,,,,,,,,,,,,,,,,,,,,,,,,,,,,,,,,,,,,,,,,,,,,,,,
,,,,,,,Tools & Hardware,Power Tools,Blowers & Vacuums,,T-90043,T-90043 Deep Medium Organizer,,,,Makita Usa Inc (5142),Makita Usa Inc,,,T-90043,,Tools & Hardware>Power Tools>Blowers & Sweepers,"Makita Usa Inc, T-90043 Deep Medium Organizer, T-90043",DEEP MEDIUM ORGANIZER,T-90043 Deep Medium Organizer T-90043,T-90043 Deep Medium Organizer T-90043. High performance industrial and commercial grade t-90043 deep medium organizer designed for professional applications.,T-90043 Deep Medium Organizer,,,,,,,,,,,,,,,,,,,,,,,,,,,,,,,,,,,,,,,,,,,,,,,,,,,,,,,,,,,,,,,,,,,,,,,,,,,,,,,,,,,,,,,,,,,,,,,,,,,,,,,,,,,,,,,,,,,,,,,,,,,,,,,,,,,,,,,,,,,,,,,,,,,,,,,,,,,,,,,,,,,,,,,,,,,,,,,,,,,,,,,,,,,,,,,,,,,,,,,,,,,,,,,,,,,,,,,,,,,,,,,,
,,,,,,,Appliances,Large Appliances,Refrigerators,,T-90059,T-90059 Low Profile Medium - Organizer,,,,Makita Usa Inc (5142),Makita Usa Inc,,,T-90059,,Appliances & Consumer Electronics>Kitchen Appliances>Refrigerators,"Makita Usa Inc, T-90059 Low Profile Medium - Organizer, T-90059",LOW PROFILE MEDIUM - ORGANIZER,T-90059 Low Profile Medium - Organizer T-90059,T-90059 Low Profile Medium - Organizer T-90059. High performance industrial and commercial grade t-90059 low profile medium - organizer designed for professional applications.,T-90059 Low Profile Medium - Organizer,,,,,,,,,,,,,,,,,,,,,,,,,,,,,,,,,,,,,,,,,,,,,,,,,,,,,,,,,,,,,,,,,,,,,,,,,,,,,,,,,,,,,,,,,,,,,,,,,,,,,,,,,,,,,,,,,,,,,,,,,,,,,,,,,,,,,,,,,,,,,,,,,,,,,,,,,,,,,,,,,,,,,,,,,,,,,,,,,,,,,,,,,,,,,,,,,,,,,,,,,,,,,,,,,,,,,,,,,,,,,,,,
,,,,,,,Tools & Hardware,Power Tools,Blowers & Vacuums,,T-90065,T-90065 Deep Compact Organizer,,,,Makita Usa Inc (5142),Makita Usa Inc,,,T-90065,,Tools & Hardware>Power Tools>Blowers & Sweepers,"Makita Usa Inc, T-90065 Deep Compact Organizer, T-90065",DEEP COMPACT ORGANIZER,T-90065 Deep Compact Organizer T-90065,T-90065 Deep Compact Organizer T-90065. High performance industrial and commercial grade t-90065 deep compact organizer designed for professional applications.,T-90065 Deep Compact Organizer,,,,,,,,,,,,,,,,,,,,,,,,,,,,,,,,,,,,,,,,,,,,,,,,,,,,,,,,,,,,,,,,,,,,,,,,,,,,,,,,,,,,,,,,,,,,,,,,,,,,,,,,,,,,,,,,,,,,,,,,,,,,,,,,,,,,,,,,,,,,,,,,,,,,,,,,,,,,,,,,,,,,,,,,,,,,,,,,,,,,,,,,,,,,,,,,,,,,,,,,,,,,,,,,,,,,,,,,,,,,,,,,
,,,,,,,Tools & Hardware,Power Tools,Blowers & Vacuums,,10047VS,10047VS Oliver 3HP 230V 1PH Shaper 1-1/4 Spindle,,,,Oliver Machinery Company (OLIMA),Oliver Machinery Company,,,10047VS,,Tools & Hardware>Power Tools>Blowers & Sweepers,"Oliver Machinery Company, 10047VS Oliver 3HP 230V 1PH Shaper 1-1/4 Spindle, 10047VS",OLIVER 3HP 230V 1PH SHAPER 1-1/4 SPINDLE,10047VS Oliver 3HP 230V 1PH Shaper 1-1/4 Spindle 10047VS,10047VS Oliver 3HP 230V 1PH Shaper 1-1/4 Spindle 10047VS. High performance industrial and commercial grade 10047vs oliver 3hp 230v 1ph shaper 1-1/4 spindle designed for professional applications.,10047VS Oliver 3HP 230V 1PH Shaper 1-1/4 Spindle,,,,,,,,,,,,,,,,,,,,,,,,,,,,,,,,,,,,,,,,,,,,,,,,,,,,,,,,,,,,,,,,,,,,,,,,,,,,,,,,,,,,,,,,,,,,,,,,,,,,,,,,,,,,,,,,,,,,,,,,,,,,,,,,,,,,,,,,,,,,,,,,,,,,,,,,,,,,,,,,,,,,,,,,,,,,,,,,,,,,,,,,,,,,,,,,,,,,,,,,,,,,,,,,,,,,,,,,,,,,,,,,
,,,,,,,Lighting & Ceiling Fans,Commercial Lighting,Wrap & Strip Lights,,MAG:2044-230-1,2044-230-1 Stock Feeder 4-Roll - Steff,,,,J&G Machinery (JGMAC),J&G Machinery,,,MAG:2044-230-1,,Lighting & Electrical>Light Fixtures>LED Wrap & Linear Fixtures,"J&G Machinery, 2044-230-1 Stock Feeder 4-Roll - Steff, MAG:2044-230-1",STOCK FEEDER 4-ROLL - STEFF,2044-230-1 Stock Feeder 4-Roll - Steff MAG:2044-230-1,2044-230-1 Stock Feeder 4-Roll - Steff MAG:2044-230-1. High performance industrial and commercial grade 2044-230-1 stock feeder 4-roll - steff designed for professional applications.,2044-230-1 Stock Feeder 4-Roll - Steff,,,,,,,,,,,,,,,,,,,,,,,,,,,,,,,,,,,,,,,,,,,,,,,,,,,,,,,,,,,,,,,,,,,,,,,,,,,,,,,,,,,,,,,,,,,,,,,,,,,,,,,,,,,,,,,,,,,,,,,,,,,,,,,,,,,,,,,,,,,,,,,,,,,,,,,,,,,,,,,,,,,,,,,,,,,,,,,,,,,,,,,,,,,,,,,,,,,,,,,,,,,,,,,,,,,,,,,,,,,,,,,,
,,,,,,,Building Materials,Decking & Railing,Railing Kits,,XTP242,"42"" XTP XTENDER PRO Fence - XTP242",,,,Bow Products (BOWPR),Bow Products,,,XTP242,,Building Materials>Decking & Porch>Railing Kits & Balusters,"Bow Products, Fence, XTP242","42"" XTP XTENDER PRO FENCE - XTP242",Fence XTP242,Fence XTP242. High performance industrial and commercial grade fence designed for professional applications.,Fence,,,,,,,,,,,,,,,,,,,,,,,,,,,Fence,,,,,,,,,,,,,,,,,,,,,,,,,,,,,,,,,,,,,,,,,,,,,,,,,,,,,,,,,,,,,,,,,,,,,,,,,,,,,,,,,,,,,,,,,,,,,,,,,,,,,,,,,,,,,,,,,,,,,,,,,,,,,,,,,,,,,,,,,,,,,,,,,,,,,,,,,,,,,,,,,,,,,,,,,,,,,,,,,,,,,,,,,,,,,,,,,,,,,
,,,,,,,Tools & Hardware,Power Tools,Saws & Blades,,AAS-P,AAS-P Align-A-Saw Plate Only,,,,Woodpeckers Inc (WOODP),Woodpeckers Inc,,,AAS-P,,Tools & Hardware>Power Tools>Power Saws,"Woodpeckers Inc, Saw, AAS-P",ALIGN-A-SAW PLATE ONLY,Saw AAS-P,Saw AAS-P. High performance industrial and commercial grade saw designed for professional applications.,Saw,,,,,,,,,,,,,,,,,,,,,,,,,,,Saw,,,,,,,,,,,,,,,,,,,,,,,,,,,,,,,,,,,,,,,,,,,,,,,,,,,,,,,,,,,,,,,,,,,,,,,,,,,,,,,,,,,,,,,,,,,,,,,,,,,,,,,,,,,,,,,,,,,,,,,,,,,,,,,,,,,,,,,,,,,,,,,,,,,,,,,,,,,,,,,,,,,,,,,,,,,,,,,,,,,,,,,,,,,,,,,,,,,,,
,,,,,,,Tools & Hardware,Power Tools,Blowers & Vacuums,,SSCMS,SSCMS Stealthstop Miter Sled,,,,Woodpeckers Inc (WOODP),Woodpeckers Inc,,,SSCMS,,Tools & Hardware>Power Tools>Blowers & Sweepers,"Woodpeckers Inc, SSCMS Stealthstop Miter Sled, SSCMS",STEALTHSTOP MITER SLED,SSCMS Stealthstop Miter Sled SSCMS,SSCMS Stealthstop Miter Sled SSCMS. High performance industrial and commercial grade sscms stealthstop miter sled designed for professional applications.,SSCMS Stealthstop Miter Sled,,,,,,,,,,,,,,,,,,,,,,,,,,,,,,,,,,,,,,,,,,,,,,,,,,,,,,,,,,,,,,,,,,,,,,,,,,,,,,,,,,,,,,,,,,,,,,,,,,,,,,,,,,,,,,,,,,,,,,,,,,,,,,,,,,,,,,,,,,,,,,,,,,,,,,,,,,,,,,,,,,,,,,,,,,,,,,,,,,,,,,,,,,,,,,,,,,,,,,,,,,,,,,,,,,,,,,,,,,,,,,,,
,,,,,,,Electrical,Fittings & Conduit,Cord Grips & Connectors,,4225.201,"4225.201 Oliver 6"" HH Jointer Paralleogram",,,,Oliver Machinery Company (OLIMA),Oliver Machinery Company,,,4225.201,,Electrical>Conduit & Fittings>Cord Grips & Connectors,"Oliver Machinery Company, 4225.201 Oliver 6"" HH Jointer Paralleogram, 4225.201","4225.201 OLIVER 6"" HH JOINTER PARALLEOGRAM","4225.201 Oliver 6"" HH Jointer Paralleogram 4225.201","4225.201 Oliver 6"" HH Jointer Paralleogram 4225.201. High performance industrial and commercial grade 4225.201 oliver 6"" hh jointer paralleogram designed for professional applications.","4225.201 Oliver 6"" HH Jointer Paralleogram",,,,,,,,,,,,,,,,,,,,,,,,,,,,,,,,,,,,,,,,,,,,,,,,,,,,,,,,,,,,,,,,,,,,,,,,,,,,,,,,,,,,,,,,,,,,,,,,,,,,,,,,,,,,,,,,,,,,,,,,,,,,,,,,,,,,,,,,,,,,,,,,,,,,,,,,,,,,,,,,,,,,,,,,,,,,,,,,,,,,,,,,,,,,,,,,,,,,,,,,,,,,,,,,,,,,,,,,,,,,,,,,
,,,,,,,Tools & Hardware,Power Tools,Blowers & Vacuums,,KC-426C,"KC-426C 12"" Portable Planer",,,,King Canada Inc (KINCA),King Canada Inc,,,KC-426C,,Tools & Hardware>Power Tools>Blowers & Sweepers,"King Canada Inc, KC-426C 12"" Portable Planer, KC-426C","12"" PORTABLE PLANER","KC-426C 12"" Portable Planer KC-426C","KC-426C 12"" Portable Planer KC-426C. High performance industrial and commercial grade kc-426c 12"" portable planer designed for professional applications.","KC-426C 12"" Portable Planer",,,,,,,,,,,,,,,,,,,,,,,,,,,,,,,,,,,,,,,,,,,,,,,,,,,,,,,,,,,,,,,,,,,,,,,,,,,,,,,,,,,,,,,,,,,,,,,,,,,,,,,,,,,,,,,,,,,,,,,,,,,,,,,,,,,,,,,,,,,,,,,,,,,,,,,,,,,,,,,,,,,,,,,,,,,,,,,,,,,,,,,,,,,,,,,,,,,,,,,,,,,,,,,,,,,,,,,,,,,,,,,,
,,,,,,,Tools & Hardware,Power Tools,Blowers & Vacuums,,10045.201,"10045.201 Oliver 13"" Benchtop Planer 2HP,115V 1Ph",,,,Oliver Machinery Company (OLIMA),Oliver Machinery Company,,,10045.201,,Tools & Hardware>Power Tools>Blowers & Sweepers,"Oliver Machinery Company, 10045.201 Oliver 13"" Benchtop Planer 2HP,115V 1Ph, 10045.201","10045.201 OLIVER 13"" BENCHTOP PLANER 2HP,115V 1PH","10045.201 Oliver 13"" Benchtop Planer 2HP,115V 1Ph 10045.201","10045.201 Oliver 13"" Benchtop Planer 2HP,115V 1Ph 10045.201. High performance industrial and commercial grade 10045.201 oliver 13"" benchtop planer 2hp,115v 1ph designed for professional applications.","10045.201 Oliver 13"" Benchtop Planer 2HP,115V 1Ph",,,,,,,,,,,,,,,,,,,,,,,,,,,,,,,,,,,,,,,,,,,,,,,,,,,,,,,,,,,,,,,,,,,,,,,,,,,,,,,,,,,,,,,,,,,,,,,,,,,,,,,,,,,,,,,,,,,,,,,,,,,,,,,,,,,,,,,,,,,,,,,,,,,,,,,,,,,,,,,,,,,,,,,,,,,,,,,,,,,,,,,,,,,,,,,,,,,,,,,,,,,,,,,,,,,,,,,,,,,,,,,,
,,,,,,,Tools & Hardware,Power Tools,Blowers & Vacuums,,10014.201,"10014.201 Oliver 15"" Planer 3HP 1Ph 220V",,,,Oliver Machinery Company (OLIMA),Oliver Machinery Company,,,10014.201,,Tools & Hardware>Power Tools>Blowers & Sweepers,"Oliver Machinery Company, 10014.201 Oliver 15"" Planer 3HP 1Ph 220V, 10014.201","10014.201 OLIVER 15"" PLANER 3HP 1PH 220V","10014.201 Oliver 15"" Planer 3HP 1Ph 220V 10014.201","10014.201 Oliver 15"" Planer 3HP 1Ph 220V 10014.201. High performance industrial and commercial grade 10014.201 oliver 15"" planer 3hp 1ph 220v designed for professional applications.","10014.201 Oliver 15"" Planer 3HP 1Ph 220V",,,,,,,,,,,,,,,,,,,,,,,,,,,,,,,,,,,,,,,,,,,,,,,,,,,,,,,,,,,,,,,,,,,,,,,,,,,,,,,,,,,,,,,,,,,,,,,,,,,,,,,,,,,,,,,,,,,,,,,,,,,,,,,,,,,,,,,,,,,,,,,,,,,,,,,,,,,,,,,,,,,,,,,,,,,,,,,,,,,,,,,,,,,,,,,,,,,,,,,,,,,,,,,,,,,,,,,,,,,,,,,,
,,,,,,,Tools & Hardware,Power Tools,Blowers & Vacuums,,4430.201,"4430.201 Oliver 20"" Planer 5HP 1Ph 230V",,,,Oliver Machinery Company (OLIMA),Oliver Machinery Company,,,4430.201,,Tools & Hardware>Power Tools>Blowers & Sweepers,"Oliver Machinery Company, 4430.201 Oliver 20"" Planer 5HP 1Ph 230V, 4430.201","4430.201 OLIVER 20"" PLANER 5HP 1PH 230V","4430.201 Oliver 20"" Planer 5HP 1Ph 230V 4430.201","4430.201 Oliver 20"" Planer 5HP 1Ph 230V 4430.201. High performance industrial and commercial grade 4430.201 oliver 20"" planer 5hp 1ph 230v designed for professional applications.","4430.201 Oliver 20"" Planer 5HP 1Ph 230V",,,,,,,,,,,,,,,,,,,,,,,,,,,,,,,,,,,,,,,,,,,,,,,,,,,,,,,,,,,,,,,,,,,,,,,,,,,,,,,,,,,,,,,,,,,,,,,,,,,,,,,,,,,,,,,,,,,,,,,,,,,,,,,,,,,,,,,,,,,,,,,,,,,,,,,,,,,,,,,,,,,,,,,,,,,,,,,,,,,,,,,,,,,,,,,,,,,,,,,,,,,,,,,,,,,,,,,,,,,,,,,,
,,,,,,,Tools & Hardware,Power Tools,Blowers & Vacuums,,10055.201,"10055.201 Oliver 15"" Benchtop Planer 2.5HP 1Ph 230V",,,,Oliver Machinery Company (OLIMA),Oliver Machinery Company,,,10055.201,,Tools & Hardware>Power Tools>Blowers & Sweepers,"Oliver Machinery Company, 10055.201 Oliver 15"" Benchtop Planer 2.5HP 1Ph 230V, 10055.201","10055.201 OLIVER 15"" BENCHTOP PLANER 2.5HP 1PH 230V","10055.201 Oliver 15"" Benchtop Planer 2.5HP 1Ph 230V 10055.201","10055.201 Oliver 15"" Benchtop Planer 2.5HP 1Ph 230V 10055.201. High performance industrial and commercial grade 10055.201 oliver 15"" benchtop planer 2.5hp 1ph 230v designed for professional applications.","10055.201 Oliver 15"" Benchtop Planer 2.5HP 1Ph 230V",,,,,,,,,,,,,,,,,,,,,,,,,,,,,,,,,,,,,,,,,,,,,,,,,,,,,,,,,,,,,,,,,,,,,,,,,,,,,,,,,,,,,,,,,,,,,,,,,,,,,,,,,,,,,,,,,,,,,,,,,,,,,,,,,,,,,,,,,,,,,,,,,,,,,,,,,,,,,,,,,,,,,,,,,,,,,,,,,,,,,,,,,,,,,,,,,,,,,,,,,,,,,,,,,,,,,,,,,,,,,,,,
,,,,,,,Tools & Hardware,Abrasives,Sanding Belts & Discs,,T27417,T27417 Grizzly OscillatingEdge - Belt and Spindle Sander,,,,Woodstock Intl (3658),Woodstock Intl,,,T27417,,Tools & Hardware>Abrasives & Polishing>Sanding Belts & Discs,"Woodstock Intl, Sander, T27417",GRIZZLY OSCILLATINGEDGE - BELT AND SPINDLE SANDER,Sander T27417,Sander T27417. High performance industrial and commercial grade sander designed for professional applications.,Sander,,,,,,,,,,,,,,,,,,,,,,,,,,,Sander,,,,,,,,,,,,,,,,,,,,,,,,,,,,,,,,,,,,,,,,,,,,,,,,,,,,,,,,,,,,,,,,,,,,,,,,,,,,,,,,,,,,,,,,,,,,,,,,,,,,,,,,,,,,,,,,,,,,,,,,,,,,,,,,,,,,,,,,,,,,,,,,,,,,,,,,,,,,,,,,,,,,,,,,,,,,,,,,,,,,,,,,,,,,,,,,,,,,,
