MFR URL,Ref URL 1,Ref URL 2,Ref URL 3,Ref URL 4,Ref URL 5,PART_NUMBER,Dept,Class,Fine,SKU - MY_PART_NUMBER,Mfg_Part_Num,Part_Desc,E1_Brand,Unilog_Brand,DIB_Brand,Part_Manuf,MANUFACTURER_NAME,BRAND_NAME,TRADE_NAME,MANUFACTURER_PART_NUMBER,ALTERNATE_PART_NUMBER,Classpath,MOBILE_DESC,INVOICE_DESC,SHORT_DESC,LONG_DESC1,RETAIL_DESC,MARKETING_DESCRIPTION,ITEM_FEATURES_1,ITEM_FEATURES_2,ITEM_FEATURES_3,ITEM_FEATURES_4,ITEM_FEATURES_5,ITEM_FEATURES_6,ITEM_FEATURES_7,ITEM_FEATURES_8,ITEM_FEATURES_9,ITEM_FEATURES_10,ITEM_FEATURES_11,ITEM_FEATURES_12,ITEM_FEATURES_13,ITEM_FEATURES_14,ITEM_FEATURES_15,ITEM_FEATURES_16,ITEM_FEATURES_17,ITEM_FEATURES_18,ITEM_FEATURES_19,ITEM_FEATURES_20,With,Standard/Approvals,Prop 65,Application,Includes,Product Name,ATTRIBUTE_LABEL 1,ATTRIBUTE_VALUE 1,ATTRIBUTE_UOM 1,ATTRIBUTE_LABEL 2,ATTRIBUTE_VALUE 2,ATTRIBUTE_UOM 2,ATTRIBUTE_LABEL 3,ATTRIBUTE_VALUE 3,ATTRIBUTE_UOM 3,ATTRIBUTE_LABEL 4,ATTRIBUTE_VALUE 4,ATTRIBUTE_UOM 4,ATTRIBUTE_LABEL 5,ATTRIBUTE_VALUE 5,ATTRIBUTE_UOM 5,ATTRIBUTE_LABEL 6,ATTRIBUTE_VALUE 6,ATTRIBUTE_UOM 6,ATTRIBUTE_LABEL 7,ATTRIBUTE_VALUE 7,ATTRIBUTE_UOM 7,ATTRIBUTE_LABEL 8,ATTRIBUTE_VALUE 8,ATTRIBUTE_UOM 8,ATTRIBUTE_LABEL 9,ATTRIBUTE_VALUE 9,ATTRIBUTE_UOM 9,ATTRIBUTE_LABEL 10,ATTRIBUTE_VALUE 10,ATTRIBUTE_UOM 10,ATTRIBUTE_LABEL 11,ATTRIBUTE_VALUE 11,ATTRIBUTE_UOM 11,ATTRIBUTE_LABEL 12,ATTRIBUTE_VALUE 12,ATTRIBUTE_UOM 12,ATTRIBUTE_LABEL 13,ATTRIBUTE_VALUE 13,ATTRIBUTE_UOM 13,ATTRIBUTE_LABEL 14,ATTRIBUTE_VALUE 14,ATTRIBUTE_UOM 14,ATTRIBUTE_LABEL 15,ATTRIBUTE_VALUE 15,ATTRIBUTE_UOM 15,ATTRIBUTE_LABEL 16,ATTRIBUTE_VALUE 16,ATTRIBUTE_UOM 16,ATTRIBUTE_LABEL 17,ATTRIBUTE_VALUE 17,ATTRIBUTE_UOM 17,ATTRIBUTE_LABEL 18,ATTRIBUTE_VALUE 18,ATTRIBUTE_UOM 18,ATTRIBUTE_LABEL 19,ATTRIBUTE_VALUE 19,ATTRIBUTE_UOM 19,ATTRIBUTE_LABEL 20,ATTRIBUTE_VALUE 20,ATTRIBUTE_UOM 20,ATTRIBUTE_LABEL 21,ATTRIBUTE_VALUE 21,ATTRIBUTE_UOM 21,ATTRIBUTE_LABEL 22,ATTRIBUTE_VALUE 22,ATTRIBUTE_UOM 22,ATTRIBUTE_LABEL 23,ATTRIBUTE_VALUE 23,ATTRIBUTE_UOM 23,ATTRIBUTE_LABEL 24,ATTRIBUTE_VALUE 24,ATTRIBUTE_UOM 24,ATTRIBUTE_LABEL 25,ATTRIBUTE_VALUE 25,ATTRIBUTE_UOM 25,ATTRIBUTE_LABEL 26,ATTRIBUTE_VALUE 26,ATTRIBUTE_UOM 26,ATTRIBUTE_LABEL 27,ATTRIBUTE_VALUE 27,ATTRIBUTE_UOM 27,ATTRIBUTE_LABEL 28,ATTRIBUTE_VALUE 28,ATTRIBUTE_UOM 28,ATTRIBUTE_LABEL 29,ATTRIBUTE_VALUE 29,ATTRIBUTE_UOM 29,ATTRIBUTE_LABEL 30,ATTRIBUTE_VALUE 30,ATTRIBUTE_UOM 30,ATTRIBUTE_LABEL 31,ATTRIBUTE_VALUE 31,ATTRIBUTE_UOM 31,ATTRIBUTE_LABEL 32,ATTRIBUTE_VALUE 32,ATTRIBUTE_UOM 32,ATTRIBUTE_LABEL 33,ATTRIBUTE_VALUE 33,ATTRIBUTE_UOM 33,ATTRIBUTE_LABEL 34,ATTRIBUTE_VALUE 34,ATTRIBUTE_UOM 34,ATTRIBUTE_LABEL 35,ATTRIBUTE_VALUE 35,ATTRIBUTE_UOM 35,ATTRIBUTE_LABEL 36,ATTRIBUTE_VALUE 36,ATTRIBUTE_UOM 36,ATTRIBUTE_LABEL 37,ATTRIBUTE_VALUE 37,ATTRIBUTE_UOM 37,ATTRIBUTE_LABEL 38,ATTRIBUTE_VALUE 38,ATTRIBUTE_UOM 38,ATTRIBUTE_LABEL 39,ATTRIBUTE_VALUE 39,ATTRIBUTE_UOM 39,ATTRIBUTE_LABEL 40,ATTRIBUTE_VALUE 40,ATTRIBUTE_UOM 40,ATTRIBUTE_LABEL 41,ATTRIBUTE_VALUE 41,ATTRIBUTE_UOM 41,ATTRIBUTE_LABEL 42,ATTRIBUTE_VALUE 42,ATTRIBUTE_UOM 42,ATTRIBUTE_LABEL 43,ATTRIBUTE_VALUE 43,ATTRIBUTE_UOM 43,ATTRIBUTE_LABEL 44,ATTRIBUTE_VALUE 44,ATTRIBUTE_UOM 44,ATTRIBUTE_LABEL 45,ATTRIBUTE_VALUE 45,ATTRIBUTE_UOM 45,ATTRIBUTE_LABEL 46,ATTRIBUTE_VALUE 46,ATTRIBUTE_UOM 46,ATTRIBUTE_LABEL 47,ATTRIBUTE_VALUE 47,ATTRIBUTE_UOM 47,ATTRIBUTE_LABEL 48,ATTRIBUTE_VALUE 48,ATTRIBUTE_UOM 48,ATTRIBUTE_LABEL 49,ATTRIBUTE_VALUE 49,ATTRIBUTE_UOM 49,ATTRIBUTE_LABEL 50,ATTRIBUTE_VALUE 50,ATTRIBUTE_UOM 50,UPC,EAN,GTIN,UNSPSC,Warranty,List Price,Selling Qty,Selling UOM,Standard Packaging Information,LENGTH,LENGTH_UOM,HEIGHT,HEIGHT_UOM,WIDTH,WIDTH_UOM,WEIGHT,WEIGHT_UOM,VOLUME,VOLUME_UOM,Product Image,Alternate Image 1,Alternate Image 2,Alternate Image 3,Alternate Image 4,SDS,SDS_1,Warranty Information,Catalog,Specification Sheet,Instruction/Installation Manual,Service Manual,Owners/User Manual,Line Drawing,MTR,RoHS,Full Engineering Drawing,Energy Star Guide,Technical Bulletin,Submittal,Compatibility Chart,Size Chart,Product Label/Insert,Video Link,Video Link 1,Country Of Origin,Discontinued,Actual Image (Yes/No)
,,,,,,DCB518ASTS06G,Abrasives,Sanding Belts,Sanding Belt,DCB518ASTS06G,DCB518ASTS06G,"DCB518ASTS06G Diablo 1/2""x18"" - Sanding Belt 6pc",-- Unbranded --,-- Unbranded --,,Freud Inc (2435),Freud Inc (2435),Diablo,,DCB518ASTS06G,,Abrasives>Sanding Belts>Sanding Belt,,,,,,,,,,,,,,,,,,,,,,,,,,,,,,,,Sanding Belt,Dimensions,1/2 inx18 in,,Package Quantity,6pc,,,,,,,,,,,,,,,,,,,,,,,,,,,,,,,,,,,,,,,,,,,,,,,,,,,,,,,,,,,,,,,,,,,,,,,,,,,,,,,,,,,,,,,,,,,,,,,,,,,,,,,,,,,,,,,,,,,,,,,,,,,,,,,,,,,,,,,,,,,,,,,,,,,,,,,,,,,,,,,,,,,,,,,,,,,,,,,,,,,,,,,,,,,,,,,,
,,,,,,3MABR-7100075678,Abrasives,Sanding Discs,Stikit,3MABR-7100075678,3MABR-7100075678,3M 775L Stikit Film P150 - Cubitron II 50 Disc/Box,-- Unbranded --,-- Unbranded --,,Jam Industrial Supply LLC (JAMIN),Jam Industrial Supply LLC (JAMIN),3M,,3MABR-7100075678,,Abrasives>Sanding Discs>Stikit,,,,,,,,,,,,,,,,,,,,,,,,,,,,,,,,Stikit,Grit Rating,P150,,Package Quantity,50 Disc/Box,,,,,,,,,,,,,,,,,,,,,,,,,,,,,,,,,,,,,,,,,,,,,,,,,,,,,,,,,,,,,,,,,,,,,,,,,,,,,,,,,,,,,,,,,,,,,,,,,,,,,,,,,,,,,,,,,,,,,,,,,,,,,,,,,,,,,,,,,,,,,,,,,,,,,,,,,,,,,,,,,,,,,,,,,,,,,,,,,,,,,,,,,,,,,,,,
,,,,,,3MABR-7100045865,Abrasives,Sanding Discs,Stikit,3MABR-7100045865,3MABR-7100045865,3M 775L Stikit Film P120 - Cubitron II 50 Disc/Box,-- Unbranded --,-- Unbranded --,,Jam Industrial Supply LLC (JAMIN),Jam Industrial Supply LLC (JAMIN),3M,,3MABR-7100045865,,Abrasives>Sanding Discs>Stikit,,,,,,,,,,,,,,,,,,,,,,,,,,,,,,,,Stikit,Grit Rating,P120,,Package Quantity,50 Disc/Box,,,,,,,,,,,,,,,,,,,,,,,,,,,,,,,,,,,,,,,,,,,,,,,,,,,,,,,,,,,,,,,,,,,,,,,,,,,,,,,,,,,,,,,,,,,,,,,,,,,,,,,,,,,,,,,,,,,,,,,,,,,,,,,,,,,,,,,,,,,,,,,,,,,,,,,,,,,,,,,,,,,,,,,,,,,,,,,,,,,,,,,,,,,,,,,,
,,,,,,3MABR-7100048736,Abrasives,Sanding Discs,Stikit,3MABR-7100048736,3MABR-7100048736,3M 775L Stikit Film P80 - Cubitron II 50 Disc/Box,-- Unbranded --,-- Unbranded --,,Jam Industrial Supply LLC (JAMIN),Jam Industrial Supply LLC (JAMIN),3M,,3MABR-7100048736,,Abrasives>Sanding Discs>Stikit,,,,,,,,,,,,,,,,,,,,,,,,,,,,,,,,Stikit,Grit Rating,P80,,Package Quantity,50 Disc/Box,,,,,,,,,,,,,,,,,,,,,,,,,,,,,,,,,,,,,,,,,,,,,,,,,,,,,,,,,,,,,,,,,,,,,,,,,,,,,,,,,,,,,,,,,,,,,,,,,,,,,,,,,,,,,,,,,,,,,,,,,,,,,,,,,,,,,,,,,,,,,,,,,,,,,,,,,,,,,,,,,,,,,,,,,,,,,,,,,,,,,,,,,,,,,,,,
,,,,,,3MABR-7100075690,Abrasives,Sanding Discs,Stikit,3MABR-7100075690,3MABR-7100075690,3M 775L Stikit Film P180 - Cubitron II 50 Disc/Box,-- Unbranded --,-- Unbranded --,,Jam Industrial Supply LLC (JAMIN),Jam Industrial Supply LLC (JAMIN),3M,,3MABR-7100075690,,Abrasives>Sanding Discs>Stikit,,,,,,,,,,,,,,,,,,,,,,,,,,,,,,,,Stikit,Grit Rating,P180,,Package Quantity,50 Disc/Box,,,,,,,,,,,,,,,,,,,,,,,,,,,,,,,,,,,,,,,,,,,,,,,,,,,,,,,,,,,,,,,,,,,,,,,,,,,,,,,,,,,,,,,,,,,,,,,,,,,,,,,,,,,,,,,,,,,,,,,,,,,,,,,,,,,,,,,,,,,,,,,,,,,,,,,,,,,,,,,,,,,,,,,,,,,,,,,,,,,,,,,,,,,,,,,,
,,,,,,3MABR-7100075692,Abrasives,Sanding Discs,Stikit,3MABR-7100075692,3MABR-7100075692,3M 775L Stikit Film P220 - Cubitron II 50 Disc/Box,-- Unbranded --,-- Unbranded --,,Jam Industrial Supply LLC (JAMIN),Jam Industrial Supply LLC (JAMIN),3M,,3MABR-7100075692,,Abrasives>Sanding Discs>Stikit,,,,,,,,,,,,,,,,,,,,,,,,,,,,,,,,Stikit,Grit Rating,P220,,Package Quantity,50 Disc/Box,,,,,,,,,,,,,,,,,,,,,,,,,,,,,,,,,,,,,,,,,,,,,,,,,,,,,,,,,,,,,,,,,,,,,,,,,,,,,,,,,,,,,,,,,,,,,,,,,,,,,,,,,,,,,,,,,,,,,,,,,,,,,,,,,,,,,,,,,,,,,,,,,,,,,,,,,,,,,,,,,,,,,,,,,,,,,,,,,,,,,,,,,,,,,,,,
,,,,,,3MABR-7100145365,Abrasives,Sanding Discs,Stikit,3MABR-7100145365,3MABR-7100145365,3M 775L Stikit Film P320 - Cubitron II 50 Disc/Box,-- Unbranded --,-- Unbranded --,,Jam Industrial Supply LLC (JAMIN),Jam Industrial Supply LLC (JAMIN),3M,,3MABR-7100145365,,Abrasives>Sanding Discs>Stikit,,,,,,,,,,,,,,,,,,,,,,,,,,,,,,,,Stikit,Grit Rating,P320,,Package Quantity,50 Disc/Box,,,,,,,,,,,,,,,,,,,,,,,,,,,,,,,,,,,,,,,,,,,,,,,,,,,,,,,,,,,,,,,,,,,,,,,,,,,,,,,,,,,,,,,,,,,,,,,,,,,,,,,,,,,,,,,,,,,,,,,,,,,,,,,,,,,,,,,,,,,,,,,,,,,,,,,,,,,,,,,,,,,,,,,,,,,,,,,,,,,,,,,,,,,,,,,,
,,,,,,5B-332-080,Abrasives,Sanding Discs,Hiolit,5B-332-080,5B-332-080,"5B-332-080 HIOLIT 5"" P80",-- Unbranded --,-- Unbranded --,,Mirka Abrasives Inc (MIRUS),Mirka Abrasives Inc (MIRUS),Mirka Hiolit,,5B-332-080,,Abrasives>Sanding Discs>Hiolit,,,,,,,,,,,,,,,,,,,,,,,,,,,,,,,,Hiolit,Grit Rating,P80,,,,,,,,,,,,,,,,,,,,,,,,,,,,,,,,,,,,,,,,,,,,,,,,,,,,,,,,,,,,,,,,,,,,,,,,,,,,,,,,,,,,,,,,,,,,,,,,,,,,,,,,,,,,,,,,,,,,,,,,,,,,,,,,,,,,,,,,,,,,,,,,,,,,,,,,,,,,,,,,,,,,,,,,,,,,,,,,,,,,,,,,,,,,,,,,,,,
,,,,,,5B-332-120,Abrasives,Sanding Discs,Hiolit,5B-332-120,5B-332-120,"5B-332-120 HIOLIT 5"" P120",-- Unbranded --,-- Unbranded --,,Mirka Abrasives Inc (MIRUS),Mirka Abrasives Inc (MIRUS),Mirka Hiolit,,5B-332-120,,Abrasives>Sanding Discs>Hiolit,,,,,,,,,,,,,,,,,,,,,,,,,,,,,,,,Hiolit,Grit Rating,P120,,,,,,,,,,,,,,,,,,,,,,,,,,,,,,,,,,,,,,,,,,,,,,,,,,,,,,,,,,,,,,,,,,,,,,,,,,,,,,,,,,,,,,,,,,,,,,,,,,,,,,,,,,,,,,,,,,,,,,,,,,,,,,,,,,,,,,,,,,,,,,,,,,,,,,,,,,,,,,,,,,,,,,,,,,,,,,,,,,,,,,,,,,,,,,,,,,,
,,,,,,9A-570-240,Abrasives,Sanding Discs,Abranet,9A-570-240,9A-570-240,9A-570-240 Abranet 2.75x30,-- Unbranded --,-- Unbranded --,,Mirka Abrasives Inc (MIRUS),Mirka Abrasives Inc (MIRUS),Mirka Abranet,,9A-570-240,,Abrasives>Sanding Discs>Abranet,,,,,,,,,,,,,,,,,,,,,,,,,,,,,,,,Abranet,Dimensions,75x30,,,,,,,,,,,,,,,,,,,,,,,,,,,,,,,,,,,,,,,,,,,,,,,,,,,,,,,,,,,,,,,,,,,,,,,,,,,,,,,,,,,,,,,,,,,,,,,,,,,,,,,,,,,,,,,,,,,,,,,,,,,,,,,,,,,,,,,,,,,,,,,,,,,,,,,,,,,,,,,,,,,,,,,,,,,,,,,,,,,,,,,,,,,,,,,,,,,
,,,,,,9A-570-320,Abrasives,Sanding Discs,Abranet,9A-570-320,9A-570-320,9A-570-320 Abranet 2.75x30,-- Unbranded --,-- Unbranded --,,Mirka Abrasives Inc (MIRUS),Mirka Abrasives Inc (MIRUS),Mirka Abranet,,9A-570-320,,Abrasives>Sanding Discs>Abranet,,,,,,,,,,,,,,,,,,,,,,,,,,,,,,,,Abranet,Dimensions,75x30,,,,,,,,,,,,,,,,,,,,,,,,,,,,,,,,,,,,,,,,,,,,,,,,,,,,,,,,,,,,,,,,,,,,,,,,,,,,,,,,,,,,,,,,,,,,,,,,,,,,,,,,,,,,,,,,,,,,,,,,,,,,,,,,,,,,,,,,,,,,,,,,,,,,,,,,,,,,,,,,,,,,,,,,,,,,,,,,,,,,,,,,,,,,,,,,,,,
,,,,,,DBD090094101F,Abrasives,Sanding Discs,Disc,DBD090094101F,DBD090094101F,"DBD090094101F Diablo 9"" - Metal Cut-Off Disc",-- Unbranded --,-- Unbranded --,,Freud Inc (2435),Freud Inc (2435),Diablo,,DBD090094101F,,Abrasives>Sanding Discs>Disc,,,,,,,,,,,,,,,,,,,,,,,,,,,,,,,,Disc,Application Material,Metal & Ferrous Alloys,,,,,,,,,,,,,,,,,,,,,,,,,,,,,,,,,,,,,,,,,,,,,,,,,,,,,,,,,,,,,,,,,,,,,,,,,,,,,,,,,,,,,,,,,,,,,,,,,,,,,,,,,,,,,,,,,,,,,,,,,,,,,,,,,,,,,,,,,,,,,,,,,,,,,,,,,,,,,,,,,,,,,,,,,,,,,,,,,,,,,,,,,,,,,,,,,,,
,,,,,,DBDS12125A01F,Abrasives,Sanding Discs,Disc,DBDS12125A01F,DBDS12125A01F,"DBDS12125A01F Diablo 12"" - Steel Demon Metal Cut-Off Disc",-- Unbranded --,-- Unbranded --,,Freud Inc (2435),Freud Inc (2435),Diablo,,DBDS12125A01F,,Abrasives>Sanding Discs>Disc,,,,,,,,,,,,,,,,,,,,,,,,,,,,,,,,Disc,Application Material,Metal & Ferrous Alloys,,,,,,,,,,,,,,,,,,,,,,,,,,,,,,,,,,,,,,,,,,,,,,,,,,,,,,,,,,,,,,,,,,,,,,,,,,,,,,,,,,,,,,,,,,,,,,,,,,,,,,,,,,,,,,,,,,,,,,,,,,,,,,,,,,,,,,,,,,,,,,,,,,,,,,,,,,,,,,,,,,,,,,,,,,,,,,,,,,,,,,,,,,,,,,,,,,,
,,,,,,DBDS12125G01F,Abrasives,Sanding Discs,Disc,DBDS12125G01F,DBDS12125G01F,"DBDS12125G01F Diablo 12""x20mm - Speed Demon Metal Cut-Off Disc",-- Unbranded --,-- Unbranded --,,Freud Inc (2435),Freud Inc (2435),Diablo,,DBDS12125G01F,,Abrasives>Sanding Discs>Disc,,,,,,,,,,,,,,,,,,,,,,,,,,,,,,,,Disc,Dimensions,12 inx20mm,,Application Material,Metal & Ferrous Alloys,,,,,,,,,,,,,,,,,,,,,,,,,,,,,,,,,,,,,,,,,,,,,,,,,,,,,,,,,,,,,,,,,,,,,,,,,,,,,,,,,,,,,,,,,,,,,,,,,,,,,,,,,,,,,,,,,,,,,,,,,,,,,,,,,,,,,,,,,,,,,,,,,,,,,,,,,,,,,,,,,,,,,,,,,,,,,,,,,,,,,,,,,,,,,,,,
,,,,,,DBDS14125A01F,Abrasives,Sanding Discs,Disc,DBDS14125A01F,DBDS14125A01F,"DBDS14125A01F Diablo 14""x1"" - Steel Demon Metal Cut-Off Disc",-- Unbranded --,-- Unbranded --,,Freud Inc (2435),Freud Inc (2435),Diablo,,DBDS14125A01F,,Abrasives>Sanding Discs>Disc,,,,,,,,,,,,,,,,,,,,,,,,,,,,,,,,Disc,Dimensions,14 inx1 in,,Application Material,Metal & Ferrous Alloys,,,,,,,,,,,,,,,,,,,,,,,,,,,,,,,,,,,,,,,,,,,,,,,,,,,,,,,,,,,,,,,,,,,,,,,,,,,,,,,,,,,,,,,,,,,,,,,,,,,,,,,,,,,,,,,,,,,,,,,,,,,,,,,,,,,,,,,,,,,,,,,,,,,,,,,,,,,,,,,,,,,,,,,,,,,,,,,,,,,,,,,,,,,,,,,,
,,,,,,DBDS14125G01F,Abrasives,Sanding Discs,Disc,DBDS14125G01F,DBDS14125G01F,"DBDS14125G01F Diablo 14""x20mm - Steel Demon Metal Cut-Off Disc",-- Unbranded --,-- Unbranded --,,Freud Inc (2435),Freud Inc (2435),Diablo,,DBDS14125G01F,,Abrasives>Sanding Discs>Disc,,,,,,,,,,,,,,,,,,,,,,,,,,,,,,,,Disc,Dimensions,14 inx20mm,,Application Material,Metal & Ferrous Alloys,,,,,,,,,,,,,,,,,,,,,,,,,,,,,,,,,,,,,,,,,,,,,,,,,,,,,,,,,,,,,,,,,,,,,,,,,,,,,,,,,,,,,,,,,,,,,,,,,,,,,,,,,,,,,,,,,,,,,,,,,,,,,,,,,,,,,,,,,,,,,,,,,,,,,,,,,,,,,,,,,,,,,,,,,,,,,,,,,,,,,,,,,,,,,,,,
,,,,,,49-94-0013,Abrasives,Sanding Discs,Disc,49-94-0013,49-94-0013,"49-94-0013 Milw 5""x.045""x7/8"" Metal Cut Off Disc",-- Unbranded --,-- Unbranded --,,Milwaukee Accessory (4031),Milwaukee Accessory (4031),Milwaukee,,49-94-0013,,Abrasives>Sanding Discs>Disc,,,,,,,,,,,,,,,,,,,,,,,,,,,,,,,,Disc,Dimensions,045 inx7/8 in,,Application Material,Metal & Ferrous Alloys,,,,,,,,,,,,,,,,,,,,,,,,,,,,,,,,,,,,,,,,,,,,,,,,,,,,,,,,,,,,,,,,,,,,,,,,,,,,,,,,,,,,,,,,,,,,,,,,,,,,,,,,,,,,,,,,,,,,,,,,,,,,,,,,,,,,,,,,,,,,,,,,,,,,,,,,,,,,,,,,,,,,,,,,,,,,,,,,,,,,,,,,,,,,,,,,
,,,,,,49-94-0029,Abrasives,Sanding Discs,Disc,49-94-0029,49-94-0029,"49-94-0029 Milw 6-1/2""x1/8""x5/8"" DKO Metal Cut Off Disc",-- Unbranded --,-- Unbranded --,,Milwaukee Accessory (4031),Milwaukee Accessory (4031),Milwaukee,,49-94-0029,,Abrasives>Sanding Discs>Disc,,,,,,,,,,,,,,,,,,,,,,,,,,,,,,,,Disc,Dimensions,1/2 inx1/8 inx5/8 in,,Application Material,Metal & Ferrous Alloys,,,,,,,,,,,,,,,,,,,,,,,,,,,,,,,,,,,,,,,,,,,,,,,,,,,,,,,,,,,,,,,,,,,,,,,,,,,,,,,,,,,,,,,,,,,,,,,,,,,,,,,,,,,,,,,,,,,,,,,,,,,,,,,,,,,,,,,,,,,,,,,,,,,,,,,,,,,,,,,,,,,,,,,,,,,,,,,,,,,,,,,,,,,,,,,,
,,,,,,49-94-0033,Abrasives,Sanding Discs,Disc,49-94-0033,49-94-0033,"49-94-0033 Milw 7""x1/16""x7/8"" Metal Cut Off Disc",-- Unbranded --,-- Unbranded --,,Milwaukee Accessory (4031),Milwaukee Accessory (4031),Milwaukee,,49-94-0033,,Abrasives>Sanding Discs>Disc,,,,,,,,,,,,,,,,,,,,,,,,,,,,,,,,Disc,Dimensions,7 inx1/16 inx7/8 in,,Application Material,Metal & Ferrous Alloys,,,,,,,,,,,,,,,,,,,,,,,,,,,,,,,,,,,,,,,,,,,,,,,,,,,,,,,,,,,,,,,,,,,,,,,,,,,,,,,,,,,,,,,,,,,,,,,,,,,,,,,,,,,,,,,,,,,,,,,,,,,,,,,,,,,,,,,,,,,,,,,,,,,,,,,,,,,,,,,,,,,,,,,,,,,,,,,,,,,,,,,,,,,,,,,,
,,,,,,49-94-0001,Abrasives,Sanding Discs,Disc,49-94-0001,49-94-0001,"49-94-0001 Milw 4""x.040""x5/8"" Metal Cut Off Disc",-- Unbranded --,-- Unbranded --,,Milwaukee Accessory (4031),Milwaukee Accessory (4031),Milwaukee,,49-94-0001,,Abrasives>Sanding Discs>Disc,,,,,,,,,,,,,,,,,,,,,,,,,,,,,,,,Disc,Dimensions,040 inx5/8 in,,Application Material,Metal & Ferrous Alloys,,,,,,,,,,,,,,,,,,,,,,,,,,,,,,,,,,,,,,,,,,,,,,,,,,,,,,,,,,,,,,,,,,,,,,,,,,,,,,,,,,,,,,,,,,,,,,,,,,,,,,,,,,,,,,,,,,,,,,,,,,,,,,,,,,,,,,,,,,,,,,,,,,,,,,,,,,,,,,,,,,,,,,,,,,,,,,,,,,,,,,,,,,,,,,,,
,,,,,,49-94-0039,Abrasives,Sanding Discs,Disc,49-94-0039,49-94-0039,"49-94-0039 Milw 7""x1/8""x5/8"" DKO Metal Cut Off Disc",-- Unbranded --,-- Unbranded --,,Milwaukee Accessory (4031),Milwaukee Accessory (4031),Milwaukee,,49-94-0039,,Abrasives>Sanding Discs>Disc,,,,,,,,,,,,,,,,,,,,,,,,,,,,,,,,Disc,Dimensions,7 inx1/8 inx5/8 in,,Application Material,Metal & Ferrous Alloys,,,,,,,,,,,,,,,,,,,,,,,,,,,,,,,,,,,,,,,,,,,,,,,,,,,,,,,,,,,,,,,,,,,,,,,,,,,,,,,,,,,,,,,,,,,,,,,,,,,,,,,,,,,,,,,,,,,,,,,,,,,,,,,,,,,,,,,,,,,,,,,,,,,,,,,,,,,,,,,,,,,,,,,,,,,,,,,,,,,,,,,,,,,,,,,,
,,,,,,49-94-0043,Abrasives,Sanding Discs,Disc,49-94-0043,49-94-0043,"49-94-0043 Milw 9""x3/32""x7/8"" Metal Cut Off Disc",-- Unbranded --,-- Unbranded --,,Milwaukee Accessory (4031),Milwaukee Accessory (4031),Milwaukee,,49-94-0043,,Abrasives>Sanding Discs>Disc,,,,,,,,,,,,,,,,,,,,,,,,,,,,,,,,Disc,Dimensions,9 inx3/32 inx7/8 in,,Application Material,Metal & Ferrous Alloys,,,,,,,,,,,,,,,,,,,,,,,,,,,,,,,,,,,,,,,,,,,,,,,,,,,,,,,,,,,,,,,,,,,,,,,,,,,,,,,,,,,,,,,,,,,,,,,,,,,,,,,,,,,,,,,,,,,,,,,,,,,,,,,,,,,,,,,,,,,,,,,,,,,,,,,,,,,,,,,,,,,,,,,,,,,,,,,,,,,,,,,,,,,,,,,,
,,,,,,49-94-0048,Abrasives,Sanding Discs,Disc,49-94-0048,49-94-0048,"49-94-0048 Milw 12""x7/64""x1"" Metal Cut Off Disc General Purpose",-- Unbranded --,-- Unbranded --,,Milwaukee Accessory (4031),Milwaukee Accessory (4031),Milwaukee,,49-94-0048,,Abrasives>Sanding Discs>Disc,,,,,,,,,,,,,,,,,,,,,,,,,,,,,,,,Disc,Dimensions,12 inx7/64 inx1 in,,Application Material,Metal & Ferrous Alloys,,,,,,,,,,,,,,,,,,,,,,,,,,,,,,,,,,,,,,,,,,,,,,,,,,,,,,,,,,,,,,,,,,,,,,,,,,,,,,,,,,,,,,,,,,,,,,,,,,,,,,,,,,,,,,,,,,,,,,,,,,,,,,,,,,,,,,,,,,,,,,,,,,,,,,,,,,,,,,,,,,,,,,,,,,,,,,,,,,,,,,,,,,,,,,,,
,,,,,,49-94-0053,Abrasives,Sanding Discs,Disc,49-94-0053,49-94-0053,"49-94-0053 Milw 12""x1/8""x1"" Metal Cut Off Disc",-- Unbranded --,-- Unbranded --,,Milwaukee Accessory (4031),Milwaukee Accessory (4031),Milwaukee,,49-94-0053,,Abrasives>Sanding Discs>Disc,,,,,,,,,,,,,,,,,,,,,,,,,,,,,,,,Disc,Dimensions,12 inx1/8 inx1 in,,Application Material,Metal & Ferrous Alloys,,,,,,,,,,,,,,,,,,,,,,,,,,,,,,,,,,,,,,,,,,,,,,,,,,,,,,,,,,,,,,,,,,,,,,,,,,,,,,,,,,,,,,,,,,,,,,,,,,,,,,,,,,,,,,,,,,,,,,,,,,,,,,,,,,,,,,,,,,,,,,,,,,,,,,,,,,,,,,,,,,,,,,,,,,,,,,,,,,,,,,,,,,,,,,,,
,,,,,,49-94-0058,Abrasives,Sanding Discs,Disc,49-94-0058,49-94-0058,"49-94-0058 Milw 12""x1/8""x20mm Metal Cut Off Disc",-- Unbranded --,-- Unbranded --,,Milwaukee Accessory (4031),Milwaukee Accessory (4031),Milwaukee,,49-94-0058,,Abrasives>Sanding Discs>Disc,,,,,,,,,,,,,,,,,,,,,,,,,,,,,,,,Disc,Dimensions,12 inx1/8 inx20mm,,Application Material,Metal & Ferrous Alloys,,,,,,,,,,,,,,,,,,,,,,,,,,,,,,,,,,,,,,,,,,,,,,,,,,,,,,,,,,,,,,,,,,,,,,,,,,,,,,,,,,,,,,,,,,,,,,,,,,,,,,,,,,,,,,,,,,,,,,,,,,,,,,,,,,,,,,,,,,,,,,,,,,,,,,,,,,,,,,,,,,,,,,,,,,,,,,,,,,,,,,,,,,,,,,,,
,,,,,,49-94-0063,Abrasives,Sanding Discs,Disc,49-94-0063,49-94-0063,"49-94-0063 Milw 14""x7/64""x1"" Metal Cut Off Disc General Purpose",-- Unbranded --,-- Unbranded --,,Milwaukee Accessory (4031),Milwaukee Accessory (4031),Milwaukee,,49-94-0063,,Abrasives>Sanding Discs>Disc,,,,,,,,,,,,,,,,,,,,,,,,,,,,,,,,Disc,Dimensions,14 inx7/64 inx1 in,,Application Material,Metal & Ferrous Alloys,,,,,,,,,,,,,,,,,,,,,,,,,,,,,,,,,,,,,,,,,,,,,,,,,,,,,,,,,,,,,,,,,,,,,,,,,,,,,,,,,,,,,,,,,,,,,,,,,,,,,,,,,,,,,,,,,,,,,,,,,,,,,,,,,,,,,,,,,,,,,,,,,,,,,,,,,,,,,,,,,,,,,,,,,,,,,,,,,,,,,,,,,,,,,,,,
,,,,,,49-94-0068,Abrasives,Sanding Discs,Disc,49-94-0068,49-94-0068,"49-94-0068 Milw 14""x1/8""x20mm Metal Cut Off Disc",-- Unbranded --,-- Unbranded --,,Milwaukee Accessory (4031),Milwaukee Accessory (4031),Milwaukee,,49-94-0068,,Abrasives>Sanding Discs>Disc,,,,,,,,,,,,,,,,,,,,,,,,,,,,,,,,Disc,Dimensions,14 inx1/8 inx20mm,,Application Material,Metal & Ferrous Alloys,,,,,,,,,,,,,,,,,,,,,,,,,,,,,,,,,,,,,,,,,,,,,,,,,,,,,,,,,,,,,,,,,,,,,,,,,,,,,,,,,,,,,,,,,,,,,,,,,,,,,,,,,,,,,,,,,,,,,,,,,,,,,,,,,,,,,,,,,,,,,,,,,,,,,,,,,,,,,,,,,,,,,,,,,,,,,,,,,,,,,,,,,,,,,,,,
,,,,,,49-94-0073,Abrasives,Sanding Discs,Disc,49-94-0073,49-94-0073,"49-94-0073 Milw 14""x1/8""x1"" Metal Cut Off Disc",-- Unbranded --,-- Unbranded --,,Milwaukee Accessory (4031),Milwaukee Accessory (4031),Milwaukee,,49-94-0073,,Abrasives>Sanding Discs>Disc,,,,,,,,,,,,,,,,,,,,,,,,,,,,,,,,Disc,Dimensions,14 inx1/8 inx1 in,,Application Material,Metal & Ferrous Alloys,,,,,,,,,,,,,,,,,,,,,,,,,,,,,,,,,,,,,,,,,,,,,,,,,,,,,,,,,,,,,,,,,,,,,,,,,,,,,,,,,,,,,,,,,,,,,,,,,,,,,,,,,,,,,,,,,,,,,,,,,,,,,,,,,,,,,,,,,,,,,,,,,,,,,,,,,,,,,,,,,,,,,,,,,,,,,,,,,,,,,,,,,,,,,,,,
,,,,,,49-94-0101,Abrasives,Sanding Discs,Disc,49-94-0101,49-94-0101,"49-94-0101 Milw 4-1/2""x.045""x7/8"" Perform+ Metal Cut Off Disc 10pc",-- Unbranded --,-- Unbranded --,,Milwaukee Accessory (4031),Milwaukee Accessory (4031),Milwaukee,,49-94-0101,,Abrasives>Sanding Discs>Disc,,,,,,,,,,,,,,,,,,,,,,,,,,,,,,,,Disc,Dimensions,045 inx7/8 in,,Package Quantity,10pc,,Application Material,Metal & Ferrous Alloys,,,,,,,,,,,,,,,,,,,,,,,,,,,,,,,,,,,,,,,,,,,,,,,,,,,,,,,,,,,,,,,,,,,,,,,,,,,,,,,,,,,,,,,,,,,,,,,,,,,,,,,,,,,,,,,,,,,,,,,,,,,,,,,,,,,,,,,,,,,,,,,,,,,,,,,,,,,,,,,,,,,,,,,,,,,,,,,,,,,,,,,,,,,,,
,,,,,,49-94-0107,Abrasives,Sanding Discs,Disc,49-94-0107,49-94-0107,"49-94-0107 Milw 4-1/2""x.045""x7/8"" Performance+ Metal Cut Off Disc",-- Unbranded --,-- Unbranded --,,Milwaukee Accessory (4031),Milwaukee Accessory (4031),Milwaukee,,49-94-0107,,Abrasives>Sanding Discs>Disc,,,,,,,,,,,,,,,,,,,,,,,,,,,,,,,,Disc,Dimensions,045 inx7/8 in,,Application Material,Metal & Ferrous Alloys,,,,,,,,,,,,,,,,,,,,,,,,,,,,,,,,,,,,,,,,,,,,,,,,,,,,,,,,,,,,,,,,,,,,,,,,,,,,,,,,,,,,,,,,,,,,,,,,,,,,,,,,,,,,,,,,,,,,,,,,,,,,,,,,,,,,,,,,,,,,,,,,,,,,,,,,,,,,,,,,,,,,,,,,,,,,,,,,,,,,,,,,,,,,,,,,
,,,,,,49-94-0117,Abrasives,Sanding Discs,Disc,49-94-0117,49-94-0117,"49-94-0117 Milw 5""x.045""x7/8"" Performance+ Metal Cut Off Disc",-- Unbranded --,-- Unbranded --,,Milwaukee Accessory (4031),Milwaukee Accessory (4031),Milwaukee,,49-94-0117,,Abrasives>Sanding Discs>Disc,,,,,,,,,,,,,,,,,,,,,,,,,,,,,,,,Disc,Dimensions,045 inx7/8 in,,Application Material,Metal & Ferrous Alloys,,,,,,,,,,,,,,,,,,,,,,,,,,,,,,,,,,,,,,,,,,,,,,,,,,,,,,,,,,,,,,,,,,,,,,,,,,,,,,,,,,,,,,,,,,,,,,,,,,,,,,,,,,,,,,,,,,,,,,,,,,,,,,,,,,,,,,,,,,,,,,,,,,,,,,,,,,,,,,,,,,,,,,,,,,,,,,,,,,,,,,,,,,,,,,,,
,,,,,,49-94-0123,Abrasives,Sanding Discs,Disc,49-94-0123,49-94-0123,"49-94-0123 Milw 6""x.045""x7/8"" Performance+ Metal Cut Off Disc",-- Unbranded --,-- Unbranded --,,Milwaukee Accessory (4031),Milwaukee Accessory (4031),Milwaukee,,49-94-0123,,Abrasives>Sanding Discs>Disc,,,,,,,,,,,,,,,,,,,,,,,,,,,,,,,,Disc,Dimensions,045 inx7/8 in,,Application Material,Metal & Ferrous Alloys,,,,,,,,,,,,,,,,,,,,,,,,,,,,,,,,,,,,,,,,,,,,,,,,,,,,,,,,,,,,,,,,,,,,,,,,,,,,,,,,,,,,,,,,,,,,,,,,,,,,,,,,,,,,,,,,,,,,,,,,,,,,,,,,,,,,,,,,,,,,,,,,,,,,,,,,,,,,,,,,,,,,,,,,,,,,,,,,,,,,,,,,,,,,,,,,
,,,,,,49-94-0023,Abrasives,Sanding Discs,Disc,49-94-0023,49-94-0023,"49-94-0023 Milw 6""x.045""x7/8"" Metal Cut Off Disc",-- Unbranded --,-- Unbranded --,,Milwaukee Accessory (4031),Milwaukee Accessory (4031),Milwaukee,,49-94-0023,,Abrasives>Sanding Discs>Disc,,,,,,,,,,,,,,,,,,,,,,,,,,,,,,,,Disc,Dimensions,045 inx7/8 in,,Application Material,Metal & Ferrous Alloys,,,,,,,,,,,,,,,,,,,,,,,,,,,,,,,,,,,,,,,,,,,,,,,,,,,,,,,,,,,,,,,,,,,,,,,,,,,,,,,,,,,,,,,,,,,,,,,,,,,,,,,,,,,,,,,,,,,,,,,,,,,,,,,,,,,,,,,,,,,,,,,,,,,,,,,,,,,,,,,,,,,,,,,,,,,,,,,,,,,,,,,,,,,,,,,,
,,,,,,49-94-0121,Abrasives,Sanding Discs,Disc,49-94-0121,49-94-0121,"49-94-0121 Milw 6""x.045""x7/8"" Performance+ Metal Cut Off Disc 10pc",-- Unbranded --,-- Unbranded --,,Milwaukee Accessory (4031),Milwaukee Accessory (4031),Milwaukee,,49-94-0121,,Abrasives>Sanding Discs>Disc,,,,,,,,,,,,,,,,,,,,,,,,,,,,,,,,Disc,Dimensions,045 inx7/8 in,,Package Quantity,10pc,,Application Material,Metal & Ferrous Alloys,,,,,,,,,,,,,,,,,,,,,,,,,,,,,,,,,,,,,,,,,,,,,,,,,,,,,,,,,,,,,,,,,,,,,,,,,,,,,,,,,,,,,,,,,,,,,,,,,,,,,,,,,,,,,,,,,,,,,,,,,,,,,,,,,,,,,,,,,,,,,,,,,,,,,,,,,,,,,,,,,,,,,,,,,,,,,,,,,,,,,,,,,,,,,
,,,,,,49-94-0127,Abrasives,Sanding Discs,Disc,49-94-0127,49-94-0127,"49-94-0127 Milw 6""x.045""x7/8"" Performance+Metal Cut Off Disc",-- Unbranded --,-- Unbranded --,,Milwaukee Accessory (4031),Milwaukee Accessory (4031),Milwaukee,,49-94-0127,,Abrasives>Sanding Discs>Disc,,,,,,,,,,,,,,,,,,,,,,,,,,,,,,,,Disc,Dimensions,045 inx7/8 in,,Application Material,Metal & Ferrous Alloys,,,,,,,,,,,,,,,,,,,,,,,,,,,,,,,,,,,,,,,,,,,,,,,,,,,,,,,,,,,,,,,,,,,,,,,,,,,,,,,,,,,,,,,,,,,,,,,,,,,,,,,,,,,,,,,,,,,,,,,,,,,,,,,,,,,,,,,,,,,,,,,,,,,,,,,,,,,,,,,,,,,,,,,,,,,,,,,,,,,,,,,,,,,,,,,,
,,,,,,49-94-0137,Abrasives,Sanding Discs,Disc,49-94-0137,49-94-0137,"49-94-0137 Milw 7""x3/32""x7/8"" Performance+ Metal Cut Off Disc",-- Unbranded --,-- Unbranded --,,Milwaukee Accessory (4031),Milwaukee Accessory (4031),Milwaukee,,49-94-0137,,Abrasives>Sanding Discs>Disc,,,,,,,,,,,,,,,,,,,,,,,,,,,,,,,,Disc,Dimensions,7 inx3/32 inx7/8 in,,Application Material,Metal & Ferrous Alloys,,,,,,,,,,,,,,,,,,,,,,,,,,,,,,,,,,,,,,,,,,,,,,,,,,,,,,,,,,,,,,,,,,,,,,,,,,,,,,,,,,,,,,,,,,,,,,,,,,,,,,,,,,,,,,,,,,,,,,,,,,,,,,,,,,,,,,,,,,,,,,,,,,,,,,,,,,,,,,,,,,,,,,,,,,,,,,,,,,,,,,,,,,,,,,,,
,,,,,,49-94-0160,Abrasives,Sanding Discs,Disc,49-94-0160,49-94-0160,"49-94-0160 Milw 14""x7/64""x1"" Performance+ Metal Cut Off Disc",-- Unbranded --,-- Unbranded --,,Milwaukee Accessory (4031),Milwaukee Accessory (4031),Milwaukee,,49-94-0160,,Abrasives>Sanding Discs>Disc,,,,,,,,,,,,,,,,,,,,,,,,,,,,,,,,Disc,Dimensions,14 inx7/64 inx1 in,,Application Material,Metal & Ferrous Alloys,,,,,,,,,,,,,,,,,,,,,,,,,,,,,,,,,,,,,,,,,,,,,,,,,,,,,,,,,,,,,,,,,,,,,,,,,,,,,,,,,,,,,,,,,,,,,,,,,,,,,,,,,,,,,,,,,,,,,,,,,,,,,,,,,,,,,,,,,,,,,,,,,,,,,,,,,,,,,,,,,,,,,,,,,,,,,,,,,,,,,,,,,,,,,,,,
,,,,,,49-94-0223,Abrasives,Sanding Discs,Disc,49-94-0223,49-94-0223,"49-94-0223 Milw 6""x.045""x7/8"" Ceramic+ Metal Cut Off Disc",-- Unbranded --,-- Unbranded --,,Milwaukee Accessory (4031),Milwaukee Accessory (4031),Milwaukee,,49-94-0223,,Abrasives>Sanding Discs>Disc,,,,,,,,,,,,,,,,,,,,,,,,,,,,,,,,Disc,Dimensions,045 inx7/8 in,,Application Material,Metal & Ferrous Alloys,,,,,,,,,,,,,,,,,,,,,,,,,,,,,,,,,,,,,,,,,,,,,,,,,,,,,,,,,,,,,,,,,,,,,,,,,,,,,,,,,,,,,,,,,,,,,,,,,,,,,,,,,,,,,,,,,,,,,,,,,,,,,,,,,,,,,,,,,,,,,,,,,,,,,,,,,,,,,,,,,,,,,,,,,,,,,,,,,,,,,,,,,,,,,,,,
,,,,,,49-94-0445,Abrasives,Sanding Discs,Disc,49-94-0445,49-94-0445,"49-94-0445 Milw 10""x3/32""x5/8"" Performance+ Metal Cut Off Disc",-- Unbranded --,-- Unbranded --,,Milwaukee Accessory (4031),Milwaukee Accessory (4031),Milwaukee,,49-94-0445,,Abrasives>Sanding Discs>Disc,,,,,,,,,,,,,,,,,,,,,,,,,,,,,,,,Disc,Dimensions,10 inx3/32 inx5/8 in,,Application Material,Metal & Ferrous Alloys,,,,,,,,,,,,,,,,,,,,,,,,,,,,,,,,,,,,,,,,,,,,,,,,,,,,,,,,,,,,,,,,,,,,,,,,,,,,,,,,,,,,,,,,,,,,,,,,,,,,,,,,,,,,,,,,,,,,,,,,,,,,,,,,,,,,,,,,,,,,,,,,,,,,,,,,,,,,,,,,,,,,,,,,,,,,,,,,,,,,,,,,,,,,,,,,
,,,,,,49-94-0803,Abrasives,Sanding Discs,Disc,49-94-0803,49-94-0803,"49-94-0803 Milw 4-1/2""x1/8""x7/8"" Dual Metal Cut and Grind Disc",-- Unbranded --,-- Unbranded --,,Milwaukee Accessory (4031),Milwaukee Accessory (4031),Milwaukee,,49-94-0803,,Abrasives>Sanding Discs>Disc,,,,,,,,,,,,,,,,,,,,,,,,,,,,,,,,Disc,Dimensions,1/2 inx1/8 inx7/8 in,,Application Material,Metal & Ferrous Alloys,,,,,,,,,,,,,,,,,,,,,,,,,,,,,,,,,,,,,,,,,,,,,,,,,,,,,,,,,,,,,,,,,,,,,,,,,,,,,,,,,,,,,,,,,,,,,,,,,,,,,,,,,,,,,,,,,,,,,,,,,,,,,,,,,,,,,,,,,,,,,,,,,,,,,,,,,,,,,,,,,,,,,,,,,,,,,,,,,,,,,,,,,,,,,,,,
,,,,,,49-94-0903,Abrasives,Sanding Discs,Disc,49-94-0903,49-94-0903,"49-94-0903 Milw 4-1/2""x1/8""x7/8""Perform+Dual Metal Cut and Grind Disc",-- Unbranded --,-- Unbranded --,,Milwaukee Accessory (4031),Milwaukee Accessory (4031),Milwaukee,,49-94-0903,,Abrasives>Sanding Discs>Disc,,,,,,,,,,,,,,,,,,,,,,,,,,,,,,,,Disc,Dimensions,1/2 inx1/8 inx7/8 in,,Application Material,Metal & Ferrous Alloys,,,,,,,,,,,,,,,,,,,,,,,,,,,,,,,,,,,,,,,,,,,,,,,,,,,,,,,,,,,,,,,,,,,,,,,,,,,,,,,,,,,,,,,,,,,,,,,,,,,,,,,,,,,,,,,,,,,,,,,,,,,,,,,,,,,,,,,,,,,,,,,,,,,,,,,,,,,,,,,,,,,,,,,,,,,,,,,,,,,,,,,,,,,,,,,,
,,,,,,49-94-0907,Abrasives,Sanding Discs,Disc,49-94-0907,49-94-0907,"49-94-0907 Milw 4-1/2""x1/8""x5/8-11""Perform+Dual Metal Cut n Grind Disc",-- Unbranded --,-- Unbranded --,,Milwaukee Accessory (4031),Milwaukee Accessory (4031),Milwaukee,,49-94-0907,,Abrasives>Sanding Discs>Disc,,,,,,,,,,,,,,,,,,,,,,,,,,,,,,,,Disc,Dimensions,1/2 inx1/8 inx5/8,,Application Material,Metal & Ferrous Alloys,,,,,,,,,,,,,,,,,,,,,,,,,,,,,,,,,,,,,,,,,,,,,,,,,,,,,,,,,,,,,,,,,,,,,,,,,,,,,,,,,,,,,,,,,,,,,,,,,,,,,,,,,,,,,,,,,,,,,,,,,,,,,,,,,,,,,,,,,,,,,,,,,,,,,,,,,,,,,,,,,,,,,,,,,,,,,,,,,,,,,,,,,,,,,,,,
,,,,,,49-94-0923,Abrasives,Sanding Discs,Disc,49-94-0923,49-94-0923,"49-94-0923 Milw 6""x1/8""x7/8"" Perform+Dual Metal Cut and Grind Disc",-- Unbranded --,-- Unbranded --,,Milwaukee Accessory (4031),Milwaukee Accessory (4031),Milwaukee,,49-94-0923,,Abrasives>Sanding Discs>Disc,,,,,,,,,,,,,,,,,,,,,,,,,,,,,,,,Disc,Dimensions,6 inx1/8 inx7/8 in,,Application Material,Metal & Ferrous Alloys,,,,,,,,,,,,,,,,,,,,,,,,,,,,,,,,,,,,,,,,,,,,,,,,,,,,,,,,,,,,,,,,,,,,,,,,,,,,,,,,,,,,,,,,,,,,,,,,,,,,,,,,,,,,,,,,,,,,,,,,,,,,,,,,,,,,,,,,,,,,,,,,,,,,,,,,,,,,,,,,,,,,,,,,,,,,,,,,,,,,,,,,,,,,,,,,
,,,,,,49-94-1900,Abrasives,Sanding Discs,Disc,49-94-1900,49-94-1900,"49-94-1900 Milw 4""x1/8""x5/8"" Masonry Cut Off Disc",-- Unbranded --,-- Unbranded --,,Milwaukee Accessory (4031),Milwaukee Accessory (4031),Milwaukee,,49-94-1900,,Abrasives>Sanding Discs>Disc,,,,,,,,,,,,,,,,,,,,,,,,,,,,,,,,Disc,Dimensions,4 inx1/8 inx5/8 in,,,,,,,,,,,,,,,,,,,,,,,,,,,,,,,,,,,,,,,,,,,,,,,,,,,,,,,,,,,,,,,,,,,,,,,,,,,,,,,,,,,,,,,,,,,,,,,,,,,,,,,,,,,,,,,,,,,,,,,,,,,,,,,,,,,,,,,,,,,,,,,,,,,,,,,,,,,,,,,,,,,,,,,,,,,,,,,,,,,,,,,,,,,,,,,,,,,
,,,,,,49-94-1905,Abrasives,Sanding Discs,Disc,49-94-1905,49-94-1905,"49-94-1905 Milw 4-1/2""x1/8""x7/8"" Masonry Cut Off Disc",-- Unbranded --,-- Unbranded --,,Milwaukee Accessory (4031),Milwaukee Accessory (4031),Milwaukee,,49-94-1905,,Abrasives>Sanding Discs>Disc,,,,,,,,,,,,,,,,,,,,,,,,,,,,,,,,Disc,Dimensions,1/2 inx1/8 inx7/8 in,,,,,,,,,,,,,,,,,,,,,,,,,,,,,,,,,,,,,,,,,,,,,,,,,,,,,,,,,,,,,,,,,,,,,,,,,,,,,,,,,,,,,,,,,,,,,,,,,,,,,,,,,,,,,,,,,,,,,,,,,,,,,,,,,,,,,,,,,,,,,,,,,,,,,,,,,,,,,,,,,,,,,,,,,,,,,,,,,,,,,,,,,,,,,,,,,,,
,,,,,,49-94-1915,Abrasives,Sanding Discs,Disc,49-94-1915,49-94-1915,"49-94-1915 Milw 6-1/2""x1/8""x5/8"" DKO Masonry Cut Off Disc",-- Unbranded --,-- Unbranded --,,Milwaukee Accessory (4031),Milwaukee Accessory (4031),Milwaukee,,49-94-1915,,Abrasives>Sanding Discs>Disc,,,,,,,,,,,,,,,,,,,,,,,,,,,,,,,,Disc,Dimensions,1/2 inx1/8 inx5/8 in,,,,,,,,,,,,,,,,,,,,,,,,,,,,,,,,,,,,,,,,,,,,,,,,,,,,,,,,,,,,,,,,,,,,,,,,,,,,,,,,,,,,,,,,,,,,,,,,,,,,,,,,,,,,,,,,,,,,,,,,,,,,,,,,,,,,,,,,,,,,,,,,,,,,,,,,,,,,,,,,,,,,,,,,,,,,,,,,,,,,,,,,,,,,,,,,,,,
,,,,,,49-94-1920,Abrasives,Sanding Discs,Disc,49-94-1920,49-94-1920,"49-94-1920 Milw 7""x1/8""x5/8"" DKO Masonry Cut Off Disc",-- Unbranded --,-- Unbranded --,,Milwaukee Accessory (4031),Milwaukee Accessory (4031),Milwaukee,,49-94-1920,,Abrasives>Sanding Discs>Disc,,,,,,,,,,,,,,,,,,,,,,,,,,,,,,,,Disc,Dimensions,7 inx1/8 inx5/8 in,,,,,,,,,,,,,,,,,,,,,,,,,,,,,,,,,,,,,,,,,,,,,,,,,,,,,,,,,,,,,,,,,,,,,,,,,,,,,,,,,,,,,,,,,,,,,,,,,,,,,,,,,,,,,,,,,,,,,,,,,,,,,,,,,,,,,,,,,,,,,,,,,,,,,,,,,,,,,,,,,,,,,,,,,,,,,,,,,,,,,,,,,,,,,,,,,,,
,,,,,,49-94-1925,Abrasives,Sanding Discs,Disc,49-94-1925,49-94-1925,"49-94-1925 Milw 10""x1/8""x5/8"" Masonry Cut Off Disc",-- Unbranded --,-- Unbranded --,,Milwaukee Accessory (4031),Milwaukee Accessory (4031),Milwaukee,,49-94-1925,,Abrasives>Sanding Discs>Disc,,,,,,,,,,,,,,,,,,,,,,,,,,,,,,,,Disc,Dimensions,10 inx1/8 inx5/8 in,,,,,,,,,,,,,,,,,,,,,,,,,,,,,,,,,,,,,,,,,,,,,,,,,,,,,,,,,,,,,,,,,,,,,,,,,,,,,,,,,,,,,,,,,,,,,,,,,,,,,,,,,,,,,,,,,,,,,,,,,,,,,,,,,,,,,,,,,,,,,,,,,,,,,,,,,,,,,,,,,,,,,,,,,,,,,,,,,,,,,,,,,,,,,,,,,,,
,,,,,,49-94-1935,Abrasives,Sanding Discs,Disc,49-94-1935,49-94-1935,"49-94-1935 Milw 12""x1/8""x1"" Masonry Cut Off Disc",-- Unbranded --,-- Unbranded --,,Milwaukee Accessory (4031),Milwaukee Accessory (4031),Milwaukee,,49-94-1935,,Abrasives>Sanding Discs>Disc,,,,,,,,,,,,,,,,,,,,,,,,,,,,,,,,Disc,Dimensions,12 inx1/8 inx1 in,,,,,,,,,,,,,,,,,,,,,,,,,,,,,,,,,,,,,,,,,,,,,,,,,,,,,,,,,,,,,,,,,,,,,,,,,,,,,,,,,,,,,,,,,,,,,,,,,,,,,,,,,,,,,,,,,,,,,,,,,,,,,,,,,,,,,,,,,,,,,,,,,,,,,,,,,,,,,,,,,,,,,,,,,,,,,,,,,,,,,,,,,,,,,,,,,,,
,,,,,,49-94-1940,Abrasives,Sanding Discs,Disc,49-94-1940,49-94-1940,"49-94-1940 Milw 14""x1/8""x1"" Masonry Cut Off Disc",-- Unbranded --,-- Unbranded --,,Milwaukee Accessory (4031),Milwaukee Accessory (4031),Milwaukee,,49-94-1940,,Abrasives>Sanding Discs>Disc,,,,,,,,,,,,,,,,,,,,,,,,,,,,,,,,Disc,Dimensions,14 inx1/8 inx1 in,,,,,,,,,,,,,,,,,,,,,,,,,,,,,,,,,,,,,,,,,,,,,,,,,,,,,,,,,,,,,,,,,,,,,,,,,,,,,,,,,,,,,,,,,,,,,,,,,,,,,,,,,,,,,,,,,,,,,,,,,,,,,,,,,,,,,,,,,,,,,,,,,,,,,,,,,,,,,,,,,,,,,,,,,,,,,,,,,,,,,,,,,,,,,,,,,,,
,,,,,,49-94-0501,Industrial & MRO Supplies,General Hardware,Component,49-94-0501,49-94-0501,"49-94-0501 Milw 4""x1/4""x5/8"" Metal Grinding Wheel",-- Unbranded --,-- Unbranded --,,Milwaukee Accessory (4031),Milwaukee Accessory (4031),Milwaukee,,49-94-0501,,Industrial & MRO Supplies>General Hardware>Component,,,,,,,,,,,,,,,,,,,,,,,,,,,,,,,,Component,Dimensions,4 inx1/4 inx5/8 in,,Application Material,Metal & Ferrous Alloys,,,,,,,,,,,,,,,,,,,,,,,,,,,,,,,,,,,,,,,,,,,,,,,,,,,,,,,,,,,,,,,,,,,,,,,,,,,,,,,,,,,,,,,,,,,,,,,,,,,,,,,,,,,,,,,,,,,,,,,,,,,,,,,,,,,,,,,,,,,,,,,,,,,,,,,,,,,,,,,,,,,,,,,,,,,,,,,,,,,,,,,,,,,,,,,,
,,,,,,49-94-0503,Industrial & MRO Supplies,General Hardware,Component,49-94-0503,49-94-0503,"49-94-0503 Milw 4-1/2""x1/4""x7/8"" Metal Grinding Wheel",-- Unbranded --,-- Unbranded --,,Milwaukee Accessory (4031),Milwaukee Accessory (4031),Milwaukee,,49-94-0503,,Industrial & MRO Supplies>General Hardware>Component,,,,,,,,,,,,,,,,,,,,,,,,,,,,,,,,Component,Dimensions,1/2 inx1/4 inx7/8 in,,Application Material,Metal & Ferrous Alloys,,,,,,,,,,,,,,,,,,,,,,,,,,,,,,,,,,,,,,,,,,,,,,,,,,,,,,,,,,,,,,,,,,,,,,,,,,,,,,,,,,,,,,,,,,,,,,,,,,,,,,,,,,,,,,,,,,,,,,,,,,,,,,,,,,,,,,,,,,,,,,,,,,,,,,,,,,,,,,,,,,,,,,,,,,,,,,,,,,,,,,,,,,,,,,,,
,,,,,,49-94-0523,Industrial & MRO Supplies,General Hardware,Component,49-94-0523,49-94-0523,"49-94-0523 Milw 6""x1/4""x7/8"" Metal Grinding Wheel",-- Unbranded --,-- Unbranded --,,Milwaukee Accessory (4031),Milwaukee Accessory (4031),Milwaukee,,49-94-0523,,Industrial & MRO Supplies>General Hardware>Component,,,,,,,,,,,,,,,,,,,,,,,,,,,,,,,,Component,Dimensions,6 inx1/4 inx7/8 in,,Application Material,Metal & Ferrous Alloys,,,,,,,,,,,,,,,,,,,,,,,,,,,,,,,,,,,,,,,,,,,,,,,,,,,,,,,,,,,,,,,,,,,,,,,,,,,,,,,,,,,,,,,,,,,,,,,,,,,,,,,,,,,,,,,,,,,,,,,,,,,,,,,,,,,,,,,,,,,,,,,,,,,,,,,,,,,,,,,,,,,,,,,,,,,,,,,,,,,,,,,,,,,,,,,,
,,,,,,49-94-1955,Industrial & MRO Supplies,General Hardware,Component,49-94-1955,49-94-1955,"49-94-1955 Milw 4-1/2""x1/4""x7/8"" Masonry Grinding Wheel",-- Unbranded --,-- Unbranded --,,Milwaukee Accessory (4031),Milwaukee Accessory (4031),Milwaukee,,49-94-1955,,Industrial & MRO Supplies>General Hardware>Component,,,,,,,,,,,,,,,,,,,,,,,,,,,,,,,,Component,Dimensions,1/2 inx1/4 inx7/8 in,,,,,,,,,,,,,,,,,,,,,,,,,,,,,,,,,,,,,,,,,,,,,,,,,,,,,,,,,,,,,,,,,,,,,,,,,,,,,,,,,,,,,,,,,,,,,,,,,,,,,,,,,,,,,,,,,,,,,,,,,,,,,,,,,,,,,,,,,,,,,,,,,,,,,,,,,,,,,,,,,,,,,,,,,,,,,,,,,,,,,,,,,,,,,,,,,,,
,,,,,,49-94-1965,Industrial & MRO Supplies,General Hardware,Component,49-94-1965,49-94-1965,"49-94-1965 Milw 7""x1/4""x7/8"" Masonry Grinding Wheel",-- Unbranded --,-- Unbranded --,,Milwaukee Accessory (4031),Milwaukee Accessory (4031),Milwaukee,,49-94-1965,,Industrial & MRO Supplies>General Hardware>Component,,,,,,,,,,,,,,,,,,,,,,,,,,,,,,,,Component,Dimensions,7 inx1/4 inx7/8 in,,,,,,,,,,,,,,,,,,,,,,,,,,,,,,,,,,,,,,,,,,,,,,,,,,,,,,,,,,,,,,,,,,,,,,,,,,,,,,,,,,,,,,,,,,,,,,,,,,,,,,,,,,,,,,,,,,,,,,,,,,,,,,,,,,,,,,,,,,,,,,,,,,,,,,,,,,,,,,,,,,,,,,,,,,,,,,,,,,,,,,,,,,,,,,,,,,,
,,,,,,49-94-0513,Industrial & MRO Supplies,General Hardware,Component,49-94-0513,49-94-0513,"49-94-0513 Milw 5""x1/4""x7/8"" Metal Grinding Wheel",-- Unbranded --,-- Unbranded --,,Milwaukee Accessory (4031),Milwaukee Accessory (4031),Milwaukee,,49-94-0513,,Industrial & MRO Supplies>General Hardware>Component,,,,,,,,,,,,,,,,,,,,,,,,,,,,,,,,Component,Dimensions,5 inx1/4 inx7/8 in,,Application Material,Metal & Ferrous Alloys,,,,,,,,,,,,,,,,,,,,,,,,,,,,,,,,,,,,,,,,,,,,,,,,,,,,,,,,,,,,,,,,,,,,,,,,,,,,,,,,,,,,,,,,,,,,,,,,,,,,,,,,,,,,,,,,,,,,,,,,,,,,,,,,,,,,,,,,,,,,,,,,,,,,,,,,,,,,,,,,,,,,,,,,,,,,,,,,,,,,,,,,,,,,,,,,
,,,,,,49-94-0533,Industrial & MRO Supplies,General Hardware,Component,49-94-0533,49-94-0533,"49-94-0533 Milw 7""x1/4""x7/8"" Metal Grinding Wheel",-- Unbranded --,-- Unbranded --,,Milwaukee Accessory (4031),Milwaukee Accessory (4031),Milwaukee,,49-94-0533,,Industrial & MRO Supplies>General Hardware>Component,,,,,,,,,,,,,,,,,,,,,,,,,,,,,,,,Component,Dimensions,7 inx1/4 inx7/8 in,,Application Material,Metal & Ferrous Alloys,,,,,,,,,,,,,,,,,,,,,,,,,,,,,,,,,,,,,,,,,,,,,,,,,,,,,,,,,,,,,,,,,,,,,,,,,,,,,,,,,,,,,,,,,,,,,,,,,,,,,,,,,,,,,,,,,,,,,,,,,,,,,,,,,,,,,,,,,,,,,,,,,,,,,,,,,,,,,,,,,,,,,,,,,,,,,,,,,,,,,,,,,,,,,,,,
,,,,,,DFBLBLOMFN01G,Industrial & MRO Supplies,General Hardware,Component,DFBLBLOMFN01G,DFBLBLOMFN01G,DFBLBLOMFN01G Diablo 220 Grit - Flat Edge Sanding Sponge,-- Unbranded --,-- Unbranded --,,Freud Inc (2435),Freud Inc (2435),Diablo,,DFBLBLOMFN01G,,Industrial & MRO Supplies>General Hardware>Component,,,,,,,,,,,,,,,,,,,,,,,,,,,,,,,,Component,Grit Rating,220 GRIT,,,,,,,,,,,,,,,,,,,,,,,,,,,,,,,,,,,,,,,,,,,,,,,,,,,,,,,,,,,,,,,,,,,,,,,,,,,,,,,,,,,,,,,,,,,,,,,,,,,,,,,,,,,,,,,,,,,,,,,,,,,,,,,,,,,,,,,,,,,,,,,,,,,,,,,,,,,,,,,,,,,,,,,,,,,,,,,,,,,,,,,,,,,,,,,,,,,
,,,,,,1700-1PK-BB40,Industrial & MRO Supplies,General Hardware,Component,1700-1PK-BB40,1700-1PK-BB40,3/4x60' Vinyl Elect Tape,-- Unbranded --,-- Unbranded --,,3 M Co (5293),3 M Co (5293),3 M Co,,1700-1PK-BB40,,Industrial & MRO Supplies>General Hardware>Component,,,,,,,,,,,,,,,,,,,,,,,,,,,,,,,,Component,Dimensions,3/4x60,,,,,,,,,,,,,,,,,,,,,,,,,,,,,,,,,,,,,,,,,,,,,,,,,,,,,,,,,,,,,,,,,,,,,,,,,,,,,,,,,,,,,,,,,,,,,,,,,,,,,,,,,,,,,,,,,,,,,,,,,,,,,,,,,,,,,,,,,,,,,,,,,,,,,,,,,,,,,,,,,,,,,,,,,,,,,,,,,,,,,,,,,,,,,,,,,,,
,,,,,,ASH-40-40-04,Industrial & MRO Supplies,General Hardware,Component,ASH-40-40-04,ASH-40-40-04,1.5x1.5x13' Legacy Emseal Tape,-- Unbranded --,-- Unbranded --,,Emseal Joint Systems Ltd (EMSJO),Emseal Joint Systems Ltd (EMSJO),Emseal Joint Systems Ltd,,ASH-40-40-04,,Industrial & MRO Supplies>General Hardware>Component,,,,,,,,,,,,,,,,,,,,,,,,,,,,,,,,Component,Dimensions,5x1,,,,,,,,,,,,,,,,,,,,,,,,,,,,,,,,,,,,,,,,,,,,,,,,,,,,,,,,,,,,,,,,,,,,,,,,,,,,,,,,,,,,,,,,,,,,,,,,,,,,,,,,,,,,,,,,,,,,,,,,,,,,,,,,,,,,,,,,,,,,,,,,,,,,,,,,,,,,,,,,,,,,,,,,,,,,,,,,,,,,,,,,,,,,,,,,,,,
,,,,,,KDFM404KPS,Appliances,Large Appliances,Dishwasher,KDFM404KPS,KDFM404KPS,KDFM404KPS Dishwasher SS,-- Unbranded --,-- Unbranded --,,Appliance Dealers Cooperative (APPDE),Appliance Dealers Cooperative (APPDE),Appliance Dealers Cooperative,,KDFM404KPS,,Appliances>Large Appliances>Dishwasher,,,,,,,,,,,,,,,,,,,,,,,,,,,,,,,,Dishwasher,,,,,,,,,,,,,,,,,,,,,,,,,,,,,,,,,,,,,,,,,,,,,,,,,,,,,,,,,,,,,,,,,,,,,,,,,,,,,,,,,,,,,,,,,,,,,,,,,,,,,,,,,,,,,,,,,,,,,,,,,,,,,,,,,,,,,,,,,,,,,,,,,,,,,,,,,,,,,,,,,,,,,,,,,,,,,,,,,,,,,,,,,,,,,,,,,,,,,
,,,,,,PDSH4816AF,Appliances,Large Appliances,Dishwasher,PDSH4816AF,PDSH4816AF,PDSH4816AF Dishwasher SS - Display Only,-- Unbranded --,-- Unbranded --,,Appliance Dealers Cooperative (APPDE),Appliance Dealers Cooperative (APPDE),Appliance Dealers Cooperative,,PDSH4816AF,,Appliances>Large Appliances>Dishwasher,,,,,,,,,,,,,,,,,,,,,,,,,,,,,,,,Dishwasher,,,,,,,,,,,,,,,,,,,,,,,,,,,,,,,,,,,,,,,,,,,,,,,,,,,,,,,,,,,,,,,,,,,,,,,,,,,,,,,,,,,,,,,,,,,,,,,,,,,,,,,,,,,,,,,,,,,,,,,,,,,,,,,,,,,,,,,,,,,,,,,,,,,,,,,,,,,,,,,,,,,,,,,,,,,,,,,,,,,,,,,,,,,,,,,,,,,,,
,,,,,,PDT715SYVFS,Appliances,Large Appliances,Dishwasher,PDT715SYVFS,PDT715SYVFS,PDT715SYVFS Ge Dishwasher SS,-- Unbranded --,-- Unbranded --,,Appliance Dealers Cooperative (APPDE),Appliance Dealers Cooperative (APPDE),Appliance Dealers Cooperative,,PDT715SYVFS,,Appliances>Large Appliances>Dishwasher,,,,,,,,,,,,,,,,,,,,,,,,,,,,,,,,Dishwasher,,,,,,,,,,,,,,,,,,,,,,,,,,,,,,,,,,,,,,,,,,,,,,,,,,,,,,,,,,,,,,,,,,,,,,,,,,,,,,,,,,,,,,,,,,,,,,,,,,,,,,,,,,,,,,,,,,,,,,,,,,,,,,,,,,,,,,,,,,,,,,,,,,,,,,,,,,,,,,,,,,,,,,,,,,,,,,,,,,,,,,,,,,,,,,,,,,,,,
,,,,,,LDPH5554D,Appliances,Large Appliances,Dishwasher,LDPH5554D,LDPH5554D,LDPH5554D LG Dishwasher BSS,-- Unbranded --,-- Unbranded --,,Appliance Dealers Cooperative (APPDE),Appliance Dealers Cooperative (APPDE),Appliance Dealers Cooperative,,LDPH5554D,,Appliances>Large Appliances>Dishwasher,,,,,,,,,,,,,,,,,,,,,,,,,,,,,,,,Dishwasher,,,,,,,,,,,,,,,,,,,,,,,,,,,,,,,,,,,,,,,,,,,,,,,,,,,,,,,,,,,,,,,,,,,,,,,,,,,,,,,,,,,,,,,,,,,,,,,,,,,,,,,,,,,,,,,,,,,,,,,,,,,,,,,,,,,,,,,,,,,,,,,,,,,,,,,,,,,,,,,,,,,,,,,,,,,,,,,,,,,,,,,,,,,,,,,,,,,,,
,,,,,,WDTS7024RZ,Appliances,Large Appliances,Dishwasher,WDTS7024RZ,WDTS7024RZ,WDTS7024RZ Dishwasher SS - Display Only,-- Unbranded --,-- Unbranded --,,Appliance Dealers Cooperative (APPDE),Appliance Dealers Cooperative (APPDE),Appliance Dealers Cooperative,,WDTS7024RZ,,Appliances>Large Appliances>Dishwasher,,,,,,,,,,,,,,,,,,,,,,,,,,,,,,,,Dishwasher,,,,,,,,,,,,,,,,,,,,,,,,,,,,,,,,,,,,,,,,,,,,,,,,,,,,,,,,,,,,,,,,,,,,,,,,,,,,,,,,,,,,,,,,,,,,,,,,,,,,,,,,,,,,,,,,,,,,,,,,,,,,,,,,,,,,,,,,,,,,,,,,,,,,,,,,,,,,,,,,,,,,,,,,,,,,,,,,,,,,,,,,,,,,,,,,,,,,,
,,,,,,PDD415PYYFS,Appliances,Large Appliances,Dishwasher,PDD415PYYFS,PDD415PYYFS,PDD415PYYFS GE Dishwasher SS,-- Unbranded --,-- Unbranded --,,Appliance Dealers Cooperative (APPDE),Appliance Dealers Cooperative (APPDE),Appliance Dealers Cooperative,,PDD415PYYFS,,Appliances>Large Appliances>Dishwasher,,,,,,,,,,,,,,,,,,,,,,,,,,,,,,,,Dishwasher,,,,,,,,,,,,,,,,,,,,,,,,,,,,,,,,,,,,,,,,,,,,,,,,,,,,,,,,,,,,,,,,,,,,,,,,,,,,,,,,,,,,,,,,,,,,,,,,,,,,,,,,,,,,,,,,,,,,,,,,,,,,,,,,,,,,,,,,,,,,,,,,,,,,,,,,,,,,,,,,,,,,,,,,,,,,,,,,,,,,,,,,,,,,,,,,,,,,,
,,,,,,KDTS424SBE,Appliances,Large Appliances,Dishwasher,KDTS424SBE,KDTS424SBE,KDTS424SBE Kitchen Aid Dishwasher Bk,-- Unbranded --,-- Unbranded --,,Appliance Dealers Cooperative (APPDE),Appliance Dealers Cooperative (APPDE),Appliance Dealers Cooperative,,KDTS424SBE,,Appliances>Large Appliances>Dishwasher,,,,,,,,,,,,,,,,,,,,,,,,,,,,,,,,Dishwasher,,,,,,,,,,,,,,,,,,,,,,,,,,,,,,,,,,,,,,,,,,,,,,,,,,,,,,,,,,,,,,,,,,,,,,,,,,,,,,,,,,,,,,,,,,,,,,,,,,,,,,,,,,,,,,,,,,,,,,,,,,,,,,,,,,,,,,,,,,,,,,,,,,,,,,,,,,,,,,,,,,,,,,,,,,,,,,,,,,,,,,,,,,,,,,,,,,,,,
,,,,,,KDTS324SPS,Appliances,Large Appliances,Dishwasher,KDTS324SPS,KDTS324SPS,KDTS324SPS Kitchen Aid Dishwasher SS,-- Unbranded --,-- Unbranded --,,Appliance Dealers Cooperative (APPDE),Appliance Dealers Cooperative (APPDE),Appliance Dealers Cooperative,,KDTS324SPS,,Appliances>Large Appliances>Dishwasher,,,,,,,,,,,,,,,,,,,,,,,,,,,,,,,,Dishwasher,,,,,,,,,,,,,,,,,,,,,,,,,,,,,,,,,,,,,,,,,,,,,,,,,,,,,,,,,,,,,,,,,,,,,,,,,,,,,,,,,,,,,,,,,,,,,,,,,,,,,,,,,,,,,,,,,,,,,,,,,,,,,,,,,,,,,,,,,,,,,,,,,,,,,,,,,,,,,,,,,,,,,,,,,,,,,,,,,,,,,,,,,,,,,,,,,,,,,
,,,,,,KDPS624SJP,Appliances,Large Appliances,Dishwasher,KDPS624SJP,KDPS624SJP,KDPS624SJP Dishwasher Juniper - Display Only,-- Unbranded --,-- Unbranded --,,Appliance Dealers Cooperative (APPDE),Appliance Dealers Cooperative (APPDE),Appliance Dealers Cooperative,,KDPS624SJP,,Appliances>Large Appliances>Dishwasher,,,,,,,,,,,,,,,,,,,,,,,,,,,,,,,,Dishwasher,,,,,,,,,,,,,,,,,,,,,,,,,,,,,,,,,,,,,,,,,,,,,,,,,,,,,,,,,,,,,,,,,,,,,,,,,,,,,,,,,,,,,,,,,,,,,,,,,,,,,,,,,,,,,,,,,,,,,,,,,,,,,,,,,,,,,,,,,,,,,,,,,,,,,,,,,,,,,,,,,,,,,,,,,,,,,,,,,,,,,,,,,,,,,,,,,,,,,
,,,,,,KDTS624SBE,Appliances,Large Appliances,Dishwasher,KDTS624SBE,KDTS624SBE,KDTS624SBE Dishwasher BO Display Only,-- Unbranded --,-- Unbranded --,,Appliance Dealers Cooperative (APPDE),Appliance Dealers Cooperative (APPDE),Appliance Dealers Cooperative,,KDTS624SBE,,Appliances>Large Appliances>Dishwasher,,,,,,,,,,,,,,,,,,,,,,,,,,,,,,,,Dishwasher,,,,,,,,,,,,,,,,,,,,,,,,,,,,,,,,,,,,,,,,,,,,,,,,,,,,,,,,,,,,,,,,,,,,,,,,,,,,,,,,,,,,,,,,,,,,,,,,,,,,,,,,,,,,,,,,,,,,,,,,,,,,,,,,,,,,,,,,,,,,,,,,,,,,,,,,,,,,,,,,,,,,,,,,,,,,,,,,,,,,,,,,,,,,,,,,,,,,,
,,,,,,D519127,Industrial & MRO Supplies,General Hardware,Component,D519127,D519127,D519127 Heater Kit,-- Unbranded --,-- Unbranded --,,V & V Appliance Parts Inc (VVAPP),V & V Appliance Parts Inc (VVAPP),V & V Appliance Parts Inc,,D519127,,Industrial & MRO Supplies>General Hardware>Component,,,,,,,,,,,,,,,,,,,,,,,,,,,,,,,,Component,,,,,,,,,,,,,,,,,,,,,,,,,,,,,,,,,,,,,,,,,,,,,,,,,,,,,,,,,,,,,,,,,,,,,,,,,,,,,,,,,,,,,,,,,,,,,,,,,,,,,,,,,,,,,,,,,,,,,,,,,,,,,,,,,,,,,,,,,,,,,,,,,,,,,,,,,,,,,,,,,,,,,,,,,,,,,,,,,,,,,,,,,,,,,,,,,,,,,
,,,,,,DF7004WE,Appliances,Large Appliances,Dryer,DF7004WE,DF7004WE,DF7004WE Speed Queen Elect Dryer Wh,-- Unbranded --,-- Unbranded --,,Appliance Dealers Cooperative (APPDE),Appliance Dealers Cooperative (APPDE),Appliance Dealers Cooperative,,DF7004WE,,Appliances>Large Appliances>Dryer,,,,,,,,,,,,,,,,,,,,,,,,,,,,,,,,Dryer,,,,,,,,,,,,,,,,,,,,,,,,,,,,,,,,,,,,,,,,,,,,,,,,,,,,,,,,,,,,,,,,,,,,,,,,,,,,,,,,,,,,,,,,,,,,,,,,,,,,,,,,,,,,,,,,,,,,,,,,,,,,,,,,,,,,,,,,,,,,,,,,,,,,,,,,,,,,,,,,,,,,,,,,,,,,,,,,,,,,,,,,,,,,,,,,,,,,,
,,,,,,DR7004BE,Appliances,Large Appliances,Dryer,DR7004BE,DR7004BE,DR7004BE SQ Elect Dryer Bk,-- Unbranded --,-- Unbranded --,,Appliance Dealers Cooperative (APPDE),Appliance Dealers Cooperative (APPDE),Appliance Dealers Cooperative,,DR7004BE,,Appliances>Large Appliances>Dryer,,,,,,,,,,,,,,,,,,,,,,,,,,,,,,,,Dryer,,,,,,,,,,,,,,,,,,,,,,,,,,,,,,,,,,,,,,,,,,,,,,,,,,,,,,,,,,,,,,,,,,,,,,,,,,,,,,,,,,,,,,,,,,,,,,,,,,,,,,,,,,,,,,,,,,,,,,,,,,,,,,,,,,,,,,,,,,,,,,,,,,,,,,,,,,,,,,,,,,,,,,,,,,,,,,,,,,,,,,,,,,,,,,,,,,,,,
,,,,,,DV2000WE,Appliances,Large Appliances,Dryer,DV2000WE,DV2000WE,DV2000WE SQ Elect Dryer Wh,-- Unbranded --,-- Unbranded --,,Appliance Dealers Cooperative (APPDE),Appliance Dealers Cooperative (APPDE),Appliance Dealers Cooperative,,DV2000WE,,Appliances>Large Appliances>Dryer,,,,,,,,,,,,,,,,,,,,,,,,,,,,,,,,Dryer,,,,,,,,,,,,,,,,,,,,,,,,,,,,,,,,,,,,,,,,,,,,,,,,,,,,,,,,,,,,,,,,,,,,,,,,,,,,,,,,,,,,,,,,,,,,,,,,,,,,,,,,,,,,,,,,,,,,,,,,,,,,,,,,,,,,,,,,,,,,,,,,,,,,,,,,,,,,,,,,,,,,,,,,,,,,,,,,,,,,,,,,,,,,,,,,,,,,,
,,,,,,DC5004WE,Appliances,Large Appliances,Dryer,DC5004WE,DC5004WE,DC5004WE SQ Elect Dryer Wh,-- Unbranded --,-- Unbranded --,,Appliance Dealers Cooperative (APPDE),Appliance Dealers Cooperative (APPDE),Appliance Dealers Cooperative,,DC5004WE,,Appliances>Large Appliances>Dryer,,,,,,,,,,,,,,,,,,,,,,,,,,,,,,,,Dryer,,,,,,,,,,,,,,,,,,,,,,,,,,,,,,,,,,,,,,,,,,,,,,,,,,,,,,,,,,,,,,,,,,,,,,,,,,,,,,,,,,,,,,,,,,,,,,,,,,,,,,,,,,,,,,,,,,,,,,,,,,,,,,,,,,,,,,,,,,,,,,,,,,,,,,,,,,,,,,,,,,,,,,,,,,,,,,,,,,,,,,,,,,,,,,,,,,,,,
,,,,,,DC5004BE,Appliances,Large Appliances,Dryer,DC5004BE,DC5004BE,DC5004BE SQ Elect Dryer Bk,-- Unbranded --,-- Unbranded --,,Appliance Dealers Cooperative (APPDE),Appliance Dealers Cooperative (APPDE),Appliance Dealers Cooperative,,DC5004BE,,Appliances>Large Appliances>Dryer,,,,,,,,,,,,,,,,,,,,,,,,,,,,,,,,Dryer,,,,,,,,,,,,,,,,,,,,,,,,,,,,,,,,,,,,,,,,,,,,,,,,,,,,,,,,,,,,,,,,,,,,,,,,,,,,,,,,,,,,,,,,,,,,,,,,,,,,,,,,,,,,,,,,,,,,,,,,,,,,,,,,,,,,,,,,,,,,,,,,,,,,,,,,,,,,,,,,,,,,,,,,,,,,,,,,,,,,,,,,,,,,,,,,,,,,,
,,,,,,WKE100HWA,Industrial & MRO Supplies,General Hardware,Component,WKE100HWA,WKE100HWA,WKE100HWA LG Laundry Center Wh - Display,-- Unbranded --,-- Unbranded --,,Appliance Dealers Cooperative (APPDE),Appliance Dealers Cooperative (APPDE),Appliance Dealers Cooperative,,WKE100HWA,,Industrial & MRO Supplies>General Hardware>Component,,,,,,,,,,,,,,,,,,,,,,,,,,,,,,,,Component,,,,,,,,,,,,,,,,,,,,,,,,,,,,,,,,,,,,,,,,,,,,,,,,,,,,,,,,,,,,,,,,,,,,,,,,,,,,,,,,,,,,,,,,,,,,,,,,,,,,,,,,,,,,,,,,,,,,,,,,,,,,,,,,,,,,,,,,,,,,,,,,,,,,,,,,,,,,,,,,,,,,,,,,,,,,,,,,,,,,,,,,,,,,,,,,,,,,,
,,,,,,FF7011WN,Fasteners & Hardware,Fasteners & Hardware,Washer,FF7011WN,FF7011WN,FF7011WN Speed Queen Washer Wh,-- Unbranded --,-- Unbranded --,,Appliance Dealers Cooperative (APPDE),Appliance Dealers Cooperative (APPDE),Appliance Dealers Cooperative,,FF7011WN,,Fasteners & Hardware>Fasteners & Hardware>Washer,,,,,,,,,,,,,,,,,,,,,,,,,,,,,,,,Washer,,,,,,,,,,,,,,,,,,,,,,,,,,,,,,,,,,,,,,,,,,,,,,,,,,,,,,,,,,,,,,,,,,,,,,,,,,,,,,,,,,,,,,,,,,,,,,,,,,,,,,,,,,,,,,,,,,,,,,,,,,,,,,,,,,,,,,,,,,,,,,,,,,,,,,,,,,,,,,,,,,,,,,,,,,,,,,,,,,,,,,,,,,,,,,,,,,,,,
,,,,,,PTD70GBPTDG,Appliances,Large Appliances,Dryer,PTD70GBPTDG,PTD70GBPTDG,PTD70GBPTDG GE Gas Dryer DG,-- Unbranded --,-- Unbranded --,,Appliance Dealers Cooperative (APPDE),Appliance Dealers Cooperative (APPDE),Appliance Dealers Cooperative,,PTD70GBPTDG,,Appliances>Large Appliances>Dryer,,,,,,,,,,,,,,,,,,,,,,,,,,,,,,,,Dryer,,,,,,,,,,,,,,,,,,,,,,,,,,,,,,,,,,,,,,,,,,,,,,,,,,,,,,,,,,,,,,,,,,,,,,,,,,,,,,,,,,,,,,,,,,,,,,,,,,,,,,,,,,,,,,,,,,,,,,,,,,,,,,,,,,,,,,,,,,,,,,,,,,,,,,,,,,,,,,,,,,,,,,,,,,,,,,,,,,,,,,,,,,,,,,,,,,,,,
,,,,,,PTD70GBSTWS,Appliances,Large Appliances,Dryer,PTD70GBSTWS,PTD70GBSTWS,PTD70GBSTWS GE Gas Dryer Wh,-- Unbranded --,-- Unbranded --,,Appliance Dealers Cooperative (APPDE),Appliance Dealers Cooperative (APPDE),Appliance Dealers Cooperative,,PTD70GBSTWS,,Appliances>Large Appliances>Dryer,,,,,,,,,,,,,,,,,,,,,,,,,,,,,,,,Dryer,,,,,,,,,,,,,,,,,,,,,,,,,,,,,,,,,,,,,,,,,,,,,,,,,,,,,,,,,,,,,,,,,,,,,,,,,,,,,,,,,,,,,,,,,,,,,,,,,,,,,,,,,,,,,,,,,,,,,,,,,,,,,,,,,,,,,,,,,,,,,,,,,,,,,,,,,,,,,,,,,,,,,,,,,,,,,,,,,,,,,,,,,,,,,,,,,,,,,
,,,,,,DR5004WG,Appliances,Large Appliances,Dryer,DR5004WG,DR5004WG,DR5004WG SQ Gas Dryer Wh,-- Unbranded --,-- Unbranded --,,Appliance Dealers Cooperative (APPDE),Appliance Dealers Cooperative (APPDE),Appliance Dealers Cooperative,,DR5004WG,,Appliances>Large Appliances>Dryer,,,,,,,,,,,,,,,,,,,,,,,,,,,,,,,,Dryer,,,,,,,,,,,,,,,,,,,,,,,,,,,,,,,,,,,,,,,,,,,,,,,,,,,,,,,,,,,,,,,,,,,,,,,,,,,,,,,,,,,,,,,,,,,,,,,,,,,,,,,,,,,,,,,,,,,,,,,,,,,,,,,,,,,,,,,,,,,,,,,,,,,,,,,,,,,,,,,,,,,,,,,,,,,,,,,,,,,,,,,,,,,,,,,,,,,,,
,,,,,,DR7004BG,Appliances,Large Appliances,Dryer,DR7004BG,DR7004BG,DR7004BG SQ Gas Dryer Bk,-- Unbranded --,-- Unbranded --,,Appliance Dealers Cooperative (APPDE),Appliance Dealers Cooperative (APPDE),Appliance Dealers Cooperative,,DR7004BG,,Appliances>Large Appliances>Dryer,,,,,,,,,,,,,,,,,,,,,,,,,,,,,,,,Dryer,,,,,,,,,,,,,,,,,,,,,,,,,,,,,,,,,,,,,,,,,,,,,,,,,,,,,,,,,,,,,,,,,,,,,,,,,,,,,,,,,,,,,,,,,,,,,,,,,,,,,,,,,,,,,,,,,,,,,,,,,,,,,,,,,,,,,,,,,,,,,,,,,,,,,,,,,,,,,,,,,,,,,,,,,,,,,,,,,,,,,,,,,,,,,,,,,,,,,
,,,,,,DR7004WG,Appliances,Large Appliances,Dryer,DR7004WG,DR7004WG,DR7004WG SQ Gas Dryer Wh,-- Unbranded --,-- Unbranded --,,Appliance Dealers Cooperative (APPDE),Appliance Dealers Cooperative (APPDE),Appliance Dealers Cooperative,,DR7004WG,,Appliances>Large Appliances>Dryer,,,,,,,,,,,,,,,,,,,,,,,,,,,,,,,,Dryer,,,,,,,,,,,,,,,,,,,,,,,,,,,,,,,,,,,,,,,,,,,,,,,,,,,,,,,,,,,,,,,,,,,,,,,,,,,,,,,,,,,,,,,,,,,,,,,,,,,,,,,,,,,,,,,,,,,,,,,,,,,,,,,,,,,,,,,,,,,,,,,,,,,,,,,,,,,,,,,,,,,,,,,,,,,,,,,,,,,,,,,,,,,,,,,,,,,,,
,,,,,,DV2000WG,Appliances,Large Appliances,Dryer,DV2000WG,DV2000WG,DV2000WG SQ Gas Dryer Wh,-- Unbranded --,-- Unbranded --,,Appliance Dealers Cooperative (APPDE),Appliance Dealers Cooperative (APPDE),Appliance Dealers Cooperative,,DV2000WG,,Appliances>Large Appliances>Dryer,,,,,,,,,,,,,,,,,,,,,,,,,,,,,,,,Dryer,,,,,,,,,,,,,,,,,,,,,,,,,,,,,,,,,,,,,,,,,,,,,,,,,,,,,,,,,,,,,,,,,,,,,,,,,,,,,,,,,,,,,,,,,,,,,,,,,,,,,,,,,,,,,,,,,,,,,,,,,,,,,,,,,,,,,,,,,,,,,,,,,,,,,,,,,,,,,,,,,,,,,,,,,,,,,,,,,,,,,,,,,,,,,,,,,,,,,
,,,,,,DC5004WG,Appliances,Large Appliances,Dryer,DC5004WG,DC5004WG,DC5004WG SQ Gas Dryer Wh,-- Unbranded --,-- Unbranded --,,Appliance Dealers Cooperative (APPDE),Appliance Dealers Cooperative (APPDE),Appliance Dealers Cooperative,,DC5004WG,,Appliances>Large Appliances>Dryer,,,,,,,,,,,,,,,,,,,,,,,,,,,,,,,,Dryer,,,,,,,,,,,,,,,,,,,,,,,,,,,,,,,,,,,,,,,,,,,,,,,,,,,,,,,,,,,,,,,,,,,,,,,,,,,,,,,,,,,,,,,,,,,,,,,,,,,,,,,,,,,,,,,,,,,,,,,,,,,,,,,,,,,,,,,,,,,,,,,,,,,,,,,,,,,,,,,,,,,,,,,,,,,,,,,,,,,,,,,,,,,,,,,,,,,,,
,,,,,,DC5004BG,Appliances,Large Appliances,Dryer,DC5004BG,DC5004BG,DC5004BG SQ Gas Dryer Bk,-- Unbranded --,-- Unbranded --,,Appliance Dealers Cooperative (APPDE),Appliance Dealers Cooperative (APPDE),Appliance Dealers Cooperative,,DC5004BG,,Appliances>Large Appliances>Dryer,,,,,,,,,,,,,,,,,,,,,,,,,,,,,,,,Dryer,,,,,,,,,,,,,,,,,,,,,,,,,,,,,,,,,,,,,,,,,,,,,,,,,,,,,,,,,,,,,,,,,,,,,,,,,,,,,,,,,,,,,,,,,,,,,,,,,,,,,,,,,,,,,,,,,,,,,,,,,,,,,,,,,,,,,,,,,,,,,,,,,,,,,,,,,,,,,,,,,,,,,,,,,,,,,,,,,,,,,,,,,,,,,,,,,,,,,
,,,,,,PTW705BSTWS,Fasteners & Hardware,Fasteners & Hardware,Washer,PTW705BSTWS,PTW705BSTWS,PTW705BSTWS GE Washer Wh,-- Unbranded --,-- Unbranded --,,Appliance Dealers Cooperative (APPDE),Appliance Dealers Cooperative (APPDE),Appliance Dealers Cooperative,,PTW705BSTWS,,Fasteners & Hardware>Fasteners & Hardware>Washer,,,,,,,,,,,,,,,,,,,,,,,,,,,,,,,,Washer,,,,,,,,,,,,,,,,,,,,,,,,,,,,,,,,,,,,,,,,,,,,,,,,,,,,,,,,,,,,,,,,,,,,,,,,,,,,,,,,,,,,,,,,,,,,,,,,,,,,,,,,,,,,,,,,,,,,,,,,,,,,,,,,,,,,,,,,,,,,,,,,,,,,,,,,,,,,,,,,,,,,,,,,,,,,,,,,,,,,,,,,,,,,,,,,,,,,,
,,,,,,MVWP586GW,Fasteners & Hardware,Fasteners & Hardware,Washer,MVWP586GW,MVWP586GW,MVWP586GW Washer Wh - Display,-- Unbranded --,-- Unbranded --,,Appliance Dealers Cooperative (APPDE),Appliance Dealers Cooperative (APPDE),Appliance Dealers Cooperative,,MVWP586GW,,Fasteners & Hardware>Fasteners & Hardware>Washer,,,,,,,,,,,,,,,,,,,,,,,,,,,,,,,,Washer,,,,,,,,,,,,,,,,,,,,,,,,,,,,,,,,,,,,,,,,,,,,,,,,,,,,,,,,,,,,,,,,,,,,,,,,,,,,,,,,,,,,,,,,,,,,,,,,,,,,,,,,,,,,,,,,,,,,,,,,,,,,,,,,,,,,,,,,,,,,,,,,,,,,,,,,,,,,,,,,,,,,,,,,,,,,,,,,,,,,,,,,,,,,,,,,,,,,,
,,,,,,TV2000WN,Fasteners & Hardware,Fasteners & Hardware,Washer,TV2000WN,TV2000WN,TV2000WN SQ Elect Washer,-- Unbranded --,-- Unbranded --,,Appliance Dealers Cooperative (APPDE),Appliance Dealers Cooperative (APPDE),Appliance Dealers Cooperative,,TV2000WN,,Fasteners & Hardware>Fasteners & Hardware>Washer,,,,,,,,,,,,,,,,,,,,,,,,,,,,,,,,Washer,,,,,,,,,,,,,,,,,,,,,,,,,,,,,,,,,,,,,,,,,,,,,,,,,,,,,,,,,,,,,,,,,,,,,,,,,,,,,,,,,,,,,,,,,,,,,,,,,,,,,,,,,,,,,,,,,,,,,,,,,,,,,,,,,,,,,,,,,,,,,,,,,,,,,,,,,,,,,,,,,,,,,,,,,,,,,,,,,,,,,,,,,,,,,,,,,,,,,
,,,,,,TC5003BN,Fasteners & Hardware,Fasteners & Hardware,Washer,TC5003BN,TC5003BN,TC5003BN SQ Washer Bk,-- Unbranded --,-- Unbranded --,,Appliance Dealers Cooperative (APPDE),Appliance Dealers Cooperative (APPDE),Appliance Dealers Cooperative,,TC5003BN,,Fasteners & Hardware>Fasteners & Hardware>Washer,,,,,,,,,,,,,,,,,,,,,,,,,,,,,,,,Washer,,,,,,,,,,,,,,,,,,,,,,,,,,,,,,,,,,,,,,,,,,,,,,,,,,,,,,,,,,,,,,,,,,,,,,,,,,,,,,,,,,,,,,,,,,,,,,,,,,,,,,,,,,,,,,,,,,,,,,,,,,,,,,,,,,,,,,,,,,,,,,,,,,,,,,,,,,,,,,,,,,,,,,,,,,,,,,,,,,,,,,,,,,,,,,,,,,,,,
,,,,,,TR7006WN,Fasteners & Hardware,Fasteners & Hardware,Washer,TR7006WN,TR7006WN,TR7006WN Speed Queen Washer Wh,-- Unbranded --,-- Unbranded --,,Appliance Dealers Cooperative (APPDE),Appliance Dealers Cooperative (APPDE),Appliance Dealers Cooperative,,TR7006WN,,Fasteners & Hardware>Fasteners & Hardware>Washer,,,,,,,,,,,,,,,,,,,,,,,,,,,,,,,,Washer,,,,,,,,,,,,,,,,,,,,,,,,,,,,,,,,,,,,,,,,,,,,,,,,,,,,,,,,,,,,,,,,,,,,,,,,,,,,,,,,,,,,,,,,,,,,,,,,,,,,,,,,,,,,,,,,,,,,,,,,,,,,,,,,,,,,,,,,,,,,,,,,,,,,,,,,,,,,,,,,,,,,,,,,,,,,,,,,,,,,,,,,,,,,,,,,,,,,,
,,,,,,TR7006BN,Fasteners & Hardware,Fasteners & Hardware,Washer,TR7006BN,TR7006BN,TR7006BN Speed Queen Washer Bk,-- Unbranded --,-- Unbranded --,,Appliance Dealers Cooperative (APPDE),Appliance Dealers Cooperative (APPDE),Appliance Dealers Cooperative,,TR7006BN,,Fasteners & Hardware>Fasteners & Hardware>Washer,,,,,,,,,,,,,,,,,,,,,,,,,,,,,,,,Washer,,,,,,,,,,,,,,,,,,,,,,,,,,,,,,,,,,,,,,,,,,,,,,,,,,,,,,,,,,,,,,,,,,,,,,,,,,,,,,,,,,,,,,,,,,,,,,,,,,,,,,,,,,,,,,,,,,,,,,,,,,,,,,,,,,,,,,,,,,,,,,,,,,,,,,,,,,,,,,,,,,,,,,,,,,,,,,,,,,,,,,,,,,,,,,,,,,,,,
,,,,,,TR5006WN,Fasteners & Hardware,Fasteners & Hardware,Washer,TR5006WN,TR5006WN,TR5006WN Speed Queen Washer Wh,-- Unbranded --,-- Unbranded --,,Appliance Dealers Cooperative (APPDE),Appliance Dealers Cooperative (APPDE),Appliance Dealers Cooperative,,TR5006WN,,Fasteners & Hardware>Fasteners & Hardware>Washer,,,,,,,,,,,,,,,,,,,,,,,,,,,,,,,,Washer,,,,,,,,,,,,,,,,,,,,,,,,,,,,,,,,,,,,,,,,,,,,,,,,,,,,,,,,,,,,,,,,,,,,,,,,,,,,,,,,,,,,,,,,,,,,,,,,,,,,,,,,,,,,,,,,,,,,,,,,,,,,,,,,,,,,,,,,,,,,,,,,,,,,,,,,,,,,,,,,,,,,,,,,,,,,,,,,,,,,,,,,,,,,,,,,,,,,,
,,,,,,05134545001,Industrial & MRO Supplies,General Hardware,Component,05134545001,05134545001,9516 Kneeling Pad& Bttl Opener,-- Unbranded --,-- Unbranded --,,Wera Tools NA Inc (WERTO),Wera Tools NA Inc (WERTO),Wera Tools NA Inc,,05134545001,,Industrial & MRO Supplies>General Hardware>Component,,,,,,,,,,,,,,,,,,,,,,,,,,,,,,,,Component,,,,,,,,,,,,,,,,,,,,,,,,,,,,,,,,,,,,,,,,,,,,,,,,,,,,,,,,,,,,,,,,,,,,,,,,,,,,,,,,,,,,,,,,,,,,,,,,,,,,,,,,,,,,,,,,,,,,,,,,,,,,,,,,,,,,,,,,,,,,,,,,,,,,,,,,,,,,,,,,,,,,,,,,,,,,,,,,,,,,,,,,,,,,,,,,,,,,,
,,,,,,LNL65301,Industrial & MRO Supplies,General Hardware,Component,LNL65301,LNL65301,LNL65301 Digital Tire Pressure - Inflator Gauge,-- Unbranded --,-- Unbranded --,,-,-,-,,LNL65301,,Industrial & MRO Supplies>General Hardware>Component,,,,,,,,,,,,,,,,,,,,,,,,,,,,,,,,Component,,,,,,,,,,,,,,,,,,,,,,,,,,,,,,,,,,,,,,,,,,,,,,,,,,,,,,,,,,,,,,,,,,,,,,,,,,,,,,,,,,,,,,,,,,,,,,,,,,,,,,,,,,,,,,,,,,,,,,,,,,,,,,,,,,,,,,,,,,,,,,,,,,,,,,,,,,,,,,,,,,,,,,,,,,,,,,,,,,,,,,,,,,,,,,,,,,,,,
,,,,,,25-A,Industrial & MRO Supplies,General Hardware,Component,25-A,25-A,Charcoal Black 25-A Mortar - Type N,-- Unbranded --,-- Unbranded --,,Rees Cast Stone Company (REECA),Rees Cast Stone Company (REECA),Rees Cast Stone Company,,25-A,,Industrial & MRO Supplies>General Hardware>Component,,,,,,,,,,,,,,,,,,,,,,,,,,,,,,,,Component,,,,,,,,,,,,,,,,,,,,,,,,,,,,,,,,,,,,,,,,,,,,,,,,,,,,,,,,,,,,,,,,,,,,,,,,,,,,,,,,,,,,,,,,,,,,,,,,,,,,,,,,,,,,,,,,,,,,,,,,,,,,,,,,,,,,,,,,,,,,,,,,,,,,,,,,,,,,,,,,,,,,,,,,,,,,,,,,,,,,,,,,,,,,,,,,,,,,,
,,,,,,38-E,Industrial & MRO Supplies,General Hardware,Component,38-E,38-E,Dark Chocolate 38-E Mortar - Type N,-- Unbranded --,-- Unbranded --,,Rees Cast Stone Company (REECA),Rees Cast Stone Company (REECA),Rees Cast Stone Company,,38-E,,Industrial & MRO Supplies>General Hardware>Component,,,,,,,,,,,,,,,,,,,,,,,,,,,,,,,,Component,,,,,,,,,,,,,,,,,,,,,,,,,,,,,,,,,,,,,,,,,,,,,,,,,,,,,,,,,,,,,,,,,,,,,,,,,,,,,,,,,,,,,,,,,,,,,,,,,,,,,,,,,,,,,,,,,,,,,,,,,,,,,,,,,,,,,,,,,,,,,,,,,,,,,,,,,,,,,,,,,,,,,,,,,,,,,,,,,,,,,,,,,,,,,,,,,,,,,
,,,,,,59-J,Industrial & MRO Supplies,General Hardware,Component,59-J,59-J,Light Buff 59-J Mortar - Type N,-- Unbranded --,-- Unbranded --,,Rees Cast Stone Company (REECA),Rees Cast Stone Company (REECA),Rees Cast Stone Company,,59-J,,Industrial & MRO Supplies>General Hardware>Component,,,,,,,,,,,,,,,,,,,,,,,,,,,,,,,,Component,,,,,,,,,,,,,,,,,,,,,,,,,,,,,,,,,,,,,,,,,,,,,,,,,,,,,,,,,,,,,,,,,,,,,,,,,,,,,,,,,,,,,,,,,,,,,,,,,,,,,,,,,,,,,,,,,,,,,,,,,,,,,,,,,,,,,,,,,,,,,,,,,,,,,,,,,,,,,,,,,,,,,,,,,,,,,,,,,,,,,,,,,,,,,,,,,,,,,
,,,,,,44-A,Industrial & MRO Supplies,General Hardware,Component,44-A,44-A,Light Chocolate 44-A Mortar - Type N,-- Unbranded --,-- Unbranded --,,Rees Cast Stone Company (REECA),Rees Cast Stone Company (REECA),Rees Cast Stone Company,,44-A,,Industrial & MRO Supplies>General Hardware>Component,,,,,,,,,,,,,,,,,,,,,,,,,,,,,,,,Component,,,,,,,,,,,,,,,,,,,,,,,,,,,,,,,,,,,,,,,,,,,,,,,,,,,,,,,,,,,,,,,,,,,,,,,,,,,,,,,,,,,,,,,,,,,,,,,,,,,,,,,,,,,,,,,,,,,,,,,,,,,,,,,,,,,,,,,,,,,,,,,,,,,,,,,,,,,,,,,,,,,,,,,,,,,,,,,,,,,,,,,,,,,,,,,,,,,,,
,,,,,,543302126,Industrial & MRO Supplies,General Hardware,Component,543302126,543302126,6' Wh Select T-Rail Kit Horiz - w/Sq Composite Balusters,TREX,TREX,,U S Lumber (3073),U S Lumber (3073),TREX,,543302126,,Industrial & MRO Supplies>General Hardware>Component,,,,,,,,,,,,,,,,,,,,,,,,,,,,,,,,Component,,,,,,,,,,,,,,,,,,,,,,,,,,,,,,,,,,,,,,,,,,,,,,,,,,,,,,,,,,,,,,,,,,,,,,,,,,,,,,,,,,,,,,,,,,,,,,,,,,,,,,,,,,,,,,,,,,,,,,,,,,,,,,,,,,,,,,,,,,,,,,,,,,,,,,,,,,,,,,,,,,,,,,,,,,,,,,,,,,,,,,,,,,,,,,,,,,,,,
,,,,,,543302146,Industrial & MRO Supplies,General Hardware,Component,543302146,543302146,8' Wh Select T-Rail Kit Horiz - w/Sq Composite Balusters,TREX,TREX,,U S Lumber (3073),U S Lumber (3073),TREX,,543302146,,Industrial & MRO Supplies>General Hardware>Component,,,,,,,,,,,,,,,,,,,,,,,,,,,,,,,,Component,,,,,,,,,,,,,,,,,,,,,,,,,,,,,,,,,,,,,,,,,,,,,,,,,,,,,,,,,,,,,,,,,,,,,,,,,,,,,,,,,,,,,,,,,,,,,,,,,,,,,,,,,,,,,,,,,,,,,,,,,,,,,,,,,,,,,,,,,,,,,,,,,,,,,,,,,,,,,,,,,,,,,,,,,,,,,,,,,,,,,,,,,,,,,,,,,,,,,
,,,,,,73019603,Industrial & MRO Supplies,General Hardware,Component,73019603,73019603,Finyline Wh 6' Fl Rail Kit Sq,-- Unbranded --,-- Unbranded --,,-,-,-,,73019603,,Industrial & MRO Supplies>General Hardware>Component,,,,,,,,,,,,,,,,,,,,,,,,,,,,,,,,Component,,,,,,,,,,,,,,,,,,,,,,,,,,,,,,,,,,,,,,,,,,,,,,,,,,,,,,,,,,,,,,,,,,,,,,,,,,,,,,,,,,,,,,,,,,,,,,,,,,,,,,,,,,,,,,,,,,,,,,,,,,,,,,,,,,,,,,,,,,,,,,,,,,,,,,,,,,,,,,,,,,,,,,,,,,,,,,,,,,,,,,,,,,,,,,,,,,,,,
,,,,,,73019652,Industrial & MRO Supplies,General Hardware,Component,73019652,73019652,Finyline Wh 8' Fl Rail Kit Sq,-- Unbranded --,-- Unbranded --,,-,-,-,,73019652,,Industrial & MRO Supplies>General Hardware>Component,,,,,,,,,,,,,,,,,,,,,,,,,,,,,,,,Component,,,,,,,,,,,,,,,,,,,,,,,,,,,,,,,,,,,,,,,,,,,,,,,,,,,,,,,,,,,,,,,,,,,,,,,,,,,,,,,,,,,,,,,,,,,,,,,,,,,,,,,,,,,,,,,,,,,,,,,,,,,,,,,,,,,,,,,,,,,,,,,,,,,,,,,,,,,,,,,,,,,,,,,,,,,,,,,,,,,,,,,,,,,,,,,,,,,,,
,,,,,,73019517,Industrial & MRO Supplies,General Hardware,Component,73019517,73019517,Finyline Wh 10' Fl Rail Kit Sq,-- Unbranded --,-- Unbranded --,,-,-,-,,73019517,,Industrial & MRO Supplies>General Hardware>Component,,,,,,,,,,,,,,,,,,,,,,,,,,,,,,,,Component,,,,,,,,,,,,,,,,,,,,,,,,,,,,,,,,,,,,,,,,,,,,,,,,,,,,,,,,,,,,,,,,,,,,,,,,,,,,,,,,,,,,,,,,,,,,,,,,,,,,,,,,,,,,,,,,,,,,,,,,,,,,,,,,,,,,,,,,,,,,,,,,,,,,,,,,,,,,,,,,,,,,,,,,,,,,,,,,,,,,,,,,,,,,,,,,,,,,,
,,,,,,73019602,Industrial & MRO Supplies,General Hardware,Component,73019602,73019602,Finyline Wh 6' Fl Rail Kit Rd - w/Black Alum Balusters,-- Unbranded --,-- Unbranded --,,-,-,-,,73019602,,Industrial & MRO Supplies>General Hardware>Component,,,,,,,,,,,,,,,,,,,,,,,,,,,,,,,,Component,,,,,,,,,,,,,,,,,,,,,,,,,,,,,,,,,,,,,,,,,,,,,,,,,,,,,,,,,,,,,,,,,,,,,,,,,,,,,,,,,,,,,,,,,,,,,,,,,,,,,,,,,,,,,,,,,,,,,,,,,,,,,,,,,,,,,,,,,,,,,,,,,,,,,,,,,,,,,,,,,,,,,,,,,,,,,,,,,,,,,,,,,,,,,,,,,,,,,
,,,,,,73019651,Industrial & MRO Supplies,General Hardware,Component,73019651,73019651,Finyline Wh 8' Fl Rail Kit Rd - w/Black Alum Balusters,-- Unbranded --,-- Unbranded --,,-,-,-,,73019651,,Industrial & MRO Supplies>General Hardware>Component,,,,,,,,,,,,,,,,,,,,,,,,,,,,,,,,Component,,,,,,,,,,,,,,,,,,,,,,,,,,,,,,,,,,,,,,,,,,,,,,,,,,,,,,,,,,,,,,,,,,,,,,,,,,,,,,,,,,,,,,,,,,,,,,,,,,,,,,,,,,,,,,,,,,,,,,,,,,,,,,,,,,,,,,,,,,,,,,,,,,,,,,,,,,,,,,,,,,,,,,,,,,,,,,,,,,,,,,,,,,,,,,,,,,,,,
,,,,,,73019516,Industrial & MRO Supplies,General Hardware,Component,73019516,73019516,Finyline Wh 10' Fl Rail Kit Rd - w/Black Alum Balusters,-- Unbranded --,-- Unbranded --,,-,-,-,,73019516,,Industrial & MRO Supplies>General Hardware>Component,,,,,,,,,,,,,,,,,,,,,,,,,,,,,,,,Component,,,,,,,,,,,,,,,,,,,,,,,,,,,,,,,,,,,,,,,,,,,,,,,,,,,,,,,,,,,,,,,,,,,,,,,,,,,,,,,,,,,,,,,,,,,,,,,,,,,,,,,,,,,,,,,,,,,,,,,,,,,,,,,,,,,,,,,,,,,,,,,,,,,,,,,,,,,,,,,,,,,,,,,,,,,,,,,,,,,,,,,,,,,,,,,,,,,,,
,,,,,,543300256,Industrial & MRO Supplies,General Hardware,Component,543300256,543300256,6' Black Select Classic Horiz - Rail w/Rnd Black Alum Baluster,TREX,TREX,,Boise Cascade Building Materials (BOICA),Boise Cascade Building Materials (BOICA),TREX,,543300256,,Industrial & MRO Supplies>General Hardware>Component,,,,,,,,,,,,,,,,,,,,,,,,,,,,,,,,Component,,,,,,,,,,,,,,,,,,,,,,,,,,,,,,,,,,,,,,,,,,,,,,,,,,,,,,,,,,,,,,,,,,,,,,,,,,,,,,,,,,,,,,,,,,,,,,,,,,,,,,,,,,,,,,,,,,,,,,,,,,,,,,,,,,,,,,,,,,,,,,,,,,,,,,,,,,,,,,,,,,,,,,,,,,,,,,,,,,,,,,,,,,,,,,,,,,,,,
,,,,,,543300276,Industrial & MRO Supplies,General Hardware,Component,543300276,543300276,8' Black Select Classic Horiz - Rail w/Rnd Black Alum Baluster,TREX,TREX,,Boise Cascade Building Materials (BOICA),Boise Cascade Building Materials (BOICA),TREX,,543300276,,Industrial & MRO Supplies>General Hardware>Component,,,,,,,,,,,,,,,,,,,,,,,,,,,,,,,,Component,,,,,,,,,,,,,,,,,,,,,,,,,,,,,,,,,,,,,,,,,,,,,,,,,,,,,,,,,,,,,,,,,,,,,,,,,,,,,,,,,,,,,,,,,,,,,,,,,,,,,,,,,,,,,,,,,,,,,,,,,,,,,,,,,,,,,,,,,,,,,,,,,,,,,,,,,,,,,,,,,,,,,,,,,,,,,,,,,,,,,,,,,,,,,,,,,,,,,
,,,,,,73045028,Industrial & MRO Supplies,General Hardware,Component,73045028,73045028,Custom Finyline Wh Gate Sq Bal,-- Unbranded --,-- Unbranded --,,-,-,-,,73045028,,Industrial & MRO Supplies>General Hardware>Component,,,,,,,,,,,,,,,,,,,,,,,,,,,,,,,,Component,,,,,,,,,,,,,,,,,,,,,,,,,,,,,,,,,,,,,,,,,,,,,,,,,,,,,,,,,,,,,,,,,,,,,,,,,,,,,,,,,,,,,,,,,,,,,,,,,,,,,,,,,,,,,,,,,,,,,,,,,,,,,,,,,,,,,,,,,,,,,,,,,,,,,,,,,,,,,,,,,,,,,,,,,,,,,,,,,,,,,,,,,,,,,,,,,,,,,
,,,,,,73045031,Industrial & MRO Supplies,General Hardware,Component,73045031,73045031,Custom Finyline Wh Gate Rd - w/Black Alum Balusters,-- Unbranded --,-- Unbranded --,,-,-,-,,73045031,,Industrial & MRO Supplies>General Hardware>Component,,,,,,,,,,,,,,,,,,,,,,,,,,,,,,,,Component,,,,,,,,,,,,,,,,,,,,,,,,,,,,,,,,,,,,,,,,,,,,,,,,,,,,,,,,,,,,,,,,,,,,,,,,,,,,,,,,,,,,,,,,,,,,,,,,,,,,,,,,,,,,,,,,,,,,,,,,,,,,,,,,,,,,,,,,,,,,,,,,,,,,,,,,,,,,,,,,,,,,,,,,,,,,,,,,,,,,,,,,,,,,,,,,,,,,,
,,,,,,543340126,Industrial & MRO Supplies,General Hardware,Component,543340126,543340126,"6'x36"" Select Alm w/Sq Bal Hor - Assembled Black Rail Panel",TREX,TREX,,Boise Cascade Building Materials (BOICA),Boise Cascade Building Materials (BOICA),TREX,,543340126,,Industrial & MRO Supplies>General Hardware>Component,,,,,,,,,,,,,,,,,,,,,,,,,,,,,,,,Component,,,,,,,,,,,,,,,,,,,,,,,,,,,,,,,,,,,,,,,,,,,,,,,,,,,,,,,,,,,,,,,,,,,,,,,,,,,,,,,,,,,,,,,,,,,,,,,,,,,,,,,,,,,,,,,,,,,,,,,,,,,,,,,,,,,,,,,,,,,,,,,,,,,,,,,,,,,,,,,,,,,,,,,,,,,,,,,,,,,,,,,,,,,,,,,,,,,,,
,,,,,,543340127,Industrial & MRO Supplies,General Hardware,Component,543340127,543340127,"6'x36"" Select Alm w/Sq Bal Str - Assembled Black Rail Panel",TREX,TREX,,Boise Cascade Building Materials (BOICA),Boise Cascade Building Materials (BOICA),TREX,,543340127,,Industrial & MRO Supplies>General Hardware>Component,,,,,,,,,,,,,,,,,,,,,,,,,,,,,,,,Component,,,,,,,,,,,,,,,,,,,,,,,,,,,,,,,,,,,,,,,,,,,,,,,,,,,,,,,,,,,,,,,,,,,,,,,,,,,,,,,,,,,,,,,,,,,,,,,,,,,,,,,,,,,,,,,,,,,,,,,,,,,,,,,,,,,,,,,,,,,,,,,,,,,,,,,,,,,,,,,,,,,,,,,,,,,,,,,,,,,,,,,,,,,,,,,,,,,,,
,,,,,,543340146,Industrial & MRO Supplies,General Hardware,Component,543340146,543340146,"8'x36"" Select Alm w/Sq Bal Hor - Assembled Black Rail Panel",TREX,TREX,,Boise Cascade Building Materials (BOICA),Boise Cascade Building Materials (BOICA),TREX,,543340146,,Industrial & MRO Supplies>General Hardware>Component,,,,,,,,,,,,,,,,,,,,,,,,,,,,,,,,Component,,,,,,,,,,,,,,,,,,,,,,,,,,,,,,,,,,,,,,,,,,,,,,,,,,,,,,,,,,,,,,,,,,,,,,,,,,,,,,,,,,,,,,,,,,,,,,,,,,,,,,,,,,,,,,,,,,,,,,,,,,,,,,,,,,,,,,,,,,,,,,,,,,,,,,,,,,,,,,,,,,,,,,,,,,,,,,,,,,,,,,,,,,,,,,,,,,,,,
,,,,,,543340147,Industrial & MRO Supplies,General Hardware,Component,543340147,543340147,"8'x36"" Select Alm w/Sq Bal Str - Assembled Black Rail Panel",TREX,TREX,,Boise Cascade Building Materials (BOICA),Boise Cascade Building Materials (BOICA),TREX,,543340147,,Industrial & MRO Supplies>General Hardware>Component,,,,,,,,,,,,,,,,,,,,,,,,,,,,,,,,Component,,,,,,,,,,,,,,,,,,,,,,,,,,,,,,,,,,,,,,,,,,,,,,,,,,,,,,,,,,,,,,,,,,,,,,,,,,,,,,,,,,,,,,,,,,,,,,,,,,,,,,,,,,,,,,,,,,,,,,,,,,,,,,,,,,,,,,,,,,,,,,,,,,,,,,,,,,,,,,,,,,,,,,,,,,,,,,,,,,,,,,,,,,,,,,,,,,,,,
,,,,,,ADB15516CS,Industrial & MRO Supplies,General Hardware,Component,ADB15516CS,ADB15516CS,1x6-16' Coastline Sq Edge - Vintage Azek PVC Decking,TIMBERTECH,TIMBERTECH,,Parksite (6151),Parksite (6151),TIMBERTECH,,ADB15516CS,,Industrial & MRO Supplies>General Hardware>Component,,,,,,,,,,,,,,,,,,,,,,,,,,,,,,,,Component,Dimensions,1x6-16,,,,,,,,,,,,,,,,,,,,,,,,,,,,,,,,,,,,,,,,,,,,,,,,,,,,,,,,,,,,,,,,,,,,,,,,,,,,,,,,,,,,,,,,,,,,,,,,,,,,,,,,,,,,,,,,,,,,,,,,,,,,,,,,,,,,,,,,,,,,,,,,,,,,,,,,,,,,,,,,,,,,,,,,,,,,,,,,,,,,,,,,,,,,,,,,,,,
,,,,,,ADB15520CS,Industrial & MRO Supplies,General Hardware,Component,ADB15520CS,ADB15520CS,1x6-20' Coastline Sq Edge - Vintage Azek PVC Decking,TIMBERTECH,TIMBERTECH,,Parksite (6151),Parksite (6151),TIMBERTECH,,ADB15520CS,,Industrial & MRO Supplies>General Hardware>Component,,,,,,,,,,,,,,,,,,,,,,,,,,,,,,,,Component,Dimensions,1x6-20,,,,,,,,,,,,,,,,,,,,,,,,,,,,,,,,,,,,,,,,,,,,,,,,,,,,,,,,,,,,,,,,,,,,,,,,,,,,,,,,,,,,,,,,,,,,,,,,,,,,,,,,,,,,,,,,,,,,,,,,,,,,,,,,,,,,,,,,,,,,,,,,,,,,,,,,,,,,,,,,,,,,,,,,,,,,,,,,,,,,,,,,,,,,,,,,,,,
,,,,,,ADB15516EW,Industrial & MRO Supplies,General Hardware,Component,ADB15516EW,ADB15516EW,1x6-16' English Walnut Sq Edge - Vintage Azek PVC Decking,TIMBERTECH,TIMBERTECH,,Parksite (6151),Parksite (6151),TIMBERTECH,,ADB15516EW,,Industrial & MRO Supplies>General Hardware>Component,,,,,,,,,,,,,,,,,,,,,,,,,,,,,,,,Component,Dimensions,1x6-16,,,,,,,,,,,,,,,,,,,,,,,,,,,,,,,,,,,,,,,,,,,,,,,,,,,,,,,,,,,,,,,,,,,,,,,,,,,,,,,,,,,,,,,,,,,,,,,,,,,,,,,,,,,,,,,,,,,,,,,,,,,,,,,,,,,,,,,,,,,,,,,,,,,,,,,,,,,,,,,,,,,,,,,,,,,,,,,,,,,,,,,,,,,,,,,,,,,
,,,,,,ADB15520EW,Industrial & MRO Supplies,General Hardware,Component,ADB15520EW,ADB15520EW,1x6-20' English Walnut Sq Edge - Vintage Azek PVC Decking,TIMBERTECH,TIMBERTECH,,Parksite (6151),Parksite (6151),TIMBERTECH,,ADB15520EW,,Industrial & MRO Supplies>General Hardware>Component,,,,,,,,,,,,,,,,,,,,,,,,,,,,,,,,Component,Dimensions,1x6-20,,,,,,,,,,,,,,,,,,,,,,,,,,,,,,,,,,,,,,,,,,,,,,,,,,,,,,,,,,,,,,,,,,,,,,,,,,,,,,,,,,,,,,,,,,,,,,,,,,,,,,,,,,,,,,,,,,,,,,,,,,,,,,,,,,,,,,,,,,,,,,,,,,,,,,,,,,,,,,,,,,,,,,,,,,,,,,,,,,,,,,,,,,,,,,,,,,,
,,,,,,ADB15516MH,Industrial & MRO Supplies,General Hardware,Component,ADB15516MH,ADB15516MH,1x6-16' Mahogany Sq Edge - Vintage Azek PVC Decking,TIMBERTECH,TIMBERTECH,,Parksite (6151),Parksite (6151),TIMBERTECH,,ADB15516MH,,Industrial & MRO Supplies>General Hardware>Component,,,,,,,,,,,,,,,,,,,,,,,,,,,,,,,,Component,Dimensions,1x6-16,,,,,,,,,,,,,,,,,,,,,,,,,,,,,,,,,,,,,,,,,,,,,,,,,,,,,,,,,,,,,,,,,,,,,,,,,,,,,,,,,,,,,,,,,,,,,,,,,,,,,,,,,,,,,,,,,,,,,,,,,,,,,,,,,,,,,,,,,,,,,,,,,,,,,,,,,,,,,,,,,,,,,,,,,,,,,,,,,,,,,,,,,,,,,,,,,,,
,,,,,,ADB15520MH,Industrial & MRO Supplies,General Hardware,Component,ADB15520MH,ADB15520MH,1x6-20' Mahogany Sq Edge - Vintage Azek PVC Decking,TIMBERTECH,TIMBERTECH,,Parksite (6151),Parksite (6151),TIMBERTECH,,ADB15520MH,,Industrial & MRO Supplies>General Hardware>Component,,,,,,,,,,,,,,,,,,,,,,,,,,,,,,,,Component,Dimensions,1x6-20,,,,,,,,,,,,,,,,,,,,,,,,,,,,,,,,,,,,,,,,,,,,,,,,,,,,,,,,,,,,,,,,,,,,,,,,,,,,,,,,,,,,,,,,,,,,,,,,,,,,,,,,,,,,,,,,,,,,,,,,,,,,,,,,,,,,,,,,,,,,,,,,,,,,,,,,,,,,,,,,,,,,,,,,,,,,,,,,,,,,,,,,,,,,,,,,,,,
,,,,,,ADB15516WT,Industrial & MRO Supplies,General Hardware,Component,ADB15516WT,ADB15516WT,1x6-16' Weathered Teak Sq Edge - Vintage Azek PVC Decking,TIMBERTECH,TIMBERTECH,,Parksite (6151),Parksite (6151),TIMBERTECH,,ADB15516WT,,Industrial & MRO Supplies>General Hardware>Component,,,,,,,,,,,,,,,,,,,,,,,,,,,,,,,,Component,Dimensions,1x6-16,,,,,,,,,,,,,,,,,,,,,,,,,,,,,,,,,,,,,,,,,,,,,,,,,,,,,,,,,,,,,,,,,,,,,,,,,,,,,,,,,,,,,,,,,,,,,,,,,,,,,,,,,,,,,,,,,,,,,,,,,,,,,,,,,,,,,,,,,,,,,,,,,,,,,,,,,,,,,,,,,,,,,,,,,,,,,,,,,,,,,,,,,,,,,,,,,,,
,,,,,,ADB15520WT,Industrial & MRO Supplies,General Hardware,Component,ADB15520WT,ADB15520WT,1x6-20' Weathered Teak Sq Edge - Vintage Azek PVC Decking,TIMBERTECH,TIMBERTECH,,Parksite (6151),Parksite (6151),TIMBERTECH,,ADB15520WT,,Industrial & MRO Supplies>General Hardware>Component,,,,,,,,,,,,,,,,,,,,,,,,,,,,,,,,Component,Dimensions,1x6-20,,,,,,,,,,,,,,,,,,,,,,,,,,,,,,,,,,,,,,,,,,,,,,,,,,,,,,,,,,,,,,,,,,,,,,,,,,,,,,,,,,,,,,,,,,,,,,,,,,,,,,,,,,,,,,,,,,,,,,,,,,,,,,,,,,,,,,,,,,,,,,,,,,,,,,,,,,,,,,,,,,,,,,,,,,,,,,,,,,,,,,,,,,,,,,,,,,,
,,,,,,AGB15512CS,Industrial & MRO Supplies,General Hardware,Component,AGB15512CS,AGB15512CS,1x6-12' Coastline Grooved - Vintage Azek PVC Decking,TIMBERTECH,TIMBERTECH,,Parksite (6151),Parksite (6151),TIMBERTECH,,AGB15512CS,,Industrial & MRO Supplies>General Hardware>Component,,,,,,,,,,,,,,,,,,,,,,,,,,,,,,,,Component,Dimensions,1x6-12,,,,,,,,,,,,,,,,,,,,,,,,,,,,,,,,,,,,,,,,,,,,,,,,,,,,,,,,,,,,,,,,,,,,,,,,,,,,,,,,,,,,,,,,,,,,,,,,,,,,,,,,,,,,,,,,,,,,,,,,,,,,,,,,,,,,,,,,,,,,,,,,,,,,,,,,,,,,,,,,,,,,,,,,,,,,,,,,,,,,,,,,,,,,,,,,,,,
,,,,,,AGB15516CS,Industrial & MRO Supplies,General Hardware,Component,AGB15516CS,AGB15516CS,1x6-16' Coastline Grooved - Vintage Azek PVC Decking,TIMBERTECH,TIMBERTECH,,Parksite (6151),Parksite (6151),TIMBERTECH,,AGB15516CS,,Industrial & MRO Supplies>General Hardware>Component,,,,,,,,,,,,,,,,,,,,,,,,,,,,,,,,Component,Dimensions,1x6-16,,,,,,,,,,,,,,,,,,,,,,,,,,,,,,,,,,,,,,,,,,,,,,,,,,,,,,,,,,,,,,,,,,,,,,,,,,,,,,,,,,,,,,,,,,,,,,,,,,,,,,,,,,,,,,,,,,,,,,,,,,,,,,,,,,,,,,,,,,,,,,,,,,,,,,,,,,,,,,,,,,,,,,,,,,,,,,,,,,,,,,,,,,,,,,,,,,,
,,,,,,AGB15520CS,Industrial & MRO Supplies,General Hardware,Component,AGB15520CS,AGB15520CS,1x6-20' Coastline Grooved - Vintage Azek PVC Decking,TIMBERTECH,TIMBERTECH,,Parksite (6151),Parksite (6151),TIMBERTECH,,AGB15520CS,,Industrial & MRO Supplies>General Hardware>Component,,,,,,,,,,,,,,,,,,,,,,,,,,,,,,,,Component,Dimensions,1x6-20,,,,,,,,,,,,,,,,,,,,,,,,,,,,,,,,,,,,,,,,,,,,,,,,,,,,,,,,,,,,,,,,,,,,,,,,,,,,,,,,,,,,,,,,,,,,,,,,,,,,,,,,,,,,,,,,,,,,,,,,,,,,,,,,,,,,,,,,,,,,,,,,,,,,,,,,,,,,,,,,,,,,,,,,,,,,,,,,,,,,,,,,,,,,,,,,,,,
,,,,,,AGB15512EW,Industrial & MRO Supplies,General Hardware,Component,AGB15512EW,AGB15512EW,1x6-12' English Walnut Grooved - Vintage Azek PVC Decking,TIMBERTECH,TIMBERTECH,,Parksite (6151),Parksite (6151),TIMBERTECH,,AGB15512EW,,Industrial & MRO Supplies>General Hardware>Component,,,,,,,,,,,,,,,,,,,,,,,,,,,,,,,,Component,Dimensions,1x6-12,,,,,,,,,,,,,,,,,,,,,,,,,,,,,,,,,,,,,,,,,,,,,,,,,,,,,,,,,,,,,,,,,,,,,,,,,,,,,,,,,,,,,,,,,,,,,,,,,,,,,,,,,,,,,,,,,,,,,,,,,,,,,,,,,,,,,,,,,,,,,,,,,,,,,,,,,,,,,,,,,,,,,,,,,,,,,,,,,,,,,,,,,,,,,,,,,,,
,,,,,,AGB15516EW,Industrial & MRO Supplies,General Hardware,Component,AGB15516EW,AGB15516EW,1x6-16' English Walnut Grooved - Vintage Azek PVC Decking,TIMBERTECH,TIMBERTECH,,Parksite (6151),Parksite (6151),TIMBERTECH,,AGB15516EW,,Industrial & MRO Supplies>General Hardware>Component,,,,,,,,,,,,,,,,,,,,,,,,,,,,,,,,Component,Dimensions,1x6-16,,,,,,,,,,,,,,,,,,,,,,,,,,,,,,,,,,,,,,,,,,,,,,,,,,,,,,,,,,,,,,,,,,,,,,,,,,,,,,,,,,,,,,,,,,,,,,,,,,,,,,,,,,,,,,,,,,,,,,,,,,,,,,,,,,,,,,,,,,,,,,,,,,,,,,,,,,,,,,,,,,,,,,,,,,,,,,,,,,,,,,,,,,,,,,,,,,,
,,,,,,AGB15520EW,Industrial & MRO Supplies,General Hardware,Component,AGB15520EW,AGB15520EW,1x6-20' English Walnut Grooved - Vintage Azek PVC Decking,TIMBERTECH,TIMBERTECH,,Parksite (6151),Parksite (6151),TIMBERTECH,,AGB15520EW,,Industrial & MRO Supplies>General Hardware>Component,,,,,,,,,,,,,,,,,,,,,,,,,,,,,,,,Component,Dimensions,1x6-20,,,,,,,,,,,,,,,,,,,,,,,,,,,,,,,,,,,,,,,,,,,,,,,,,,,,,,,,,,,,,,,,,,,,,,,,,,,,,,,,,,,,,,,,,,,,,,,,,,,,,,,,,,,,,,,,,,,,,,,,,,,,,,,,,,,,,,,,,,,,,,,,,,,,,,,,,,,,,,,,,,,,,,,,,,,,,,,,,,,,,,,,,,,,,,,,,,,
,,,,,,AGB15512MH,Industrial & MRO Supplies,General Hardware,Component,AGB15512MH,AGB15512MH,1x6-12' Mahogany Grooved - Vintage Azek PVC Decking,TIMBERTECH,TIMBERTECH,,Parksite (6151),Parksite (6151),TIMBERTECH,,AGB15512MH,,Industrial & MRO Supplies>General Hardware>Component,,,,,,,,,,,,,,,,,,,,,,,,,,,,,,,,Component,Dimensions,1x6-12,,,,,,,,,,,,,,,,,,,,,,,,,,,,,,,,,,,,,,,,,,,,,,,,,,,,,,,,,,,,,,,,,,,,,,,,,,,,,,,,,,,,,,,,,,,,,,,,,,,,,,,,,,,,,,,,,,,,,,,,,,,,,,,,,,,,,,,,,,,,,,,,,,,,,,,,,,,,,,,,,,,,,,,,,,,,,,,,,,,,,,,,,,,,,,,,,,,
,,,,,,AGB15516MH,Industrial & MRO Supplies,General Hardware,Component,AGB15516MH,AGB15516MH,1x6-16' Mahogany Grooved - Vintage Azek PVC Decking,TIMBERTECH,TIMBERTECH,,Parksite (6151),Parksite (6151),TIMBERTECH,,AGB15516MH,,Industrial & MRO Supplies>General Hardware>Component,,,,,,,,,,,,,,,,,,,,,,,,,,,,,,,,Component,Dimensions,1x6-16,,,,,,,,,,,,,,,,,,,,,,,,,,,,,,,,,,,,,,,,,,,,,,,,,,,,,,,,,,,,,,,,,,,,,,,,,,,,,,,,,,,,,,,,,,,,,,,,,,,,,,,,,,,,,,,,,,,,,,,,,,,,,,,,,,,,,,,,,,,,,,,,,,,,,,,,,,,,,,,,,,,,,,,,,,,,,,,,,,,,,,,,,,,,,,,,,,,
,,,,,,AGB15520MH,Industrial & MRO Supplies,General Hardware,Component,AGB15520MH,AGB15520MH,1x6-20' Mahogany Grooved - Vintage Azek PVC Decking,TIMBERTECH,TIMBERTECH,,Parksite (6151),Parksite (6151),TIMBERTECH,,AGB15520MH,,Industrial & MRO Supplies>General Hardware>Component,,,,,,,,,,,,,,,,,,,,,,,,,,,,,,,,Component,Dimensions,1x6-20,,,,,,,,,,,,,,,,,,,,,,,,,,,,,,,,,,,,,,,,,,,,,,,,,,,,,,,,,,,,,,,,,,,,,,,,,,,,,,,,,,,,,,,,,,,,,,,,,,,,,,,,,,,,,,,,,,,,,,,,,,,,,,,,,,,,,,,,,,,,,,,,,,,,,,,,,,,,,,,,,,,,,,,,,,,,,,,,,,,,,,,,,,,,,,,,,,,
,,,,,,AGB15512WT,Industrial & MRO Supplies,General Hardware,Component,AGB15512WT,AGB15512WT,1x6-12' Weathered Teak Grooved - Vintage Azek PVC Decking,TIMBERTECH,TIMBERTECH,,Parksite (6151),Parksite (6151),TIMBERTECH,,AGB15512WT,,Industrial & MRO Supplies>General Hardware>Component,,,,,,,,,,,,,,,,,,,,,,,,,,,,,,,,Component,Dimensions,1x6-12,,,,,,,,,,,,,,,,,,,,,,,,,,,,,,,,,,,,,,,,,,,,,,,,,,,,,,,,,,,,,,,,,,,,,,,,,,,,,,,,,,,,,,,,,,,,,,,,,,,,,,,,,,,,,,,,,,,,,,,,,,,,,,,,,,,,,,,,,,,,,,,,,,,,,,,,,,,,,,,,,,,,,,,,,,,,,,,,,,,,,,,,,,,,,,,,,,,
,,,,,,AGB15516WT,Industrial & MRO Supplies,General Hardware,Component,AGB15516WT,AGB15516WT,1x6-16' Weathered Teak Grooved - Vintage Azek PVC Decking,TIMBERTECH,TIMBERTECH,,Parksite (6151),Parksite (6151),TIMBERTECH,,AGB15516WT,,Industrial & MRO Supplies>General Hardware>Component,,,,,,,,,,,,,,,,,,,,,,,,,,,,,,,,Component,Dimensions,1x6-16,,,,,,,,,,,,,,,,,,,,,,,,,,,,,,,,,,,,,,,,,,,,,,,,,,,,,,,,,,,,,,,,,,,,,,,,,,,,,,,,,,,,,,,,,,,,,,,,,,,,,,,,,,,,,,,,,,,,,,,,,,,,,,,,,,,,,,,,,,,,,,,,,,,,,,,,,,,,,,,,,,,,,,,,,,,,,,,,,,,,,,,,,,,,,,,,,,,
,,,,,,AGB15520WT,Industrial & MRO Supplies,General Hardware,Component,AGB15520WT,AGB15520WT,1x6-20' Weathered Teak Grooved - Vintage Azek PVC Decking,TIMBERTECH,TIMBERTECH,,Parksite (6151),Parksite (6151),TIMBERTECH,,AGB15520WT,,Industrial & MRO Supplies>General Hardware>Component,,,,,,,,,,,,,,,,,,,,,,,,,,,,,,,,Component,Dimensions,1x6-20,,,,,,,,,,,,,,,,,,,,,,,,,,,,,,,,,,,,,,,,,,,,,,,,,,,,,,,,,,,,,,,,,,,,,,,,,,,,,,,,,,,,,,,,,,,,,,,,,,,,,,,,,,,,,,,,,,,,,,,,,,,,,,,,,,,,,,,,,,,,,,,,,,,,,,,,,,,,,,,,,,,,,,,,,,,,,,,,,,,,,,,,,,,,,,,,,,,
,,,,,,ADB15516AW,Industrial & MRO Supplies,General Hardware,Component,ADB15516AW,ADB15516AW,1x6-16' American Walnut Sq Edg - Landmark Azek PVC Decking,TIMBERTECH,TIMBERTECH,,Parksite (6151),Parksite (6151),TIMBERTECH,,ADB15516AW,,Industrial & MRO Supplies>General Hardware>Component,,,,,,,,,,,,,,,,,,,,,,,,,,,,,,,,Component,Dimensions,1x6-16,,,,,,,,,,,,,,,,,,,,,,,,,,,,,,,,,,,,,,,,,,,,,,,,,,,,,,,,,,,,,,,,,,,,,,,,,,,,,,,,,,,,,,,,,,,,,,,,,,,,,,,,,,,,,,,,,,,,,,,,,,,,,,,,,,,,,,,,,,,,,,,,,,,,,,,,,,,,,,,,,,,,,,,,,,,,,,,,,,,,,,,,,,,,,,,,,,,
,,,,,,ADB15520AW,Industrial & MRO Supplies,General Hardware,Component,ADB15520AW,ADB15520AW,1x6-20' American Walnut Sq Edg - Landmark Azek PVC Decking,TIMBERTECH,TIMBERTECH,,Parksite (6151),Parksite (6151),TIMBERTECH,,ADB15520AW,,Industrial & MRO Supplies>General Hardware>Component,,,,,,,,,,,,,,,,,,,,,,,,,,,,,,,,Component,Dimensions,1x6-20,,,,,,,,,,,,,,,,,,,,,,,,,,,,,,,,,,,,,,,,,,,,,,,,,,,,,,,,,,,,,,,,,,,,,,,,,,,,,,,,,,,,,,,,,,,,,,,,,,,,,,,,,,,,,,,,,,,,,,,,,,,,,,,,,,,,,,,,,,,,,,,,,,,,,,,,,,,,,,,,,,,,,,,,,,,,,,,,,,,,,,,,,,,,,,,,,,,
,,,,,,ADB15516CG,Industrial & MRO Supplies,General Hardware,Component,ADB15516CG,ADB15516CG,1x6-16' Castle Gate Sq Edge - Landmark Azek PVC Decking,TIMBERTECH,TIMBERTECH,,Parksite (6151),Parksite (6151),TIMBERTECH,,ADB15516CG,,Industrial & MRO Supplies>General Hardware>Component,,,,,,,,,,,,,,,,,,,,,,,,,,,,,,,,Component,Dimensions,1x6-16,,,,,,,,,,,,,,,,,,,,,,,,,,,,,,,,,,,,,,,,,,,,,,,,,,,,,,,,,,,,,,,,,,,,,,,,,,,,,,,,,,,,,,,,,,,,,,,,,,,,,,,,,,,,,,,,,,,,,,,,,,,,,,,,,,,,,,,,,,,,,,,,,,,,,,,,,,,,,,,,,,,,,,,,,,,,,,,,,,,,,,,,,,,,,,,,,,,
,,,,,,ADB15520CG,Industrial & MRO Supplies,General Hardware,Component,ADB15520CG,ADB15520CG,1x6-20' Castle Gate Sq Edge - Landmark Azek PVC Decking,TIMBERTECH,TIMBERTECH,,Parksite (6151),Parksite (6151),TIMBERTECH,,ADB15520CG,,Industrial & MRO Supplies>General Hardware>Component,,,,,,,,,,,,,,,,,,,,,,,,,,,,,,,,Component,Dimensions,1x6-20,,,,,,,,,,,,,,,,,,,,,,,,,,,,,,,,,,,,,,,,,,,,,,,,,,,,,,,,,,,,,,,,,,,,,,,,,,,,,,,,,,,,,,,,,,,,,,,,,,,,,,,,,,,,,,,,,,,,,,,,,,,,,,,,,,,,,,,,,,,,,,,,,,,,,,,,,,,,,,,,,,,,,,,,,,,,,,,,,,,,,,,,,,,,,,,,,,,
,,,,,,ADB15516FW,Industrial & MRO Supplies,General Hardware,Component,ADB15516FW,ADB15516FW,1x6-16' French White Oak Sq Ed - Landmark Azek PVC Decking,TIMBERTECH,TIMBERTECH,,Parksite (6151),Parksite (6151),TIMBERTECH,,ADB15516FW,,Industrial & MRO Supplies>General Hardware>Component,,,,,,,,,,,,,,,,,,,,,,,,,,,,,,,,Component,Dimensions,1x6-16,,,,,,,,,,,,,,,,,,,,,,,,,,,,,,,,,,,,,,,,,,,,,,,,,,,,,,,,,,,,,,,,,,,,,,,,,,,,,,,,,,,,,,,,,,,,,,,,,,,,,,,,,,,,,,,,,,,,,,,,,,,,,,,,,,,,,,,,,,,,,,,,,,,,,,,,,,,,,,,,,,,,,,,,,,,,,,,,,,,,,,,,,,,,,,,,,,,
,,,,,,ADB15520FW,Industrial & MRO Supplies,General Hardware,Component,ADB15520FW,ADB15520FW,1x6-20' French White Oak Sq Ed - Landmark Azek PVC Decking,TIMBERTECH,TIMBERTECH,,Parksite (6151),Parksite (6151),TIMBERTECH,,ADB15520FW,,Industrial & MRO Supplies>General Hardware>Component,,,,,,,,,,,,,,,,,,,,,,,,,,,,,,,,Component,Dimensions,1x6-20,,,,,,,,,,,,,,,,,,,,,,,,,,,,,,,,,,,,,,,,,,,,,,,,,,,,,,,,,,,,,,,,,,,,,,,,,,,,,,,,,,,,,,,,,,,,,,,,,,,,,,,,,,,,,,,,,,,,,,,,,,,,,,,,,,,,,,,,,,,,,,,,,,,,,,,,,,,,,,,,,,,,,,,,,,,,,,,,,,,,,,,,,,,,,,,,,,,
,,,,,,AGB15512AW,Industrial & MRO Supplies,General Hardware,Component,AGB15512AW,AGB15512AW,1x6-12' American Walnut Groove - Landmark Azek PVC Decking,TIMBERTECH,TIMBERTECH,,Parksite (6151),Parksite (6151),TIMBERTECH,,AGB15512AW,,Industrial & MRO Supplies>General Hardware>Component,,,,,,,,,,,,,,,,,,,,,,,,,,,,,,,,Component,Dimensions,1x6-12,,,,,,,,,,,,,,,,,,,,,,,,,,,,,,,,,,,,,,,,,,,,,,,,,,,,,,,,,,,,,,,,,,,,,,,,,,,,,,,,,,,,,,,,,,,,,,,,,,,,,,,,,,,,,,,,,,,,,,,,,,,,,,,,,,,,,,,,,,,,,,,,,,,,,,,,,,,,,,,,,,,,,,,,,,,,,,,,,,,,,,,,,,,,,,,,,,,
,,,,,,AGB15516AW,Industrial & MRO Supplies,General Hardware,Component,AGB15516AW,AGB15516AW,1x6-16' American Walnut Groove - Landmark Azek PVC Decking,TIMBERTECH,TIMBERTECH,,Parksite (6151),Parksite (6151),TIMBERTECH,,AGB15516AW,,Industrial & MRO Supplies>General Hardware>Component,,,,,,,,,,,,,,,,,,,,,,,,,,,,,,,,Component,Dimensions,1x6-16,,,,,,,,,,,,,,,,,,,,,,,,,,,,,,,,,,,,,,,,,,,,,,,,,,,,,,,,,,,,,,,,,,,,,,,,,,,,,,,,,,,,,,,,,,,,,,,,,,,,,,,,,,,,,,,,,,,,,,,,,,,,,,,,,,,,,,,,,,,,,,,,,,,,,,,,,,,,,,,,,,,,,,,,,,,,,,,,,,,,,,,,,,,,,,,,,,,
,,,,,,AGB15520AW,Industrial & MRO Supplies,General Hardware,Component,AGB15520AW,AGB15520AW,1x6-20' American Walnut Groove - Landmark Azek PVC Decking,TIMBERTECH,TIMBERTECH,,Parksite (6151),Parksite (6151),TIMBERTECH,,AGB15520AW,,Industrial & MRO Supplies>General Hardware>Component,,,,,,,,,,,,,,,,,,,,,,,,,,,,,,,,Component,Dimensions,1x6-20,,,,,,,,,,,,,,,,,,,,,,,,,,,,,,,,,,,,,,,,,,,,,,,,,,,,,,,,,,,,,,,,,,,,,,,,,,,,,,,,,,,,,,,,,,,,,,,,,,,,,,,,,,,,,,,,,,,,,,,,,,,,,,,,,,,,,,,,,,,,,,,,,,,,,,,,,,,,,,,,,,,,,,,,,,,,,,,,,,,,,,,,,,,,,,,,,,,
,,,,,,AGB15512CG,Industrial & MRO Supplies,General Hardware,Component,AGB15512CG,AGB15512CG,1x6-12' Castle Gate Grooved - Landmark Azek PVC Decking,TIMBERTECH,TIMBERTECH,,Parksite (6151),Parksite (6151),TIMBERTECH,,AGB15512CG,,Industrial & MRO Supplies>General Hardware>Component,,,,,,,,,,,,,,,,,,,,,,,,,,,,,,,,Component,Dimensions,1x6-12,,,,,,,,,,,,,,,,,,,,,,,,,,,,,,,,,,,,,,,,,,,,,,,,,,,,,,,,,,,,,,,,,,,,,,,,,,,,,,,,,,,,,,,,,,,,,,,,,,,,,,,,,,,,,,,,,,,,,,,,,,,,,,,,,,,,,,,,,,,,,,,,,,,,,,,,,,,,,,,,,,,,,,,,,,,,,,,,,,,,,,,,,,,,,,,,,,,
,,,,,,AGB15516CG,Industrial & MRO Supplies,General Hardware,Component,AGB15516CG,AGB15516CG,1x6-16' Castle Gate Grooved - Landmark Azek PVC Decking,TIMBERTECH,TIMBERTECH,,Parksite (6151),Parksite (6151),TIMBERTECH,,AGB15516CG,,Industrial & MRO Supplies>General Hardware>Component,,,,,,,,,,,,,,,,,,,,,,,,,,,,,,,,Component,Dimensions,1x6-16,,,,,,,,,,,,,,,,,,,,,,,,,,,,,,,,,,,,,,,,,,,,,,,,,,,,,,,,,,,,,,,,,,,,,,,,,,,,,,,,,,,,,,,,,,,,,,,,,,,,,,,,,,,,,,,,,,,,,,,,,,,,,,,,,,,,,,,,,,,,,,,,,,,,,,,,,,,,,,,,,,,,,,,,,,,,,,,,,,,,,,,,,,,,,,,,,,,
,,,,,,AGB15520CG,Industrial & MRO Supplies,General Hardware,Component,AGB15520CG,AGB15520CG,1x6-20' Castle Gate Grooved - Landmark Azek PVC Decking,TIMBERTECH,TIMBERTECH,,Parksite (6151),Parksite (6151),TIMBERTECH,,AGB15520CG,,Industrial & MRO Supplies>General Hardware>Component,,,,,,,,,,,,,,,,,,,,,,,,,,,,,,,,Component,Dimensions,1x6-20,,,,,,,,,,,,,,,,,,,,,,,,,,,,,,,,,,,,,,,,,,,,,,,,,,,,,,,,,,,,,,,,,,,,,,,,,,,,,,,,,,,,,,,,,,,,,,,,,,,,,,,,,,,,,,,,,,,,,,,,,,,,,,,,,,,,,,,,,,,,,,,,,,,,,,,,,,,,,,,,,,,,,,,,,,,,,,,,,,,,,,,,,,,,,,,,,,,
,,,,,,AGB15512FW,Industrial & MRO Supplies,General Hardware,Component,AGB15512FW,AGB15512FW,1x6-12' French White Oak Groov - Landmark Azek PVC Decking,TIMBERTECH,TIMBERTECH,,Parksite (6151),Parksite (6151),TIMBERTECH,,AGB15512FW,,Industrial & MRO Supplies>General Hardware>Component,,,,,,,,,,,,,,,,,,,,,,,,,,,,,,,,Component,Dimensions,1x6-12,,,,,,,,,,,,,,,,,,,,,,,,,,,,,,,,,,,,,,,,,,,,,,,,,,,,,,,,,,,,,,,,,,,,,,,,,,,,,,,,,,,,,,,,,,,,,,,,,,,,,,,,,,,,,,,,,,,,,,,,,,,,,,,,,,,,,,,,,,,,,,,,,,,,,,,,,,,,,,,,,,,,,,,,,,,,,,,,,,,,,,,,,,,,,,,,,,,
,,,,,,AGB15516FW,Industrial & MRO Supplies,General Hardware,Component,AGB15516FW,AGB15516FW,1x6-16' French White Oak Groov - Landmark Azek PVC Decking,TIMBERTECH,TIMBERTECH,,Parksite (6151),Parksite (6151),TIMBERTECH,,AGB15516FW,,Industrial & MRO Supplies>General Hardware>Component,,,,,,,,,,,,,,,,,,,,,,,,,,,,,,,,Component,Dimensions,1x6-16,,,,,,,,,,,,,,,,,,,,,,,,,,,,,,,,,,,,,,,,,,,,,,,,,,,,,,,,,,,,,,,,,,,,,,,,,,,,,,,,,,,,,,,,,,,,,,,,,,,,,,,,,,,,,,,,,,,,,,,,,,,,,,,,,,,,,,,,,,,,,,,,,,,,,,,,,,,,,,,,,,,,,,,,,,,,,,,,,,,,,,,,,,,,,,,,,,,
,,,,,,AGB15520FW,Industrial & MRO Supplies,General Hardware,Component,AGB15520FW,AGB15520FW,1x6-20' French White Oak Groov - Landmark Azek PVC Decking,TIMBERTECH,TIMBERTECH,,Parksite (6151),Parksite (6151),TIMBERTECH,,AGB15520FW,,Industrial & MRO Supplies>General Hardware>Component,,,,,,,,,,,,,,,,,,,,,,,,,,,,,,,,Component,Dimensions,1x6-20,,,,,,,,,,,,,,,,,,,,,,,,,,,,,,,,,,,,,,,,,,,,,,,,,,,,,,,,,,,,,,,,,,,,,,,,,,,,,,,,,,,,,,,,,,,,,,,,,,,,,,,,,,,,,,,,,,,,,,,,,,,,,,,,,,,,,,,,,,,,,,,,,,,,,,,,,,,,,,,,,,,,,,,,,,,,,,,,,,,,,,,,,,,,,,,,,,,
,,,,,,ADCB15516BS,Industrial & MRO Supplies,General Hardware,Component,ADCB15516BS,ADCB15516BS,1x6-16' Brownstone Sq Edge - Harvest Azek PVC Decking,TIMBERTECH,TIMBERTECH,,Parksite (6151),Parksite (6151),TIMBERTECH,,ADCB15516BS,,Industrial & MRO Supplies>General Hardware>Component,,,,,,,,,,,,,,,,,,,,,,,,,,,,,,,,Component,Dimensions,1x6-16,,,,,,,,,,,,,,,,,,,,,,,,,,,,,,,,,,,,,,,,,,,,,,,,,,,,,,,,,,,,,,,,,,,,,,,,,,,,,,,,,,,,,,,,,,,,,,,,,,,,,,,,,,,,,,,,,,,,,,,,,,,,,,,,,,,,,,,,,,,,,,,,,,,,,,,,,,,,,,,,,,,,,,,,,,,,,,,,,,,,,,,,,,,,,,,,,,,
,,,,,,ADCB15520BS,Industrial & MRO Supplies,General Hardware,Component,ADCB15520BS,ADCB15520BS,1x6-20' Brownstone Sq Edge - Harvest Azek PVC Decking,TIMBERTECH,TIMBERTECH,,Parksite (6151),Parksite (6151),TIMBERTECH,,ADCB15520BS,,Industrial & MRO Supplies>General Hardware>Component,,,,,,,,,,,,,,,,,,,,,,,,,,,,,,,,Component,Dimensions,1x6-20,,,,,,,,,,,,,,,,,,,,,,,,,,,,,,,,,,,,,,,,,,,,,,,,,,,,,,,,,,,,,,,,,,,,,,,,,,,,,,,,,,,,,,,,,,,,,,,,,,,,,,,,,,,,,,,,,,,,,,,,,,,,,,,,,,,,,,,,,,,,,,,,,,,,,,,,,,,,,,,,,,,,,,,,,,,,,,,,,,,,,,,,,,,,,,,,,,,
,,,,,,ADCB15516SG,Industrial & MRO Supplies,General Hardware,Component,ADCB15516SG,ADCB15516SG,1x6-16' Slate Gray Sq Edge - Harvest Azek PVC Decking,TIMBERTECH,TIMBERTECH,,Parksite (6151),Parksite (6151),TIMBERTECH,,ADCB15516SG,,Industrial & MRO Supplies>General Hardware>Component,,,,,,,,,,,,,,,,,,,,,,,,,,,,,,,,Component,Dimensions,1x6-16,,,,,,,,,,,,,,,,,,,,,,,,,,,,,,,,,,,,,,,,,,,,,,,,,,,,,,,,,,,,,,,,,,,,,,,,,,,,,,,,,,,,,,,,,,,,,,,,,,,,,,,,,,,,,,,,,,,,,,,,,,,,,,,,,,,,,,,,,,,,,,,,,,,,,,,,,,,,,,,,,,,,,,,,,,,,,,,,,,,,,,,,,,,,,,,,,,,
,,,,,,ADCB15520SG,Industrial & MRO Supplies,General Hardware,Component,ADCB15520SG,ADCB15520SG,1x6-20' Slate Gray Sq Edge - Harvest Azek PVC Decking,TIMBERTECH,TIMBERTECH,,Parksite (6151),Parksite (6151),TIMBERTECH,,ADCB15520SG,,Industrial & MRO Supplies>General Hardware>Component,,,,,,,,,,,,,,,,,,,,,,,,,,,,,,,,Component,Dimensions,1x6-20,,,,,,,,,,,,,,,,,,,,,,,,,,,,,,,,,,,,,,,,,,,,,,,,,,,,,,,,,,,,,,,,,,,,,,,,,,,,,,,,,,,,,,,,,,,,,,,,,,,,,,,,,,,,,,,,,,,,,,,,,,,,,,,,,,,,,,,,,,,,,,,,,,,,,,,,,,,,,,,,,,,,,,,,,,,,,,,,,,,,,,,,,,,,,,,,,,,
,,,,,,AGB15512BS,Industrial & MRO Supplies,General Hardware,Component,AGB15512BS,AGB15512BS,1x6-12' Brownstone Grooved - Harvest Azek PVC Decking,TIMBERTECH,TIMBERTECH,,Parksite (6151),Parksite (6151),TIMBERTECH,,AGB15512BS,,Industrial & MRO Supplies>General Hardware>Component,,,,,,,,,,,,,,,,,,,,,,,,,,,,,,,,Component,Dimensions,1x6-12,,,,,,,,,,,,,,,,,,,,,,,,,,,,,,,,,,,,,,,,,,,,,,,,,,,,,,,,,,,,,,,,,,,,,,,,,,,,,,,,,,,,,,,,,,,,,,,,,,,,,,,,,,,,,,,,,,,,,,,,,,,,,,,,,,,,,,,,,,,,,,,,,,,,,,,,,,,,,,,,,,,,,,,,,,,,,,,,,,,,,,,,,,,,,,,,,,,
,,,,,,AGB15516BS,Industrial & MRO Supplies,General Hardware,Component,AGB15516BS,AGB15516BS,1x6-16' Brownstone Grooved - Harvest Azek PVC Decking,TIMBERTECH,TIMBERTECH,,Parksite (6151),Parksite (6151),TIMBERTECH,,AGB15516BS,,Industrial & MRO Supplies>General Hardware>Component,,,,,,,,,,,,,,,,,,,,,,,,,,,,,,,,Component,Dimensions,1x6-16,,,,,,,,,,,,,,,,,,,,,,,,,,,,,,,,,,,,,,,,,,,,,,,,,,,,,,,,,,,,,,,,,,,,,,,,,,,,,,,,,,,,,,,,,,,,,,,,,,,,,,,,,,,,,,,,,,,,,,,,,,,,,,,,,,,,,,,,,,,,,,,,,,,,,,,,,,,,,,,,,,,,,,,,,,,,,,,,,,,,,,,,,,,,,,,,,,,
,,,,,,AGB15520BS,Industrial & MRO Supplies,General Hardware,Component,AGB15520BS,AGB15520BS,1x6-20' Brownstone Grooved - Harvest Azek PVC Decking,TIMBERTECH,TIMBERTECH,,Parksite (6151),Parksite (6151),TIMBERTECH,,AGB15520BS,,Industrial & MRO Supplies>General Hardware>Component,,,,,,,,,,,,,,,,,,,,,,,,,,,,,,,,Component,Dimensions,1x6-20,,,,,,,,,,,,,,,,,,,,,,,,,,,,,,,,,,,,,,,,,,,,,,,,,,,,,,,,,,,,,,,,,,,,,,,,,,,,,,,,,,,,,,,,,,,,,,,,,,,,,,,,,,,,,,,,,,,,,,,,,,,,,,,,,,,,,,,,,,,,,,,,,,,,,,,,,,,,,,,,,,,,,,,,,,,,,,,,,,,,,,,,,,,,,,,,,,,
,,,,,,AGB15512SG,Industrial & MRO Supplies,General Hardware,Component,AGB15512SG,AGB15512SG,1x6-12' Slate Gray Grooved - Harvest Azek PVC Decking,TIMBERTECH,TIMBERTECH,,Parksite (6151),Parksite (6151),TIMBERTECH,,AGB15512SG,,Industrial & MRO Supplies>General Hardware>Component,,,,,,,,,,,,,,,,,,,,,,,,,,,,,,,,Component,Dimensions,1x6-12,,,,,,,,,,,,,,,,,,,,,,,,,,,,,,,,,,,,,,,,,,,,,,,,,,,,,,,,,,,,,,,,,,,,,,,,,,,,,,,,,,,,,,,,,,,,,,,,,,,,,,,,,,,,,,,,,,,,,,,,,,,,,,,,,,,,,,,,,,,,,,,,,,,,,,,,,,,,,,,,,,,,,,,,,,,,,,,,,,,,,,,,,,,,,,,,,,,
,,,,,,AGB15516SG,Industrial & MRO Supplies,General Hardware,Component,AGB15516SG,AGB15516SG,1x6-16' Slate Gray Grooved - Harvest Azek PVC Decking,TIMBERTECH,TIMBERTECH,,Parksite (6151),Parksite (6151),TIMBERTECH,,AGB15516SG,,Industrial & MRO Supplies>General Hardware>Component,,,,,,,,,,,,,,,,,,,,,,,,,,,,,,,,Component,Dimensions,1x6-16,,,,,,,,,,,,,,,,,,,,,,,,,,,,,,,,,,,,,,,,,,,,,,,,,,,,,,,,,,,,,,,,,,,,,,,,,,,,,,,,,,,,,,,,,,,,,,,,,,,,,,,,,,,,,,,,,,,,,,,,,,,,,,,,,,,,,,,,,,,,,,,,,,,,,,,,,,,,,,,,,,,,,,,,,,,,,,,,,,,,,,,,,,,,,,,,,,,
,,,,,,AGB15520SG,Industrial & MRO Supplies,General Hardware,Component,AGB15520SG,AGB15520SG,1x6-20' Slate Gray Grooved - Harvest Azek PVC Decking,TIMBERTECH,TIMBERTECH,,Parksite (6151),Parksite (6151),TIMBERTECH,,AGB15520SG,,Industrial & MRO Supplies>General Hardware>Component,,,,,,,,,,,,,,,,,,,,,,,,,,,,,,,,Component,Dimensions,1x6-20,,,,,,,,,,,,,,,,,,,,,,,,,,,,,,,,,,,,,,,,,,,,,,,,,,,,,,,,,,,,,,,,,,,,,,,,,,,,,,,,,,,,,,,,,,,,,,,,,,,,,,,,,,,,,,,,,,,,,,,,,,,,,,,,,,,,,,,,,,,,,,,,,,,,,,,,,,,,,,,,,,,,,,,,,,,,,,,,,,,,,,,,,,,,,,,,,,,
,,,,,,543140016,Industrial & MRO Supplies,General Hardware,Component,543140016,543140016,1nx6-16' Biscayne Sq Edge - Trex Transcend Lineage Decking,TREX,TREX,,U S Lumber (3073),U S Lumber (3073),TREX,,543140016,,Industrial & MRO Supplies>General Hardware>Component,,,,,,,,,,,,,,,,,,,,,,,,,,,,,,,,Component,,,,,,,,,,,,,,,,,,,,,,,,,,,,,,,,,,,,,,,,,,,,,,,,,,,,,,,,,,,,,,,,,,,,,,,,,,,,,,,,,,,,,,,,,,,,,,,,,,,,,,,,,,,,,,,,,,,,,,,,,,,,,,,,,,,,,,,,,,,,,,,,,,,,,,,,,,,,,,,,,,,,,,,,,,,,,,,,,,,,,,,,,,,,,,,,,,,,,
,,,,,,543140020,Industrial & MRO Supplies,General Hardware,Component,543140020,543140020,1nx6-20' Biscayne Sq Edge - Trex Transcend Lineage Decking,TREX,TREX,,U S Lumber (3073),U S Lumber (3073),TREX,,543140020,,Industrial & MRO Supplies>General Hardware>Component,,,,,,,,,,,,,,,,,,,,,,,,,,,,,,,,Component,,,,,,,,,,,,,,,,,,,,,,,,,,,,,,,,,,,,,,,,,,,,,,,,,,,,,,,,,,,,,,,,,,,,,,,,,,,,,,,,,,,,,,,,,,,,,,,,,,,,,,,,,,,,,,,,,,,,,,,,,,,,,,,,,,,,,,,,,,,,,,,,,,,,,,,,,,,,,,,,,,,,,,,,,,,,,,,,,,,,,,,,,,,,,,,,,,,,,
,,,,,,543142016,Industrial & MRO Supplies,General Hardware,Component,543142016,543142016,1nx6-16' Carmel Sq Edge - Trex Transcend Lineage Decking,TREX,TREX,,U S Lumber (3073),U S Lumber (3073),TREX,,543142016,,Industrial & MRO Supplies>General Hardware>Component,,,,,,,,,,,,,,,,,,,,,,,,,,,,,,,,Component,,,,,,,,,,,,,,,,,,,,,,,,,,,,,,,,,,,,,,,,,,,,,,,,,,,,,,,,,,,,,,,,,,,,,,,,,,,,,,,,,,,,,,,,,,,,,,,,,,,,,,,,,,,,,,,,,,,,,,,,,,,,,,,,,,,,,,,,,,,,,,,,,,,,,,,,,,,,,,,,,,,,,,,,,,,,,,,,,,,,,,,,,,,,,,,,,,,,,
,,,,,,543142020,Industrial & MRO Supplies,General Hardware,Component,543142020,543142020,1nx6-20' Carmel Sq Edge - Trex Transcend Lineage Decking,TREX,TREX,,U S Lumber (3073),U S Lumber (3073),TREX,,543142020,,Industrial & MRO Supplies>General Hardware>Component,,,,,,,,,,,,,,,,,,,,,,,,,,,,,,,,Component,,,,,,,,,,,,,,,,,,,,,,,,,,,,,,,,,,,,,,,,,,,,,,,,,,,,,,,,,,,,,,,,,,,,,,,,,,,,,,,,,,,,,,,,,,,,,,,,,,,,,,,,,,,,,,,,,,,,,,,,,,,,,,,,,,,,,,,,,,,,,,,,,,,,,,,,,,,,,,,,,,,,,,,,,,,,,,,,,,,,,,,,,,,,,,,,,,,,,
,,,,,,543144016,Industrial & MRO Supplies,General Hardware,Component,543144016,543144016,1nx6-16' Island Mist Sq Edge - Trex Transcend Lineage Decking,TREX,TREX,,U S Lumber (3073),U S Lumber (3073),TREX,,543144016,,Industrial & MRO Supplies>General Hardware>Component,,,,,,,,,,,,,,,,,,,,,,,,,,,,,,,,Component,,,,,,,,,,,,,,,,,,,,,,,,,,,,,,,,,,,,,,,,,,,,,,,,,,,,,,,,,,,,,,,,,,,,,,,,,,,,,,,,,,,,,,,,,,,,,,,,,,,,,,,,,,,,,,,,,,,,,,,,,,,,,,,,,,,,,,,,,,,,,,,,,,,,,,,,,,,,,,,,,,,,,,,,,,,,,,,,,,,,,,,,,,,,,,,,,,,,,
,,,,,,543144020,Industrial & MRO Supplies,General Hardware,Component,543144020,543144020,1nx6-20' Island Mist Sq Edge - Trex Transcend Lineage Decking,TREX,TREX,,U S Lumber (3073),U S Lumber (3073),TREX,,543144020,,Industrial & MRO Supplies>General Hardware>Component,,,,,,,,,,,,,,,,,,,,,,,,,,,,,,,,Component,,,,,,,,,,,,,,,,,,,,,,,,,,,,,,,,,,,,,,,,,,,,,,,,,,,,,,,,,,,,,,,,,,,,,,,,,,,,,,,,,,,,,,,,,,,,,,,,,,,,,,,,,,,,,,,,,,,,,,,,,,,,,,,,,,,,,,,,,,,,,,,,,,,,,,,,,,,,,,,,,,,,,,,,,,,,,,,,,,,,,,,,,,,,,,,,,,,,,
,,,,,,543143016,Industrial & MRO Supplies,General Hardware,Component,543143016,543143016,1nx6-16' Jasper Sq Edge - Trex Transcend Lineage Decking,TREX,TREX,,U S Lumber (3073),U S Lumber (3073),TREX,,543143016,,Industrial & MRO Supplies>General Hardware>Component,,,,,,,,,,,,,,,,,,,,,,,,,,,,,,,,Component,,,,,,,,,,,,,,,,,,,,,,,,,,,,,,,,,,,,,,,,,,,,,,,,,,,,,,,,,,,,,,,,,,,,,,,,,,,,,,,,,,,,,,,,,,,,,,,,,,,,,,,,,,,,,,,,,,,,,,,,,,,,,,,,,,,,,,,,,,,,,,,,,,,,,,,,,,,,,,,,,,,,,,,,,,,,,,,,,,,,,,,,,,,,,,,,,,,,,
,,,,,,543143020,Industrial & MRO Supplies,General Hardware,Component,543143020,543143020,1nx6-20' Jasper Sq Edge - Trex Transcend Lineage Decking,TREX,TREX,,U S Lumber (3073),U S Lumber (3073),TREX,,543143020,,Industrial & MRO Supplies>General Hardware>Component,,,,,,,,,,,,,,,,,,,,,,,,,,,,,,,,Component,,,,,,,,,,,,,,,,,,,,,,,,,,,,,,,,,,,,,,,,,,,,,,,,,,,,,,,,,,,,,,,,,,,,,,,,,,,,,,,,,,,,,,,,,,,,,,,,,,,,,,,,,,,,,,,,,,,,,,,,,,,,,,,,,,,,,,,,,,,,,,,,,,,,,,,,,,,,,,,,,,,,,,,,,,,,,,,,,,,,,,,,,,,,,,,,,,,,,
,,,,,,543141016,Industrial & MRO Supplies,General Hardware,Component,543141016,543141016,1nx6-16' Rainier Sq Edge - Trex Transcend Lineage Decking,TREX,TREX,,U S Lumber (3073),U S Lumber (3073),TREX,,543141016,,Industrial & MRO Supplies>General Hardware>Component,,,,,,,,,,,,,,,,,,,,,,,,,,,,,,,,Component,,,,,,,,,,,,,,,,,,,,,,,,,,,,,,,,,,,,,,,,,,,,,,,,,,,,,,,,,,,,,,,,,,,,,,,,,,,,,,,,,,,,,,,,,,,,,,,,,,,,,,,,,,,,,,,,,,,,,,,,,,,,,,,,,,,,,,,,,,,,,,,,,,,,,,,,,,,,,,,,,,,,,,,,,,,,,,,,,,,,,,,,,,,,,,,,,,,,,
,,,,,,543141020,Industrial & MRO Supplies,General Hardware,Component,543141020,543141020,1nx6-20' Rainier Sq Edge - Trex Transcend Lineage Decking,TREX,TREX,,U S Lumber (3073),U S Lumber (3073),TREX,,543141020,,Industrial & MRO Supplies>General Hardware>Component,,,,,,,,,,,,,,,,,,,,,,,,,,,,,,,,Component,,,,,,,,,,,,,,,,,,,,,,,,,,,,,,,,,,,,,,,,,,,,,,,,,,,,,,,,,,,,,,,,,,,,,,,,,,,,,,,,,,,,,,,,,,,,,,,,,,,,,,,,,,,,,,,,,,,,,,,,,,,,,,,,,,,,,,,,,,,,,,,,,,,,,,,,,,,,,,,,,,,,,,,,,,,,,,,,,,,,,,,,,,,,,,,,,,,,,
,,,,,,543140412,Industrial & MRO Supplies,General Hardware,Component,543140412,543140412,1nx6-12' Biscayne Grooved - Trex Transcend Lineage Decking,TREX,TREX,,U S Lumber (3073),U S Lumber (3073),TREX,,543140412,,Industrial & MRO Supplies>General Hardware>Component,,,,,,,,,,,,,,,,,,,,,,,,,,,,,,,,Component,,,,,,,,,,,,,,,,,,,,,,,,,,,,,,,,,,,,,,,,,,,,,,,,,,,,,,,,,,,,,,,,,,,,,,,,,,,,,,,,,,,,,,,,,,,,,,,,,,,,,,,,,,,,,,,,,,,,,,,,,,,,,,,,,,,,,,,,,,,,,,,,,,,,,,,,,,,,,,,,,,,,,,,,,,,,,,,,,,,,,,,,,,,,,,,,,,,,,
,,,,,,543140416,Industrial & MRO Supplies,General Hardware,Component,543140416,543140416,1nx6-16' Biscayne Grooved - Trex Transcend Lineage Decking,TREX,TREX,,U S Lumber (3073),U S Lumber (3073),TREX,,543140416,,Industrial & MRO Supplies>General Hardware>Component,,,,,,,,,,,,,,,,,,,,,,,,,,,,,,,,Component,,,,,,,,,,,,,,,,,,,,,,,,,,,,,,,,,,,,,,,,,,,,,,,,,,,,,,,,,,,,,,,,,,,,,,,,,,,,,,,,,,,,,,,,,,,,,,,,,,,,,,,,,,,,,,,,,,,,,,,,,,,,,,,,,,,,,,,,,,,,,,,,,,,,,,,,,,,,,,,,,,,,,,,,,,,,,,,,,,,,,,,,,,,,,,,,,,,,,
,,,,,,543140420,Industrial & MRO Supplies,General Hardware,Component,543140420,543140420,1nx6-20' Biscayne Grooved - Trex Transcend Lineage Decking,TREX,TREX,,U S Lumber (3073),U S Lumber (3073),TREX,,543140420,,Industrial & MRO Supplies>General Hardware>Component,,,,,,,,,,,,,,,,,,,,,,,,,,,,,,,,Component,,,,,,,,,,,,,,,,,,,,,,,,,,,,,,,,,,,,,,,,,,,,,,,,,,,,,,,,,,,,,,,,,,,,,,,,,,,,,,,,,,,,,,,,,,,,,,,,,,,,,,,,,,,,,,,,,,,,,,,,,,,,,,,,,,,,,,,,,,,,,,,,,,,,,,,,,,,,,,,,,,,,,,,,,,,,,,,,,,,,,,,,,,,,,,,,,,,,,
,,,,,,543142412,Industrial & MRO Supplies,General Hardware,Component,543142412,543142412,1nx6-12' Carmel Grooved - Trex Transcend Lineage Decking,TREX,TREX,,U S Lumber (3073),U S Lumber (3073),TREX,,543142412,,Industrial & MRO Supplies>General Hardware>Component,,,,,,,,,,,,,,,,,,,,,,,,,,,,,,,,Component,,,,,,,,,,,,,,,,,,,,,,,,,,,,,,,,,,,,,,,,,,,,,,,,,,,,,,,,,,,,,,,,,,,,,,,,,,,,,,,,,,,,,,,,,,,,,,,,,,,,,,,,,,,,,,,,,,,,,,,,,,,,,,,,,,,,,,,,,,,,,,,,,,,,,,,,,,,,,,,,,,,,,,,,,,,,,,,,,,,,,,,,,,,,,,,,,,,,,
,,,,,,543142416,Industrial & MRO Supplies,General Hardware,Component,543142416,543142416,1nx6-16' Carmel Grooved - Trex Transcend Lineage Decking,TREX,TREX,,U S Lumber (3073),U S Lumber (3073),TREX,,543142416,,Industrial & MRO Supplies>General Hardware>Component,,,,,,,,,,,,,,,,,,,,,,,,,,,,,,,,Component,,,,,,,,,,,,,,,,,,,,,,,,,,,,,,,,,,,,,,,,,,,,,,,,,,,,,,,,,,,,,,,,,,,,,,,,,,,,,,,,,,,,,,,,,,,,,,,,,,,,,,,,,,,,,,,,,,,,,,,,,,,,,,,,,,,,,,,,,,,,,,,,,,,,,,,,,,,,,,,,,,,,,,,,,,,,,,,,,,,,,,,,,,,,,,,,,,,,,
,,,,,,543142420,Industrial & MRO Supplies,General Hardware,Component,543142420,543142420,1nx6-20' Carmel Grooved - Trex Transcend Lineage Decking,TREX,TREX,,U S Lumber (3073),U S Lumber (3073),TREX,,543142420,,Industrial & MRO Supplies>General Hardware>Component,,,,,,,,,,,,,,,,,,,,,,,,,,,,,,,,Component,,,,,,,,,,,,,,,,,,,,,,,,,,,,,,,,,,,,,,,,,,,,,,,,,,,,,,,,,,,,,,,,,,,,,,,,,,,,,,,,,,,,,,,,,,,,,,,,,,,,,,,,,,,,,,,,,,,,,,,,,,,,,,,,,,,,,,,,,,,,,,,,,,,,,,,,,,,,,,,,,,,,,,,,,,,,,,,,,,,,,,,,,,,,,,,,,,,,,
,,,,,,543144412,Industrial & MRO Supplies,General Hardware,Component,543144412,543144412,1nx6-12' Island Mist Grooved - Trex Transcend Lineage Decking,TREX,TREX,,U S Lumber (3073),U S Lumber (3073),TREX,,543144412,,Industrial & MRO Supplies>General Hardware>Component,,,,,,,,,,,,,,,,,,,,,,,,,,,,,,,,Component,,,,,,,,,,,,,,,,,,,,,,,,,,,,,,,,,,,,,,,,,,,,,,,,,,,,,,,,,,,,,,,,,,,,,,,,,,,,,,,,,,,,,,,,,,,,,,,,,,,,,,,,,,,,,,,,,,,,,,,,,,,,,,,,,,,,,,,,,,,,,,,,,,,,,,,,,,,,,,,,,,,,,,,,,,,,,,,,,,,,,,,,,,,,,,,,,,,,,
,,,,,,543144416,Industrial & MRO Supplies,General Hardware,Component,543144416,543144416,1nx6-16' Island Mist Grooved - Trex Transcend Lineage Decking,TREX,TREX,,U S Lumber (3073),U S Lumber (3073),TREX,,543144416,,Industrial & MRO Supplies>General Hardware>Component,,,,,,,,,,,,,,,,,,,,,,,,,,,,,,,,Component,,,,,,,,,,,,,,,,,,,,,,,,,,,,,,,,,,,,,,,,,,,,,,,,,,,,,,,,,,,,,,,,,,,,,,,,,,,,,,,,,,,,,,,,,,,,,,,,,,,,,,,,,,,,,,,,,,,,,,,,,,,,,,,,,,,,,,,,,,,,,,,,,,,,,,,,,,,,,,,,,,,,,,,,,,,,,,,,,,,,,,,,,,,,,,,,,,,,,
,,,,,,543144420,Industrial & MRO Supplies,General Hardware,Component,543144420,543144420,1nx6-20' Island Mist Grooved - Trex Transcend Lineage Decking,TREX,TREX,,U S Lumber (3073),U S Lumber (3073),TREX,,543144420,,Industrial & MRO Supplies>General Hardware>Component,,,,,,,,,,,,,,,,,,,,,,,,,,,,,,,,Component,,,,,,,,,,,,,,,,,,,,,,,,,,,,,,,,,,,,,,,,,,,,,,,,,,,,,,,,,,,,,,,,,,,,,,,,,,,,,,,,,,,,,,,,,,,,,,,,,,,,,,,,,,,,,,,,,,,,,,,,,,,,,,,,,,,,,,,,,,,,,,,,,,,,,,,,,,,,,,,,,,,,,,,,,,,,,,,,,,,,,,,,,,,,,,,,,,,,,
,,,,,,543143412,Industrial & MRO Supplies,General Hardware,Component,543143412,543143412,1nx6-12' Jasper Grooved - Trex Transcend Lineage Decking,TREX,TREX,,U S Lumber (3073),U S Lumber (3073),TREX,,543143412,,Industrial & MRO Supplies>General Hardware>Component,,,,,,,,,,,,,,,,,,,,,,,,,,,,,,,,Component,,,,,,,,,,,,,,,,,,,,,,,,,,,,,,,,,,,,,,,,,,,,,,,,,,,,,,,,,,,,,,,,,,,,,,,,,,,,,,,,,,,,,,,,,,,,,,,,,,,,,,,,,,,,,,,,,,,,,,,,,,,,,,,,,,,,,,,,,,,,,,,,,,,,,,,,,,,,,,,,,,,,,,,,,,,,,,,,,,,,,,,,,,,,,,,,,,,,,
,,,,,,543143416,Industrial & MRO Supplies,General Hardware,Component,543143416,543143416,1nx6-16' Jasper Grooved - Trex Transcend Lineage Decking,TREX,TREX,,U S Lumber (3073),U S Lumber (3073),TREX,,543143416,,Industrial & MRO Supplies>General Hardware>Component,,,,,,,,,,,,,,,,,,,,,,,,,,,,,,,,Component,,,,,,,,,,,,,,,,,,,,,,,,,,,,,,,,,,,,,,,,,,,,,,,,,,,,,,,,,,,,,,,,,,,,,,,,,,,,,,,,,,,,,,,,,,,,,,,,,,,,,,,,,,,,,,,,,,,,,,,,,,,,,,,,,,,,,,,,,,,,,,,,,,,,,,,,,,,,,,,,,,,,,,,,,,,,,,,,,,,,,,,,,,,,,,,,,,,,,
,,,,,,543143420,Industrial & MRO Supplies,General Hardware,Component,543143420,543143420,1nx6-20' Jasper Grooved - Trex Transcend Lineage Decking,TREX,TREX,,U S Lumber (3073),U S Lumber (3073),TREX,,543143420,,Industrial & MRO Supplies>General Hardware>Component,,,,,,,,,,,,,,,,,,,,,,,,,,,,,,,,Component,,,,,,,,,,,,,,,,,,,,,,,,,,,,,,,,,,,,,,,,,,,,,,,,,,,,,,,,,,,,,,,,,,,,,,,,,,,,,,,,,,,,,,,,,,,,,,,,,,,,,,,,,,,,,,,,,,,,,,,,,,,,,,,,,,,,,,,,,,,,,,,,,,,,,,,,,,,,,,,,,,,,,,,,,,,,,,,,,,,,,,,,,,,,,,,,,,,,,
,,,,,,543141412,Industrial & MRO Supplies,General Hardware,Component,543141412,543141412,1nx6-12' Rainier Grooved - Trex Transcend Lineage Decking,TREX,TREX,,U S Lumber (3073),U S Lumber (3073),TREX,,543141412,,Industrial & MRO Supplies>General Hardware>Component,,,,,,,,,,,,,,,,,,,,,,,,,,,,,,,,Component,,,,,,,,,,,,,,,,,,,,,,,,,,,,,,,,,,,,,,,,,,,,,,,,,,,,,,,,,,,,,,,,,,,,,,,,,,,,,,,,,,,,,,,,,,,,,,,,,,,,,,,,,,,,,,,,,,,,,,,,,,,,,,,,,,,,,,,,,,,,,,,,,,,,,,,,,,,,,,,,,,,,,,,,,,,,,,,,,,,,,,,,,,,,,,,,,,,,,
,,,,,,543141416,Industrial & MRO Supplies,General Hardware,Component,543141416,543141416,1nx6-16' Rainier Grooved - Trex Transcend Lineage Decking,TREX,TREX,,U S Lumber (3073),U S Lumber (3073),TREX,,543141416,,Industrial & MRO Supplies>General Hardware>Component,,,,,,,,,,,,,,,,,,,,,,,,,,,,,,,,Component,,,,,,,,,,,,,,,,,,,,,,,,,,,,,,,,,,,,,,,,,,,,,,,,,,,,,,,,,,,,,,,,,,,,,,,,,,,,,,,,,,,,,,,,,,,,,,,,,,,,,,,,,,,,,,,,,,,,,,,,,,,,,,,,,,,,,,,,,,,,,,,,,,,,,,,,,,,,,,,,,,,,,,,,,,,,,,,,,,,,,,,,,,,,,,,,,,,,,
,,,,,,543141420,Industrial & MRO Supplies,General Hardware,Component,543141420,543141420,1nx6-20' Rainier Grooved - Trex Transcend Lineage Decking,TREX,TREX,,U S Lumber (3073),U S Lumber (3073),TREX,,543141420,,Industrial & MRO Supplies>General Hardware>Component,,,,,,,,,,,,,,,,,,,,,,,,,,,,,,,,Component,,,,,,,,,,,,,,,,,,,,,,,,,,,,,,,,,,,,,,,,,,,,,,,,,,,,,,,,,,,,,,,,,,,,,,,,,,,,,,,,,,,,,,,,,,,,,,,,,,,,,,,,,,,,,,,,,,,,,,,,,,,,,,,,,,,,,,,,,,,,,,,,,,,,,,,,,,,,,,,,,,,,,,,,,,,,,,,,,,,,,,,,,,,,,,,,,,,,,
,,,,,,1513703,Industrial & MRO Supplies,General Hardware,Component,1513703,1513703,1nx6-16' Hatteras Sq Edge - Trex Transcend Lineage Decking,TREX,TREX,,Boise Cascade Building Materials (BOICA),Boise Cascade Building Materials (BOICA),TREX,,1513703,,Industrial & MRO Supplies>General Hardware>Component,,,,,,,,,,,,,,,,,,,,,,,,,,,,,,,,Component,,,,,,,,,,,,,,,,,,,,,,,,,,,,,,,,,,,,,,,,,,,,,,,,,,,,,,,,,,,,,,,,,,,,,,,,,,,,,,,,,,,,,,,,,,,,,,,,,,,,,,,,,,,,,,,,,,,,,,,,,,,,,,,,,,,,,,,,,,,,,,,,,,,,,,,,,,,,,,,,,,,,,,,,,,,,,,,,,,,,,,,,,,,,,,,,,,,,,
,,,,,,1513704,Industrial & MRO Supplies,General Hardware,Component,1513704,1513704,1nx6-20' Hatteras Sq Edge - Trex Transcend Lineage Decking,TREX,TREX,,Boise Cascade Building Materials (BOICA),Boise Cascade Building Materials (BOICA),TREX,,1513704,,Industrial & MRO Supplies>General Hardware>Component,,,,,,,,,,,,,,,,,,,,,,,,,,,,,,,,Component,,,,,,,,,,,,,,,,,,,,,,,,,,,,,,,,,,,,,,,,,,,,,,,,,,,,,,,,,,,,,,,,,,,,,,,,,,,,,,,,,,,,,,,,,,,,,,,,,,,,,,,,,,,,,,,,,,,,,,,,,,,,,,,,,,,,,,,,,,,,,,,,,,,,,,,,,,,,,,,,,,,,,,,,,,,,,,,,,,,,,,,,,,,,,,,,,,,,,
,,,,,,1513705,Industrial & MRO Supplies,General Hardware,Component,1513705,1513705,1nx6-12' Hatteras Grooved - Trex Transcend Lineage Decking,TREX,TREX,,Boise Cascade Building Materials (BOICA),Boise Cascade Building Materials (BOICA),TREX,,1513705,,Industrial & MRO Supplies>General Hardware>Component,,,,,,,,,,,,,,,,,,,,,,,,,,,,,,,,Component,,,,,,,,,,,,,,,,,,,,,,,,,,,,,,,,,,,,,,,,,,,,,,,,,,,,,,,,,,,,,,,,,,,,,,,,,,,,,,,,,,,,,,,,,,,,,,,,,,,,,,,,,,,,,,,,,,,,,,,,,,,,,,,,,,,,,,,,,,,,,,,,,,,,,,,,,,,,,,,,,,,,,,,,,,,,,,,,,,,,,,,,,,,,,,,,,,,,,
,,,,,,1513706,Industrial & MRO Supplies,General Hardware,Component,1513706,1513706,1nx6-16' Hatteras Grooved - Trex Transcend Lineage Decking,TREX,TREX,,Boise Cascade Building Materials (BOICA),Boise Cascade Building Materials (BOICA),TREX,,1513706,,Industrial & MRO Supplies>General Hardware>Component,,,,,,,,,,,,,,,,,,,,,,,,,,,,,,,,Component,,,,,,,,,,,,,,,,,,,,,,,,,,,,,,,,,,,,,,,,,,,,,,,,,,,,,,,,,,,,,,,,,,,,,,,,,,,,,,,,,,,,,,,,,,,,,,,,,,,,,,,,,,,,,,,,,,,,,,,,,,,,,,,,,,,,,,,,,,,,,,,,,,,,,,,,,,,,,,,,,,,,,,,,,,,,,,,,,,,,,,,,,,,,,,,,,,,,,
,,,,,,1513707,Industrial & MRO Supplies,General Hardware,Component,1513707,1513707,1nx6-20' Hatteras Grooved - Trex Transcend Lineage Decking,TREX,TREX,,Boise Cascade Building Materials (BOICA),Boise Cascade Building Materials (BOICA),TREX,,1513707,,Industrial & MRO Supplies>General Hardware>Component,,,,,,,,,,,,,,,,,,,,,,,,,,,,,,,,Component,,,,,,,,,,,,,,,,,,,,,,,,,,,,,,,,,,,,,,,,,,,,,,,,,,,,,,,,,,,,,,,,,,,,,,,,,,,,,,,,,,,,,,,,,,,,,,,,,,,,,,,,,,,,,,,,,,,,,,,,,,,,,,,,,,,,,,,,,,,,,,,,,,,,,,,,,,,,,,,,,,,,,,,,,,,,,,,,,,,,,,,,,,,,,,,,,,,,,
,,,,,,1513708,Industrial & MRO Supplies,General Hardware,Component,1513708,1513708,1nx6-16' Salt Flat Sq Edge - Trex Transcend Lineage Decking,TREX,TREX,,Boise Cascade Building Materials (BOICA),Boise Cascade Building Materials (BOICA),TREX,,1513708,,Industrial & MRO Supplies>General Hardware>Component,,,,,,,,,,,,,,,,,,,,,,,,,,,,,,,,Component,,,,,,,,,,,,,,,,,,,,,,,,,,,,,,,,,,,,,,,,,,,,,,,,,,,,,,,,,,,,,,,,,,,,,,,,,,,,,,,,,,,,,,,,,,,,,,,,,,,,,,,,,,,,,,,,,,,,,,,,,,,,,,,,,,,,,,,,,,,,,,,,,,,,,,,,,,,,,,,,,,,,,,,,,,,,,,,,,,,,,,,,,,,,,,,,,,,,,
,,,,,,1513709,Industrial & MRO Supplies,General Hardware,Component,1513709,1513709,1nx6-20' Salt Flat Sq Edge - Trex Transcend Lineage Decking,TREX,TREX,,Boise Cascade Building Materials (BOICA),Boise Cascade Building Materials (BOICA),TREX,,1513709,,Industrial & MRO Supplies>General Hardware>Component,,,,,,,,,,,,,,,,,,,,,,,,,,,,,,,,Component,,,,,,,,,,,,,,,,,,,,,,,,,,,,,,,,,,,,,,,,,,,,,,,,,,,,,,,,,,,,,,,,,,,,,,,,,,,,,,,,,,,,,,,,,,,,,,,,,,,,,,,,,,,,,,,,,,,,,,,,,,,,,,,,,,,,,,,,,,,,,,,,,,,,,,,,,,,,,,,,,,,,,,,,,,,,,,,,,,,,,,,,,,,,,,,,,,,,,
,,,,,,1513710,Industrial & MRO Supplies,General Hardware,Component,1513710,1513710,1nx6-12' Salt Flat Grooved - Trex Transcend Lineage Decking,TREX,TREX,,Boise Cascade Building Materials (BOICA),Boise Cascade Building Materials (BOICA),TREX,,1513710,,Industrial & MRO Supplies>General Hardware>Component,,,,,,,,,,,,,,,,,,,,,,,,,,,,,,,,Component,,,,,,,,,,,,,,,,,,,,,,,,,,,,,,,,,,,,,,,,,,,,,,,,,,,,,,,,,,,,,,,,,,,,,,,,,,,,,,,,,,,,,,,,,,,,,,,,,,,,,,,,,,,,,,,,,,,,,,,,,,,,,,,,,,,,,,,,,,,,,,,,,,,,,,,,,,,,,,,,,,,,,,,,,,,,,,,,,,,,,,,,,,,,,,,,,,,,,
,,,,,,1513711,Industrial & MRO Supplies,General Hardware,Component,1513711,1513711,1nx6-16' Salt Flat Grooved - Trex Transcend Lineage Decking,TREX,TREX,,Boise Cascade Building Materials (BOICA),Boise Cascade Building Materials (BOICA),TREX,,1513711,,Industrial & MRO Supplies>General Hardware>Component,,,,,,,,,,,,,,,,,,,,,,,,,,,,,,,,Component,,,,,,,,,,,,,,,,,,,,,,,,,,,,,,,,,,,,,,,,,,,,,,,,,,,,,,,,,,,,,,,,,,,,,,,,,,,,,,,,,,,,,,,,,,,,,,,,,,,,,,,,,,,,,,,,,,,,,,,,,,,,,,,,,,,,,,,,,,,,,,,,,,,,,,,,,,,,,,,,,,,,,,,,,,,,,,,,,,,,,,,,,,,,,,,,,,,,,
,,,,,,1513712,Industrial & MRO Supplies,General Hardware,Component,1513712,1513712,1nx6-20' Salt Flat Grooved - Trex Transcend Lineage Decking,TREX,TREX,,Boise Cascade Building Materials (BOICA),Boise Cascade Building Materials (BOICA),TREX,,1513712,,Industrial & MRO Supplies>General Hardware>Component,,,,,,,,,,,,,,,,,,,,,,,,,,,,,,,,Component,,,,,,,,,,,,,,,,,,,,,,,,,,,,,,,,,,,,,,,,,,,,,,,,,,,,,,,,,,,,,,,,,,,,,,,,,,,,,,,,,,,,,,,,,,,,,,,,,,,,,,,,,,,,,,,,,,,,,,,,,,,,,,,,,,,,,,,,,,,,,,,,,,,,,,,,,,,,,,,,,,,,,,,,,,,,,,,,,,,,,,,,,,,,,,,,,,,,,
,,,,,,1513717,Industrial & MRO Supplies,General Hardware,Component,1513717,1513717,1nx6-16' Honey Grove Sq Edge - Trex Enhance Naturals Decking,TREX,TREX,,Boise Cascade Building Materials (BOICA),Boise Cascade Building Materials (BOICA),TREX,,1513717,,Industrial & MRO Supplies>General Hardware>Component,,,,,,,,,,,,,,,,,,,,,,,,,,,,,,,,Component,,,,,,,,,,,,,,,,,,,,,,,,,,,,,,,,,,,,,,,,,,,,,,,,,,,,,,,,,,,,,,,,,,,,,,,,,,,,,,,,,,,,,,,,,,,,,,,,,,,,,,,,,,,,,,,,,,,,,,,,,,,,,,,,,,,,,,,,,,,,,,,,,,,,,,,,,,,,,,,,,,,,,,,,,,,,,,,,,,,,,,,,,,,,,,,,,,,,,
,,,,,,1513718,Industrial & MRO Supplies,General Hardware,Component,1513718,1513718,1nx6-20' Honey Grove Sq Edge - Trex Enhance Naturals Decking,TREX,TREX,,Boise Cascade Building Materials (BOICA),Boise Cascade Building Materials (BOICA),TREX,,1513718,,Industrial & MRO Supplies>General Hardware>Component,,,,,,,,,,,,,,,,,,,,,,,,,,,,,,,,Component,,,,,,,,,,,,,,,,,,,,,,,,,,,,,,,,,,,,,,,,,,,,,,,,,,,,,,,,,,,,,,,,,,,,,,,,,,,,,,,,,,,,,,,,,,,,,,,,,,,,,,,,,,,,,,,,,,,,,,,,,,,,,,,,,,,,,,,,,,,,,,,,,,,,,,,,,,,,,,,,,,,,,,,,,,,,,,,,,,,,,,,,,,,,,,,,,,,,,
,,,,,,1513719,Industrial & MRO Supplies,General Hardware,Component,1513719,1513719,1nx6-12' Honey Grove Grooved - Trex Enhance Naturals Decking,TREX,TREX,,Boise Cascade Building Materials (BOICA),Boise Cascade Building Materials (BOICA),TREX,,1513719,,Industrial & MRO Supplies>General Hardware>Component,,,,,,,,,,,,,,,,,,,,,,,,,,,,,,,,Component,,,,,,,,,,,,,,,,,,,,,,,,,,,,,,,,,,,,,,,,,,,,,,,,,,,,,,,,,,,,,,,,,,,,,,,,,,,,,,,,,,,,,,,,,,,,,,,,,,,,,,,,,,,,,,,,,,,,,,,,,,,,,,,,,,,,,,,,,,,,,,,,,,,,,,,,,,,,,,,,,,,,,,,,,,,,,,,,,,,,,,,,,,,,,,,,,,,,,
,,,,,,1513720,Industrial & MRO Supplies,General Hardware,Component,1513720,1513720,1nx6-16' Honey Grove Grooved - Trex Enhance Naturals Decking,TREX,TREX,,Boise Cascade Building Materials (BOICA),Boise Cascade Building Materials (BOICA),TREX,,1513720,,Industrial & MRO Supplies>General Hardware>Component,,,,,,,,,,,,,,,,,,,,,,,,,,,,,,,,Component,,,,,,,,,,,,,,,,,,,,,,,,,,,,,,,,,,,,,,,,,,,,,,,,,,,,,,,,,,,,,,,,,,,,,,,,,,,,,,,,,,,,,,,,,,,,,,,,,,,,,,,,,,,,,,,,,,,,,,,,,,,,,,,,,,,,,,,,,,,,,,,,,,,,,,,,,,,,,,,,,,,,,,,,,,,,,,,,,,,,,,,,,,,,,,,,,,,,,
,,,,,,1513721,Industrial & MRO Supplies,General Hardware,Component,1513721,1513721,1nx6-20' Honey Grove Grooved - Trex Enhance Naturals Decking,TREX,TREX,,Boise Cascade Building Materials (BOICA),Boise Cascade Building Materials (BOICA),TREX,,1513721,,Industrial & MRO Supplies>General Hardware>Component,,,,,,,,,,,,,,,,,,,,,,,,,,,,,,,,Component,,,,,,,,,,,,,,,,,,,,,,,,,,,,,,,,,,,,,,,,,,,,,,,,,,,,,,,,,,,,,,,,,,,,,,,,,,,,,,,,,,,,,,,,,,,,,,,,,,,,,,,,,,,,,,,,,,,,,,,,,,,,,,,,,,,,,,,,,,,,,,,,,,,,,,,,,,,,,,,,,,,,,,,,,,,,,,,,,,,,,,,,,,,,,,,,,,,,,
,,,,,,1513724,Industrial & MRO Supplies,General Hardware,Component,1513724,1513724,1nx6-16' Tide Pool Sq Edge - Trex Enhance Basics Decking,TREX,TREX,,Boise Cascade Building Materials (BOICA),Boise Cascade Building Materials (BOICA),TREX,,1513724,,Industrial & MRO Supplies>General Hardware>Component,,,,,,,,,,,,,,,,,,,,,,,,,,,,,,,,Component,,,,,,,,,,,,,,,,,,,,,,,,,,,,,,,,,,,,,,,,,,,,,,,,,,,,,,,,,,,,,,,,,,,,,,,,,,,,,,,,,,,,,,,,,,,,,,,,,,,,,,,,,,,,,,,,,,,,,,,,,,,,,,,,,,,,,,,,,,,,,,,,,,,,,,,,,,,,,,,,,,,,,,,,,,,,,,,,,,,,,,,,,,,,,,,,,,,,,
,,,,,,1513725,Industrial & MRO Supplies,General Hardware,Component,1513725,1513725,1nx6-20' Tide Pool Sq Edge - Trex Enhance Basics Decking,TREX,TREX,,Boise Cascade Building Materials (BOICA),Boise Cascade Building Materials (BOICA),TREX,,1513725,,Industrial & MRO Supplies>General Hardware>Component,,,,,,,,,,,,,,,,,,,,,,,,,,,,,,,,Component,,,,,,,,,,,,,,,,,,,,,,,,,,,,,,,,,,,,,,,,,,,,,,,,,,,,,,,,,,,,,,,,,,,,,,,,,,,,,,,,,,,,,,,,,,,,,,,,,,,,,,,,,,,,,,,,,,,,,,,,,,,,,,,,,,,,,,,,,,,,,,,,,,,,,,,,,,,,,,,,,,,,,,,,,,,,,,,,,,,,,,,,,,,,,,,,,,,,,
,,,,,,1513726,Industrial & MRO Supplies,General Hardware,Component,1513726,1513726,1nx6-12' Tide Pool Grooved - Trex Enhance Basics Decking,TREX,TREX,,Boise Cascade Building Materials (BOICA),Boise Cascade Building Materials (BOICA),TREX,,1513726,,Industrial & MRO Supplies>General Hardware>Component,,,,,,,,,,,,,,,,,,,,,,,,,,,,,,,,Component,,,,,,,,,,,,,,,,,,,,,,,,,,,,,,,,,,,,,,,,,,,,,,,,,,,,,,,,,,,,,,,,,,,,,,,,,,,,,,,,,,,,,,,,,,,,,,,,,,,,,,,,,,,,,,,,,,,,,,,,,,,,,,,,,,,,,,,,,,,,,,,,,,,,,,,,,,,,,,,,,,,,,,,,,,,,,,,,,,,,,,,,,,,,,,,,,,,,,
,,,,,,1513727,Industrial & MRO Supplies,General Hardware,Component,1513727,1513727,1nx6-16' Tide Pool Grooved - Trex Enhance Basics Decking,TREX,TREX,,Boise Cascade Building Materials (BOICA),Boise Cascade Building Materials (BOICA),TREX,,1513727,,Industrial & MRO Supplies>General Hardware>Component,,,,,,,,,,,,,,,,,,,,,,,,,,,,,,,,Component,,,,,,,,,,,,,,,,,,,,,,,,,,,,,,,,,,,,,,,,,,,,,,,,,,,,,,,,,,,,,,,,,,,,,,,,,,,,,,,,,,,,,,,,,,,,,,,,,,,,,,,,,,,,,,,,,,,,,,,,,,,,,,,,,,,,,,,,,,,,,,,,,,,,,,,,,,,,,,,,,,,,,,,,,,,,,,,,,,,,,,,,,,,,,,,,,,,,,
,,,,,,1513728,Industrial & MRO Supplies,General Hardware,Component,1513728,1513728,1nx6-20' Tide Pool Grooved - Trex Enhance Basics Decking,TREX,TREX,,Boise Cascade Building Materials (BOICA),Boise Cascade Building Materials (BOICA),TREX,,1513728,,Industrial & MRO Supplies>General Hardware>Component,,,,,,,,,,,,,,,,,,,,,,,,,,,,,,,,Component,,,,,,,,,,,,,,,,,,,,,,,,,,,,,,,,,,,,,,,,,,,,,,,,,,,,,,,,,,,,,,,,,,,,,,,,,,,,,,,,,,,,,,,,,,,,,,,,,,,,,,,,,,,,,,,,,,,,,,,,,,,,,,,,,,,,,,,,,,,,,,,,,,,,,,,,,,,,,,,,,,,,,,,,,,,,,,,,,,,,,,,,,,,,,,,,,,,,,
,,,,,,543076016,Industrial & MRO Supplies,General Hardware,Component,543076016,543076016,1nx6-16' Cinnamon Cove Sq Edge - Trex Enhance Naturals Decking,TREX,TREX,,Boise Cascade Building Materials (BOICA),Boise Cascade Building Materials (BOICA),TREX,,543076016,,Industrial & MRO Supplies>General Hardware>Component,,,,,,,,,,,,,,,,,,,,,,,,,,,,,,,,Component,,,,,,,,,,,,,,,,,,,,,,,,,,,,,,,,,,,,,,,,,,,,,,,,,,,,,,,,,,,,,,,,,,,,,,,,,,,,,,,,,,,,,,,,,,,,,,,,,,,,,,,,,,,,,,,,,,,,,,,,,,,,,,,,,,,,,,,,,,,,,,,,,,,,,,,,,,,,,,,,,,,,,,,,,,,,,,,,,,,,,,,,,,,,,,,,,,,,,
,,,,,,543076020,Industrial & MRO Supplies,General Hardware,Component,543076020,543076020,1nx6-20' Cinnamon Cove Sq Edge - Trex Enhance Naturals Decking,TREX,TREX,,Boise Cascade Building Materials (BOICA),Boise Cascade Building Materials (BOICA),TREX,,543076020,,Industrial & MRO Supplies>General Hardware>Component,,,,,,,,,,,,,,,,,,,,,,,,,,,,,,,,Component,,,,,,,,,,,,,,,,,,,,,,,,,,,,,,,,,,,,,,,,,,,,,,,,,,,,,,,,,,,,,,,,,,,,,,,,,,,,,,,,,,,,,,,,,,,,,,,,,,,,,,,,,,,,,,,,,,,,,,,,,,,,,,,,,,,,,,,,,,,,,,,,,,,,,,,,,,,,,,,,,,,,,,,,,,,,,,,,,,,,,,,,,,,,,,,,,,,,,
,,,,,,543076412,Industrial & MRO Supplies,General Hardware,Component,543076412,543076412,1nx6-12' Cinnamon Cove Grooved - Trex Enhance Naturals Decking,TREX,TREX,,Boise Cascade Building Materials (BOICA),Boise Cascade Building Materials (BOICA),TREX,,543076412,,Industrial & MRO Supplies>General Hardware>Component,,,,,,,,,,,,,,,,,,,,,,,,,,,,,,,,Component,,,,,,,,,,,,,,,,,,,,,,,,,,,,,,,,,,,,,,,,,,,,,,,,,,,,,,,,,,,,,,,,,,,,,,,,,,,,,,,,,,,,,,,,,,,,,,,,,,,,,,,,,,,,,,,,,,,,,,,,,,,,,,,,,,,,,,,,,,,,,,,,,,,,,,,,,,,,,,,,,,,,,,,,,,,,,,,,,,,,,,,,,,,,,,,,,,,,,
,,,,,,543076416,Industrial & MRO Supplies,General Hardware,Component,543076416,543076416,1nx6-16' Cinnamon Cove Grooved - Trex Enhance Naturals Decking,TREX,TREX,,Boise Cascade Building Materials (BOICA),Boise Cascade Building Materials (BOICA),TREX,,543076416,,Industrial & MRO Supplies>General Hardware>Component,,,,,,,,,,,,,,,,,,,,,,,,,,,,,,,,Component,,,,,,,,,,,,,,,,,,,,,,,,,,,,,,,,,,,,,,,,,,,,,,,,,,,,,,,,,,,,,,,,,,,,,,,,,,,,,,,,,,,,,,,,,,,,,,,,,,,,,,,,,,,,,,,,,,,,,,,,,,,,,,,,,,,,,,,,,,,,,,,,,,,,,,,,,,,,,,,,,,,,,,,,,,,,,,,,,,,,,,,,,,,,,,,,,,,,,
,,,,,,543076420,Industrial & MRO Supplies,General Hardware,Component,543076420,543076420,1nx6-20' Cinnamon Cove Grooved - Trex Enhance Naturals Decking,TREX,TREX,,Boise Cascade Building Materials (BOICA),Boise Cascade Building Materials (BOICA),TREX,,543076420,,Industrial & MRO Supplies>General Hardware>Component,,,,,,,,,,,,,,,,,,,,,,,,,,,,,,,,Component,,,,,,,,,,,,,,,,,,,,,,,,,,,,,,,,,,,,,,,,,,,,,,,,,,,,,,,,,,,,,,,,,,,,,,,,,,,,,,,,,,,,,,,,,,,,,,,,,,,,,,,,,,,,,,,,,,,,,,,,,,,,,,,,,,,,,,,,,,,,,,,,,,,,,,,,,,,,,,,,,,,,,,,,,,,,,,,,,,,,,,,,,,,,,,,,,,,,,
,,,,,,1516870,Industrial & MRO Supplies,General Hardware,Component,1516870,1516870,1nx6-16' Golden Hour Sq Edge - Trex Enhance Naturals Decking,TREX,TREX,,Boise Cascade Building Materials (BOICA),Boise Cascade Building Materials (BOICA),TREX,,1516870,,Industrial & MRO Supplies>General Hardware>Component,,,,,,,,,,,,,,,,,,,,,,,,,,,,,,,,Component,,,,,,,,,,,,,,,,,,,,,,,,,,,,,,,,,,,,,,,,,,,,,,,,,,,,,,,,,,,,,,,,,,,,,,,,,,,,,,,,,,,,,,,,,,,,,,,,,,,,,,,,,,,,,,,,,,,,,,,,,,,,,,,,,,,,,,,,,,,,,,,,,,,,,,,,,,,,,,,,,,,,,,,,,,,,,,,,,,,,,,,,,,,,,,,,,,,,,
,,,,,,1516871,Industrial & MRO Supplies,General Hardware,Component,1516871,1516871,1nx6-20' Golden Hour Sq Edge - Trex Enhance Naturals Decking,TREX,TREX,,Boise Cascade Building Materials (BOICA),Boise Cascade Building Materials (BOICA),TREX,,1516871,,Industrial & MRO Supplies>General Hardware>Component,,,,,,,,,,,,,,,,,,,,,,,,,,,,,,,,Component,,,,,,,,,,,,,,,,,,,,,,,,,,,,,,,,,,,,,,,,,,,,,,,,,,,,,,,,,,,,,,,,,,,,,,,,,,,,,,,,,,,,,,,,,,,,,,,,,,,,,,,,,,,,,,,,,,,,,,,,,,,,,,,,,,,,,,,,,,,,,,,,,,,,,,,,,,,,,,,,,,,,,,,,,,,,,,,,,,,,,,,,,,,,,,,,,,,,,
,,,,,,1516872,Industrial & MRO Supplies,General Hardware,Component,1516872,1516872,1nx6-12' Golden Hour Grooved - Trex Enhance Naturals Decking,TREX,TREX,,Boise Cascade Building Materials (BOICA),Boise Cascade Building Materials (BOICA),TREX,,1516872,,Industrial & MRO Supplies>General Hardware>Component,,,,,,,,,,,,,,,,,,,,,,,,,,,,,,,,Component,,,,,,,,,,,,,,,,,,,,,,,,,,,,,,,,,,,,,,,,,,,,,,,,,,,,,,,,,,,,,,,,,,,,,,,,,,,,,,,,,,,,,,,,,,,,,,,,,,,,,,,,,,,,,,,,,,,,,,,,,,,,,,,,,,,,,,,,,,,,,,,,,,,,,,,,,,,,,,,,,,,,,,,,,,,,,,,,,,,,,,,,,,,,,,,,,,,,,
,,,,,,1516873,Industrial & MRO Supplies,General Hardware,Component,1516873,1516873,1nx6-16' Golden Hour Grooved - Trex Enhance Naturals Decking,TREX,TREX,,Boise Cascade Building Materials (BOICA),Boise Cascade Building Materials (BOICA),TREX,,1516873,,Industrial & MRO Supplies>General Hardware>Component,,,,,,,,,,,,,,,,,,,,,,,,,,,,,,,,Component,,,,,,,,,,,,,,,,,,,,,,,,,,,,,,,,,,,,,,,,,,,,,,,,,,,,,,,,,,,,,,,,,,,,,,,,,,,,,,,,,,,,,,,,,,,,,,,,,,,,,,,,,,,,,,,,,,,,,,,,,,,,,,,,,,,,,,,,,,,,,,,,,,,,,,,,,,,,,,,,,,,,,,,,,,,,,,,,,,,,,,,,,,,,,,,,,,,,,
,,,,,,1516874,Industrial & MRO Supplies,General Hardware,Component,1516874,1516874,1nx6-20' Golden Hour Grooved - Trex Enhance Naturals Decking,TREX,TREX,,Boise Cascade Building Materials (BOICA),Boise Cascade Building Materials (BOICA),TREX,,1516874,,Industrial & MRO Supplies>General Hardware>Component,,,,,,,,,,,,,,,,,,,,,,,,,,,,,,,,Component,,,,,,,,,,,,,,,,,,,,,,,,,,,,,,,,,,,,,,,,,,,,,,,,,,,,,,,,,,,,,,,,,,,,,,,,,,,,,,,,,,,,,,,,,,,,,,,,,,,,,,,,,,,,,,,,,,,,,,,,,,,,,,,,,,,,,,,,,,,,,,,,,,,,,,,,,,,,,,,,,,,,,,,,,,,,,,,,,,,,,,,,,,,,,,,,,,,,,
,,,,,,1516879,Industrial & MRO Supplies,General Hardware,Component,1516879,1516879,1nx6-16' Pebble Beach Sq Edge - Trex Enhance Basics Decking,TREX,TREX,,Boise Cascade Building Materials (BOICA),Boise Cascade Building Materials (BOICA),TREX,,1516879,,Industrial & MRO Supplies>General Hardware>Component,,,,,,,,,,,,,,,,,,,,,,,,,,,,,,,,Component,,,,,,,,,,,,,,,,,,,,,,,,,,,,,,,,,,,,,,,,,,,,,,,,,,,,,,,,,,,,,,,,,,,,,,,,,,,,,,,,,,,,,,,,,,,,,,,,,,,,,,,,,,,,,,,,,,,,,,,,,,,,,,,,,,,,,,,,,,,,,,,,,,,,,,,,,,,,,,,,,,,,,,,,,,,,,,,,,,,,,,,,,,,,,,,,,,,,,
,,,,,,1516880,Industrial & MRO Supplies,General Hardware,Component,1516880,1516880,1nx6-20' Pebble Beach Sq Edge - Trex Enhance Basics Decking,TREX,TREX,,Boise Cascade Building Materials (BOICA),Boise Cascade Building Materials (BOICA),TREX,,1516880,,Industrial & MRO Supplies>General Hardware>Component,,,,,,,,,,,,,,,,,,,,,,,,,,,,,,,,Component,,,,,,,,,,,,,,,,,,,,,,,,,,,,,,,,,,,,,,,,,,,,,,,,,,,,,,,,,,,,,,,,,,,,,,,,,,,,,,,,,,,,,,,,,,,,,,,,,,,,,,,,,,,,,,,,,,,,,,,,,,,,,,,,,,,,,,,,,,,,,,,,,,,,,,,,,,,,,,,,,,,,,,,,,,,,,,,,,,,,,,,,,,,,,,,,,,,,,
,,,,,,1516881,Industrial & MRO Supplies,General Hardware,Component,1516881,1516881,1nx6-12' Pebble Beach Grooved - Trex Enhance Basics Decking,TREX,TREX,,Boise Cascade Building Materials (BOICA),Boise Cascade Building Materials (BOICA),TREX,,1516881,,Industrial & MRO Supplies>General Hardware>Component,,,,,,,,,,,,,,,,,,,,,,,,,,,,,,,,Component,,,,,,,,,,,,,,,,,,,,,,,,,,,,,,,,,,,,,,,,,,,,,,,,,,,,,,,,,,,,,,,,,,,,,,,,,,,,,,,,,,,,,,,,,,,,,,,,,,,,,,,,,,,,,,,,,,,,,,,,,,,,,,,,,,,,,,,,,,,,,,,,,,,,,,,,,,,,,,,,,,,,,,,,,,,,,,,,,,,,,,,,,,,,,,,,,,,,,
,,,,,,1516882,Industrial & MRO Supplies,General Hardware,Component,1516882,1516882,1nx6-16' Pebble Beach Grooved - Trex Enhance Basics Decking,TREX,TREX,,Boise Cascade Building Materials (BOICA),Boise Cascade Building Materials (BOICA),TREX,,1516882,,Industrial & MRO Supplies>General Hardware>Component,,,,,,,,,,,,,,,,,,,,,,,,,,,,,,,,Component,,,,,,,,,,,,,,,,,,,,,,,,,,,,,,,,,,,,,,,,,,,,,,,,,,,,,,,,,,,,,,,,,,,,,,,,,,,,,,,,,,,,,,,,,,,,,,,,,,,,,,,,,,,,,,,,,,,,,,,,,,,,,,,,,,,,,,,,,,,,,,,,,,,,,,,,,,,,,,,,,,,,,,,,,,,,,,,,,,,,,,,,,,,,,,,,,,,,,
,,,,,,1516883,Industrial & MRO Supplies,General Hardware,Component,1516883,1516883,1nx6-20' Pebble Beach Grooved - Trex Enhance Basics Decking,TREX,TREX,,Boise Cascade Building Materials (BOICA),Boise Cascade Building Materials (BOICA),TREX,,1516883,,Industrial & MRO Supplies>General Hardware>Component,,,,,,,,,,,,,,,,,,,,,,,,,,,,,,,,Component,,,,,,,,,,,,,,,,,,,,,,,,,,,,,,,,,,,,,,,,,,,,,,,,,,,,,,,,,,,,,,,,,,,,,,,,,,,,,,,,,,,,,,,,,,,,,,,,,,,,,,,,,,,,,,,,,,,,,,,,,,,,,,,,,,,,,,,,,,,,,,,,,,,,,,,,,,,,,,,,,,,,,,,,,,,,,,,,,,,,,,,,,,,,,,,,,,,,,
,,,,,,543005016,Industrial & MRO Supplies,General Hardware,Component,543005016,543005016,7/8nx6-16' Malted Barley Sq Edge - Trex Select 2.0 Decking,TREX,TREX,,Boise Cascade Building Materials (BOICA),Boise Cascade Building Materials (BOICA),TREX,,543005016,,Industrial & MRO Supplies>General Hardware>Component,,,,,,,,,,,,,,,,,,,,,,,,,,,,,,,,Component,,,,,,,,,,,,,,,,,,,,,,,,,,,,,,,,,,,,,,,,,,,,,,,,,,,,,,,,,,,,,,,,,,,,,,,,,,,,,,,,,,,,,,,,,,,,,,,,,,,,,,,,,,,,,,,,,,,,,,,,,,,,,,,,,,,,,,,,,,,,,,,,,,,,,,,,,,,,,,,,,,,,,,,,,,,,,,,,,,,,,,,,,,,,,,,,,,,,,
,,,,,,543005020,Industrial & MRO Supplies,General Hardware,Component,543005020,543005020,7/8nx6-20' Malted Barley Sq Edge - Trex Select 2.0 Decking,TREX,TREX,,Boise Cascade Building Materials (BOICA),Boise Cascade Building Materials (BOICA),TREX,,543005020,,Industrial & MRO Supplies>General Hardware>Component,,,,,,,,,,,,,,,,,,,,,,,,,,,,,,,,Component,,,,,,,,,,,,,,,,,,,,,,,,,,,,,,,,,,,,,,,,,,,,,,,,,,,,,,,,,,,,,,,,,,,,,,,,,,,,,,,,,,,,,,,,,,,,,,,,,,,,,,,,,,,,,,,,,,,,,,,,,,,,,,,,,,,,,,,,,,,,,,,,,,,,,,,,,,,,,,,,,,,,,,,,,,,,,,,,,,,,,,,,,,,,,,,,,,,,,
,,,,,,543005412,Industrial & MRO Supplies,General Hardware,Component,543005412,543005412,7/8nx6-12' Malted Barley Grooved - Trex Select 2.0 Decking,TREX,TREX,,Boise Cascade Building Materials (BOICA),Boise Cascade Building Materials (BOICA),TREX,,543005412,,Industrial & MRO Supplies>General Hardware>Component,,,,,,,,,,,,,,,,,,,,,,,,,,,,,,,,Component,,,,,,,,,,,,,,,,,,,,,,,,,,,,,,,,,,,,,,,,,,,,,,,,,,,,,,,,,,,,,,,,,,,,,,,,,,,,,,,,,,,,,,,,,,,,,,,,,,,,,,,,,,,,,,,,,,,,,,,,,,,,,,,,,,,,,,,,,,,,,,,,,,,,,,,,,,,,,,,,,,,,,,,,,,,,,,,,,,,,,,,,,,,,,,,,,,,,,
,,,,,,543005416,Industrial & MRO Supplies,General Hardware,Component,543005416,543005416,7/8nx6-16' Malted Barley Grooved - Trex Select 2.0 Decking,TREX,TREX,,Boise Cascade Building Materials (BOICA),Boise Cascade Building Materials (BOICA),TREX,,543005416,,Industrial & MRO Supplies>General Hardware>Component,,,,,,,,,,,,,,,,,,,,,,,,,,,,,,,,Component,,,,,,,,,,,,,,,,,,,,,,,,,,,,,,,,,,,,,,,,,,,,,,,,,,,,,,,,,,,,,,,,,,,,,,,,,,,,,,,,,,,,,,,,,,,,,,,,,,,,,,,,,,,,,,,,,,,,,,,,,,,,,,,,,,,,,,,,,,,,,,,,,,,,,,,,,,,,,,,,,,,,,,,,,,,,,,,,,,,,,,,,,,,,,,,,,,,,,
,,,,,,543005420,Industrial & MRO Supplies,General Hardware,Component,543005420,543005420,7/8nx6-20' Malted Barley Grooved - Trex Select 2.0 Decking,TREX,TREX,,Boise Cascade Building Materials (BOICA),Boise Cascade Building Materials (BOICA),TREX,,543005420,,Industrial & MRO Supplies>General Hardware>Component,,,,,,,,,,,,,,,,,,,,,,,,,,,,,,,,Component,,,,,,,,,,,,,,,,,,,,,,,,,,,,,,,,,,,,,,,,,,,,,,,,,,,,,,,,,,,,,,,,,,,,,,,,,,,,,,,,,,,,,,,,,,,,,,,,,,,,,,,,,,,,,,,,,,,,,,,,,,,,,,,,,,,,,,,,,,,,,,,,,,,,,,,,,,,,,,,,,,,,,,,,,,,,,,,,,,,,,,,,,,,,,,,,,,,,,
,,,,,,1516891,Industrial & MRO Supplies,General Hardware,Component,1516891,1516891,7/8nx6-16' Millstone Sq Edge - Trex Select 2.0 Decking,TREX,TREX,,Boise Cascade Building Materials (BOICA),Boise Cascade Building Materials (BOICA),TREX,,1516891,,Industrial & MRO Supplies>General Hardware>Component,,,,,,,,,,,,,,,,,,,,,,,,,,,,,,,,Component,,,,,,,,,,,,,,,,,,,,,,,,,,,,,,,,,,,,,,,,,,,,,,,,,,,,,,,,,,,,,,,,,,,,,,,,,,,,,,,,,,,,,,,,,,,,,,,,,,,,,,,,,,,,,,,,,,,,,,,,,,,,,,,,,,,,,,,,,,,,,,,,,,,,,,,,,,,,,,,,,,,,,,,,,,,,,,,,,,,,,,,,,,,,,,,,,,,,,
,,,,,,1516892,Industrial & MRO Supplies,General Hardware,Component,1516892,1516892,7/8nx6-20' Millstone Sq Edge -Trex Select 2.0 Decking,TREX,TREX,,Boise Cascade Building Materials (BOICA),Boise Cascade Building Materials (BOICA),TREX,,1516892,,Industrial & MRO Supplies>General Hardware>Component,,,,,,,,,,,,,,,,,,,,,,,,,,,,,,,,Component,,,,,,,,,,,,,,,,,,,,,,,,,,,,,,,,,,,,,,,,,,,,,,,,,,,,,,,,,,,,,,,,,,,,,,,,,,,,,,,,,,,,,,,,,,,,,,,,,,,,,,,,,,,,,,,,,,,,,,,,,,,,,,,,,,,,,,,,,,,,,,,,,,,,,,,,,,,,,,,,,,,,,,,,,,,,,,,,,,,,,,,,,,,,,,,,,,,,,
,,,,,,1516893,Industrial & MRO Supplies,General Hardware,Component,1516893,1516893,7/8nx6-12' Millstone Grooved - Trex Select 2.0 Decking,TREX,TREX,,Boise Cascade Building Materials (BOICA),Boise Cascade Building Materials (BOICA),TREX,,1516893,,Industrial & MRO Supplies>General Hardware>Component,,,,,,,,,,,,,,,,,,,,,,,,,,,,,,,,Component,,,,,,,,,,,,,,,,,,,,,,,,,,,,,,,,,,,,,,,,,,,,,,,,,,,,,,,,,,,,,,,,,,,,,,,,,,,,,,,,,,,,,,,,,,,,,,,,,,,,,,,,,,,,,,,,,,,,,,,,,,,,,,,,,,,,,,,,,,,,,,,,,,,,,,,,,,,,,,,,,,,,,,,,,,,,,,,,,,,,,,,,,,,,,,,,,,,,,
,,,,,,1516894,Industrial & MRO Supplies,General Hardware,Component,1516894,1516894,7/8nx6-16' Millstone Grooved - Trex Select 2.0 Decking,TREX,TREX,,Boise Cascade Building Materials (BOICA),Boise Cascade Building Materials (BOICA),TREX,,1516894,,Industrial & MRO Supplies>General Hardware>Component,,,,,,,,,,,,,,,,,,,,,,,,,,,,,,,,Component,,,,,,,,,,,,,,,,,,,,,,,,,,,,,,,,,,,,,,,,,,,,,,,,,,,,,,,,,,,,,,,,,,,,,,,,,,,,,,,,,,,,,,,,,,,,,,,,,,,,,,,,,,,,,,,,,,,,,,,,,,,,,,,,,,,,,,,,,,,,,,,,,,,,,,,,,,,,,,,,,,,,,,,,,,,,,,,,,,,,,,,,,,,,,,,,,,,,,
,,,,,,1516895,Industrial & MRO Supplies,General Hardware,Component,1516895,1516895,7/8nx6-20' Millstone Grooved - Trex Select 2.0 Decking,TREX,TREX,,Boise Cascade Building Materials (BOICA),Boise Cascade Building Materials (BOICA),TREX,,1516895,,Industrial & MRO Supplies>General Hardware>Component,,,,,,,,,,,,,,,,,,,,,,,,,,,,,,,,Component,,,,,,,,,,,,,,,,,,,,,,,,,,,,,,,,,,,,,,,,,,,,,,,,,,,,,,,,,,,,,,,,,,,,,,,,,,,,,,,,,,,,,,,,,,,,,,,,,,,,,,,,,,,,,,,,,,,,,,,,,,,,,,,,,,,,,,,,,,,,,,,,,,,,,,,,,,,,,,,,,,,,,,,,,,,,,,,,,,,,,,,,,,,,,,,,,,,,,
,,,,,,543007016,Industrial & MRO Supplies,General Hardware,Component,543007016,543007016,7/8nx6-16' Whiskey Barrel Sq Edge - Trex Select 2.0 Decking,TREX,TREX,,Boise Cascade Building Materials (BOICA),Boise Cascade Building Materials (BOICA),TREX,,543007016,,Industrial & MRO Supplies>General Hardware>Component,,,,,,,,,,,,,,,,,,,,,,,,,,,,,,,,Component,,,,,,,,,,,,,,,,,,,,,,,,,,,,,,,,,,,,,,,,,,,,,,,,,,,,,,,,,,,,,,,,,,,,,,,,,,,,,,,,,,,,,,,,,,,,,,,,,,,,,,,,,,,,,,,,,,,,,,,,,,,,,,,,,,,,,,,,,,,,,,,,,,,,,,,,,,,,,,,,,,,,,,,,,,,,,,,,,,,,,,,,,,,,,,,,,,,,,
,,,,,,543007020,Industrial & MRO Supplies,General Hardware,Component,543007020,543007020,7/8nx6-20' Whiskey Barrel Sq Edge - Trex Select 2.0 Decking,TREX,TREX,,Boise Cascade Building Materials (BOICA),Boise Cascade Building Materials (BOICA),TREX,,543007020,,Industrial & MRO Supplies>General Hardware>Component,,,,,,,,,,,,,,,,,,,,,,,,,,,,,,,,Component,,,,,,,,,,,,,,,,,,,,,,,,,,,,,,,,,,,,,,,,,,,,,,,,,,,,,,,,,,,,,,,,,,,,,,,,,,,,,,,,,,,,,,,,,,,,,,,,,,,,,,,,,,,,,,,,,,,,,,,,,,,,,,,,,,,,,,,,,,,,,,,,,,,,,,,,,,,,,,,,,,,,,,,,,,,,,,,,,,,,,,,,,,,,,,,,,,,,,
,,,,,,543007412,Industrial & MRO Supplies,General Hardware,Component,543007412,543007412,7/8nx6-12' Whiskey Barrel Grooved - Trex Select 2.0 Decking,TREX,TREX,,Boise Cascade Building Materials (BOICA),Boise Cascade Building Materials (BOICA),TREX,,543007412,,Industrial & MRO Supplies>General Hardware>Component,,,,,,,,,,,,,,,,,,,,,,,,,,,,,,,,Component,,,,,,,,,,,,,,,,,,,,,,,,,,,,,,,,,,,,,,,,,,,,,,,,,,,,,,,,,,,,,,,,,,,,,,,,,,,,,,,,,,,,,,,,,,,,,,,,,,,,,,,,,,,,,,,,,,,,,,,,,,,,,,,,,,,,,,,,,,,,,,,,,,,,,,,,,,,,,,,,,,,,,,,,,,,,,,,,,,,,,,,,,,,,,,,,,,,,,
,,,,,,543007416,Industrial & MRO Supplies,General Hardware,Component,543007416,543007416,7/8nx6-16' Whiskey Barrel Grooved - Trex Select 2.0 Decking,TREX,TREX,,Boise Cascade Building Materials (BOICA),Boise Cascade Building Materials (BOICA),TREX,,543007416,,Industrial & MRO Supplies>General Hardware>Component,,,,,,,,,,,,,,,,,,,,,,,,,,,,,,,,Component,,,,,,,,,,,,,,,,,,,,,,,,,,,,,,,,,,,,,,,,,,,,,,,,,,,,,,,,,,,,,,,,,,,,,,,,,,,,,,,,,,,,,,,,,,,,,,,,,,,,,,,,,,,,,,,,,,,,,,,,,,,,,,,,,,,,,,,,,,,,,,,,,,,,,,,,,,,,,,,,,,,,,,,,,,,,,,,,,,,,,,,,,,,,,,,,,,,,,
,,,,,,543007420,Industrial & MRO Supplies,General Hardware,Component,543007420,543007420,7/8nx6-20' Whiskey Barrel Grooved - Trex Select 2.0 Decking,TREX,TREX,,Boise Cascade Building Materials (BOICA),Boise Cascade Building Materials (BOICA),TREX,,543007420,,Industrial & MRO Supplies>General Hardware>Component,,,,,,,,,,,,,,,,,,,,,,,,,,,,,,,,Component,,,,,,,,,,,,,,,,,,,,,,,,,,,,,,,,,,,,,,,,,,,,,,,,,,,,,,,,,,,,,,,,,,,,,,,,,,,,,,,,,,,,,,,,,,,,,,,,,,,,,,,,,,,,,,,,,,,,,,,,,,,,,,,,,,,,,,,,,,,,,,,,,,,,,,,,,,,,,,,,,,,,,,,,,,,,,,,,,,,,,,,,,,,,,,,,,,,,,
,,,,,,ADR5117512CS,Industrial & MRO Supplies,General Hardware,Component,ADR5117512CS,ADR5117512CS,1x12-12' Coastline - Vintage Azek PVC Fascia,TIMBERTECH,TIMBERTECH,,Parksite (6151),Parksite (6151),TIMBERTECH,,ADR5117512CS,,Industrial & MRO Supplies>General Hardware>Component,,,,,,,,,,,,,,,,,,,,,,,,,,,,,,,,Component,Dimensions,1x12-12,,,,,,,,,,,,,,,,,,,,,,,,,,,,,,,,,,,,,,,,,,,,,,,,,,,,,,,,,,,,,,,,,,,,,,,,,,,,,,,,,,,,,,,,,,,,,,,,,,,,,,,,,,,,,,,,,,,,,,,,,,,,,,,,,,,,,,,,,,,,,,,,,,,,,,,,,,,,,,,,,,,,,,,,,,,,,,,,,,,,,,,,,,,,,,,,,,,
,,,,,,ADR5117512MH,Industrial & MRO Supplies,General Hardware,Component,ADR5117512MH,ADR5117512MH,1x12-12' Mahogany - Vintage Azek PVC Fascia,TIMBERTECH,TIMBERTECH,,Parksite (6151),Parksite (6151),TIMBERTECH,,ADR5117512MH,,Industrial & MRO Supplies>General Hardware>Component,,,,,,,,,,,,,,,,,,,,,,,,,,,,,,,,Component,Dimensions,1x12-12,,,,,,,,,,,,,,,,,,,,,,,,,,,,,,,,,,,,,,,,,,,,,,,,,,,,,,,,,,,,,,,,,,,,,,,,,,,,,,,,,,,,,,,,,,,,,,,,,,,,,,,,,,,,,,,,,,,,,,,,,,,,,,,,,,,,,,,,,,,,,,,,,,,,,,,,,,,,,,,,,,,,,,,,,,,,,,,,,,,,,,,,,,,,,,,,,,,
,,,,,,ADR5117512WT,Industrial & MRO Supplies,General Hardware,Component,ADR5117512WT,ADR5117512WT,1x12-12' Weathered Teak - Vintage Azek PVC Fascia,TIMBERTECH,TIMBERTECH,,Parksite (6151),Parksite (6151),TIMBERTECH,,ADR5117512WT,,Industrial & MRO Supplies>General Hardware>Component,,,,,,,,,,,,,,,,,,,,,,,,,,,,,,,,Component,Dimensions,1x12-12,,,,,,,,,,,,,,,,,,,,,,,,,,,,,,,,,,,,,,,,,,,,,,,,,,,,,,,,,,,,,,,,,,,,,,,,,,,,,,,,,,,,,,,,,,,,,,,,,,,,,,,,,,,,,,,,,,,,,,,,,,,,,,,,,,,,,,,,,,,,,,,,,,,,,,,,,,,,,,,,,,,,,,,,,,,,,,,,,,,,,,,,,,,,,,,,,,,
,,,,,,ADR5117512AW,Industrial & MRO Supplies,General Hardware,Component,ADR5117512AW,ADR5117512AW,1x12-12' American Walnut - Landmark Azek PVC Fascia,TIMBERTECH,TIMBERTECH,,Parksite (6151),Parksite (6151),TIMBERTECH,,ADR5117512AW,,Industrial & MRO Supplies>General Hardware>Component,,,,,,,,,,,,,,,,,,,,,,,,,,,,,,,,Component,Dimensions,1x12-12,,,,,,,,,,,,,,,,,,,,,,,,,,,,,,,,,,,,,,,,,,,,,,,,,,,,,,,,,,,,,,,,,,,,,,,,,,,,,,,,,,,,,,,,,,,,,,,,,,,,,,,,,,,,,,,,,,,,,,,,,,,,,,,,,,,,,,,,,,,,,,,,,,,,,,,,,,,,,,,,,,,,,,,,,,,,,,,,,,,,,,,,,,,,,,,,,,,
,,,,,,ADR5117512CG,Industrial & MRO Supplies,General Hardware,Component,ADR5117512CG,ADR5117512CG,1x12-12' Castle Gate - Landmark Azek PVC Fascia,TIMBERTECH,TIMBERTECH,,Parksite (6151),Parksite (6151),TIMBERTECH,,ADR5117512CG,,Industrial & MRO Supplies>General Hardware>Component,,,,,,,,,,,,,,,,,,,,,,,,,,,,,,,,Component,Dimensions,1x12-12,,,,,,,,,,,,,,,,,,,,,,,,,,,,,,,,,,,,,,,,,,,,,,,,,,,,,,,,,,,,,,,,,,,,,,,,,,,,,,,,,,,,,,,,,,,,,,,,,,,,,,,,,,,,,,,,,,,,,,,,,,,,,,,,,,,,,,,,,,,,,,,,,,,,,,,,,,,,,,,,,,,,,,,,,,,,,,,,,,,,,,,,,,,,,,,,,,,
,,,,,,ADR5117512FW,Industrial & MRO Supplies,General Hardware,Component,ADR5117512FW,ADR5117512FW,1x12-12' French White Oak - Landmark Azek PVC Fascia,TIMBERTECH,TIMBERTECH,,Parksite (6151),Parksite (6151),TIMBERTECH,,ADR5117512FW,,Industrial & MRO Supplies>General Hardware>Component,,,,,,,,,,,,,,,,,,,,,,,,,,,,,,,,Component,Dimensions,1x12-12,,,,,,,,,,,,,,,,,,,,,,,,,,,,,,,,,,,,,,,,,,,,,,,,,,,,,,,,,,,,,,,,,,,,,,,,,,,,,,,,,,,,,,,,,,,,,,,,,,,,,,,,,,,,,,,,,,,,,,,,,,,,,,,,,,,,,,,,,,,,,,,,,,,,,,,,,,,,,,,,,,,,,,,,,,,,,,,,,,,,,,,,,,,,,,,,,,,
,,,,,,1508395,Industrial & MRO Supplies,General Hardware,Component,1508395,1508395,1x8-12' Brownstone - Harvest Azek PVC Fascia,TIMBERTECH,TIMBERTECH,,Parksite (6151),Parksite (6151),TIMBERTECH,,1508395,,Industrial & MRO Supplies>General Hardware>Component,,,,,,,,,,,,,,,,,,,,,,,,,,,,,,,,Component,Dimensions,1x8-12,,,,,,,,,,,,,,,,,,,,,,,,,,,,,,,,,,,,,,,,,,,,,,,,,,,,,,,,,,,,,,,,,,,,,,,,,,,,,,,,,,,,,,,,,,,,,,,,,,,,,,,,,,,,,,,,,,,,,,,,,,,,,,,,,,,,,,,,,,,,,,,,,,,,,,,,,,,,,,,,,,,,,,,,,,,,,,,,,,,,,,,,,,,,,,,,,,,
,,,,,,1508396,Industrial & MRO Supplies,General Hardware,Component,1508396,1508396,1x8-12' Slate Gray - Harvest Azek PVC Fascia,TIMBERTECH,TIMBERTECH,,Parksite (6151),Parksite (6151),TIMBERTECH,,1508396,,Industrial & MRO Supplies>General Hardware>Component,,,,,,,,,,,,,,,,,,,,,,,,,,,,,,,,Component,Dimensions,1x8-12,,,,,,,,,,,,,,,,,,,,,,,,,,,,,,,,,,,,,,,,,,,,,,,,,,,,,,,,,,,,,,,,,,,,,,,,,,,,,,,,,,,,,,,,,,,,,,,,,,,,,,,,,,,,,,,,,,,,,,,,,,,,,,,,,,,,,,,,,,,,,,,,,,,,,,,,,,,,,,,,,,,,,,,,,,,,,,,,,,,,,,,,,,,,,,,,,,,
,,,,,,ADCR5117512BS,Industrial & MRO Supplies,General Hardware,Component,ADCR5117512BS,ADCR5117512BS,1x12-12' Brownstone - Harvest Azek PVC Fascia,TIMBERTECH,TIMBERTECH,,Parksite (6151),Parksite (6151),TIMBERTECH,,ADCR5117512BS,,Industrial & MRO Supplies>General Hardware>Component,,,,,,,,,,,,,,,,,,,,,,,,,,,,,,,,Component,Dimensions,1x12-12,,,,,,,,,,,,,,,,,,,,,,,,,,,,,,,,,,,,,,,,,,,,,,,,,,,,,,,,,,,,,,,,,,,,,,,,,,,,,,,,,,,,,,,,,,,,,,,,,,,,,,,,,,,,,,,,,,,,,,,,,,,,,,,,,,,,,,,,,,,,,,,,,,,,,,,,,,,,,,,,,,,,,,,,,,,,,,,,,,,,,,,,,,,,,,,,,,,
,,,,,,ADCR5117512SG,Industrial & MRO Supplies,General Hardware,Component,ADCR5117512SG,ADCR5117512SG,1x12-12' Slate Gray - Harvest Azek PVC Fascia,TIMBERTECH,TIMBERTECH,,Parksite (6151),Parksite (6151),TIMBERTECH,,ADCR5117512SG,,Industrial & MRO Supplies>General Hardware>Component,,,,,,,,,,,,,,,,,,,,,,,,,,,,,,,,Component,Dimensions,1x12-12,,,,,,,,,,,,,,,,,,,,,,,,,,,,,,,,,,,,,,,,,,,,,,,,,,,,,,,,,,,,,,,,,,,,,,,,,,,,,,,,,,,,,,,,,,,,,,,,,,,,,,,,,,,,,,,,,,,,,,,,,,,,,,,,,,,,,,,,,,,,,,,,,,,,,,,,,,,,,,,,,,,,,,,,,,,,,,,,,,,,,,,,,,,,,,,,,,,
,,,,,,543140908,Industrial & MRO Supplies,General Hardware,Component,543140908,543140908,1x8-12' Biscayne - Trex Lineage,TREX,TREX,,U S Lumber (3073),U S Lumber (3073),TREX,,543140908,,Industrial & MRO Supplies>General Hardware>Component,,,,,,,,,,,,,,,,,,,,,,,,,,,,,,,,Component,Dimensions,1x8-12,,,,,,,,,,,,,,,,,,,,,,,,,,,,,,,,,,,,,,,,,,,,,,,,,,,,,,,,,,,,,,,,,,,,,,,,,,,,,,,,,,,,,,,,,,,,,,,,,,,,,,,,,,,,,,,,,,,,,,,,,,,,,,,,,,,,,,,,,,,,,,,,,,,,,,,,,,,,,,,,,,,,,,,,,,,,,,,,,,,,,,,,,,,,,,,,,,,
,,,,,,543142908,Industrial & MRO Supplies,General Hardware,Component,543142908,543142908,1x8-12' Carmel - Trex Lineage,TREX,TREX,,U S Lumber (3073),U S Lumber (3073),TREX,,543142908,,Industrial & MRO Supplies>General Hardware>Component,,,,,,,,,,,,,,,,,,,,,,,,,,,,,,,,Component,Dimensions,1x8-12,,,,,,,,,,,,,,,,,,,,,,,,,,,,,,,,,,,,,,,,,,,,,,,,,,,,,,,,,,,,,,,,,,,,,,,,,,,,,,,,,,,,,,,,,,,,,,,,,,,,,,,,,,,,,,,,,,,,,,,,,,,,,,,,,,,,,,,,,,,,,,,,,,,,,,,,,,,,,,,,,,,,,,,,,,,,,,,,,,,,,,,,,,,,,,,,,,,
,,,,,,543143908,Industrial & MRO Supplies,General Hardware,Component,543143908,543143908,1x8-12' Jasper - Trex Lineage,TREX,TREX,,U S Lumber (3073),U S Lumber (3073),TREX,,543143908,,Industrial & MRO Supplies>General Hardware>Component,,,,,,,,,,,,,,,,,,,,,,,,,,,,,,,,Component,Dimensions,1x8-12,,,,,,,,,,,,,,,,,,,,,,,,,,,,,,,,,,,,,,,,,,,,,,,,,,,,,,,,,,,,,,,,,,,,,,,,,,,,,,,,,,,,,,,,,,,,,,,,,,,,,,,,,,,,,,,,,,,,,,,,,,,,,,,,,,,,,,,,,,,,,,,,,,,,,,,,,,,,,,,,,,,,,,,,,,,,,,,,,,,,,,,,,,,,,,,,,,,
,,,,,,543140912,Industrial & MRO Supplies,General Hardware,Component,543140912,543140912,1x12-12' Biscayne - Trex Lineage,TREX,TREX,,U S Lumber (3073),U S Lumber (3073),TREX,,543140912,,Industrial & MRO Supplies>General Hardware>Component,,,,,,,,,,,,,,,,,,,,,,,,,,,,,,,,Component,Dimensions,1x12-12,,,,,,,,,,,,,,,,,,,,,,,,,,,,,,,,,,,,,,,,,,,,,,,,,,,,,,,,,,,,,,,,,,,,,,,,,,,,,,,,,,,,,,,,,,,,,,,,,,,,,,,,,,,,,,,,,,,,,,,,,,,,,,,,,,,,,,,,,,,,,,,,,,,,,,,,,,,,,,,,,,,,,,,,,,,,,,,,,,,,,,,,,,,,,,,,,,,
,,,,,,543142912,Industrial & MRO Supplies,General Hardware,Component,543142912,543142912,1x12-12' Carmel - Trex Lineage,TREX,TREX,,U S Lumber (3073),U S Lumber (3073),TREX,,543142912,,Industrial & MRO Supplies>General Hardware>Component,,,,,,,,,,,,,,,,,,,,,,,,,,,,,,,,Component,Dimensions,1x12-12,,,,,,,,,,,,,,,,,,,,,,,,,,,,,,,,,,,,,,,,,,,,,,,,,,,,,,,,,,,,,,,,,,,,,,,,,,,,,,,,,,,,,,,,,,,,,,,,,,,,,,,,,,,,,,,,,,,,,,,,,,,,,,,,,,,,,,,,,,,,,,,,,,,,,,,,,,,,,,,,,,,,,,,,,,,,,,,,,,,,,,,,,,,,,,,,,,,
,,,,,,543143912,Industrial & MRO Supplies,General Hardware,Component,543143912,543143912,1x12-12' Jasper - Trex Lineage,TREX,TREX,,U S Lumber (3073),U S Lumber (3073),TREX,,543143912,,Industrial & MRO Supplies>General Hardware>Component,,,,,,,,,,,,,,,,,,,,,,,,,,,,,,,,Component,Dimensions,1x12-12,,,,,,,,,,,,,,,,,,,,,,,,,,,,,,,,,,,,,,,,,,,,,,,,,,,,,,,,,,,,,,,,,,,,,,,,,,,,,,,,,,,,,,,,,,,,,,,,,,,,,,,,,,,,,,,,,,,,,,,,,,,,,,,,,,,,,,,,,,,,,,,,,,,,,,,,,,,,,,,,,,,,,,,,,,,,,,,,,,,,,,,,,,,,,,,,,,,
,,,,,,1513715,Industrial & MRO Supplies,General Hardware,Component,1513715,1513715,1x12-12' Hatteras - Trex Lineage,TREX,TREX,,Boise Cascade Building Materials (BOICA),Boise Cascade Building Materials (BOICA),TREX,,1513715,,Industrial & MRO Supplies>General Hardware>Component,,,,,,,,,,,,,,,,,,,,,,,,,,,,,,,,Component,Dimensions,1x12-12,,,,,,,,,,,,,,,,,,,,,,,,,,,,,,,,,,,,,,,,,,,,,,,,,,,,,,,,,,,,,,,,,,,,,,,,,,,,,,,,,,,,,,,,,,,,,,,,,,,,,,,,,,,,,,,,,,,,,,,,,,,,,,,,,,,,,,,,,,,,,,,,,,,,,,,,,,,,,,,,,,,,,,,,,,,,,,,,,,,,,,,,,,,,,,,,,,,
,,,,,,1513716,Industrial & MRO Supplies,General Hardware,Component,1513716,1513716,1x12-12' Salt Flat - Trex Lineage,TREX,TREX,,Boise Cascade Building Materials (BOICA),Boise Cascade Building Materials (BOICA),TREX,,1513716,,Industrial & MRO Supplies>General Hardware>Component,,,,,,,,,,,,,,,,,,,,,,,,,,,,,,,,Component,Dimensions,1x12-12,,,,,,,,,,,,,,,,,,,,,,,,,,,,,,,,,,,,,,,,,,,,,,,,,,,,,,,,,,,,,,,,,,,,,,,,,,,,,,,,,,,,,,,,,,,,,,,,,,,,,,,,,,,,,,,,,,,,,,,,,,,,,,,,,,,,,,,,,,,,,,,,,,,,,,,,,,,,,,,,,,,,,,,,,,,,,,,,,,,,,,,,,,,,,,,,,,,
,,,,,,1513722,Industrial & MRO Supplies,General Hardware,Component,1513722,1513722,1x8-12' Honey Grove - Trex Enhance Naturals Fascia,TREX,TREX,,Boise Cascade Building Materials (BOICA),Boise Cascade Building Materials (BOICA),TREX,,1513722,,Industrial & MRO Supplies>General Hardware>Component,,,,,,,,,,,,,,,,,,,,,,,,,,,,,,,,Component,Dimensions,1x8-12,,,,,,,,,,,,,,,,,,,,,,,,,,,,,,,,,,,,,,,,,,,,,,,,,,,,,,,,,,,,,,,,,,,,,,,,,,,,,,,,,,,,,,,,,,,,,,,,,,,,,,,,,,,,,,,,,,,,,,,,,,,,,,,,,,,,,,,,,,,,,,,,,,,,,,,,,,,,,,,,,,,,,,,,,,,,,,,,,,,,,,,,,,,,,,,,,,,
,,,,,,1513723,Industrial & MRO Supplies,General Hardware,Component,1513723,1513723,1x12-12' Honey Grove - Trex Enhance Naturals Fascia,TREX,TREX,,Boise Cascade Building Materials (BOICA),Boise Cascade Building Materials (BOICA),TREX,,1513723,,Industrial & MRO Supplies>General Hardware>Component,,,,,,,,,,,,,,,,,,,,,,,,,,,,,,,,Component,Dimensions,1x12-12,,,,,,,,,,,,,,,,,,,,,,,,,,,,,,,,,,,,,,,,,,,,,,,,,,,,,,,,,,,,,,,,,,,,,,,,,,,,,,,,,,,,,,,,,,,,,,,,,,,,,,,,,,,,,,,,,,,,,,,,,,,,,,,,,,,,,,,,,,,,,,,,,,,,,,,,,,,,,,,,,,,,,,,,,,,,,,,,,,,,,,,,,,,,,,,,,,,
,,,,,,1513729,Industrial & MRO Supplies,General Hardware,Component,1513729,1513729,1x8-12' Tide Pool - Trex Enhance Basics Fascia,TREX,TREX,,Boise Cascade Building Materials (BOICA),Boise Cascade Building Materials (BOICA),TREX,,1513729,,Industrial & MRO Supplies>General Hardware>Component,,,,,,,,,,,,,,,,,,,,,,,,,,,,,,,,Component,Dimensions,1x8-12,,,,,,,,,,,,,,,,,,,,,,,,,,,,,,,,,,,,,,,,,,,,,,,,,,,,,,,,,,,,,,,,,,,,,,,,,,,,,,,,,,,,,,,,,,,,,,,,,,,,,,,,,,,,,,,,,,,,,,,,,,,,,,,,,,,,,,,,,,,,,,,,,,,,,,,,,,,,,,,,,,,,,,,,,,,,,,,,,,,,,,,,,,,,,,,,,,,
,,,,,,1513730,Industrial & MRO Supplies,General Hardware,Component,1513730,1513730,1x12-12' Tide Pool - Trex Enhance Basics Fascia,TREX,TREX,,Boise Cascade Building Materials (BOICA),Boise Cascade Building Materials (BOICA),TREX,,1513730,,Industrial & MRO Supplies>General Hardware>Component,,,,,,,,,,,,,,,,,,,,,,,,,,,,,,,,Component,Dimensions,1x12-12,,,,,,,,,,,,,,,,,,,,,,,,,,,,,,,,,,,,,,,,,,,,,,,,,,,,,,,,,,,,,,,,,,,,,,,,,,,,,,,,,,,,,,,,,,,,,,,,,,,,,,,,,,,,,,,,,,,,,,,,,,,,,,,,,,,,,,,,,,,,,,,,,,,,,,,,,,,,,,,,,,,,,,,,,,,,,,,,,,,,,,,,,,,,,,,,,,,
,,,,,,543076916,Industrial & MRO Supplies,General Hardware,Component,543076916,543076916,1x8-12' Cinnamon Cove - Trex Enhance Naturals Fascia,TREX,TREX,,Boise Cascade Building Materials (BOICA),Boise Cascade Building Materials (BOICA),TREX,,543076916,,Industrial & MRO Supplies>General Hardware>Component,,,,,,,,,,,,,,,,,,,,,,,,,,,,,,,,Component,Dimensions,1x8-12,,,,,,,,,,,,,,,,,,,,,,,,,,,,,,,,,,,,,,,,,,,,,,,,,,,,,,,,,,,,,,,,,,,,,,,,,,,,,,,,,,,,,,,,,,,,,,,,,,,,,,,,,,,,,,,,,,,,,,,,,,,,,,,,,,,,,,,,,,,,,,,,,,,,,,,,,,,,,,,,,,,,,,,,,,,,,,,,,,,,,,,,,,,,,,,,,,,
,,,,,,1516876,Industrial & MRO Supplies,General Hardware,Component,1516876,1516876,1x8-12' Golden Hour - Trex Enhance Naturals Fascia,TREX,TREX,,Boise Cascade Building Materials (BOICA),Boise Cascade Building Materials (BOICA),TREX,,1516876,,Industrial & MRO Supplies>General Hardware>Component,,,,,,,,,,,,,,,,,,,,,,,,,,,,,,,,Component,Dimensions,1x8-12,,,,,,,,,,,,,,,,,,,,,,,,,,,,,,,,,,,,,,,,,,,,,,,,,,,,,,,,,,,,,,,,,,,,,,,,,,,,,,,,,,,,,,,,,,,,,,,,,,,,,,,,,,,,,,,,,,,,,,,,,,,,,,,,,,,,,,,,,,,,,,,,,,,,,,,,,,,,,,,,,,,,,,,,,,,,,,,,,,,,,,,,,,,,,,,,,,,
,,,,,,543076936,Industrial & MRO Supplies,General Hardware,Component,543076936,543076936,1x12-12' Cinnamon Cove - Trex Enhance Naturals Fascia,TREX,TREX,,Boise Cascade Building Materials (BOICA),Boise Cascade Building Materials (BOICA),TREX,,543076936,,Industrial & MRO Supplies>General Hardware>Component,,,,,,,,,,,,,,,,,,,,,,,,,,,,,,,,Component,Dimensions,1x12-12,,,,,,,,,,,,,,,,,,,,,,,,,,,,,,,,,,,,,,,,,,,,,,,,,,,,,,,,,,,,,,,,,,,,,,,,,,,,,,,,,,,,,,,,,,,,,,,,,,,,,,,,,,,,,,,,,,,,,,,,,,,,,,,,,,,,,,,,,,,,,,,,,,,,,,,,,,,,,,,,,,,,,,,,,,,,,,,,,,,,,,,,,,,,,,,,,,,
,,,,,,1516878,Industrial & MRO Supplies,General Hardware,Component,1516878,1516878,1x12-12' Golden Hour - Trex Enhance Naturals Fascia,TREX,TREX,,Boise Cascade Building Materials (BOICA),Boise Cascade Building Materials (BOICA),TREX,,1516878,,Industrial & MRO Supplies>General Hardware>Component,,,,,,,,,,,,,,,,,,,,,,,,,,,,,,,,Component,Dimensions,1x12-12,,,,,,,,,,,,,,,,,,,,,,,,,,,,,,,,,,,,,,,,,,,,,,,,,,,,,,,,,,,,,,,,,,,,,,,,,,,,,,,,,,,,,,,,,,,,,,,,,,,,,,,,,,,,,,,,,,,,,,,,,,,,,,,,,,,,,,,,,,,,,,,,,,,,,,,,,,,,,,,,,,,,,,,,,,,,,,,,,,,,,,,,,,,,,,,,,,,
,,,,,,1516884,Industrial & MRO Supplies,General Hardware,Component,1516884,1516884,1x8-12' Pebble Beach - Trex Enhance Basics Fascia,TREX,TREX,,Boise Cascade Building Materials (BOICA),Boise Cascade Building Materials (BOICA),TREX,,1516884,,Industrial & MRO Supplies>General Hardware>Component,,,,,,,,,,,,,,,,,,,,,,,,,,,,,,,,Component,Dimensions,1x8-12,,,,,,,,,,,,,,,,,,,,,,,,,,,,,,,,,,,,,,,,,,,,,,,,,,,,,,,,,,,,,,,,,,,,,,,,,,,,,,,,,,,,,,,,,,,,,,,,,,,,,,,,,,,,,,,,,,,,,,,,,,,,,,,,,,,,,,,,,,,,,,,,,,,,,,,,,,,,,,,,,,,,,,,,,,,,,,,,,,,,,,,,,,,,,,,,,,,
,,,,,,1516885,Industrial & MRO Supplies,General Hardware,Component,1516885,1516885,1x12-12' Pebble Beach - Trex Enhance Basics Fascia,TREX,TREX,,Boise Cascade Building Materials (BOICA),Boise Cascade Building Materials (BOICA),TREX,,1516885,,Industrial & MRO Supplies>General Hardware>Component,,,,,,,,,,,,,,,,,,,,,,,,,,,,,,,,Component,Dimensions,1x12-12,,,,,,,,,,,,,,,,,,,,,,,,,,,,,,,,,,,,,,,,,,,,,,,,,,,,,,,,,,,,,,,,,,,,,,,,,,,,,,,,,,,,,,,,,,,,,,,,,,,,,,,,,,,,,,,,,,,,,,,,,,,,,,,,,,,,,,,,,,,,,,,,,,,,,,,,,,,,,,,,,,,,,,,,,,,,,,,,,,,,,,,,,,,,,,,,,,,
,,,,,,543005916,Industrial & MRO Supplies,General Hardware,Component,543005916,543005916,1x8-12' Malted Barley - Trex Select 2.0 Fascia,TREX,TREX,,Boise Cascade Building Materials (BOICA),Boise Cascade Building Materials (BOICA),TREX,,543005916,,Industrial & MRO Supplies>General Hardware>Component,,,,,,,,,,,,,,,,,,,,,,,,,,,,,,,,Component,Dimensions,1x8-12,,,,,,,,,,,,,,,,,,,,,,,,,,,,,,,,,,,,,,,,,,,,,,,,,,,,,,,,,,,,,,,,,,,,,,,,,,,,,,,,,,,,,,,,,,,,,,,,,,,,,,,,,,,,,,,,,,,,,,,,,,,,,,,,,,,,,,,,,,,,,,,,,,,,,,,,,,,,,,,,,,,,,,,,,,,,,,,,,,,,,,,,,,,,,,,,,,,
,,,,,,1516902,Industrial & MRO Supplies,General Hardware,Component,1516902,1516902,1x8-12' Millstone - Trex Select 2.0 Fascia,TREX,TREX,,Boise Cascade Building Materials (BOICA),Boise Cascade Building Materials (BOICA),TREX,,1516902,,Industrial & MRO Supplies>General Hardware>Component,,,,,,,,,,,,,,,,,,,,,,,,,,,,,,,,Component,Dimensions,1x8-12,,,,,,,,,,,,,,,,,,,,,,,,,,,,,,,,,,,,,,,,,,,,,,,,,,,,,,,,,,,,,,,,,,,,,,,,,,,,,,,,,,,,,,,,,,,,,,,,,,,,,,,,,,,,,,,,,,,,,,,,,,,,,,,,,,,,,,,,,,,,,,,,,,,,,,,,,,,,,,,,,,,,,,,,,,,,,,,,,,,,,,,,,,,,,,,,,,,
,,,,,,543007916,Industrial & MRO Supplies,General Hardware,Component,543007916,543007916,1x8-12' Whiskey Barrel - Trex Select 2.0 Fascia,TREX,TREX,,Boise Cascade Building Materials (BOICA),Boise Cascade Building Materials (BOICA),TREX,,543007916,,Industrial & MRO Supplies>General Hardware>Component,,,,,,,,,,,,,,,,,,,,,,,,,,,,,,,,Component,Dimensions,1x8-12,,,,,,,,,,,,,,,,,,,,,,,,,,,,,,,,,,,,,,,,,,,,,,,,,,,,,,,,,,,,,,,,,,,,,,,,,,,,,,,,,,,,,,,,,,,,,,,,,,,,,,,,,,,,,,,,,,,,,,,,,,,,,,,,,,,,,,,,,,,,,,,,,,,,,,,,,,,,,,,,,,,,,,,,,,,,,,,,,,,,,,,,,,,,,,,,,,,
,,,,,,543005936,Industrial & MRO Supplies,General Hardware,Component,543005936,543005936,1x12-12' Malted Barley - Trex Select 2.0 Fascia,TREX,TREX,,Boise Cascade Building Materials (BOICA),Boise Cascade Building Materials (BOICA),TREX,,543005936,,Industrial & MRO Supplies>General Hardware>Component,,,,,,,,,,,,,,,,,,,,,,,,,,,,,,,,Component,Dimensions,1x12-12,,,,,,,,,,,,,,,,,,,,,,,,,,,,,,,,,,,,,,,,,,,,,,,,,,,,,,,,,,,,,,,,,,,,,,,,,,,,,,,,,,,,,,,,,,,,,,,,,,,,,,,,,,,,,,,,,,,,,,,,,,,,,,,,,,,,,,,,,,,,,,,,,,,,,,,,,,,,,,,,,,,,,,,,,,,,,,,,,,,,,,,,,,,,,,,,,,,
,,,,,,1516905,Industrial & MRO Supplies,General Hardware,Component,1516905,1516905,1x12-12' Millstone - Trex Select 2.0 Fascia,TREX,TREX,,Boise Cascade Building Materials (BOICA),Boise Cascade Building Materials (BOICA),TREX,,1516905,,Industrial & MRO Supplies>General Hardware>Component,,,,,,,,,,,,,,,,,,,,,,,,,,,,,,,,Component,Dimensions,1x12-12,,,,,,,,,,,,,,,,,,,,,,,,,,,,,,,,,,,,,,,,,,,,,,,,,,,,,,,,,,,,,,,,,,,,,,,,,,,,,,,,,,,,,,,,,,,,,,,,,,,,,,,,,,,,,,,,,,,,,,,,,,,,,,,,,,,,,,,,,,,,,,,,,,,,,,,,,,,,,,,,,,,,,,,,,,,,,,,,,,,,,,,,,,,,,,,,,,,
,,,,,,543007936,Industrial & MRO Supplies,General Hardware,Component,543007936,543007936,1x12-12' Whiskey Barrel - Trex Select 2.0 Fascia,TREX,TREX,,Boise Cascade Building Materials (BOICA),Boise Cascade Building Materials (BOICA),TREX,,543007936,,Industrial & MRO Supplies>General Hardware>Component,,,,,,,,,,,,,,,,,,,,,,,,,,,,,,,,Component,Dimensions,1x12-12,,,,,,,,,,,,,,,,,,,,,,,,,,,,,,,,,,,,,,,,,,,,,,,,,,,,,,,,,,,,,,,,,,,,,,,,,,,,,,,,,,,,,,,,,,,,,,,,,,,,,,,,,,,,,,,,,,,,,,,,,,,,,,,,,,,,,,,,,,,,,,,,,,,,,,,,,,,,,,,,,,,,,,,,,,,,,,,,,,,,,,,,,,,,,,,,,,,
,,,,,,543144908,Industrial & MRO Supplies,General Hardware,Component,543144908,543144908,1x8-12' Island Mist - Trex Lineage,TREX,TREX,,U S Lumber (3073),U S Lumber (3073),TREX,,543144908,,Industrial & MRO Supplies>General Hardware>Component,,,,,,,,,,,,,,,,,,,,,,,,,,,,,,,,Component,Dimensions,1x8-12,,,,,,,,,,,,,,,,,,,,,,,,,,,,,,,,,,,,,,,,,,,,,,,,,,,,,,,,,,,,,,,,,,,,,,,,,,,,,,,,,,,,,,,,,,,,,,,,,,,,,,,,,,,,,,,,,,,,,,,,,,,,,,,,,,,,,,,,,,,,,,,,,,,,,,,,,,,,,,,,,,,,,,,,,,,,,,,,,,,,,,,,,,,,,,,,,,,
,,,,,,543141908,Industrial & MRO Supplies,General Hardware,Component,543141908,543141908,1x8-12' Rainier - Trex Lineage,TREX,TREX,,U S Lumber (3073),U S Lumber (3073),TREX,,543141908,,Industrial & MRO Supplies>General Hardware>Component,,,,,,,,,,,,,,,,,,,,,,,,,,,,,,,,Component,Dimensions,1x8-12,,,,,,,,,,,,,,,,,,,,,,,,,,,,,,,,,,,,,,,,,,,,,,,,,,,,,,,,,,,,,,,,,,,,,,,,,,,,,,,,,,,,,,,,,,,,,,,,,,,,,,,,,,,,,,,,,,,,,,,,,,,,,,,,,,,,,,,,,,,,,,,,,,,,,,,,,,,,,,,,,,,,,,,,,,,,,,,,,,,,,,,,,,,,,,,,,,,
,,,,,,543144912,Industrial & MRO Supplies,General Hardware,Component,543144912,543144912,1x12-12' Island Mist - Trex Lineage,TREX,TREX,,U S Lumber (3073),U S Lumber (3073),TREX,,543144912,,Industrial & MRO Supplies>General Hardware>Component,,,,,,,,,,,,,,,,,,,,,,,,,,,,,,,,Component,Dimensions,1x12-12,,,,,,,,,,,,,,,,,,,,,,,,,,,,,,,,,,,,,,,,,,,,,,,,,,,,,,,,,,,,,,,,,,,,,,,,,,,,,,,,,,,,,,,,,,,,,,,,,,,,,,,,,,,,,,,,,,,,,,,,,,,,,,,,,,,,,,,,,,,,,,,,,,,,,,,,,,,,,,,,,,,,,,,,,,,,,,,,,,,,,,,,,,,,,,,,,,,
,,,,,,543141912,Industrial & MRO Supplies,General Hardware,Component,543141912,543141912,1x12-12' Rainier - Trex Lineage,TREX,TREX,,U S Lumber (3073),U S Lumber (3073),TREX,,543141912,,Industrial & MRO Supplies>General Hardware>Component,,,,,,,,,,,,,,,,,,,,,,,,,,,,,,,,Component,Dimensions,1x12-12,,,,,,,,,,,,,,,,,,,,,,,,,,,,,,,,,,,,,,,,,,,,,,,,,,,,,,,,,,,,,,,,,,,,,,,,,,,,,,,,,,,,,,,,,,,,,,,,,,,,,,,,,,,,,,,,,,,,,,,,,,,,,,,,,,,,,,,,,,,,,,,,,,,,,,,,,,,,,,,,,,,,,,,,,,,,,,,,,,,,,,,,,,,,,,,,,,,
,,,,,,1513713,Industrial & MRO Supplies,General Hardware,Component,1513713,1513713,1x8-12' Hatteras - Trex Lineage,TREX,TREX,,Boise Cascade Building Materials (BOICA),Boise Cascade Building Materials (BOICA),TREX,,1513713,,Industrial & MRO Supplies>General Hardware>Component,,,,,,,,,,,,,,,,,,,,,,,,,,,,,,,,Component,Dimensions,1x8-12,,,,,,,,,,,,,,,,,,,,,,,,,,,,,,,,,,,,,,,,,,,,,,,,,,,,,,,,,,,,,,,,,,,,,,,,,,,,,,,,,,,,,,,,,,,,,,,,,,,,,,,,,,,,,,,,,,,,,,,,,,,,,,,,,,,,,,,,,,,,,,,,,,,,,,,,,,,,,,,,,,,,,,,,,,,,,,,,,,,,,,,,,,,,,,,,,,,
,,,,,,1513714,Industrial & MRO Supplies,General Hardware,Component,1513714,1513714,1x8-12' Salt Flat - Trex Lineage,TREX,TREX,,Boise Cascade Building Materials (BOICA),Boise Cascade Building Materials (BOICA),TREX,,1513714,,Industrial & MRO Supplies>General Hardware>Component,,,,,,,,,,,,,,,,,,,,,,,,,,,,,,,,Component,Dimensions,1x8-12,,,,,,,,,,,,,,,,,,,,,,,,,,,,,,,,,,,,,,,,,,,,,,,,,,,,,,,,,,,,,,,,,,,,,,,,,,,,,,,,,,,,,,,,,,,,,,,,,,,,,,,,,,,,,,,,,,,,,,,,,,,,,,,,,,,,,,,,,,,,,,,,,,,,,,,,,,,,,,,,,,,,,,,,,,,,,,,,,,,,,,,,,,,,,,,,,,,
,,,,,,73012503,Industrial & MRO Supplies,General Hardware,Component,73012503,73012503,4x4 Wh Heritage Post Trim RDI,-- Unbranded --,-- Unbranded --,,-,-,-,,73012503,,Industrial & MRO Supplies>General Hardware>Component,,,,,,,,,,,,,,,,,,,,,,,,,,,,,,,,Component,Dimensions,4x4,,,,,,,,,,,,,,,,,,,,,,,,,,,,,,,,,,,,,,,,,,,,,,,,,,,,,,,,,,,,,,,,,,,,,,,,,,,,,,,,,,,,,,,,,,,,,,,,,,,,,,,,,,,,,,,,,,,,,,,,,,,,,,,,,,,,,,,,,,,,,,,,,,,,,,,,,,,,,,,,,,,,,,,,,,,,,,,,,,,,,,,,,,,,,,,,,,,
,,,,,,73018131,Industrial & MRO Supplies,General Hardware,Component,73018131,73018131,6x6 Wh Elite Post Trim 4pc RDI,-- Unbranded --,-- Unbranded --,,-,-,-,,73018131,,Industrial & MRO Supplies>General Hardware>Component,,,,,,,,,,,,,,,,,,,,,,,,,,,,,,,,Component,Dimensions,6x6,,Package Quantity,4pc,,,,,,,,,,,,,,,,,,,,,,,,,,,,,,,,,,,,,,,,,,,,,,,,,,,,,,,,,,,,,,,,,,,,,,,,,,,,,,,,,,,,,,,,,,,,,,,,,,,,,,,,,,,,,,,,,,,,,,,,,,,,,,,,,,,,,,,,,,,,,,,,,,,,,,,,,,,,,,,,,,,,,,,,,,,,,,,,,,,,,,,,,,,,,,,,
,,,,,,73018091,Industrial & MRO Supplies,General Hardware,Component,73018091,73018091,4x4 Wh Elite Post Trim RDI,-- Unbranded --,-- Unbranded --,,-,-,-,,73018091,,Industrial & MRO Supplies>General Hardware>Component,,,,,,,,,,,,,,,,,,,,,,,,,,,,,,,,Component,Dimensions,4x4,,,,,,,,,,,,,,,,,,,,,,,,,,,,,,,,,,,,,,,,,,,,,,,,,,,,,,,,,,,,,,,,,,,,,,,,,,,,,,,,,,,,,,,,,,,,,,,,,,,,,,,,,,,,,,,,,,,,,,,,,,,,,,,,,,,,,,,,,,,,,,,,,,,,,,,,,,,,,,,,,,,,,,,,,,,,,,,,,,,,,,,,,,,,,,,,,,,
,,,,,,73018066,Industrial & MRO Supplies,General Hardware,Component,73018066,73018066,Clay 6x6 Elite Post Trim RDI - 4pc,-- Unbranded --,-- Unbranded --,,-,-,-,,73018066,,Industrial & MRO Supplies>General Hardware>Component,,,,,,,,,,,,,,,,,,,,,,,,,,,,,,,,Component,Dimensions,6x6,,Package Quantity,4pc,,,,,,,,,,,,,,,,,,,,,,,,,,,,,,,,,,,,,,,,,,,,,,,,,,,,,,,,,,,,,,,,,,,,,,,,,,,,,,,,,,,,,,,,,,,,,,,,,,,,,,,,,,,,,,,,,,,,,,,,,,,,,,,,,,,,,,,,,,,,,,,,,,,,,,,,,,,,,,,,,,,,,,,,,,,,,,,,,,,,,,,,,,,,,,,,
,,,,,,73018076,Industrial & MRO Supplies,General Hardware,Component,73018076,73018076,4x4 Wh Flat Post Cap RDI,-- Unbranded --,-- Unbranded --,,-,-,-,,73018076,,Industrial & MRO Supplies>General Hardware>Component,,,,,,,,,,,,,,,,,,,,,,,,,,,,,,,,Component,Dimensions,4x4,,,,,,,,,,,,,,,,,,,,,,,,,,,,,,,,,,,,,,,,,,,,,,,,,,,,,,,,,,,,,,,,,,,,,,,,,,,,,,,,,,,,,,,,,,,,,,,,,,,,,,,,,,,,,,,,,,,,,,,,,,,,,,,,,,,,,,,,,,,,,,,,,,,,,,,,,,,,,,,,,,,,,,,,,,,,,,,,,,,,,,,,,,,,,,,,,,,
,,,,,,61109087,Industrial & MRO Supplies,General Hardware,Component,61109087,61109087,Wh 4x4-39 Blank Post RDI,-- Unbranded --,-- Unbranded --,,-,-,-,,61109087,,Industrial & MRO Supplies>General Hardware>Component,,,,,,,,,,,,,,,,,,,,,,,,,,,,,,,,Component,Dimensions,4x4-39,,,,,,,,,,,,,,,,,,,,,,,,,,,,,,,,,,,,,,,,,,,,,,,,,,,,,,,,,,,,,,,,,,,,,,,,,,,,,,,,,,,,,,,,,,,,,,,,,,,,,,,,,,,,,,,,,,,,,,,,,,,,,,,,,,,,,,,,,,,,,,,,,,,,,,,,,,,,,,,,,,,,,,,,,,,,,,,,,,,,,,,,,,,,,,,,,,,
,,,,,,73018731,Industrial & MRO Supplies,General Hardware,Component,73018731,73018731,Wh 6x6-108 Post Sleeve RDI,-- Unbranded --,-- Unbranded --,,-,-,-,,73018731,,Industrial & MRO Supplies>General Hardware>Component,,,,,,,,,,,,,,,,,,,,,,,,,,,,,,,,Component,Dimensions,6x6-108,,,,,,,,,,,,,,,,,,,,,,,,,,,,,,,,,,,,,,,,,,,,,,,,,,,,,,,,,,,,,,,,,,,,,,,,,,,,,,,,,,,,,,,,,,,,,,,,,,,,,,,,,,,,,,,,,,,,,,,,,,,,,,,,,,,,,,,,,,,,,,,,,,,,,,,,,,,,,,,,,,,,,,,,,,,,,,,,,,,,,,,,,,,,,,,,,,,
,,,,,,61109090,Industrial & MRO Supplies,General Hardware,Component,61109090,61109090,Wh 4x4-108 Post Sleeve RDI,-- Unbranded --,-- Unbranded --,,-,-,-,,61109090,,Industrial & MRO Supplies>General Hardware>Component,,,,,,,,,,,,,,,,,,,,,,,,,,,,,,,,Component,Dimensions,4x4-108,,,,,,,,,,,,,,,,,,,,,,,,,,,,,,,,,,,,,,,,,,,,,,,,,,,,,,,,,,,,,,,,,,,,,,,,,,,,,,,,,,,,,,,,,,,,,,,,,,,,,,,,,,,,,,,,,,,,,,,,,,,,,,,,,,,,,,,,,,,,,,,,,,,,,,,,,,,,,,,,,,,,,,,,,,,,,,,,,,,,,,,,,,,,,,,,,,,
,,,,,,73053603,Industrial & MRO Supplies,General Hardware,Component,73053603,73053603,Clay 4x4-108 Post Sleeve RDI,-- Unbranded --,-- Unbranded --,,-,-,-,,73053603,,Industrial & MRO Supplies>General Hardware>Component,,,,,,,,,,,,,,,,,,,,,,,,,,,,,,,,Component,Dimensions,4x4-108,,,,,,,,,,,,,,,,,,,,,,,,,,,,,,,,,,,,,,,,,,,,,,,,,,,,,,,,,,,,,,,,,,,,,,,,,,,,,,,,,,,,,,,,,,,,,,,,,,,,,,,,,,,,,,,,,,,,,,,,,,,,,,,,,,,,,,,,,,,,,,,,,,,,,,,,,,,,,,,,,,,,,,,,,,,,,,,,,,,,,,,,,,,,,,,,,,,
,,,,,,73053608,Industrial & MRO Supplies,General Hardware,Component,73053608,73053608,Clay 6x6-108 Post Sleeve RDI,-- Unbranded --,-- Unbranded --,,-,-,-,,73053608,,Industrial & MRO Supplies>General Hardware>Component,,,,,,,,,,,,,,,,,,,,,,,,,,,,,,,,Component,Dimensions,6x6-108,,,,,,,,,,,,,,,,,,,,,,,,,,,,,,,,,,,,,,,,,,,,,,,,,,,,,,,,,,,,,,,,,,,,,,,,,,,,,,,,,,,,,,,,,,,,,,,,,,,,,,,,,,,,,,,,,,,,,,,,,,,,,,,,,,,,,,,,,,,,,,,,,,,,,,,,,,,,,,,,,,,,,,,,,,,,,,,,,,,,,,,,,,,,,,,,,,,
,,,,,,543340896,Industrial & MRO Supplies,General Hardware,Component,543340896,543340896,"4x4-37"" Black Alum Post Sleeve Select Alum Railing - w/Cap & Skirt",TREX,TREX,,Boise Cascade Building Materials (BOICA),Boise Cascade Building Materials (BOICA),TREX,,543340896,,Industrial & MRO Supplies>General Hardware>Component,,,,,,,,,,,,,,,,,,,,,,,,,,,,,,,,Component,Dimensions,4x4-37 in,,,,,,,,,,,,,,,,,,,,,,,,,,,,,,,,,,,,,,,,,,,,,,,,,,,,,,,,,,,,,,,,,,,,,,,,,,,,,,,,,,,,,,,,,,,,,,,,,,,,,,,,,,,,,,,,,,,,,,,,,,,,,,,,,,,,,,,,,,,,,,,,,,,,,,,,,,,,,,,,,,,,,,,,,,,,,,,,,,,,,,,,,,,,,,,,,,,
,,,,,,543340898,Industrial & MRO Supplies,General Hardware,Component,543340898,543340898,"4x4-43"" Black Alum Post Sleeve Select Alum Railing w/Cap & Skirt",TREX,TREX,,Boise Cascade Building Materials (BOICA),Boise Cascade Building Materials (BOICA),TREX,,543340898,,Industrial & MRO Supplies>General Hardware>Component,,,,,,,,,,,,,,,,,,,,,,,,,,,,,,,,Component,Dimensions,4x4-43 in,,,,,,,,,,,,,,,,,,,,,,,,,,,,,,,,,,,,,,,,,,,,,,,,,,,,,,,,,,,,,,,,,,,,,,,,,,,,,,,,,,,,,,,,,,,,,,,,,,,,,,,,,,,,,,,,,,,,,,,,,,,,,,,,,,,,,,,,,,,,,,,,,,,,,,,,,,,,,,,,,,,,,,,,,,,,,,,,,,,,,,,,,,,,,,,,,,,
,,,,,,73272TBK,Industrial & MRO Supplies,General Hardware,Component,73272TBK,73272TBK,6x6-10' Black Alum Deco - Support Post,DSI Westbury,DSI Westbury,,Palmer Donavin Mfg Company (PALDO),Palmer Donavin Mfg Company (PALDO),DSI Westbury,,73272TBK,,Industrial & MRO Supplies>General Hardware>Component,,,,,,,,,,,,,,,,,,,,,,,,,,,,,,,,Component,Dimensions,6x6-10,,,,,,,,,,,,,,,,,,,,,,,,,,,,,,,,,,,,,,,,,,,,,,,,,,,,,,,,,,,,,,,,,,,,,,,,,,,,,,,,,,,,,,,,,,,,,,,,,,,,,,,,,,,,,,,,,,,,,,,,,,,,,,,,,,,,,,,,,,,,,,,,,,,,,,,,,,,,,,,,,,,,,,,,,,,,,,,,,,,,,,,,,,,,,,,,,,,
,,,,,,543302127,Industrial & MRO Supplies,General Hardware,Component,543302127,543302127,6' Wh Select T-Rail Kit Stair - w/Sq Composite Balusters,TREX,TREX,,U S Lumber (3073),U S Lumber (3073),TREX,,543302127,,Industrial & MRO Supplies>General Hardware>Component,,,,,,,,,,,,,,,,,,,,,,,,,,,,,,,,Component,,,,,,,,,,,,,,,,,,,,,,,,,,,,,,,,,,,,,,,,,,,,,,,,,,,,,,,,,,,,,,,,,,,,,,,,,,,,,,,,,,,,,,,,,,,,,,,,,,,,,,,,,,,,,,,,,,,,,,,,,,,,,,,,,,,,,,,,,,,,,,,,,,,,,,,,,,,,,,,,,,,,,,,,,,,,,,,,,,,,,,,,,,,,,,,,,,,,,
,,,,,,543302147,Industrial & MRO Supplies,General Hardware,Component,543302147,543302147,8' Wh Select T-Rail Kit Stair - w/Sq Composite Balusters,TREX,TREX,,U S Lumber (3073),U S Lumber (3073),TREX,,543302147,,Industrial & MRO Supplies>General Hardware>Component,,,,,,,,,,,,,,,,,,,,,,,,,,,,,,,,Component,,,,,,,,,,,,,,,,,,,,,,,,,,,,,,,,,,,,,,,,,,,,,,,,,,,,,,,,,,,,,,,,,,,,,,,,,,,,,,,,,,,,,,,,,,,,,,,,,,,,,,,,,,,,,,,,,,,,,,,,,,,,,,,,,,,,,,,,,,,,,,,,,,,,,,,,,,,,,,,,,,,,,,,,,,,,,,,,,,,,,,,,,,,,,,,,,,,,,
,,,,,,73019599,Industrial & MRO Supplies,General Hardware,Component,73019599,73019599,Finyline Wh 6' Str Rail Kit Sq,-- Unbranded --,-- Unbranded --,,-,-,-,,73019599,,Industrial & MRO Supplies>General Hardware>Component,,,,,,,,,,,,,,,,,,,,,,,,,,,,,,,,Component,,,,,,,,,,,,,,,,,,,,,,,,,,,,,,,,,,,,,,,,,,,,,,,,,,,,,,,,,,,,,,,,,,,,,,,,,,,,,,,,,,,,,,,,,,,,,,,,,,,,,,,,,,,,,,,,,,,,,,,,,,,,,,,,,,,,,,,,,,,,,,,,,,,,,,,,,,,,,,,,,,,,,,,,,,,,,,,,,,,,,,,,,,,,,,,,,,,,,
,,,,,,73019648,Industrial & MRO Supplies,General Hardware,Component,73019648,73019648,Finyline Wh 8' Str Rail Kit Sq,-- Unbranded --,-- Unbranded --,,-,-,-,,73019648,,Industrial & MRO Supplies>General Hardware>Component,,,,,,,,,,,,,,,,,,,,,,,,,,,,,,,,Component,,,,,,,,,,,,,,,,,,,,,,,,,,,,,,,,,,,,,,,,,,,,,,,,,,,,,,,,,,,,,,,,,,,,,,,,,,,,,,,,,,,,,,,,,,,,,,,,,,,,,,,,,,,,,,,,,,,,,,,,,,,,,,,,,,,,,,,,,,,,,,,,,,,,,,,,,,,,,,,,,,,,,,,,,,,,,,,,,,,,,,,,,,,,,,,,,,,,,
,,,,,,73019598,Industrial & MRO Supplies,General Hardware,Component,73019598,73019598,Finyline Wh 6' Str Rail Kit Rd - w/Black Alum Balusters,-- Unbranded --,-- Unbranded --,,-,-,-,,73019598,,Industrial & MRO Supplies>General Hardware>Component,,,,,,,,,,,,,,,,,,,,,,,,,,,,,,,,Component,,,,,,,,,,,,,,,,,,,,,,,,,,,,,,,,,,,,,,,,,,,,,,,,,,,,,,,,,,,,,,,,,,,,,,,,,,,,,,,,,,,,,,,,,,,,,,,,,,,,,,,,,,,,,,,,,,,,,,,,,,,,,,,,,,,,,,,,,,,,,,,,,,,,,,,,,,,,,,,,,,,,,,,,,,,,,,,,,,,,,,,,,,,,,,,,,,,,,
,,,,,,73019647,Industrial & MRO Supplies,General Hardware,Component,73019647,73019647,Finyline Wh 8' Str Rail Kit Rd - w/Black Alum Balusters,-- Unbranded --,-- Unbranded --,,-,-,-,,73019647,,Industrial & MRO Supplies>General Hardware>Component,,,,,,,,,,,,,,,,,,,,,,,,,,,,,,,,Component,,,,,,,,,,,,,,,,,,,,,,,,,,,,,,,,,,,,,,,,,,,,,,,,,,,,,,,,,,,,,,,,,,,,,,,,,,,,,,,,,,,,,,,,,,,,,,,,,,,,,,,,,,,,,,,,,,,,,,,,,,,,,,,,,,,,,,,,,,,,,,,,,,,,,,,,,,,,,,,,,,,,,,,,,,,,,,,,,,,,,,,,,,,,,,,,,,,,,
,,,,,,543300257,Industrial & MRO Supplies,General Hardware,Component,543300257,543300257,6' Black Select Classic Stair - Rail w/Rnd Black Alum Baluster,TREX,TREX,,Boise Cascade Building Materials (BOICA),Boise Cascade Building Materials (BOICA),TREX,,543300257,,Industrial & MRO Supplies>General Hardware>Component,,,,,,,,,,,,,,,,,,,,,,,,,,,,,,,,Component,,,,,,,,,,,,,,,,,,,,,,,,,,,,,,,,,,,,,,,,,,,,,,,,,,,,,,,,,,,,,,,,,,,,,,,,,,,,,,,,,,,,,,,,,,,,,,,,,,,,,,,,,,,,,,,,,,,,,,,,,,,,,,,,,,,,,,,,,,,,,,,,,,,,,,,,,,,,,,,,,,,,,,,,,,,,,,,,,,,,,,,,,,,,,,,,,,,,,
,,,,,,543300277,Industrial & MRO Supplies,General Hardware,Component,543300277,543300277,8' Black Select Classic Stair - Rail w/Rnd Black Alum Baluster,TREX,TREX,,Boise Cascade Building Materials (BOICA),Boise Cascade Building Materials (BOICA),TREX,,543300277,,Industrial & MRO Supplies>General Hardware>Component,,,,,,,,,,,,,,,,,,,,,,,,,,,,,,,,Component,,,,,,,,,,,,,,,,,,,,,,,,,,,,,,,,,,,,,,,,,,,,,,,,,,,,,,,,,,,,,,,,,,,,,,,,,,,,,,,,,,,,,,,,,,,,,,,,,,,,,,,,,,,,,,,,,,,,,,,,,,,,,,,,,,,,,,,,,,,,,,,,,,,,,,,,,,,,,,,,,,,,,,,,,,,,,,,,,,,,,,,,,,,,,,,,,,,,,
,,,,,,SPB-44BPL,Industrial & MRO Supplies,General Hardware,Component,SPB-44BPL,SPB-44BPL,"Patriot 4""x4""x37""/43"" Adjustable Self Leveling Support Post",-- Unbranded --,-- Unbranded --,,-,-,-,,SPB-44BPL,,Industrial & MRO Supplies>General Hardware>Component,,,,,,,,,,,,,,,,,,,,,,,,,,,,,,,,Component,Dimensions,4 inx4 inx37 in,,,,,,,,,,,,,,,,,,,,,,,,,,,,,,,,,,,,,,,,,,,,,,,,,,,,,,,,,,,,,,,,,,,,,,,,,,,,,,,,,,,,,,,,,,,,,,,,,,,,,,,,,,,,,,,,,,,,,,,,,,,,,,,,,,,,,,,,,,,,,,,,,,,,,,,,,,,,,,,,,,,,,,,,,,,,,,,,,,,,,,,,,,,,,,,,,,,
,,,,,,925219,Industrial & MRO Supplies,General Hardware,Component,925219,925219,"2""x50' Deck Joist Tape - Protecto Wrap",-- Unbranded --,-- Unbranded --,,Palmer Donavin Mfg Company (PALDO),Palmer Donavin Mfg Company (PALDO),Palmer Donavin Mfg Company,,925219,,Industrial & MRO Supplies>General Hardware>Component,,,,,,,,,,,,,,,,,,,,,,,,,,,,,,,,Component,Dimensions,2 inx50,,,,,,,,,,,,,,,,,,,,,,,,,,,,,,,,,,,,,,,,,,,,,,,,,,,,,,,,,,,,,,,,,,,,,,,,,,,,,,,,,,,,,,,,,,,,,,,,,,,,,,,,,,,,,,,,,,,,,,,,,,,,,,,,,,,,,,,,,,,,,,,,,,,,,,,,,,,,,,,,,,,,,,,,,,,,,,,,,,,,,,,,,,,,,,,,,,,
,,,,,,27233,Industrial & MRO Supplies,General Hardware,Component,27233,27233,24x48 WH Attic Access Door,AJM,AJM,,A J Manufacturing Inc (AJMAN),A J Manufacturing Inc (AJMAN),AJM,,27233,,Industrial & MRO Supplies>General Hardware>Component,,,,,,,,,,,,,,,,,,,,,,,,,,,,,,,,Component,Dimensions,24x48,,,,,,,,,,,,,,,,,,,,,,,,,,,,,,,,,,,,,,,,,,,,,,,,,,,,,,,,,,,,,,,,,,,,,,,,,,,,,,,,,,,,,,,,,,,,,,,,,,,,,,,,,,,,,,,,,,,,,,,,,,,,,,,,,,,,,,,,,,,,,,,,,,,,,,,,,,,,,,,,,,,,,,,,,,,,,,,,,,,,,,,,,,,,,,,,,,,
,,,,,,1517602,Industrial & MRO Supplies,General Hardware,Component,1517602,1517602,6068R Gliding Patio Dr 4500 United Blk Ext/WH Int LowE Arg w/J,United Window & Door,United Window & Door,,United Window & Door Manufacturing (UNIWI),United Window & Door Manufacturing (UNIWI),United Window & Door,,1517602,,Industrial & MRO Supplies>General Hardware>Component,,,,,,,,,,,,,,,,,,,,,,,,,,,,,,,,Component,,,,,,,,,,,,,,,,,,,,,,,,,,,,,,,,,,,,,,,,,,,,,,,,,,,,,,,,,,,,,,,,,,,,,,,,,,,,,,,,,,,,,,,,,,,,,,,,,,,,,,,,,,,,,,,,,,,,,,,,,,,,,,,,,,,,,,,,,,,,,,,,,,,,,,,,,,,,,,,,,,,,,,,,,,,,,,,,,,,,,,,,,,,,,,,,,,,,,
,,,,,,1517603,Industrial & MRO Supplies,General Hardware,Component,1517603,1517603,6068L Gliding Patio Dr 4500 United Blk Ext/WH Int LowE Arg w/J,United Window & Door,United Window & Door,,United Window & Door Manufacturing (UNIWI),United Window & Door Manufacturing (UNIWI),United Window & Door,,1517603,,Industrial & MRO Supplies>General Hardware>Component,,,,,,,,,,,,,,,,,,,,,,,,,,,,,,,,Component,,,,,,,,,,,,,,,,,,,,,,,,,,,,,,,,,,,,,,,,,,,,,,,,,,,,,,,,,,,,,,,,,,,,,,,,,,,,,,,,,,,,,,,,,,,,,,,,,,,,,,,,,,,,,,,,,,,,,,,,,,,,,,,,,,,,,,,,,,,,,,,,,,,,,,,,,,,,,,,,,,,,,,,,,,,,,,,,,,,,,,,,,,,,,,,,,,,,,
,,,,,,1517604,Industrial & MRO Supplies,General Hardware,Component,1517604,1517604,6068L Gliding Patio Dr 4500 United White LowE Arg w/J,United Window & Door,United Window & Door,,United Window & Door Manufacturing (UNIWI),United Window & Door Manufacturing (UNIWI),United Window & Door,,1517604,,Industrial & MRO Supplies>General Hardware>Component,,,,,,,,,,,,,,,,,,,,,,,,,,,,,,,,Component,,,,,,,,,,,,,,,,,,,,,,,,,,,,,,,,,,,,,,,,,,,,,,,,,,,,,,,,,,,,,,,,,,,,,,,,,,,,,,,,,,,,,,,,,,,,,,,,,,,,,,,,,,,,,,,,,,,,,,,,,,,,,,,,,,,,,,,,,,,,,,,,,,,,,,,,,,,,,,,,,,,,,,,,,,,,,,,,,,,,,,,,,,,,,,,,,,,,,
,,,,,,1517605,Industrial & MRO Supplies,General Hardware,Component,1517605,1517605,6068R Gliding Patio Dr 4500 United White LowE Arg w/J,United Window & Door,United Window & Door,,United Window & Door Manufacturing (UNIWI),United Window & Door Manufacturing (UNIWI),United Window & Door,,1517605,,Industrial & MRO Supplies>General Hardware>Component,,,,,,,,,,,,,,,,,,,,,,,,,,,,,,,,Component,,,,,,,,,,,,,,,,,,,,,,,,,,,,,,,,,,,,,,,,,,,,,,,,,,,,,,,,,,,,,,,,,,,,,,,,,,,,,,,,,,,,,,,,,,,,,,,,,,,,,,,,,,,,,,,,,,,,,,,,,,,,,,,,,,,,,,,,,,,,,,,,,,,,,,,,,,,,,,,,,,,,,,,,,,,,,,,,,,,,,,,,,,,,,,,,,,,,,
,,,,,,FS C01 2004S,Industrial & MRO Supplies,General Hardware,Component,FS C01 2004S,FS C01 2004S,"FS C01 Velux Fxd Skylt Gry/Wh - w/Solar Shade RO 21""x26-7/8""",-- Unbranded --,-- Unbranded --,,Velux America Inc (VELAM),Velux America Inc (VELAM),Velux America Inc,,FS C01 2004S,,Industrial & MRO Supplies>General Hardware>Component,,,,,,,,,,,,,,,,,,,,,,,,,,,,,,,,Component,Dimensions,21 inx26-7,,,,,,,,,,,,,,,,,,,,,,,,,,,,,,,,,,,,,,,,,,,,,,,,,,,,,,,,,,,,,,,,,,,,,,,,,,,,,,,,,,,,,,,,,,,,,,,,,,,,,,,,,,,,,,,,,,,,,,,,,,,,,,,,,,,,,,,,,,,,,,,,,,,,,,,,,,,,,,,,,,,,,,,,,,,,,,,,,,,,,,,,,,,,,,,,,,,
,,,,,,FS C04 2004S,Industrial & MRO Supplies,General Hardware,Component,FS C04 2004S,FS C04 2004S,"FS C04 Velux Fxd Skylt Gry/Wh - w/Solar Shade RO 21""x37-7/8""",-- Unbranded --,-- Unbranded --,,Velux America Inc (VELAM),Velux America Inc (VELAM),Velux America Inc,,FS C04 2004S,,Industrial & MRO Supplies>General Hardware>Component,,,,,,,,,,,,,,,,,,,,,,,,,,,,,,,,Component,Dimensions,21 inx37-7,,,,,,,,,,,,,,,,,,,,,,,,,,,,,,,,,,,,,,,,,,,,,,,,,,,,,,,,,,,,,,,,,,,,,,,,,,,,,,,,,,,,,,,,,,,,,,,,,,,,,,,,,,,,,,,,,,,,,,,,,,,,,,,,,,,,,,,,,,,,,,,,,,,,,,,,,,,,,,,,,,,,,,,,,,,,,,,,,,,,,,,,,,,,,,,,,,,
,,,,,,FS C06 2004S,Industrial & MRO Supplies,General Hardware,Component,FS C06 2004S,FS C06 2004S,"FS C06 Velux Fxd Skylt Gry/Wh - w/Solar Shade RO 21""x45-7/8""",-- Unbranded --,-- Unbranded --,,Velux America Inc (VELAM),Velux America Inc (VELAM),Velux America Inc,,FS C06 2004S,,Industrial & MRO Supplies>General Hardware>Component,,,,,,,,,,,,,,,,,,,,,,,,,,,,,,,,Component,Dimensions,21 inx45-7,,,,,,,,,,,,,,,,,,,,,,,,,,,,,,,,,,,,,,,,,,,,,,,,,,,,,,,,,,,,,,,,,,,,,,,,,,,,,,,,,,,,,,,,,,,,,,,,,,,,,,,,,,,,,,,,,,,,,,,,,,,,,,,,,,,,,,,,,,,,,,,,,,,,,,,,,,,,,,,,,,,,,,,,,,,,,,,,,,,,,,,,,,,,,,,,,,,
,,,,,,1501831,Industrial & MRO Supplies,General Hardware,Component,1501831,1501831,31.5x14.75 Bsmt ecoLitePlus WH - Hopper DLA w/Screen,PROVIA,PROVIA,,ProVia (PRODO),ProVia (PRODO),PROVIA,,1501831,,Industrial & MRO Supplies>General Hardware>Component,,,,,,,,,,,,,,,,,,,,,,,,,,,,,,,,Component,Dimensions,5x14,,,,,,,,,,,,,,,,,,,,,,,,,,,,,,,,,,,,,,,,,,,,,,,,,,,,,,,,,,,,,,,,,,,,,,,,,,,,,,,,,,,,,,,,,,,,,,,,,,,,,,,,,,,,,,,,,,,,,,,,,,,,,,,,,,,,,,,,,,,,,,,,,,,,,,,,,,,,,,,,,,,,,,,,,,,,,,,,,,,,,,,,,,,,,,,,,,,
,,,,,,1501832,Industrial & MRO Supplies,General Hardware,Component,1501832,1501832,31.5x22.75 Bsmt ecoLitePlus WH - Hopper DLA w/Screen,PROVIA,PROVIA,,ProVia (PRODO),ProVia (PRODO),PROVIA,,1501832,,Industrial & MRO Supplies>General Hardware>Component,,,,,,,,,,,,,,,,,,,,,,,,,,,,,,,,Component,Dimensions,5x22,,,,,,,,,,,,,,,,,,,,,,,,,,,,,,,,,,,,,,,,,,,,,,,,,,,,,,,,,,,,,,,,,,,,,,,,,,,,,,,,,,,,,,,,,,,,,,,,,,,,,,,,,,,,,,,,,,,,,,,,,,,,,,,,,,,,,,,,,,,,,,,,,,,,,,,,,,,,,,,,,,,,,,,,,,,,,,,,,,,,,,,,,,,,,,,,,,,
,,,,,,1515974,Industrial & MRO Supplies,General Hardware,Component,1515974,1515974,3030 Slider 3900 United Black WH Int LowE-2 w/Half Scrn w/J,United Window & Door,United Window & Door,,-,-,United Window & Door,,1515974,,Industrial & MRO Supplies>General Hardware>Component,,,,,,,,,,,,,,,,,,,,,,,,,,,,,,,,Component,,,,,,,,,,,,,,,,,,,,,,,,,,,,,,,,,,,,,,,,,,,,,,,,,,,,,,,,,,,,,,,,,,,,,,,,,,,,,,,,,,,,,,,,,,,,,,,,,,,,,,,,,,,,,,,,,,,,,,,,,,,,,,,,,,,,,,,,,,,,,,,,,,,,,,,,,,,,,,,,,,,,,,,,,,,,,,,,,,,,,,,,,,,,,,,,,,,,,
,,,,,,640383,Industrial & MRO Supplies,General Hardware,Component,640383,640383,"1/2"" 54""x10 Drywall Easi-Lite",-- Unbranded --,-- Unbranded --,,Certainteed Gypsum (2765),Certainteed Gypsum (2765),Certainteed Gypsum,,640383,,Industrial & MRO Supplies>General Hardware>Component,,,,,,,,,,,,,,,,,,,,,,,,,,,,,,,,Component,Dimensions,54 inx10,,,,,,,,,,,,,,,,,,,,,,,,,,,,,,,,,,,,,,,,,,,,,,,,,,,,,,,,,,,,,,,,,,,,,,,,,,,,,,,,,,,,,,,,,,,,,,,,,,,,,,,,,,,,,,,,,,,,,,,,,,,,,,,,,,,,,,,,,,,,,,,,,,,,,,,,,,,,,,,,,,,,,,,,,,,,,,,,,,,,,,,,,,,,,,,,,,,
,,,,,,653258,Industrial & MRO Supplies,General Hardware,Component,653258,653258,"5/8"" 4x9 Drywall Firelite",-- Unbranded --,-- Unbranded --,,Certainteed Gypsum (2765),Certainteed Gypsum (2765),Certainteed Gypsum,,653258,,Industrial & MRO Supplies>General Hardware>Component,,,,,,,,,,,,,,,,,,,,,,,,,,,,,,,,Component,Dimensions,4x9,,,,,,,,,,,,,,,,,,,,,,,,,,,,,,,,,,,,,,,,,,,,,,,,,,,,,,,,,,,,,,,,,,,,,,,,,,,,,,,,,,,,,,,,,,,,,,,,,,,,,,,,,,,,,,,,,,,,,,,,,,,,,,,,,,,,,,,,,,,,,,,,,,,,,,,,,,,,,,,,,,,,,,,,,,,,,,,,,,,,,,,,,,,,,,,,,,,
,,,,,,413S-DBA-36,Industrial & MRO Supplies,General Hardware,Component,413S-DBA-36,413S-DBA-36,"413S 36"" Alum Threshold DBZ",HAGER,HAGER,,Hager Hinge Co (4189),Hager Hinge Co (4189),HAGER,,413S-DBA-36,,Industrial & MRO Supplies>General Hardware>Component,,,,,,,,,,,,,,,,,,,,,,,,,,,,,,,,Component,,,,,,,,,,,,,,,,,,,,,,,,,,,,,,,,,,,,,,,,,,,,,,,,,,,,,,,,,,,,,,,,,,,,,,,,,,,,,,,,,,,,,,,,,,,,,,,,,,,,,,,,,,,,,,,,,,,,,,,,,,,,,,,,,,,,,,,,,,,,,,,,,,,,,,,,,,,,,,,,,,,,,,,,,,,,,,,,,,,,,,,,,,,,,,,,,,,,,
,,,,,,413S-DBA-72,Industrial & MRO Supplies,General Hardware,Component,413S-DBA-72,413S-DBA-72,"413S 72"" Alum Threshold DBZ",HAGER,HAGER,,Hager Hinge Co (4189),Hager Hinge Co (4189),HAGER,,413S-DBA-72,,Industrial & MRO Supplies>General Hardware>Component,,,,,,,,,,,,,,,,,,,,,,,,,,,,,,,,Component,,,,,,,,,,,,,,,,,,,,,,,,,,,,,,,,,,,,,,,,,,,,,,,,,,,,,,,,,,,,,,,,,,,,,,,,,,,,,,,,,,,,,,,,,,,,,,,,,,,,,,,,,,,,,,,,,,,,,,,,,,,,,,,,,,,,,,,,,,,,,,,,,,,,,,,,,,,,,,,,,,,,,,,,,,,,,,,,,,,,,,,,,,,,,,,,,,,,,
,,,,,,1511506,Industrial & MRO Supplies,General Hardware,Component,1511506,1511506,4'x65' Zip Rainscreen,-- Unbranded --,-- Unbranded --,,Huber Eng Wood LLC (3158),Huber Eng Wood LLC (3158),Huber Eng Wood LLC,,1511506,,Industrial & MRO Supplies>General Hardware>Component,,,,,,,,,,,,,,,,,,,,,,,,,,,,,,,,Component,,,,,,,,,,,,,,,,,,,,,,,,,,,,,,,,,,,,,,,,,,,,,,,,,,,,,,,,,,,,,,,,,,,,,,,,,,,,,,,,,,,,,,,,,,,,,,,,,,,,,,,,,,,,,,,,,,,,,,,,,,,,,,,,,,,,,,,,,,,,,,,,,,,,,,,,,,,,,,,,,,,,,,,,,,,,,,,,,,,,,,,,,,,,,,,,,,,,,
,,,,,,1513577,Industrial & MRO Supplies,General Hardware,Component,1513577,1513577,1x8-12' Doug Fir STK Smooth 1S2E,COMMODITY - UNBRANDED,COMMODITY - UNBRANDED,,Westwood Lumber Sales (WESLU),Westwood Lumber Sales (WESLU),COMMODITY - UNBRANDED,,1513577,,Industrial & MRO Supplies>General Hardware>Component,,,,,,,,,,,,,,,,,,,,,,,,,,,,,,,,Component,Dimensions,1x8-12,,,,,,,,,,,,,,,,,,,,,,,,,,,,,,,,,,,,,,,,,,,,,,,,,,,,,,,,,,,,,,,,,,,,,,,,,,,,,,,,,,,,,,,,,,,,,,,,,,,,,,,,,,,,,,,,,,,,,,,,,,,,,,,,,,,,,,,,,,,,,,,,,,,,,,,,,,,,,,,,,,,,,,,,,,,,,,,,,,,,,,,,,,,,,,,,,,,
,,,,,,1513578,Industrial & MRO Supplies,General Hardware,Component,1513578,1513578,1x8-16' Doug Fir STK Smooth 1S2E,COMMODITY - UNBRANDED,COMMODITY - UNBRANDED,,Westwood Lumber Sales (WESLU),Westwood Lumber Sales (WESLU),COMMODITY - UNBRANDED,,1513578,,Industrial & MRO Supplies>General Hardware>Component,,,,,,,,,,,,,,,,,,,,,,,,,,,,,,,,Component,Dimensions,1x8-16,,,,,,,,,,,,,,,,,,,,,,,,,,,,,,,,,,,,,,,,,,,,,,,,,,,,,,,,,,,,,,,,,,,,,,,,,,,,,,,,,,,,,,,,,,,,,,,,,,,,,,,,,,,,,,,,,,,,,,,,,,,,,,,,,,,,,,,,,,,,,,,,,,,,,,,,,,,,,,,,,,,,,,,,,,,,,,,,,,,,,,,,,,,,,,,,,,,
,,,,,,1513579,Industrial & MRO Supplies,General Hardware,Component,1513579,1513579,1x12-12 'Doug Fir STK Smooth 1S2E,COMMODITY - UNBRANDED,COMMODITY - UNBRANDED,,Westwood Lumber Sales (WESLU),Westwood Lumber Sales (WESLU),COMMODITY - UNBRANDED,,1513579,,Industrial & MRO Supplies>General Hardware>Component,,,,,,,,,,,,,,,,,,,,,,,,,,,,,,,,Component,Dimensions,1x12-12,,,,,,,,,,,,,,,,,,,,,,,,,,,,,,,,,,,,,,,,,,,,,,,,,,,,,,,,,,,,,,,,,,,,,,,,,,,,,,,,,,,,,,,,,,,,,,,,,,,,,,,,,,,,,,,,,,,,,,,,,,,,,,,,,,,,,,,,,,,,,,,,,,,,,,,,,,,,,,,,,,,,,,,,,,,,,,,,,,,,,,,,,,,,,,,,,,,
,,,,,,1513580,Industrial & MRO Supplies,General Hardware,Component,1513580,1513580,1x12-16' Doug Fir STK Smooth 1S2E,COMMODITY - UNBRANDED,COMMODITY - UNBRANDED,,Westwood Lumber Sales (WESLU),Westwood Lumber Sales (WESLU),COMMODITY - UNBRANDED,,1513580,,Industrial & MRO Supplies>General Hardware>Component,,,,,,,,,,,,,,,,,,,,,,,,,,,,,,,,Component,Dimensions,1x12-16,,,,,,,,,,,,,,,,,,,,,,,,,,,,,,,,,,,,,,,,,,,,,,,,,,,,,,,,,,,,,,,,,,,,,,,,,,,,,,,,,,,,,,,,,,,,,,,,,,,,,,,,,,,,,,,,,,,,,,,,,,,,,,,,,,,,,,,,,,,,,,,,,,,,,,,,,,,,,,,,,,,,,,,,,,,,,,,,,,,,,,,,,,,,,,,,,,,
,,,,,,1501767,Industrial & MRO Supplies,General Hardware,Component,1501767,1501767,"3/4"" 4x8T&G Huber Blue PlusOSB - Sub Floor",-- Unbranded --,-- Unbranded --,,-,-,-,,1501767,,Industrial & MRO Supplies>General Hardware>Component,,,,,,,,,,,,,,,,,,,,,,,,,,,,,,,,Component,Dimensions,4x8,,,,,,,,,,,,,,,,,,,,,,,,,,,,,,,,,,,,,,,,,,,,,,,,,,,,,,,,,,,,,,,,,,,,,,,,,,,,,,,,,,,,,,,,,,,,,,,,,,,,,,,,,,,,,,,,,,,,,,,,,,,,,,,,,,,,,,,,,,,,,,,,,,,,,,,,,,,,,,,,,,,,,,,,,,,,,,,,,,,,,,,,,,,,,,,,,,,
,,,,,,PP-8BL,Industrial & MRO Supplies,General Hardware,Component,PP-8BL,PP-8BL,8' Premier Rib XL Black,-- Unbranded --,-- Unbranded --,,Premier Metals (PREME),Premier Metals (PREME),Premier Metals,,PP-8BL,,Industrial & MRO Supplies>General Hardware>Component,,,,,,,,,,,,,,,,,,,,,,,,,,,,,,,,Component,,,,,,,,,,,,,,,,,,,,,,,,,,,,,,,,,,,,,,,,,,,,,,,,,,,,,,,,,,,,,,,,,,,,,,,,,,,,,,,,,,,,,,,,,,,,,,,,,,,,,,,,,,,,,,,,,,,,,,,,,,,,,,,,,,,,,,,,,,,,,,,,,,,,,,,,,,,,,,,,,,,,,,,,,,,,,,,,,,,,,,,,,,,,,,,,,,,,,
,,,,,,PP-10BL,Industrial & MRO Supplies,General Hardware,Component,PP-10BL,PP-10BL,10' Premier Rib XL Black,-- Unbranded --,-- Unbranded --,,Premier Metals (PREME),Premier Metals (PREME),Premier Metals,,PP-10BL,,Industrial & MRO Supplies>General Hardware>Component,,,,,,,,,,,,,,,,,,,,,,,,,,,,,,,,Component,,,,,,,,,,,,,,,,,,,,,,,,,,,,,,,,,,,,,,,,,,,,,,,,,,,,,,,,,,,,,,,,,,,,,,,,,,,,,,,,,,,,,,,,,,,,,,,,,,,,,,,,,,,,,,,,,,,,,,,,,,,,,,,,,,,,,,,,,,,,,,,,,,,,,,,,,,,,,,,,,,,,,,,,,,,,,,,,,,,,,,,,,,,,,,,,,,,,,
,,,,,,PP-12BL,Industrial & MRO Supplies,General Hardware,Component,PP-12BL,PP-12BL,12' Premier Rib XL Black,-- Unbranded --,-- Unbranded --,,Premier Metals (PREME),Premier Metals (PREME),Premier Metals,,PP-12BL,,Industrial & MRO Supplies>General Hardware>Component,,,,,,,,,,,,,,,,,,,,,,,,,,,,,,,,Component,,,,,,,,,,,,,,,,,,,,,,,,,,,,,,,,,,,,,,,,,,,,,,,,,,,,,,,,,,,,,,,,,,,,,,,,,,,,,,,,,,,,,,,,,,,,,,,,,,,,,,,,,,,,,,,,,,,,,,,,,,,,,,,,,,,,,,,,,,,,,,,,,,,,,,,,,,,,,,,,,,,,,,,,,,,,,,,,,,,,,,,,,,,,,,,,,,,,,
,,,,,,PP-8CH,Industrial & MRO Supplies,General Hardware,Component,PP-8CH,PP-8CH,8' Premier Rib XL Charcoal,-- Unbranded --,-- Unbranded --,,Premier Metals (PREME),Premier Metals (PREME),Premier Metals,,PP-8CH,,Industrial & MRO Supplies>General Hardware>Component,,,,,,,,,,,,,,,,,,,,,,,,,,,,,,,,Component,,,,,,,,,,,,,,,,,,,,,,,,,,,,,,,,,,,,,,,,,,,,,,,,,,,,,,,,,,,,,,,,,,,,,,,,,,,,,,,,,,,,,,,,,,,,,,,,,,,,,,,,,,,,,,,,,,,,,,,,,,,,,,,,,,,,,,,,,,,,,,,,,,,,,,,,,,,,,,,,,,,,,,,,,,,,,,,,,,,,,,,,,,,,,,,,,,,,,
,,,,,,PP-10CH,Industrial & MRO Supplies,General Hardware,Component,PP-10CH,PP-10CH,10' Premier Rib XL Charcoal,-- Unbranded --,-- Unbranded --,,Premier Metals (PREME),Premier Metals (PREME),Premier Metals,,PP-10CH,,Industrial & MRO Supplies>General Hardware>Component,,,,,,,,,,,,,,,,,,,,,,,,,,,,,,,,Component,,,,,,,,,,,,,,,,,,,,,,,,,,,,,,,,,,,,,,,,,,,,,,,,,,,,,,,,,,,,,,,,,,,,,,,,,,,,,,,,,,,,,,,,,,,,,,,,,,,,,,,,,,,,,,,,,,,,,,,,,,,,,,,,,,,,,,,,,,,,,,,,,,,,,,,,,,,,,,,,,,,,,,,,,,,,,,,,,,,,,,,,,,,,,,,,,,,,,
,,,,,,PP-12CH,Industrial & MRO Supplies,General Hardware,Component,PP-12CH,PP-12CH,12' Premier Rib XL Charcoal,-- Unbranded --,-- Unbranded --,,Premier Metals (PREME),Premier Metals (PREME),Premier Metals,,PP-12CH,,Industrial & MRO Supplies>General Hardware>Component,,,,,,,,,,,,,,,,,,,,,,,,,,,,,,,,Component,,,,,,,,,,,,,,,,,,,,,,,,,,,,,,,,,,,,,,,,,,,,,,,,,,,,,,,,,,,,,,,,,,,,,,,,,,,,,,,,,,,,,,,,,,,,,,,,,,,,,,,,,,,,,,,,,,,,,,,,,,,,,,,,,,,,,,,,,,,,,,,,,,,,,,,,,,,,,,,,,,,,,,,,,,,,,,,,,,,,,,,,,,,,,,,,,,,,,
,,,,,,PP-8WH,Industrial & MRO Supplies,General Hardware,Component,PP-8WH,PP-8WH,8' Premier Rib XL White,-- Unbranded --,-- Unbranded --,,Premier Metals (PREME),Premier Metals (PREME),Premier Metals,,PP-8WH,,Industrial & MRO Supplies>General Hardware>Component,,,,,,,,,,,,,,,,,,,,,,,,,,,,,,,,Component,,,,,,,,,,,,,,,,,,,,,,,,,,,,,,,,,,,,,,,,,,,,,,,,,,,,,,,,,,,,,,,,,,,,,,,,,,,,,,,,,,,,,,,,,,,,,,,,,,,,,,,,,,,,,,,,,,,,,,,,,,,,,,,,,,,,,,,,,,,,,,,,,,,,,,,,,,,,,,,,,,,,,,,,,,,,,,,,,,,,,,,,,,,,,,,,,,,,,
,,,,,,PP-10WH,Industrial & MRO Supplies,General Hardware,Component,PP-10WH,PP-10WH,10' Premier Rib XL White,-- Unbranded --,-- Unbranded --,,Premier Metals (PREME),Premier Metals (PREME),Premier Metals,,PP-10WH,,Industrial & MRO Supplies>General Hardware>Component,,,,,,,,,,,,,,,,,,,,,,,,,,,,,,,,Component,,,,,,,,,,,,,,,,,,,,,,,,,,,,,,,,,,,,,,,,,,,,,,,,,,,,,,,,,,,,,,,,,,,,,,,,,,,,,,,,,,,,,,,,,,,,,,,,,,,,,,,,,,,,,,,,,,,,,,,,,,,,,,,,,,,,,,,,,,,,,,,,,,,,,,,,,,,,,,,,,,,,,,,,,,,,,,,,,,,,,,,,,,,,,,,,,,,,,
,,,,,,1504345,Industrial & MRO Supplies,General Hardware,Component,1504345,1504345,OC Duration TruDef Wburg Gray (BDL),-- Unbranded --,-- Unbranded --,,Palmer Donavin Mfg Company (PALDO),Palmer Donavin Mfg Company (PALDO),Palmer Donavin Mfg Company,,1504345,,Industrial & MRO Supplies>General Hardware>Component,,,,,,,,,,,,,,,,,,,,,,,,,,,,,,,,Component,,,,,,,,,,,,,,,,,,,,,,,,,,,,,,,,,,,,,,,,,,,,,,,,,,,,,,,,,,,,,,,,,,,,,,,,,,,,,,,,,,,,,,,,,,,,,,,,,,,,,,,,,,,,,,,,,,,,,,,,,,,,,,,,,,,,,,,,,,,,,,,,,,,,,,,,,,,,,,,,,,,,,,,,,,,,,,,,,,,,,,,,,,,,,,,,,,,,,
,,,,,,2733,Industrial & MRO Supplies,General Hardware,Component,2733,2733,3'x65' Henry Eaveguard - Ice Guard,-- Unbranded --,-- Unbranded --,,Palmer Donavin Mfg Company (PALDO),Palmer Donavin Mfg Company (PALDO),Palmer Donavin Mfg Company,,2733,,Industrial & MRO Supplies>General Hardware>Component,,,,,,,,,,,,,,,,,,,,,,,,,,,,,,,,Component,,,,,,,,,,,,,,,,,,,,,,,,,,,,,,,,,,,,,,,,,,,,,,,,,,,,,,,,,,,,,,,,,,,,,,,,,,,,,,,,,,,,,,,,,,,,,,,,,,,,,,,,,,,,,,,,,,,,,,,,,,,,,,,,,,,,,,,,,,,,,,,,,,,,,,,,,,,,,,,,,,,,,,,,,,,,,,,,,,,,,,,,,,,,,,,,,,,,,
,,,,,,7547,Industrial & MRO Supplies,General Hardware,Component,7547,7547,Ice Guard OC Weathr Lk Mat 2sq,-- Unbranded --,-- Unbranded --,,-,-,-,,7547,,Industrial & MRO Supplies>General Hardware>Component,,,,,,,,,,,,,,,,,,,,,,,,,,,,,,,,Component,,,,,,,,,,,,,,,,,,,,,,,,,,,,,,,,,,,,,,,,,,,,,,,,,,,,,,,,,,,,,,,,,,,,,,,,,,,,,,,,,,,,,,,,,,,,,,,,,,,,,,,,,,,,,,,,,,,,,,,,,,,,,,,,,,,,,,,,,,,,,,,,,,,,,,,,,,,,,,,,,,,,,,,,,,,,,,,,,,,,,,,,,,,,,,,,,,,,,
,,,,,,8912220,Industrial & MRO Supplies,General Hardware,Component,8912220,8912220,"7-1/4""x12' Hardie Sdg Smooth - Primed HardiePlank",JAMESHARDIE,JAMESHARDIE,,Boise Cascade Building Materials (BOICA),Boise Cascade Building Materials (BOICA),JAMESHARDIE,,8912220,,Industrial & MRO Supplies>General Hardware>Component,,,,,,,,,,,,,,,,,,,,,,,,,,,,,,,,Component,Dimensions,1/4 inx12,,,,,,,,,,,,,,,,,,,,,,,,,,,,,,,,,,,,,,,,,,,,,,,,,,,,,,,,,,,,,,,,,,,,,,,,,,,,,,,,,,,,,,,,,,,,,,,,,,,,,,,,,,,,,,,,,,,,,,,,,,,,,,,,,,,,,,,,,,,,,,,,,,,,,,,,,,,,,,,,,,,,,,,,,,,,,,,,,,,,,,,,,,,,,,,,,,,
,,,,,,8904015,Industrial & MRO Supplies,General Hardware,Component,8904015,8904015,4'x10' HardiePanel Smooth - Primed,JAMESHARDIE,JAMESHARDIE,,Boise Cascade Building Materials (BOICA),Boise Cascade Building Materials (BOICA),JAMESHARDIE,,8904015,,Industrial & MRO Supplies>General Hardware>Component,,,,,,,,,,,,,,,,,,,,,,,,,,,,,,,,Component,,,,,,,,,,,,,,,,,,,,,,,,,,,,,,,,,,,,,,,,,,,,,,,,,,,,,,,,,,,,,,,,,,,,,,,,,,,,,,,,,,,,,,,,,,,,,,,,,,,,,,,,,,,,,,,,,,,,,,,,,,,,,,,,,,,,,,,,,,,,,,,,,,,,,,,,,,,,,,,,,,,,,,,,,,,,,,,,,,,,,,,,,,,,,,,,,,,,,
,,,,,,25796,Industrial & MRO Supplies,General Hardware,Component,25796,25796,"6""x16' Smart Lap Sdg Cedar",LP SMARTSIDE,LP SMARTSIDE,,U S Lumber (3073),U S Lumber (3073),LP SMARTSIDE,,25796,,Industrial & MRO Supplies>General Hardware>Component,,,,,,,,,,,,,,,,,,,,,,,,,,,,,,,,Component,Dimensions,6 inx16,,,,,,,,,,,,,,,,,,,,,,,,,,,,,,,,,,,,,,,,,,,,,,,,,,,,,,,,,,,,,,,,,,,,,,,,,,,,,,,,,,,,,,,,,,,,,,,,,,,,,,,,,,,,,,,,,,,,,,,,,,,,,,,,,,,,,,,,,,,,,,,,,,,,,,,,,,,,,,,,,,,,,,,,,,,,,,,,,,,,,,,,,,,,,,,,,,,
,,,,,,40503,Industrial & MRO Supplies,General Hardware,Component,40503,40503,"3/8"" 16""x16' Smart Pan Cedar - No-Groove Sq Edge B&B",LP SMARTSIDE,LP SMARTSIDE,,U S Lumber (3073),U S Lumber (3073),LP SMARTSIDE,,40503,,Industrial & MRO Supplies>General Hardware>Component,,,,,,,,,,,,,,,,,,,,,,,,,,,,,,,,Component,Dimensions,16 inx16,,,,,,,,,,,,,,,,,,,,,,,,,,,,,,,,,,,,,,,,,,,,,,,,,,,,,,,,,,,,,,,,,,,,,,,,,,,,,,,,,,,,,,,,,,,,,,,,,,,,,,,,,,,,,,,,,,,,,,,,,,,,,,,,,,,,,,,,,,,,,,,,,,,,,,,,,,,,,,,,,,,,,,,,,,,,,,,,,,,,,,,,,,,,,,,,,,,
,,,,,,25825,Industrial & MRO Supplies,General Hardware,Component,25825,25825,"3/8"" 4x10 Smart Pan Cedar - No-Groove w/Shiplap Edges",LP SMARTSIDE,LP SMARTSIDE,,U S Lumber (3073),U S Lumber (3073),LP SMARTSIDE,,25825,,Industrial & MRO Supplies>General Hardware>Component,,,,,,,,,,,,,,,,,,,,,,,,,,,,,,,,Component,Dimensions,4x10,,,,,,,,,,,,,,,,,,,,,,,,,,,,,,,,,,,,,,,,,,,,,,,,,,,,,,,,,,,,,,,,,,,,,,,,,,,,,,,,,,,,,,,,,,,,,,,,,,,,,,,,,,,,,,,,,,,,,,,,,,,,,,,,,,,,,,,,,,,,,,,,,,,,,,,,,,,,,,,,,,,,,,,,,,,,,,,,,,,,,,,,,,,,,,,,,,,
,,,,,,25822,Industrial & MRO Supplies,General Hardware,Component,25822,25822,"3/8"" 12""x16' Smart Vented Soff - Cedar Soffit",LP SMARTSIDE,LP SMARTSIDE,,U S Lumber (3073),U S Lumber (3073),LP SMARTSIDE,,25822,,Industrial & MRO Supplies>General Hardware>Component,,,,,,,,,,,,,,,,,,,,,,,,,,,,,,,,Component,Dimensions,12 inx16,,,,,,,,,,,,,,,,,,,,,,,,,,,,,,,,,,,,,,,,,,,,,,,,,,,,,,,,,,,,,,,,,,,,,,,,,,,,,,,,,,,,,,,,,,,,,,,,,,,,,,,,,,,,,,,,,,,,,,,,,,,,,,,,,,,,,,,,,,,,,,,,,,,,,,,,,,,,,,,,,,,,,,,,,,,,,,,,,,,,,,,,,,,,,,,,,,,
,,,,,,543650101,Industrial & MRO Supplies,General Hardware,Component,543650101,543650101,Black Alum ADA Wall Mount Trex,TREX,TREX,,Boise Cascade Building Materials (BOICA),Boise Cascade Building Materials (BOICA),TREX,,543650101,,Industrial & MRO Supplies>General Hardware>Component,,,,,,,,,,,,,,,,,,,,,,,,,,,,,,,,Component,,,,,,,,,,,,,,,,,,,,,,,,,,,,,,,,,,,,,,,,,,,,,,,,,,,,,,,,,,,,,,,,,,,,,,,,,,,,,,,,,,,,,,,,,,,,,,,,,,,,,,,,,,,,,,,,,,,,,,,,,,,,,,,,,,,,,,,,,,,,,,,,,,,,,,,,,,,,,,,,,,,,,,,,,,,,,,,,,,,,,,,,,,,,,,,,,,,,,
,,,,,,543650010,Industrial & MRO Supplies,General Hardware,Component,543650010,543650010,Black Alum ADA Int End Cap - Trex,TREX,TREX,,Boise Cascade Building Materials (BOICA),Boise Cascade Building Materials (BOICA),TREX,,543650010,,Industrial & MRO Supplies>General Hardware>Component,,,,,,,,,,,,,,,,,,,,,,,,,,,,,,,,Component,,,,,,,,,,,,,,,,,,,,,,,,,,,,,,,,,,,,,,,,,,,,,,,,,,,,,,,,,,,,,,,,,,,,,,,,,,,,,,,,,,,,,,,,,,,,,,,,,,,,,,,,,,,,,,,,,,,,,,,,,,,,,,,,,,,,,,,,,,,,,,,,,,,,,,,,,,,,,,,,,,,,,,,,,,,,,,,,,,,,,,,,,,,,,,,,,,,,,
,,,,,,543650048,Industrial & MRO Supplies,General Hardware,Component,543650048,543650048,8' Black Alum ADA Rail Trex,TREX,TREX,,Boise Cascade Building Materials (BOICA),Boise Cascade Building Materials (BOICA),TREX,,543650048,,Industrial & MRO Supplies>General Hardware>Component,,,,,,,,,,,,,,,,,,,,,,,,,,,,,,,,Component,,,,,,,,,,,,,,,,,,,,,,,,,,,,,,,,,,,,,,,,,,,,,,,,,,,,,,,,,,,,,,,,,,,,,,,,,,,,,,,,,,,,,,,,,,,,,,,,,,,,,,,,,,,,,,,,,,,,,,,,,,,,,,,,,,,,,,,,,,,,,,,,,,,,,,,,,,,,,,,,,,,,,,,,,,,,,,,,,,,,,,,,,,,,,,,,,,,,,
,,,,,,1506969,Industrial & MRO Supplies,General Hardware,Component,1506969,1506969,"1-1/2"" 4x8 Huber Zip R6.6 - Insulated R-Sheathing",-- Unbranded --,-- Unbranded --,,-,-,-,,1506969,,Industrial & MRO Supplies>General Hardware>Component,,,,,,,,,,,,,,,,,,,,,,,,,,,,,,,,Component,Dimensions,4x8,,,,,,,,,,,,,,,,,,,,,,,,,,,,,,,,,,,,,,,,,,,,,,,,,,,,,,,,,,,,,,,,,,,,,,,,,,,,,,,,,,,,,,,,,,,,,,,,,,,,,,,,,,,,,,,,,,,,,,,,,,,,,,,,,,,,,,,,,,,,,,,,,,,,,,,,,,,,,,,,,,,,,,,,,,,,,,,,,,,,,,,,,,,,,,,,,,,
,,,,,,1514681,Industrial & MRO Supplies,General Hardware,Component,1514681,1514681,"1"" 4x8 Huber Zip R3.6 - Insulated R-Sheathing",-- Unbranded --,-- Unbranded --,,-,-,-,,1514681,,Industrial & MRO Supplies>General Hardware>Component,,,,,,,,,,,,,,,,,,,,,,,,,,,,,,,,Component,Dimensions,4x8,,,,,,,,,,,,,,,,,,,,,,,,,,,,,,,,,,,,,,,,,,,,,,,,,,,,,,,,,,,,,,,,,,,,,,,,,,,,,,,,,,,,,,,,,,,,,,,,,,,,,,,,,,,,,,,,,,,,,,,,,,,,,,,,,,,,,,,,,,,,,,,,,,,,,,,,,,,,,,,,,,,,,,,,,,,,,,,,,,,,,,,,,,,,,,,,,,,
,,,,,,1514726,Industrial & MRO Supplies,General Hardware,Component,1514726,1514726,"2"" 4x8 Huber Zip R9.6 - Insulated R-Sheathing",-- Unbranded --,-- Unbranded --,,-,-,-,,1514726,,Industrial & MRO Supplies>General Hardware>Component,,,,,,,,,,,,,,,,,,,,,,,,,,,,,,,,Component,Dimensions,4x8,,,,,,,,,,,,,,,,,,,,,,,,,,,,,,,,,,,,,,,,,,,,,,,,,,,,,,,,,,,,,,,,,,,,,,,,,,,,,,,,,,,,,,,,,,,,,,,,,,,,,,,,,,,,,,,,,,,,,,,,,,,,,,,,,,,,,,,,,,,,,,,,,,,,,,,,,,,,,,,,,,,,,,,,,,,,,,,,,,,,,,,,,,,,,,,,,,,
,,,,,,1728ABL,Industrial & MRO Supplies,General Hardware,Component,1728ABL,1728ABL,2x2 Black Fine Fissured 1728BL,-- Unbranded --,-- Unbranded --,,Palmer Donavin Mfg Company (PALDO),Palmer Donavin Mfg Company (PALDO),Palmer Donavin Mfg Company,,1728ABL,,Industrial & MRO Supplies>General Hardware>Component,,,,,,,,,,,,,,,,,,,,,,,,,,,,,,,,Component,Dimensions,2x2,,,,,,,,,,,,,,,,,,,,,,,,,,,,,,,,,,,,,,,,,,,,,,,,,,,,,,,,,,,,,,,,,,,,,,,,,,,,,,,,,,,,,,,,,,,,,,,,,,,,,,,,,,,,,,,,,,,,,,,,,,,,,,,,,,,,,,,,,,,,,,,,,,,,,,,,,,,,,,,,,,,,,,,,,,,,,,,,,,,,,,,,,,,,,,,,,,,
,,,,,,402-R,Industrial & MRO Supplies,General Hardware,Component,402-R,402-R,402R 12V12AH 8D Battery,-- Unbranded --,-- Unbranded --,,MillerTech Energy Solutions (MILTE),MillerTech Energy Solutions (MILTE),MillerTech Energy Solutions,,402-R,,Industrial & MRO Supplies>General Hardware>Component,,,,,,,,,,,,,,,,,,,,,,,,,,,,,,,,Component,,,,,,,,,,,,,,,,,,,,,,,,,,,,,,,,,,,,,,,,,,,,,,,,,,,,,,,,,,,,,,,,,,,,,,,,,,,,,,,,,,,,,,,,,,,,,,,,,,,,,,,,,,,,,,,,,,,,,,,,,,,,,,,,,,,,,,,,,,,,,,,,,,,,,,,,,,,,,,,,,,,,,,,,,,,,,,,,,,,,,,,,,,,,,,,,,,,,,
,,,,,,SL1672,Industrial & MRO Supplies,General Hardware,Component,SL1672,SL1672,SL1672 Jumpstart & Pwr Supply,-- Unbranded --,-- Unbranded --,,-,-,-,,SL1672,,Industrial & MRO Supplies>General Hardware>Component,,,,,,,,,,,,,,,,,,,,,,,,,,,,,,,,Component,,,,,,,,,,,,,,,,,,,,,,,,,,,,,,,,,,,,,,,,,,,,,,,,,,,,,,,,,,,,,,,,,,,,,,,,,,,,,,,,,,,,,,,,,,,,,,,,,,,,,,,,,,,,,,,,,,,,,,,,,,,,,,,,,,,,,,,,,,,,,,,,,,,,,,,,,,,,,,,,,,,,,,,,,,,,,,,,,,,,,,,,,,,,,,,,,,,,,
,,,,,,BM-DW20-YLW-6,Industrial & MRO Supplies,General Hardware,Component,BM-DW20-YLW-6,BM-DW20-YLW-6,BM-DW20-YLW-6 Dewalt - Battery Mounts 6pk,-- Unbranded --,-- Unbranded --,,Metalmark Industrial Inc (METIN),Metalmark Industrial Inc (METIN),DeWalt,,BM-DW20-YLW-6,,Industrial & MRO Supplies>General Hardware>Component,,,,,,,,,,,,,,,,,,,,,,,,,,,,,,,,Component,Package Quantity,6pk,,,,,,,,,,,,,,,,,,,,,,,,,,,,,,,,,,,,,,,,,,,,,,,,,,,,,,,,,,,,,,,,,,,,,,,,,,,,,,,,,,,,,,,,,,,,,,,,,,,,,,,,,,,,,,,,,,,,,,,,,,,,,,,,,,,,,,,,,,,,,,,,,,,,,,,,,,,,,,,,,,,,,,,,,,,,,,,,,,,,,,,,,,,,,,,,,,,
,,,,,,BHA1-UPC,Industrial & MRO Supplies,General Hardware,Component,BHA1-UPC,BHA1-UPC,16-24 Adjust Hanger,-- Unbranded --,-- Unbranded --,,Southwire/g Turner (6603),Southwire/g Turner (6603),Southwire/g Turner,,BHA1-UPC,,Industrial & MRO Supplies>General Hardware>Component,,,,,,,,,,,,,,,,,,,,,,,,,,,,,,,,Component,,,,,,,,,,,,,,,,,,,,,,,,,,,,,,,,,,,,,,,,,,,,,,,,,,,,,,,,,,,,,,,,,,,,,,,,,,,,,,,,,,,,,,,,,,,,,,,,,,,,,,,,,,,,,,,,,,,,,,,,,,,,,,,,,,,,,,,,,,,,,,,,,,,,,,,,,,,,,,,,,,,,,,,,,,,,,,,,,,,,,,,,,,,,,,,,,,,,,
,,,,,,G1941-UPC,Industrial & MRO Supplies,General Hardware,Component,G1941-UPC,G1941-UPC,"G1941UPC 4"" Sq Cover Sw/Outlet",-- Unbranded --,-- Unbranded --,,Southwire/g Turner (6603),Southwire/g Turner (6603),Southwire/g Turner,,G1941-UPC,,Industrial & MRO Supplies>General Hardware>Component,,,,,,,,,,,,,,,,,,,,,,,,,,,,,,,,Component,,,,,,,,,,,,,,,,,,,,,,,,,,,,,,,,,,,,,,,,,,,,,,,,,,,,,,,,,,,,,,,,,,,,,,,,,,,,,,,,,,,,,,,,,,,,,,,,,,,,,,,,,,,,,,,,,,,,,,,,,,,,,,,,,,,,,,,,,,,,,,,,,,,,,,,,,,,,,,,,,,,,,,,,,,,,,,,,,,,,,,,,,,,,,,,,,,,,,
,,,,,,G1950-UPC,Industrial & MRO Supplies,General Hardware,Component,G1950-UPC,G1950-UPC,4x4 2G GFI Box Cover,-- Unbranded --,-- Unbranded --,,Southwire/g Turner (6603),Southwire/g Turner (6603),Southwire/g Turner,,G1950-UPC,,Industrial & MRO Supplies>General Hardware>Component,,,,,,,,,,,,,,,,,,,,,,,,,,,,,,,,Component,Dimensions,4x4,,,,,,,,,,,,,,,,,,,,,,,,,,,,,,,,,,,,,,,,,,,,,,,,,,,,,,,,,,,,,,,,,,,,,,,,,,,,,,,,,,,,,,,,,,,,,,,,,,,,,,,,,,,,,,,,,,,,,,,,,,,,,,,,,,,,,,,,,,,,,,,,,,,,,,,,,,,,,,,,,,,,,,,,,,,,,,,,,,,,,,,,,,,,,,,,,,,
,,,,,,A410RCAR,Industrial & MRO Supplies,General Hardware,Component,A410RCAR,A410RCAR,4x4 1G PVC Box Cover,-- Unbranded --,-- Unbranded --,,Thomas & Betts (7405),Thomas & Betts (7405),Thomas & Betts,,A410RCAR,,Industrial & MRO Supplies>General Hardware>Component,,,,,,,,,,,,,,,,,,,,,,,,,,,,,,,,Component,Dimensions,4x4,,,,,,,,,,,,,,,,,,,,,,,,,,,,,,,,,,,,,,,,,,,,,,,,,,,,,,,,,,,,,,,,,,,,,,,,,,,,,,,,,,,,,,,,,,,,,,,,,,,,,,,,,,,,,,,,,,,,,,,,,,,,,,,,,,,,,,,,,,,,,,,,,,,,,,,,,,,,,,,,,,,,,,,,,,,,,,,,,,,,,,,,,,,,,,,,,,,
,,,,,,G1951-UPC,Industrial & MRO Supplies,General Hardware,Component,G1951-UPC,G1951-UPC,4x4 2G GFCI Duplex Box Cover,-- Unbranded --,-- Unbranded --,,Southwire/g Turner (6603),Southwire/g Turner (6603),Southwire/g Turner,,G1951-UPC,,Industrial & MRO Supplies>General Hardware>Component,,,,,,,,,,,,,,,,,,,,,,,,,,,,,,,,Component,Dimensions,4x4,,,,,,,,,,,,,,,,,,,,,,,,,,,,,,,,,,,,,,,,,,,,,,,,,,,,,,,,,,,,,,,,,,,,,,,,,,,,,,,,,,,,,,,,,,,,,,,,,,,,,,,,,,,,,,,,,,,,,,,,,,,,,,,,,,,,,,,,,,,,,,,,,,,,,,,,,,,,,,,,,,,,,,,,,,,,,,,,,,,,,,,,,,,,,,,,,,,
,,,,,,52C3-5/8-UPC,Industrial & MRO Supplies,General Hardware,Component,52C3-5/8-UPC,52C3-5/8-UPC,4x4 1G Box Cover,-- Unbranded --,-- Unbranded --,,Southwire/g Turner (6603),Southwire/g Turner (6603),Southwire/g Turner,,52C3-5/8-UPC,,Industrial & MRO Supplies>General Hardware>Component,,,,,,,,,,,,,,,,,,,,,,,,,,,,,,,,Component,Dimensions,4x4,,,,,,,,,,,,,,,,,,,,,,,,,,,,,,,,,,,,,,,,,,,,,,,,,,,,,,,,,,,,,,,,,,,,,,,,,,,,,,,,,,,,,,,,,,,,,,,,,,,,,,,,,,,,,,,,,,,,,,,,,,,,,,,,,,,,,,,,,,,,,,,,,,,,,,,,,,,,,,,,,,,,,,,,,,,,,,,,,,,,,,,,,,,,,,,,,,,
,,,,,,52C14-5/8-UPC,Industrial & MRO Supplies,General Hardware,Component,52C14-5/8-UPC,52C14-5/8-UPC,4x4 1G Box Cover,-- Unbranded --,-- Unbranded --,,Southwire/g Turner (6603),Southwire/g Turner (6603),Southwire/g Turner,,52C14-5/8-UPC,,Industrial & MRO Supplies>General Hardware>Component,,,,,,,,,,,,,,,,,,,,,,,,,,,,,,,,Component,Dimensions,4x4,,,,,,,,,,,,,,,,,,,,,,,,,,,,,,,,,,,,,,,,,,,,,,,,,,,,,,,,,,,,,,,,,,,,,,,,,,,,,,,,,,,,,,,,,,,,,,,,,,,,,,,,,,,,,,,,,,,,,,,,,,,,,,,,,,,,,,,,,,,,,,,,,,,,,,,,,,,,,,,,,,,,,,,,,,,,,,,,,,,,,,,,,,,,,,,,,,,
,,,,,,52C3-UPC,Industrial & MRO Supplies,General Hardware,Component,52C3-UPC,52C3-UPC,4x4 1G Box Cover,-- Unbranded --,-- Unbranded --,,Southwire/g Turner (6603),Southwire/g Turner (6603),Southwire/g Turner,,52C3-UPC,,Industrial & MRO Supplies>General Hardware>Component,,,,,,,,,,,,,,,,,,,,,,,,,,,,,,,,Component,Dimensions,4x4,,,,,,,,,,,,,,,,,,,,,,,,,,,,,,,,,,,,,,,,,,,,,,,,,,,,,,,,,,,,,,,,,,,,,,,,,,,,,,,,,,,,,,,,,,,,,,,,,,,,,,,,,,,,,,,,,,,,,,,,,,,,,,,,,,,,,,,,,,,,,,,,,,,,,,,,,,,,,,,,,,,,,,,,,,,,,,,,,,,,,,,,,,,,,,,,,,,
,,,,,,54151-F-UPC,Industrial & MRO Supplies,General Hardware,Component,54151-F-UPC,54151-F-UPC,4x4x1-1/2 Oct Box w/Bracket,-- Unbranded --,-- Unbranded --,,Southwire/g Turner (6603),Southwire/g Turner (6603),Southwire/g Turner,,54151-F-UPC,,Industrial & MRO Supplies>General Hardware>Component,,,,,,,,,,,,,,,,,,,,,,,,,,,,,,,,Component,Dimensions,4x4x1-1,,,,,,,,,,,,,,,,,,,,,,,,,,,,,,,,,,,,,,,,,,,,,,,,,,,,,,,,,,,,,,,,,,,,,,,,,,,,,,,,,,,,,,,,,,,,,,,,,,,,,,,,,,,,,,,,,,,,,,,,,,,,,,,,,,,,,,,,,,,,,,,,,,,,,,,,,,,,,,,,,,,,,,,,,,,,,,,,,,,,,,,,,,,,,,,,,,,
,,,,,,54151-HUR-UPC,Industrial & MRO Supplies,General Hardware,Component,54151-HUR-UPC,54151-HUR-UPC,4x4x1-1/2 Oct Box w/Hanger,-- Unbranded --,-- Unbranded --,,Southwire/g Turner (6603),Southwire/g Turner (6603),Southwire/g Turner,,54151-HUR-UPC,,Industrial & MRO Supplies>General Hardware>Component,,,,,,,,,,,,,,,,,,,,,,,,,,,,,,,,Component,Dimensions,4x4x1-1,,,,,,,,,,,,,,,,,,,,,,,,,,,,,,,,,,,,,,,,,,,,,,,,,,,,,,,,,,,,,,,,,,,,,,,,,,,,,,,,,,,,,,,,,,,,,,,,,,,,,,,,,,,,,,,,,,,,,,,,,,,,,,,,,,,,,,,,,,,,,,,,,,,,,,,,,,,,,,,,,,,,,,,,,,,,,,,,,,,,,,,,,,,,,,,,,,,
,,,,,,54151-JR-UPC,Industrial & MRO Supplies,General Hardware,Component,54151-JR-UPC,54151-JR-UPC,4x4x1-1/2 Oct Box w/Brakcet,-- Unbranded --,-- Unbranded --,,Southwire/g Turner (6603),Southwire/g Turner (6603),Southwire/g Turner,,54151-JR-UPC,,Industrial & MRO Supplies>General Hardware>Component,,,,,,,,,,,,,,,,,,,,,,,,,,,,,,,,Component,Dimensions,4x4x1-1,,,,,,,,,,,,,,,,,,,,,,,,,,,,,,,,,,,,,,,,,,,,,,,,,,,,,,,,,,,,,,,,,,,,,,,,,,,,,,,,,,,,,,,,,,,,,,,,,,,,,,,,,,,,,,,,,,,,,,,,,,,,,,,,,,,,,,,,,,,,,,,,,,,,,,,,,,,,,,,,,,,,,,,,,,,,,,,,,,,,,,,,,,,,,,,,,,,
,,,,,,54171-R-UPC,Industrial & MRO Supplies,General Hardware,Component,54171-R-UPC,54171-R-UPC,4x4x2 Oct Box,-- Unbranded --,-- Unbranded --,,Southwire/g Turner (6603),Southwire/g Turner (6603),Southwire/g Turner,,54171-R-UPC,,Industrial & MRO Supplies>General Hardware>Component,,,,,,,,,,,,,,,,,,,,,,,,,,,,,,,,Component,Dimensions,4x4x2,,,,,,,,,,,,,,,,,,,,,,,,,,,,,,,,,,,,,,,,,,,,,,,,,,,,,,,,,,,,,,,,,,,,,,,,,,,,,,,,,,,,,,,,,,,,,,,,,,,,,,,,,,,,,,,,,,,,,,,,,,,,,,,,,,,,,,,,,,,,,,,,,,,,,,,,,,,,,,,,,,,,,,,,,,,,,,,,,,,,,,,,,,,,,,,,,,,
,,,,,,52151-S-UPC,Industrial & MRO Supplies,General Hardware,Component,52151-S-UPC,52151-S-UPC,4x4x1-1/2 Square Box,-- Unbranded --,-- Unbranded --,,Southwire/g Turner (6603),Southwire/g Turner (6603),Southwire/g Turner,,52151-S-UPC,,Industrial & MRO Supplies>General Hardware>Component,,,,,,,,,,,,,,,,,,,,,,,,,,,,,,,,Component,Dimensions,4x4x1-1,,,,,,,,,,,,,,,,,,,,,,,,,,,,,,,,,,,,,,,,,,,,,,,,,,,,,,,,,,,,,,,,,,,,,,,,,,,,,,,,,,,,,,,,,,,,,,,,,,,,,,,,,,,,,,,,,,,,,,,,,,,,,,,,,,,,,,,,,,,,,,,,,,,,,,,,,,,,,,,,,,,,,,,,,,,,,,,,,,,,,,,,,,,,,,,,,,,
,,,,,,72171-3/4-1W-UPC,Industrial & MRO Supplies,General Hardware,Component,72171-3/4-1W-UPC,72171-3/4-1W-UPC,4-1/2x4-1/2x2 2G Box,-- Unbranded --,-- Unbranded --,,Southwire/g Turner (6603),Southwire/g Turner (6603),Southwire/g Turner,,72171-3/4-1W-UPC,,Industrial & MRO Supplies>General Hardware>Component,,,,,,,,,,,,,,,,,,,,,,,,,,,,,,,,Component,Dimensions,1/2x4-1,,,,,,,,,,,,,,,,,,,,,,,,,,,,,,,,,,,,,,,,,,,,,,,,,,,,,,,,,,,,,,,,,,,,,,,,,,,,,,,,,,,,,,,,,,,,,,,,,,,,,,,,,,,,,,,,,,,,,,,,,,,,,,,,,,,,,,,,,,,,,,,,,,,,,,,,,,,,,,,,,,,,,,,,,,,,,,,,,,,,,,,,,,,,,,,,,,,
,,,,,,5522-5EV,Industrial & MRO Supplies,General Hardware,Component,5522-5EV,5522-5EV,5522-5EV 2 Port Decor Plate,-- Unbranded --,-- Unbranded --,,Cooper Wiring Devices (3560),Cooper Wiring Devices (3560),Cooper Wiring Devices,,5522-5EV,,Industrial & MRO Supplies>General Hardware>Component,,,,,,,,,,,,,,,,,,,,,,,,,,,,,,,,Component,,,,,,,,,,,,,,,,,,,,,,,,,,,,,,,,,,,,,,,,,,,,,,,,,,,,,,,,,,,,,,,,,,,,,,,,,,,,,,,,,,,,,,,,,,,,,,,,,,,,,,,,,,,,,,,,,,,,,,,,,,,,,,,,,,,,,,,,,,,,,,,,,,,,,,,,,,,,,,,,,,,,,,,,,,,,,,,,,,,,,,,,,,,,,,,,,,,,,
,,,,,,AYCL-153PH-LA,Industrial & MRO Supplies,General Hardware,Component,AYCL-153PH-LA,AYCL-153PH-LA,AYCL-153PH-LA Lutron Dimmer LA,-- Unbranded --,-- Unbranded --,,Fenton Bros Electric Inc (FENBR),Fenton Bros Electric Inc (FENBR),Fenton Bros Electric Inc,,AYCL-153PH-LA,,Industrial & MRO Supplies>General Hardware>Component,,,,,,,,,,,,,,,,,,,,,,,,,,,,,,,,Component,,,,,,,,,,,,,,,,,,,,,,,,,,,,,,,,,,,,,,,,,,,,,,,,,,,,,,,,,,,,,,,,,,,,,,,,,,,,,,,,,,,,,,,,,,,,,,,,,,,,,,,,,,,,,,,,,,,,,,,,,,,,,,,,,,,,,,,,,,,,,,,,,,,,,,,,,,,,,,,,,,,,,,,,,,,,,,,,,,,,,,,,,,,,,,,,,,,,,
,,,,,,AYCL-153PH-WH,Industrial & MRO Supplies,General Hardware,Component,AYCL-153PH-WH,AYCL-153PH-WH,AYCL-153PH-WH Lutron Dimmer Wh,-- Unbranded --,-- Unbranded --,,Fenton Bros Electric Inc (FENBR),Fenton Bros Electric Inc (FENBR),Fenton Bros Electric Inc,,AYCL-153PH-WH,,Industrial & MRO Supplies>General Hardware>Component,,,,,,,,,,,,,,,,,,,,,,,,,,,,,,,,Component,,,,,,,,,,,,,,,,,,,,,,,,,,,,,,,,,,,,,,,,,,,,,,,,,,,,,,,,,,,,,,,,,,,,,,,,,,,,,,,,,,,,,,,,,,,,,,,,,,,,,,,,,,,,,,,,,,,,,,,,,,,,,,,,,,,,,,,,,,,,,,,,,,,,,,,,,,,,,,,,,,,,,,,,,,,,,,,,,,,,,,,,,,,,,,,,,,,,,
,,,,,,D23LP-R02-1RW,Industrial & MRO Supplies,General Hardware,Component,D23LP-R02-1RW,D23LP-R02-1RW,D23LPR021RW Plug In Dimmer Wh,-- Unbranded --,-- Unbranded --,,Leviton Mfg Co (4927),Leviton Mfg Co (4927),Leviton Mfg Co,,D23LP-R02-1RW,,Industrial & MRO Supplies>General Hardware>Component,,,,,,,,,,,,,,,,,,,,,,,,,,,,,,,,Component,,,,,,,,,,,,,,,,,,,,,,,,,,,,,,,,,,,,,,,,,,,,,,,,,,,,,,,,,,,,,,,,,,,,,,,,,,,,,,,,,,,,,,,,,,,,,,,,,,,,,,,,,,,,,,,,,,,,,,,,,,,,,,,,,,,,,,,,,,,,,,,,,,,,,,,,,,,,,,,,,,,,,,,,,,,,,,,,,,,,,,,,,,,,,,,,,,,,,
,,,,,,TNOCD002,Industrial & MRO Supplies,General Hardware,Component,TNOCD002,TNOCD002,TNOCD002 125V Outdooor Timer,-- Unbranded --,-- Unbranded --,,Prime Wire & Cable (3562),Prime Wire & Cable (3562),Prime Wire & Cable,,TNOCD002,,Industrial & MRO Supplies>General Hardware>Component,,,,,,,,,,,,,,,,,,,,,,,,,,,,,,,,Component,,,,,,,,,,,,,,,,,,,,,,,,,,,,,,,,,,,,,,,,,,,,,,,,,,,,,,,,,,,,,,,,,,,,,,,,,,,,,,,,,,,,,,,,,,,,,,,,,,,,,,,,,,,,,,,,,,,,,,,,,,,,,,,,,,,,,,,,,,,,,,,,,,,,,,,,,,,,,,,,,,,,,,,,,,,,,,,,,,,,,,,,,,,,,,,,,,,,,
,,,,,,TNDHD002,Industrial & MRO Supplies,General Hardware,Component,TNDHD002,TNDHD002,TNDHD002 125V 7Day Timer,-- Unbranded --,-- Unbranded --,,Prime Wire & Cable (3562),Prime Wire & Cable (3562),Prime Wire & Cable,,TNDHD002,,Industrial & MRO Supplies>General Hardware>Component,,,,,,,,,,,,,,,,,,,,,,,,,,,,,,,,Component,,,,,,,,,,,,,,,,,,,,,,,,,,,,,,,,,,,,,,,,,,,,,,,,,,,,,,,,,,,,,,,,,,,,,,,,,,,,,,,,,,,,,,,,,,,,,,,,,,,,,,,,,,,,,,,,,,,,,,,,,,,,,,,,,,,,,,,,,,,,,,,,,,,,,,,,,,,,,,,,,,,,,,,,,,,,,,,,,,,,,,,,,,,,,,,,,,,,,
,,,,,,TNIDP12,Industrial & MRO Supplies,General Hardware,Component,TNIDP12,TNIDP12,TNIDP12 125V Dig Indoor Timer,-- Unbranded --,-- Unbranded --,,Prime Wire & Cable (3562),Prime Wire & Cable (3562),Prime Wire & Cable,,TNIDP12,,Industrial & MRO Supplies>General Hardware>Component,,,,,,,,,,,,,,,,,,,,,,,,,,,,,,,,Component,,,,,,,,,,,,,,,,,,,,,,,,,,,,,,,,,,,,,,,,,,,,,,,,,,,,,,,,,,,,,,,,,,,,,,,,,,,,,,,,,,,,,,,,,,,,,,,,,,,,,,,,,,,,,,,,,,,,,,,,,,,,,,,,,,,,,,,,,,,,,,,,,,,,,,,,,,,,,,,,,,,,,,,,,,,,,,,,,,,,,,,,,,,,,,,,,,,,,
,,,,,,TNIW24,Industrial & MRO Supplies,General Hardware,Component,TNIW24,TNIW24,TNIW24 125V 24hr Mech Timer,-- Unbranded --,-- Unbranded --,,Prime Wire & Cable (3562),Prime Wire & Cable (3562),Prime Wire & Cable,,TNIW24,,Industrial & MRO Supplies>General Hardware>Component,,,,,,,,,,,,,,,,,,,,,,,,,,,,,,,,Component,,,,,,,,,,,,,,,,,,,,,,,,,,,,,,,,,,,,,,,,,,,,,,,,,,,,,,,,,,,,,,,,,,,,,,,,,,,,,,,,,,,,,,,,,,,,,,,,,,,,,,,,,,,,,,,,,,,,,,,,,,,,,,,,,,,,,,,,,,,,,,,,,,,,,,,,,,,,,,,,,,,,,,,,,,,,,,,,,,,,,,,,,,,,,,,,,,,,,
,,,,,,65-1222,Industrial & MRO Supplies,General Hardware,Component,65-1222,65-1222,65-1222 1' Led Lt Multi CCT,-- Unbranded --,-- Unbranded --,,Satco Prod Inc (5573),Satco Prod Inc (5573),Satco Prod Inc,,65-1222,,Industrial & MRO Supplies>General Hardware>Component,,,,,,,,,,,,,,,,,,,,,,,,,,,,,,,,Component,,,,,,,,,,,,,,,,,,,,,,,,,,,,,,,,,,,,,,,,,,,,,,,,,,,,,,,,,,,,,,,,,,,,,,,,,,,,,,,,,,,,,,,,,,,,,,,,,,,,,,,,,,,,,,,,,,,,,,,,,,,,,,,,,,,,,,,,,,,,,,,,,,,,,,,,,,,,,,,,,,,,,,,,,,,,,,,,,,,,,,,,,,,,,,,,,,,,,
,,,,,,65-1224,Industrial & MRO Supplies,General Hardware,Component,65-1224,65-1224,65-1224 4' Led Strip Light,-- Unbranded --,-- Unbranded --,,Satco Prod Inc (5573),Satco Prod Inc (5573),Satco Prod Inc,,65-1224,,Industrial & MRO Supplies>General Hardware>Component,,,,,,,,,,,,,,,,,,,,,,,,,,,,,,,,Component,,,,,,,,,,,,,,,,,,,,,,,,,,,,,,,,,,,,,,,,,,,,,,,,,,,,,,,,,,,,,,,,,,,,,,,,,,,,,,,,,,,,,,,,,,,,,,,,,,,,,,,,,,,,,,,,,,,,,,,,,,,,,,,,,,,,,,,,,,,,,,,,,,,,,,,,,,,,,,,,,,,,,,,,,,,,,,,,,,,,,,,,,,,,,,,,,,,,,
,,,,,,45297BK,Industrial & MRO Supplies,General Hardware,Component,45297BK,45297BK,45297BK Kichler Wall Lt,-- Unbranded --,-- Unbranded --,,Kichler Lighting (KICLI),Kichler Lighting (KICLI),Kichler Lighting,,45297BK,,Industrial & MRO Supplies>General Hardware>Component,,,,,,,,,,,,,,,,,,,,,,,,,,,,,,,,Component,,,,,,,,,,,,,,,,,,,,,,,,,,,,,,,,,,,,,,,,,,,,,,,,,,,,,,,,,,,,,,,,,,,,,,,,,,,,,,,,,,,,,,,,,,,,,,,,,,,,,,,,,,,,,,,,,,,,,,,,,,,,,,,,,,,,,,,,,,,,,,,,,,,,,,,,,,,,,,,,,,,,,,,,,,,,,,,,,,,,,,,,,,,,,,,,,,,,,
,,,,,,45573BK,Industrial & MRO Supplies,General Hardware,Component,45573BK,45573BK,45573BK Kichler Wall Light,-- Unbranded --,-- Unbranded --,,Kichler Lighting (KICLI),Kichler Lighting (KICLI),Kichler Lighting,,45573BK,,Industrial & MRO Supplies>General Hardware>Component,,,,,,,,,,,,,,,,,,,,,,,,,,,,,,,,Component,,,,,,,,,,,,,,,,,,,,,,,,,,,,,,,,,,,,,,,,,,,,,,,,,,,,,,,,,,,,,,,,,,,,,,,,,,,,,,,,,,,,,,,,,,,,,,,,,,,,,,,,,,,,,,,,,,,,,,,,,,,,,,,,,,,,,,,,,,,,,,,,,,,,,,,,,,,,,,,,,,,,,,,,,,,,,,,,,,,,,,,,,,,,,,,,,,,,,
,,,,,,37418A,Industrial & MRO Supplies,General Hardware,Component,37418A,37418A,37418A Kichler Bath Light,-- Unbranded --,-- Unbranded --,,Kichler Lighting (KICLI),Kichler Lighting (KICLI),Kichler Lighting,,37418A,,Industrial & MRO Supplies>General Hardware>Component,,,,,,,,,,,,,,,,,,,,,,,,,,,,,,,,Component,,,,,,,,,,,,,,,,,,,,,,,,,,,,,,,,,,,,,,,,,,,,,,,,,,,,,,,,,,,,,,,,,,,,,,,,,,,,,,,,,,,,,,,,,,,,,,,,,,,,,,,,,,,,,,,,,,,,,,,,,,,,,,,,,,,,,,,,,,,,,,,,,,,,,,,,,,,,,,,,,,,,,,,,,,,,,,,,,,,,,,,,,,,,,,,,,,,,,
,,,,,,37423A,Industrial & MRO Supplies,General Hardware,Component,37423A,37423A,37423A Kichler Bath Light,-- Unbranded --,-- Unbranded --,,Kichler Lighting (KICLI),Kichler Lighting (KICLI),Kichler Lighting,,37423A,,Industrial & MRO Supplies>General Hardware>Component,,,,,,,,,,,,,,,,,,,,,,,,,,,,,,,,Component,,,,,,,,,,,,,,,,,,,,,,,,,,,,,,,,,,,,,,,,,,,,,,,,,,,,,,,,,,,,,,,,,,,,,,,,,,,,,,,,,,,,,,,,,,,,,,,,,,,,,,,,,,,,,,,,,,,,,,,,,,,,,,,,,,,,,,,,,,,,,,,,,,,,,,,,,,,,,,,,,,,,,,,,,,,,,,,,,,,,,,,,,,,,,,,,,,,,,
,,,,,,45496BKCLR,Industrial & MRO Supplies,General Hardware,Component,45496BKCLR,45496BKCLR,45496BKCLR Kichler Bath Light,-- Unbranded --,-- Unbranded --,,Kichler Lighting (KICLI),Kichler Lighting (KICLI),Kichler Lighting,,45496BKCLR,,Industrial & MRO Supplies>General Hardware>Component,,,,,,,,,,,,,,,,,,,,,,,,,,,,,,,,Component,,,,,,,,,,,,,,,,,,,,,,,,,,,,,,,,,,,,,,,,,,,,,,,,,,,,,,,,,,,,,,,,,,,,,,,,,,,,,,,,,,,,,,,,,,,,,,,,,,,,,,,,,,,,,,,,,,,,,,,,,,,,,,,,,,,,,,,,,,,,,,,,,,,,,,,,,,,,,,,,,,,,,,,,,,,,,,,,,,,,,,,,,,,,,,,,,,,,,
,,,,,,45973BK,Industrial & MRO Supplies,General Hardware,Component,45973BK,45973BK,45973BK Kichler Wall Light,-- Unbranded --,-- Unbranded --,,Kichler Lighting (KICLI),Kichler Lighting (KICLI),Kichler Lighting,,45973BK,,Industrial & MRO Supplies>General Hardware>Component,,,,,,,,,,,,,,,,,,,,,,,,,,,,,,,,Component,,,,,,,,,,,,,,,,,,,,,,,,,,,,,,,,,,,,,,,,,,,,,,,,,,,,,,,,,,,,,,,,,,,,,,,,,,,,,,,,,,,,,,,,,,,,,,,,,,,,,,,,,,,,,,,,,,,,,,,,,,,,,,,,,,,,,,,,,,,,,,,,,,,,,,,,,,,,,,,,,,,,,,,,,,,,,,,,,,,,,,,,,,,,,,,,,,,,,
,,,,,,55155BK,Industrial & MRO Supplies,General Hardware,Component,55155BK,55155BK,55155BK Kichler Wall Lt,-- Unbranded --,-- Unbranded --,,Kichler Lighting (KICLI),Kichler Lighting (KICLI),Kichler Lighting,,55155BK,,Industrial & MRO Supplies>General Hardware>Component,,,,,,,,,,,,,,,,,,,,,,,,,,,,,,,,Component,,,,,,,,,,,,,,,,,,,,,,,,,,,,,,,,,,,,,,,,,,,,,,,,,,,,,,,,,,,,,,,,,,,,,,,,,,,,,,,,,,,,,,,,,,,,,,,,,,,,,,,,,,,,,,,,,,,,,,,,,,,,,,,,,,,,,,,,,,,,,,,,,,,,,,,,,,,,,,,,,,,,,,,,,,,,,,,,,,,,,,,,,,,,,,,,,,,,,
,,,,,,55157CPZ,Industrial & MRO Supplies,General Hardware,Component,55157CPZ,55157CPZ,55157CPZ Kichler Wall Light,-- Unbranded --,-- Unbranded --,,Kichler Lighting (KICLI),Kichler Lighting (KICLI),Kichler Lighting,,55157CPZ,,Industrial & MRO Supplies>General Hardware>Component,,,,,,,,,,,,,,,,,,,,,,,,,,,,,,,,Component,,,,,,,,,,,,,,,,,,,,,,,,,,,,,,,,,,,,,,,,,,,,,,,,,,,,,,,,,,,,,,,,,,,,,,,,,,,,,,,,,,,,,,,,,,,,,,,,,,,,,,,,,,,,,,,,,,,,,,,,,,,,,,,,,,,,,,,,,,,,,,,,,,,,,,,,,,,,,,,,,,,,,,,,,,,,,,,,,,,,,,,,,,,,,,,,,,,,,
,,,,,,55184BK,Industrial & MRO Supplies,General Hardware,Component,55184BK,55184BK,55184BK Kichler Wall Lt,-- Unbranded --,-- Unbranded --,,Kichler Lighting (KICLI),Kichler Lighting (KICLI),Kichler Lighting,,55184BK,,Industrial & MRO Supplies>General Hardware>Component,,,,,,,,,,,,,,,,,,,,,,,,,,,,,,,,Component,,,,,,,,,,,,,,,,,,,,,,,,,,,,,,,,,,,,,,,,,,,,,,,,,,,,,,,,,,,,,,,,,,,,,,,,,,,,,,,,,,,,,,,,,,,,,,,,,,,,,,,,,,,,,,,,,,,,,,,,,,,,,,,,,,,,,,,,,,,,,,,,,,,,,,,,,,,,,,,,,,,,,,,,,,,,,,,,,,,,,,,,,,,,,,,,,,,,,
,,,,,,55185BK,Industrial & MRO Supplies,General Hardware,Component,55185BK,55185BK,55185BK Kichler Wall Lt,-- Unbranded --,-- Unbranded --,,Kichler Lighting (KICLI),Kichler Lighting (KICLI),Kichler Lighting,,55185BK,,Industrial & MRO Supplies>General Hardware>Component,,,,,,,,,,,,,,,,,,,,,,,,,,,,,,,,Component,,,,,,,,,,,,,,,,,,,,,,,,,,,,,,,,,,,,,,,,,,,,,,,,,,,,,,,,,,,,,,,,,,,,,,,,,,,,,,,,,,,,,,,,,,,,,,,,,,,,,,,,,,,,,,,,,,,,,,,,,,,,,,,,,,,,,,,,,,,,,,,,,,,,,,,,,,,,,,,,,,,,,,,,,,,,,,,,,,,,,,,,,,,,,,,,,,,,,
,,,,,,55186CH,Industrial & MRO Supplies,General Hardware,Component,55186CH,55186CH,55186CH Kichler Wall Lt,-- Unbranded --,-- Unbranded --,,Kichler Lighting (KICLI),Kichler Lighting (KICLI),Kichler Lighting,,55186CH,,Industrial & MRO Supplies>General Hardware>Component,,,,,,,,,,,,,,,,,,,,,,,,,,,,,,,,Component,,,,,,,,,,,,,,,,,,,,,,,,,,,,,,,,,,,,,,,,,,,,,,,,,,,,,,,,,,,,,,,,,,,,,,,,,,,,,,,,,,,,,,,,,,,,,,,,,,,,,,,,,,,,,,,,,,,,,,,,,,,,,,,,,,,,,,,,,,,,,,,,,,,,,,,,,,,,,,,,,,,,,,,,,,,,,,,,,,,,,,,,,,,,,,,,,,,,,
,,,,,,55210NI,Industrial & MRO Supplies,General Hardware,Component,55210NI,55210NI,55210NI Kichler Wall Light,-- Unbranded --,-- Unbranded --,,Kichler Lighting (KICLI),Kichler Lighting (KICLI),Kichler Lighting,,55210NI,,Industrial & MRO Supplies>General Hardware>Component,,,,,,,,,,,,,,,,,,,,,,,,,,,,,,,,Component,,,,,,,,,,,,,,,,,,,,,,,,,,,,,,,,,,,,,,,,,,,,,,,,,,,,,,,,,,,,,,,,,,,,,,,,,,,,,,,,,,,,,,,,,,,,,,,,,,,,,,,,,,,,,,,,,,,,,,,,,,,,,,,,,,,,,,,,,,,,,,,,,,,,,,,,,,,,,,,,,,,,,,,,,,,,,,,,,,,,,,,,,,,,,,,,,,,,,
,,,,,,55211BK,Industrial & MRO Supplies,General Hardware,Component,55211BK,55211BK,55211BK Kichler Wall Light,-- Unbranded --,-- Unbranded --,,Kichler Lighting (KICLI),Kichler Lighting (KICLI),Kichler Lighting,,55211BK,,Industrial & MRO Supplies>General Hardware>Component,,,,,,,,,,,,,,,,,,,,,,,,,,,,,,,,Component,,,,,,,,,,,,,,,,,,,,,,,,,,,,,,,,,,,,,,,,,,,,,,,,,,,,,,,,,,,,,,,,,,,,,,,,,,,,,,,,,,,,,,,,,,,,,,,,,,,,,,,,,,,,,,,,,,,,,,,,,,,,,,,,,,,,,,,,,,,,,,,,,,,,,,,,,,,,,,,,,,,,,,,,,,,,,,,,,,,,,,,,,,,,,,,,,,,,,
,,,,,,55211NI,Industrial & MRO Supplies,General Hardware,Component,55211NI,55211NI,55211NI Kichler Wall Light,-- Unbranded --,-- Unbranded --,,Kichler Lighting (KICLI),Kichler Lighting (KICLI),Kichler Lighting,,55211NI,,Industrial & MRO Supplies>General Hardware>Component,,,,,,,,,,,,,,,,,,,,,,,,,,,,,,,,Component,,,,,,,,,,,,,,,,,,,,,,,,,,,,,,,,,,,,,,,,,,,,,,,,,,,,,,,,,,,,,,,,,,,,,,,,,,,,,,,,,,,,,,,,,,,,,,,,,,,,,,,,,,,,,,,,,,,,,,,,,,,,,,,,,,,,,,,,,,,,,,,,,,,,,,,,,,,,,,,,,,,,,,,,,,,,,,,,,,,,,,,,,,,,,,,,,,,,,
,,,,,,55212NI,Industrial & MRO Supplies,General Hardware,Component,55212NI,55212NI,55212NI Kichler Wall Light,-- Unbranded --,-- Unbranded --,,Kichler Lighting (KICLI),Kichler Lighting (KICLI),Kichler Lighting,,55212NI,,Industrial & MRO Supplies>General Hardware>Component,,,,,,,,,,,,,,,,,,,,,,,,,,,,,,,,Component,,,,,,,,,,,,,,,,,,,,,,,,,,,,,,,,,,,,,,,,,,,,,,,,,,,,,,,,,,,,,,,,,,,,,,,,,,,,,,,,,,,,,,,,,,,,,,,,,,,,,,,,,,,,,,,,,,,,,,,,,,,,,,,,,,,,,,,,,,,,,,,,,,,,,,,,,,,,,,,,,,,,,,,,,,,,,,,,,,,,,,,,,,,,,,,,,,,,,
,,,,,,55226BKLFU,Industrial & MRO Supplies,General Hardware,Component,55226BKLFU,55226BKLFU,55226BKFLU Kichler Wall Lt,-- Unbranded --,-- Unbranded --,,Kichler Lighting (KICLI),Kichler Lighting (KICLI),Kichler Lighting,,55226BKLFU,,Industrial & MRO Supplies>General Hardware>Component,,,,,,,,,,,,,,,,,,,,,,,,,,,,,,,,Component,,,,,,,,,,,,,,,,,,,,,,,,,,,,,,,,,,,,,,,,,,,,,,,,,,,,,,,,,,,,,,,,,,,,,,,,,,,,,,,,,,,,,,,,,,,,,,,,,,,,,,,,,,,,,,,,,,,,,,,,,,,,,,,,,,,,,,,,,,,,,,,,,,,,,,,,,,,,,,,,,,,,,,,,,,,,,,,,,,,,,,,,,,,,,,,,,,,,,
,,,,,,55239CPZLED,Industrial & MRO Supplies,General Hardware,Component,55239CPZLED,55239CPZLED,55239CPZLED Kichler Wall Lt,-- Unbranded --,-- Unbranded --,,Kichler Lighting (KICLI),Kichler Lighting (KICLI),Kichler Lighting,,55239CPZLED,,Industrial & MRO Supplies>General Hardware>Component,,,,,,,,,,,,,,,,,,,,,,,,,,,,,,,,Component,,,,,,,,,,,,,,,,,,,,,,,,,,,,,,,,,,,,,,,,,,,,,,,,,,,,,,,,,,,,,,,,,,,,,,,,,,,,,,,,,,,,,,,,,,,,,,,,,,,,,,,,,,,,,,,,,,,,,,,,,,,,,,,,,,,,,,,,,,,,,,,,,,,,,,,,,,,,,,,,,,,,,,,,,,,,,,,,,,,,,,,,,,,,,,,,,,,,,
,,,,,,44072DBK,Industrial & MRO Supplies,General Hardware,Component,44072DBK,44072DBK,44072DBK Kichler Chandelier Lt,-- Unbranded --,-- Unbranded --,,Kichler Lighting (KICLI),Kichler Lighting (KICLI),Kichler Lighting,,44072DBK,,Industrial & MRO Supplies>General Hardware>Component,,,,,,,,,,,,,,,,,,,,,,,,,,,,,,,,Component,,,,,,,,,,,,,,,,,,,,,,,,,,,,,,,,,,,,,,,,,,,,,,,,,,,,,,,,,,,,,,,,,,,,,,,,,,,,,,,,,,,,,,,,,,,,,,,,,,,,,,,,,,,,,,,,,,,,,,,,,,,,,,,,,,,,,,,,,,,,,,,,,,,,,,,,,,,,,,,,,,,,,,,,,,,,,,,,,,,,,,,,,,,,,,,,,,,,,
,,,,,,44073NI,Industrial & MRO Supplies,General Hardware,Component,44073NI,44073NI,44073NI Kichler Chandelier Lt,-- Unbranded --,-- Unbranded --,,Kichler Lighting (KICLI),Kichler Lighting (KICLI),Kichler Lighting,,44073NI,,Industrial & MRO Supplies>General Hardware>Component,,,,,,,,,,,,,,,,,,,,,,,,,,,,,,,,Component,,,,,,,,,,,,,,,,,,,,,,,,,,,,,,,,,,,,,,,,,,,,,,,,,,,,,,,,,,,,,,,,,,,,,,,,,,,,,,,,,,,,,,,,,,,,,,,,,,,,,,,,,,,,,,,,,,,,,,,,,,,,,,,,,,,,,,,,,,,,,,,,,,,,,,,,,,,,,,,,,,,,,,,,,,,,,,,,,,,,,,,,,,,,,,,,,,,,,
,,,,,,52033BK,Industrial & MRO Supplies,General Hardware,Component,52033BK,52033BK,52033BK Kichler Chandelier Lt,-- Unbranded --,-- Unbranded --,,Kichler Lighting (KICLI),Kichler Lighting (KICLI),Kichler Lighting,,52033BK,,Industrial & MRO Supplies>General Hardware>Component,,,,,,,,,,,,,,,,,,,,,,,,,,,,,,,,Component,,,,,,,,,,,,,,,,,,,,,,,,,,,,,,,,,,,,,,,,,,,,,,,,,,,,,,,,,,,,,,,,,,,,,,,,,,,,,,,,,,,,,,,,,,,,,,,,,,,,,,,,,,,,,,,,,,,,,,,,,,,,,,,,,,,,,,,,,,,,,,,,,,,,,,,,,,,,,,,,,,,,,,,,,,,,,,,,,,,,,,,,,,,,,,,,,,,,,
,,,,,,84322WH,Industrial & MRO Supplies,General Hardware,Component,84322WH,84322WH,84322WH Kichler Chandelier Lt,-- Unbranded --,-- Unbranded --,,Kichler Lighting (KICLI),Kichler Lighting (KICLI),Kichler Lighting,,84322WH,,Industrial & MRO Supplies>General Hardware>Component,,,,,,,,,,,,,,,,,,,,,,,,,,,,,,,,Component,,,,,,,,,,,,,,,,,,,,,,,,,,,,,,,,,,,,,,,,,,,,,,,,,,,,,,,,,,,,,,,,,,,,,,,,,,,,,,,,,,,,,,,,,,,,,,,,,,,,,,,,,,,,,,,,,,,,,,,,,,,,,,,,,,,,,,,,,,,,,,,,,,,,,,,,,,,,,,,,,,,,,,,,,,,,,,,,,,,,,,,,,,,,,,,,,,,,,
,,,,,,52404BK,Industrial & MRO Supplies,General Hardware,Component,52404BK,52404BK,52404BK Kichler Chandelier Lt,-- Unbranded --,-- Unbranded --,,Kichler Lighting (KICLI),Kichler Lighting (KICLI),Kichler Lighting,,52404BK,,Industrial & MRO Supplies>General Hardware>Component,,,,,,,,,,,,,,,,,,,,,,,,,,,,,,,,Component,,,,,,,,,,,,,,,,,,,,,,,,,,,,,,,,,,,,,,,,,,,,,,,,,,,,,,,,,,,,,,,,,,,,,,,,,,,,,,,,,,,,,,,,,,,,,,,,,,,,,,,,,,,,,,,,,,,,,,,,,,,,,,,,,,,,,,,,,,,,,,,,,,,,,,,,,,,,,,,,,,,,,,,,,,,,,,,,,,,,,,,,,,,,,,,,,,,,,
,,,,,,34686A,Industrial & MRO Supplies,General Hardware,Component,34686A,34686A,34686A Kichler Chandelier Lt,-- Unbranded --,-- Unbranded --,,Kichler Lighting (KICLI),Kichler Lighting (KICLI),Kichler Lighting,,34686A,,Industrial & MRO Supplies>General Hardware>Component,,,,,,,,,,,,,,,,,,,,,,,,,,,,,,,,Component,,,,,,,,,,,,,,,,,,,,,,,,,,,,,,,,,,,,,,,,,,,,,,,,,,,,,,,,,,,,,,,,,,,,,,,,,,,,,,,,,,,,,,,,,,,,,,,,,,,,,,,,,,,,,,,,,,,,,,,,,,,,,,,,,,,,,,,,,,,,,,,,,,,,,,,,,,,,,,,,,,,,,,,,,,,,,,,,,,,,,,,,,,,,,,,,,,,,,
,,,,,,34687A,Industrial & MRO Supplies,General Hardware,Component,34687A,34687A,34687A Kichler Chandelier Lt,-- Unbranded --,-- Unbranded --,,Kichler Lighting (KICLI),Kichler Lighting (KICLI),Kichler Lighting,,34687A,,Industrial & MRO Supplies>General Hardware>Component,,,,,,,,,,,,,,,,,,,,,,,,,,,,,,,,Component,,,,,,,,,,,,,,,,,,,,,,,,,,,,,,,,,,,,,,,,,,,,,,,,,,,,,,,,,,,,,,,,,,,,,,,,,,,,,,,,,,,,,,,,,,,,,,,,,,,,,,,,,,,,,,,,,,,,,,,,,,,,,,,,,,,,,,,,,,,,,,,,,,,,,,,,,,,,,,,,,,,,,,,,,,,,,,,,,,,,,,,,,,,,,,,,,,,,,
,,,,,,34688A,Industrial & MRO Supplies,General Hardware,Component,34688A,34688A,34688A Kichler Chandelier Lt,-- Unbranded --,-- Unbranded --,,-,-,-,,34688A,,Industrial & MRO Supplies>General Hardware>Component,,,,,,,,,,,,,,,,,,,,,,,,,,,,,,,,Component,,,,,,,,,,,,,,,,,,,,,,,,,,,,,,,,,,,,,,,,,,,,,,,,,,,,,,,,,,,,,,,,,,,,,,,,,,,,,,,,,,,,,,,,,,,,,,,,,,,,,,,,,,,,,,,,,,,,,,,,,,,,,,,,,,,,,,,,,,,,,,,,,,,,,,,,,,,,,,,,,,,,,,,,,,,,,,,,,,,,,,,,,,,,,,,,,,,,,
,,,,,,43671BKCLR,Industrial & MRO Supplies,General Hardware,Component,43671BKCLR,43671BKCLR,43671BKCLR Kichler Chand Lt,-- Unbranded --,-- Unbranded --,,Kichler Lighting (KICLI),Kichler Lighting (KICLI),Kichler Lighting,,43671BKCLR,,Industrial & MRO Supplies>General Hardware>Component,,,,,,,,,,,,,,,,,,,,,,,,,,,,,,,,Component,,,,,,,,,,,,,,,,,,,,,,,,,,,,,,,,,,,,,,,,,,,,,,,,,,,,,,,,,,,,,,,,,,,,,,,,,,,,,,,,,,,,,,,,,,,,,,,,,,,,,,,,,,,,,,,,,,,,,,,,,,,,,,,,,,,,,,,,,,,,,,,,,,,,,,,,,,,,,,,,,,,,,,,,,,,,,,,,,,,,,,,,,,,,,,,,,,,,,
,,,,,,52616BK,Industrial & MRO Supplies,General Hardware,Component,52616BK,52616BK,52616BK Kichler Chandelier Lt,-- Unbranded --,-- Unbranded --,,Kichler Lighting (KICLI),Kichler Lighting (KICLI),Kichler Lighting,,52616BK,,Industrial & MRO Supplies>General Hardware>Component,,,,,,,,,,,,,,,,,,,,,,,,,,,,,,,,Component,,,,,,,,,,,,,,,,,,,,,,,,,,,,,,,,,,,,,,,,,,,,,,,,,,,,,,,,,,,,,,,,,,,,,,,,,,,,,,,,,,,,,,,,,,,,,,,,,,,,,,,,,,,,,,,,,,,,,,,,,,,,,,,,,,,,,,,,,,,,,,,,,,,,,,,,,,,,,,,,,,,,,,,,,,,,,,,,,,,,,,,,,,,,,,,,,,,,,
,,,,,,52616NI,Industrial & MRO Supplies,General Hardware,Component,52616NI,52616NI,52616NI Kichler Chandelier Lt,-- Unbranded --,-- Unbranded --,,Kichler Lighting (KICLI),Kichler Lighting (KICLI),Kichler Lighting,,52616NI,,Industrial & MRO Supplies>General Hardware>Component,,,,,,,,,,,,,,,,,,,,,,,,,,,,,,,,Component,,,,,,,,,,,,,,,,,,,,,,,,,,,,,,,,,,,,,,,,,,,,,,,,,,,,,,,,,,,,,,,,,,,,,,,,,,,,,,,,,,,,,,,,,,,,,,,,,,,,,,,,,,,,,,,,,,,,,,,,,,,,,,,,,,,,,,,,,,,,,,,,,,,,,,,,,,,,,,,,,,,,,,,,,,,,,,,,,,,,,,,,,,,,,,,,,,,,,
,,,,,,52678BK,Industrial & MRO Supplies,General Hardware,Component,52678BK,52678BK,52678BK Kichler Chandelier Lt,-- Unbranded --,-- Unbranded --,,Kichler Lighting (KICLI),Kichler Lighting (KICLI),Kichler Lighting,,52678BK,,Industrial & MRO Supplies>General Hardware>Component,,,,,,,,,,,,,,,,,,,,,,,,,,,,,,,,Component,,,,,,,,,,,,,,,,,,,,,,,,,,,,,,,,,,,,,,,,,,,,,,,,,,,,,,,,,,,,,,,,,,,,,,,,,,,,,,,,,,,,,,,,,,,,,,,,,,,,,,,,,,,,,,,,,,,,,,,,,,,,,,,,,,,,,,,,,,,,,,,,,,,,,,,,,,,,,,,,,,,,,,,,,,,,,,,,,,,,,,,,,,,,,,,,,,,,,
,,,,,,52680CPZ,Industrial & MRO Supplies,General Hardware,Component,52680CPZ,52680CPZ,52680CPZ Kichler Chandelier Lt,-- Unbranded --,-- Unbranded --,,Kichler Lighting (KICLI),Kichler Lighting (KICLI),Kichler Lighting,,52680CPZ,,Industrial & MRO Supplies>General Hardware>Component,,,,,,,,,,,,,,,,,,,,,,,,,,,,,,,,Component,,,,,,,,,,,,,,,,,,,,,,,,,,,,,,,,,,,,,,,,,,,,,,,,,,,,,,,,,,,,,,,,,,,,,,,,,,,,,,,,,,,,,,,,,,,,,,,,,,,,,,,,,,,,,,,,,,,,,,,,,,,,,,,,,,,,,,,,,,,,,,,,,,,,,,,,,,,,,,,,,,,,,,,,,,,,,,,,,,,,,,,,,,,,,,,,,,,,,
,,,,,,52772BK,Industrial & MRO Supplies,General Hardware,Component,52772BK,52772BK,52772BK Kichler Chandelier Lt,-- Unbranded --,-- Unbranded --,,Kichler Lighting (KICLI),Kichler Lighting (KICLI),Kichler Lighting,,52772BK,,Industrial & MRO Supplies>General Hardware>Component,,,,,,,,,,,,,,,,,,,,,,,,,,,,,,,,Component,,,,,,,,,,,,,,,,,,,,,,,,,,,,,,,,,,,,,,,,,,,,,,,,,,,,,,,,,,,,,,,,,,,,,,,,,,,,,,,,,,,,,,,,,,,,,,,,,,,,,,,,,,,,,,,,,,,,,,,,,,,,,,,,,,,,,,,,,,,,,,,,,,,,,,,,,,,,,,,,,,,,,,,,,,,,,,,,,,,,,,,,,,,,,,,,,,,,,
,,,,,,82399,Industrial & MRO Supplies,General Hardware,Component,82399,82399,82399 Kichler Chandelier Lt,-- Unbranded --,-- Unbranded --,,Kichler Lighting (KICLI),Kichler Lighting (KICLI),Kichler Lighting,,82399,,Industrial & MRO Supplies>General Hardware>Component,,,,,,,,,,,,,,,,,,,,,,,,,,,,,,,,Component,,,,,,,,,,,,,,,,,,,,,,,,,,,,,,,,,,,,,,,,,,,,,,,,,,,,,,,,,,,,,,,,,,,,,,,,,,,,,,,,,,,,,,,,,,,,,,,,,,,,,,,,,,,,,,,,,,,,,,,,,,,,,,,,,,,,,,,,,,,,,,,,,,,,,,,,,,,,,,,,,,,,,,,,,,,,,,,,,,,,,,,,,,,,,,,,,,,,,
,,,,,,65-771R3,Industrial & MRO Supplies,General Hardware,Component,65-771R3,65-771R3,65-771R3 Nuvo Highbay Light,-- Unbranded --,-- Unbranded --,,Satco Prod Inc (5573),Satco Prod Inc (5573),Satco Prod Inc,,65-771R3,,Industrial & MRO Supplies>General Hardware>Component,,,,,,,,,,,,,,,,,,,,,,,,,,,,,,,,Component,,,,,,,,,,,,,,,,,,,,,,,,,,,,,,,,,,,,,,,,,,,,,,,,,,,,,,,,,,,,,,,,,,,,,,,,,,,,,,,,,,,,,,,,,,,,,,,,,,,,,,,,,,,,,,,,,,,,,,,,,,,,,,,,,,,,,,,,,,,,,,,,,,,,,,,,,,,,,,,,,,,,,,,,,,,,,,,,,,,,,,,,,,,,,,,,,,,,,
,,,,,,42955BK,Industrial & MRO Supplies,General Hardware,Component,42955BK,42955BK,42955BK Kichler Ceiling Lt,-- Unbranded --,-- Unbranded --,,Kichler Lighting (KICLI),Kichler Lighting (KICLI),Kichler Lighting,,42955BK,,Industrial & MRO Supplies>General Hardware>Component,,,,,,,,,,,,,,,,,,,,,,,,,,,,,,,,Component,,,,,,,,,,,,,,,,,,,,,,,,,,,,,,,,,,,,,,,,,,,,,,,,,,,,,,,,,,,,,,,,,,,,,,,,,,,,,,,,,,,,,,,,,,,,,,,,,,,,,,,,,,,,,,,,,,,,,,,,,,,,,,,,,,,,,,,,,,,,,,,,,,,,,,,,,,,,,,,,,,,,,,,,,,,,,,,,,,,,,,,,,,,,,,,,,,,,,
,,,,,,42275BK,Industrial & MRO Supplies,General Hardware,Component,42275BK,42275BK,42275BK Kichler Ceiling Lt,-- Unbranded --,-- Unbranded --,,Kichler Lighting (KICLI),Kichler Lighting (KICLI),Kichler Lighting,,42275BK,,Industrial & MRO Supplies>General Hardware>Component,,,,,,,,,,,,,,,,,,,,,,,,,,,,,,,,Component,,,,,,,,,,,,,,,,,,,,,,,,,,,,,,,,,,,,,,,,,,,,,,,,,,,,,,,,,,,,,,,,,,,,,,,,,,,,,,,,,,,,,,,,,,,,,,,,,,,,,,,,,,,,,,,,,,,,,,,,,,,,,,,,,,,,,,,,,,,,,,,,,,,,,,,,,,,,,,,,,,,,,,,,,,,,,,,,,,,,,,,,,,,,,,,,,,,,,
,,,,,,62-1850,Industrial & MRO Supplies,General Hardware,Component,62-1850,62-1850,"62-1850 11"" Led Ceiling Light",-- Unbranded --,-- Unbranded --,,Satco Prod Inc (5573),Satco Prod Inc (5573),Satco Prod Inc,,62-1850,,Industrial & MRO Supplies>General Hardware>Component,,,,,,,,,,,,,,,,,,,,,,,,,,,,,,,,Component,,,,,,,,,,,,,,,,,,,,,,,,,,,,,,,,,,,,,,,,,,,,,,,,,,,,,,,,,,,,,,,,,,,,,,,,,,,,,,,,,,,,,,,,,,,,,,,,,,,,,,,,,,,,,,,,,,,,,,,,,,,,,,,,,,,,,,,,,,,,,,,,,,,,,,,,,,,,,,,,,,,,,,,,,,,,,,,,,,,,,,,,,,,,,,,,,,,,,
,,,,,,62-1852,Industrial & MRO Supplies,General Hardware,Component,62-1852,62-1852,"62-1852 14"" Satco Led Ceiling Lt",-- Unbranded --,-- Unbranded --,,Satco Prod Inc (5573),Satco Prod Inc (5573),Satco Prod Inc,,62-1852,,Industrial & MRO Supplies>General Hardware>Component,,,,,,,,,,,,,,,,,,,,,,,,,,,,,,,,Component,,,,,,,,,,,,,,,,,,,,,,,,,,,,,,,,,,,,,,,,,,,,,,,,,,,,,,,,,,,,,,,,,,,,,,,,,,,,,,,,,,,,,,,,,,,,,,,,,,,,,,,,,,,,,,,,,,,,,,,,,,,,,,,,,,,,,,,,,,,,,,,,,,,,,,,,,,,,,,,,,,,,,,,,,,,,,,,,,,,,,,,,,,,,,,,,,,,,,
,,,,,,62-1875,Industrial & MRO Supplies,General Hardware,Component,62-1875,62-1875,"62-1875 10"" Led Ceiling Lt Bn",-- Unbranded --,-- Unbranded --,,Satco Prod Inc (5573),Satco Prod Inc (5573),Satco Prod Inc,,62-1875,,Industrial & MRO Supplies>General Hardware>Component,,,,,,,,,,,,,,,,,,,,,,,,,,,,,,,,Component,,,,,,,,,,,,,,,,,,,,,,,,,,,,,,,,,,,,,,,,,,,,,,,,,,,,,,,,,,,,,,,,,,,,,,,,,,,,,,,,,,,,,,,,,,,,,,,,,,,,,,,,,,,,,,,,,,,,,,,,,,,,,,,,,,,,,,,,,,,,,,,,,,,,,,,,,,,,,,,,,,,,,,,,,,,,,,,,,,,,,,,,,,,,,,,,,,,,,
,,,,,,62-1876,Industrial & MRO Supplies,General Hardware,Component,62-1876,62-1876,"62-1876 13"" Satco Ceiling Light BN",-- Unbranded --,-- Unbranded --,,Satco Prod Inc (5573),Satco Prod Inc (5573),Satco Prod Inc,,62-1876,,Industrial & MRO Supplies>General Hardware>Component,,,,,,,,,,,,,,,,,,,,,,,,,,,,,,,,Component,,,,,,,,,,,,,,,,,,,,,,,,,,,,,,,,,,,,,,,,,,,,,,,,,,,,,,,,,,,,,,,,,,,,,,,,,,,,,,,,,,,,,,,,,,,,,,,,,,,,,,,,,,,,,,,,,,,,,,,,,,,,,,,,,,,,,,,,,,,,,,,,,,,,,,,,,,,,,,,,,,,,,,,,,,,,,,,,,,,,,,,,,,,,,,,,,,,,,
,,,,,,42296BK,Industrial & MRO Supplies,General Hardware,Component,42296BK,42296BK,42296BK Kichler Ceiling Lt,-- Unbranded --,-- Unbranded --,,Kichler Lighting (KICLI),Kichler Lighting (KICLI),Kichler Lighting,,42296BK,,Industrial & MRO Supplies>General Hardware>Component,,,,,,,,,,,,,,,,,,,,,,,,,,,,,,,,Component,,,,,,,,,,,,,,,,,,,,,,,,,,,,,,,,,,,,,,,,,,,,,,,,,,,,,,,,,,,,,,,,,,,,,,,,,,,,,,,,,,,,,,,,,,,,,,,,,,,,,,,,,,,,,,,,,,,,,,,,,,,,,,,,,,,,,,,,,,,,,,,,,,,,,,,,,,,,,,,,,,,,,,,,,,,,,,,,,,,,,,,,,,,,,,,,,,,,,
,,,,,,43913BK,Industrial & MRO Supplies,General Hardware,Component,43913BK,43913BK,43913BK Kichler Pendant Lt,-- Unbranded --,-- Unbranded --,,Kichler Lighting (KICLI),Kichler Lighting (KICLI),Kichler Lighting,,43913BK,,Industrial & MRO Supplies>General Hardware>Component,,,,,,,,,,,,,,,,,,,,,,,,,,,,,,,,Component,,,,,,,,,,,,,,,,,,,,,,,,,,,,,,,,,,,,,,,,,,,,,,,,,,,,,,,,,,,,,,,,,,,,,,,,,,,,,,,,,,,,,,,,,,,,,,,,,,,,,,,,,,,,,,,,,,,,,,,,,,,,,,,,,,,,,,,,,,,,,,,,,,,,,,,,,,,,,,,,,,,,,,,,,,,,,,,,,,,,,,,,,,,,,,,,,,,,,
,,,,,,HLSMS9129FS1E,Industrial & MRO Supplies,General Hardware,Component,HLSMS9129FS1E,HLSMS9129FS1E,"HLSMS9129FS1E 9"" Motion Lt",-- Unbranded --,-- Unbranded --,,Cooper Lighting (7638),Cooper Lighting (7638),Cooper Lighting,,HLSMS9129FS1E,,Industrial & MRO Supplies>General Hardware>Component,,,,,,,,,,,,,,,,,,,,,,,,,,,,,,,,Component,,,,,,,,,,,,,,,,,,,,,,,,,,,,,,,,,,,,,,,,,,,,,,,,,,,,,,,,,,,,,,,,,,,,,,,,,,,,,,,,,,,,,,,,,,,,,,,,,,,,,,,,,,,,,,,,,,,,,,,,,,,,,,,,,,,,,,,,,,,,,,,,,,,,,,,,,,,,,,,,,,,,,,,,,,,,,,,,,,,,,,,,,,,,,,,,,,,,,
,,,,,,64-110,Industrial & MRO Supplies,General Hardware,Component,64-110,64-110,64-110 Satco Tape Light 16',-- Unbranded --,-- Unbranded --,,Satco Prod Inc (5573),Satco Prod Inc (5573),Satco Prod Inc,,64-110,,Industrial & MRO Supplies>General Hardware>Component,,,,,,,,,,,,,,,,,,,,,,,,,,,,,,,,Component,,,,,,,,,,,,,,,,,,,,,,,,,,,,,,,,,,,,,,,,,,,,,,,,,,,,,,,,,,,,,,,,,,,,,,,,,,,,,,,,,,,,,,,,,,,,,,,,,,,,,,,,,,,,,,,,,,,,,,,,,,,,,,,,,,,,,,,,,,,,,,,,,,,,,,,,,,,,,,,,,,,,,,,,,,,,,,,,,,,,,,,,,,,,,,,,,,,,,
,,,,,,603571,Industrial & MRO Supplies,General Hardware,Component,603571,603571,603571 3' Strip Light Ext,-- Unbranded --,-- Unbranded --,,Phillips Lighting (5831),Phillips Lighting (5831),Phillips Lighting,,603571,,Industrial & MRO Supplies>General Hardware>Component,,,,,,,,,,,,,,,,,,,,,,,,,,,,,,,,Component,,,,,,,,,,,,,,,,,,,,,,,,,,,,,,,,,,,,,,,,,,,,,,,,,,,,,,,,,,,,,,,,,,,,,,,,,,,,,,,,,,,,,,,,,,,,,,,,,,,,,,,,,,,,,,,,,,,,,,,,,,,,,,,,,,,,,,,,,,,,,,,,,,,,,,,,,,,,,,,,,,,,,,,,,,,,,,,,,,,,,,,,,,,,,,,,,,,,,
,,,,,,65-572R1,Industrial & MRO Supplies,General Hardware,Component,65-572R1,65-572R1,65572 Satco 2x4 Led Flat Panel,-- Unbranded --,-- Unbranded --,,Satco Prod Inc (5573),Satco Prod Inc (5573),Satco Prod Inc,,65-572R1,,Industrial & MRO Supplies>General Hardware>Component,,,,,,,,,,,,,,,,,,,,,,,,,,,,,,,,Component,Dimensions,2x4,,,,,,,,,,,,,,,,,,,,,,,,,,,,,,,,,,,,,,,,,,,,,,,,,,,,,,,,,,,,,,,,,,,,,,,,,,,,,,,,,,,,,,,,,,,,,,,,,,,,,,,,,,,,,,,,,,,,,,,,,,,,,,,,,,,,,,,,,,,,,,,,,,,,,,,,,,,,,,,,,,,,,,,,,,,,,,,,,,,,,,,,,,,,,,,,,,,
,,,,,,52476AVI,Industrial & MRO Supplies,General Hardware,Component,52476AVI,52476AVI,52476AVI Kichler Pendant Lt,-- Unbranded --,-- Unbranded --,,Kichler Lighting (KICLI),Kichler Lighting (KICLI),Kichler Lighting,,52476AVI,,Industrial & MRO Supplies>General Hardware>Component,,,,,,,,,,,,,,,,,,,,,,,,,,,,,,,,Component,,,,,,,,,,,,,,,,,,,,,,,,,,,,,,,,,,,,,,,,,,,,,,,,,,,,,,,,,,,,,,,,,,,,,,,,,,,,,,,,,,,,,,,,,,,,,,,,,,,,,,,,,,,,,,,,,,,,,,,,,,,,,,,,,,,,,,,,,,,,,,,,,,,,,,,,,,,,,,,,,,,,,,,,,,,,,,,,,,,,,,,,,,,,,,,,,,,,,
,,,,,,42199BK,Industrial & MRO Supplies,General Hardware,Component,42199BK,42199BK,42199BK Kichler Pendant Lt,-- Unbranded --,-- Unbranded --,,Kichler Lighting (KICLI),Kichler Lighting (KICLI),Kichler Lighting,,42199BK,,Industrial & MRO Supplies>General Hardware>Component,,,,,,,,,,,,,,,,,,,,,,,,,,,,,,,,Component,,,,,,,,,,,,,,,,,,,,,,,,,,,,,,,,,,,,,,,,,,,,,,,,,,,,,,,,,,,,,,,,,,,,,,,,,,,,,,,,,,,,,,,,,,,,,,,,,,,,,,,,,,,,,,,,,,,,,,,,,,,,,,,,,,,,,,,,,,,,,,,,,,,,,,,,,,,,,,,,,,,,,,,,,,,,,,,,,,,,,,,,,,,,,,,,,,,,,
,,,,,,42199BKCS,Industrial & MRO Supplies,General Hardware,Component,42199BKCS,42199BKCS,42199BKCS Kichler Pendant Lt,-- Unbranded --,-- Unbranded --,,Kichler Lighting (KICLI),Kichler Lighting (KICLI),Kichler Lighting,,42199BKCS,,Industrial & MRO Supplies>General Hardware>Component,,,,,,,,,,,,,,,,,,,,,,,,,,,,,,,,Component,,,,,,,,,,,,,,,,,,,,,,,,,,,,,,,,,,,,,,,,,,,,,,,,,,,,,,,,,,,,,,,,,,,,,,,,,,,,,,,,,,,,,,,,,,,,,,,,,,,,,,,,,,,,,,,,,,,,,,,,,,,,,,,,,,,,,,,,,,,,,,,,,,,,,,,,,,,,,,,,,,,,,,,,,,,,,,,,,,,,,,,,,,,,,,,,,,,,,
,,,,,,42200BK,Industrial & MRO Supplies,General Hardware,Component,42200BK,42200BK,42200BK Kichler Pendant Lt,-- Unbranded --,-- Unbranded --,,Kichler Lighting (KICLI),Kichler Lighting (KICLI),Kichler Lighting,,42200BK,,Industrial & MRO Supplies>General Hardware>Component,,,,,,,,,,,,,,,,,,,,,,,,,,,,,,,,Component,,,,,,,,,,,,,,,,,,,,,,,,,,,,,,,,,,,,,,,,,,,,,,,,,,,,,,,,,,,,,,,,,,,,,,,,,,,,,,,,,,,,,,,,,,,,,,,,,,,,,,,,,,,,,,,,,,,,,,,,,,,,,,,,,,,,,,,,,,,,,,,,,,,,,,,,,,,,,,,,,,,,,,,,,,,,,,,,,,,,,,,,,,,,,,,,,,,,,
,,,,,,42200BKCS,Industrial & MRO Supplies,General Hardware,Component,42200BKCS,42200BKCS,42200BKCS Kichler Pendant Lt,-- Unbranded --,-- Unbranded --,,Kichler Lighting (KICLI),Kichler Lighting (KICLI),Kichler Lighting,,42200BKCS,,Industrial & MRO Supplies>General Hardware>Component,,,,,,,,,,,,,,,,,,,,,,,,,,,,,,,,Component,,,,,,,,,,,,,,,,,,,,,,,,,,,,,,,,,,,,,,,,,,,,,,,,,,,,,,,,,,,,,,,,,,,,,,,,,,,,,,,,,,,,,,,,,,,,,,,,,,,,,,,,,,,,,,,,,,,,,,,,,,,,,,,,,,,,,,,,,,,,,,,,,,,,,,,,,,,,,,,,,,,,,,,,,,,,,,,,,,,,,,,,,,,,,,,,,,,,,
,,,,,,43851BK,Industrial & MRO Supplies,General Hardware,Component,43851BK,43851BK,43851BK Kichler Pendant Lt,-- Unbranded --,-- Unbranded --,,Kichler Lighting (KICLI),Kichler Lighting (KICLI),Kichler Lighting,,43851BK,,Industrial & MRO Supplies>General Hardware>Component,,,,,,,,,,,,,,,,,,,,,,,,,,,,,,,,Component,,,,,,,,,,,,,,,,,,,,,,,,,,,,,,,,,,,,,,,,,,,,,,,,,,,,,,,,,,,,,,,,,,,,,,,,,,,,,,,,,,,,,,,,,,,,,,,,,,,,,,,,,,,,,,,,,,,,,,,,,,,,,,,,,,,,,,,,,,,,,,,,,,,,,,,,,,,,,,,,,,,,,,,,,,,,,,,,,,,,,,,,,,,,,,,,,,,,,
,,,,,,43852BK,Industrial & MRO Supplies,General Hardware,Component,43852BK,43852BK,43852BK Kichler Pendant Lt,-- Unbranded --,-- Unbranded --,,Kichler Lighting (KICLI),Kichler Lighting (KICLI),Kichler Lighting,,43852BK,,Industrial & MRO Supplies>General Hardware>Component,,,,,,,,,,,,,,,,,,,,,,,,,,,,,,,,Component,,,,,,,,,,,,,,,,,,,,,,,,,,,,,,,,,,,,,,,,,,,,,,,,,,,,,,,,,,,,,,,,,,,,,,,,,,,,,,,,,,,,,,,,,,,,,,,,,,,,,,,,,,,,,,,,,,,,,,,,,,,,,,,,,,,,,,,,,,,,,,,,,,,,,,,,,,,,,,,,,,,,,,,,,,,,,,,,,,,,,,,,,,,,,,,,,,,,,
,,,,,,43853BK,Industrial & MRO Supplies,General Hardware,Component,43853BK,43853BK,43853BK Kichler Pendant Lt,-- Unbranded --,-- Unbranded --,,Kichler Lighting (KICLI),Kichler Lighting (KICLI),Kichler Lighting,,43853BK,,Industrial & MRO Supplies>General Hardware>Component,,,,,,,,,,,,,,,,,,,,,,,,,,,,,,,,Component,,,,,,,,,,,,,,,,,,,,,,,,,,,,,,,,,,,,,,,,,,,,,,,,,,,,,,,,,,,,,,,,,,,,,,,,,,,,,,,,,,,,,,,,,,,,,,,,,,,,,,,,,,,,,,,,,,,,,,,,,,,,,,,,,,,,,,,,,,,,,,,,,,,,,,,,,,,,,,,,,,,,,,,,,,,,,,,,,,,,,,,,,,,,,,,,,,,,,
,,,,,,43905BK,Industrial & MRO Supplies,General Hardware,Component,43905BK,43905BK,43905BK Kichler Pendant Lt,-- Unbranded --,-- Unbranded --,,Kichler Lighting (KICLI),Kichler Lighting (KICLI),Kichler Lighting,,43905BK,,Industrial & MRO Supplies>General Hardware>Component,,,,,,,,,,,,,,,,,,,,,,,,,,,,,,,,Component,,,,,,,,,,,,,,,,,,,,,,,,,,,,,,,,,,,,,,,,,,,,,,,,,,,,,,,,,,,,,,,,,,,,,,,,,,,,,,,,,,,,,,,,,,,,,,,,,,,,,,,,,,,,,,,,,,,,,,,,,,,,,,,,,,,,,,,,,,,,,,,,,,,,,,,,,,,,,,,,,,,,,,,,,,,,,,,,,,,,,,,,,,,,,,,,,,,,,
,,,,,,43911BK,Industrial & MRO Supplies,General Hardware,Component,43911BK,43911BK,43911BK Kichler Pendant Lt,-- Unbranded --,-- Unbranded --,,Kichler Lighting (KICLI),Kichler Lighting (KICLI),Kichler Lighting,,43911BK,,Industrial & MRO Supplies>General Hardware>Component,,,,,,,,,,,,,,,,,,,,,,,,,,,,,,,,Component,,,,,,,,,,,,,,,,,,,,,,,,,,,,,,,,,,,,,,,,,,,,,,,,,,,,,,,,,,,,,,,,,,,,,,,,,,,,,,,,,,,,,,,,,,,,,,,,,,,,,,,,,,,,,,,,,,,,,,,,,,,,,,,,,,,,,,,,,,,,,,,,,,,,,,,,,,,,,,,,,,,,,,,,,,,,,,,,,,,,,,,,,,,,,,,,,,,,,
,,,,,,52529BK,Industrial & MRO Supplies,General Hardware,Component,52529BK,52529BK,52529BK Kichler Pendant Light,-- Unbranded --,-- Unbranded --,,Kichler Lighting (KICLI),Kichler Lighting (KICLI),Kichler Lighting,,52529BK,,Industrial & MRO Supplies>General Hardware>Component,,,,,,,,,,,,,,,,,,,,,,,,,,,,,,,,Component,,,,,,,,,,,,,,,,,,,,,,,,,,,,,,,,,,,,,,,,,,,,,,,,,,,,,,,,,,,,,,,,,,,,,,,,,,,,,,,,,,,,,,,,,,,,,,,,,,,,,,,,,,,,,,,,,,,,,,,,,,,,,,,,,,,,,,,,,,,,,,,,,,,,,,,,,,,,,,,,,,,,,,,,,,,,,,,,,,,,,,,,,,,,,,,,,,,,,
,,,,,,52662BKCLR,Industrial & MRO Supplies,General Hardware,Component,52662BKCLR,52662BKCLR,52662BKCLR Kichler Pendant Lt,-- Unbranded --,-- Unbranded --,,Kichler Lighting (KICLI),Kichler Lighting (KICLI),Kichler Lighting,,52662BKCLR,,Industrial & MRO Supplies>General Hardware>Component,,,,,,,,,,,,,,,,,,,,,,,,,,,,,,,,Component,,,,,,,,,,,,,,,,,,,,,,,,,,,,,,,,,,,,,,,,,,,,,,,,,,,,,,,,,,,,,,,,,,,,,,,,,,,,,,,,,,,,,,,,,,,,,,,,,,,,,,,,,,,,,,,,,,,,,,,,,,,,,,,,,,,,,,,,,,,,,,,,,,,,,,,,,,,,,,,,,,,,,,,,,,,,,,,,,,,,,,,,,,,,,,,,,,,,,
,,,,,,52734CPZ,Industrial & MRO Supplies,General Hardware,Component,52734CPZ,52734CPZ,52734CPZ Kichler Pendant Light,-- Unbranded --,-- Unbranded --,,Kichler Lighting (KICLI),Kichler Lighting (KICLI),Kichler Lighting,,52734CPZ,,Industrial & MRO Supplies>General Hardware>Component,,,,,,,,,,,,,,,,,,,,,,,,,,,,,,,,Component,,,,,,,,,,,,,,,,,,,,,,,,,,,,,,,,,,,,,,,,,,,,,,,,,,,,,,,,,,,,,,,,,,,,,,,,,,,,,,,,,,,,,,,,,,,,,,,,,,,,,,,,,,,,,,,,,,,,,,,,,,,,,,,,,,,,,,,,,,,,,,,,,,,,,,,,,,,,,,,,,,,,,,,,,,,,,,,,,,,,,,,,,,,,,,,,,,,,,
,,,,,,82400,Industrial & MRO Supplies,General Hardware,Component,82400,82400,82400 Kichler Pendant Lt,-- Unbranded --,-- Unbranded --,,Kichler Lighting (KICLI),Kichler Lighting (KICLI),Kichler Lighting,,82400,,Industrial & MRO Supplies>General Hardware>Component,,,,,,,,,,,,,,,,,,,,,,,,,,,,,,,,Component,,,,,,,,,,,,,,,,,,,,,,,,,,,,,,,,,,,,,,,,,,,,,,,,,,,,,,,,,,,,,,,,,,,,,,,,,,,,,,,,,,,,,,,,,,,,,,,,,,,,,,,,,,,,,,,,,,,,,,,,,,,,,,,,,,,,,,,,,,,,,,,,,,,,,,,,,,,,,,,,,,,,,,,,,,,,,,,,,,,,,,,,,,,,,,,,,,,,,
,,,,,,S11606,Industrial & MRO Supplies,General Hardware,Component,S11606,S11606,"S11606 8"" Round Down Lt 30K",-- Unbranded --,-- Unbranded --,,Satco Prod Inc (5573),Satco Prod Inc (5573),Satco Prod Inc,,S11606,,Industrial & MRO Supplies>General Hardware>Component,,,,,,,,,,,,,,,,,,,,,,,,,,,,,,,,Component,,,,,,,,,,,,,,,,,,,,,,,,,,,,,,,,,,,,,,,,,,,,,,,,,,,,,,,,,,,,,,,,,,,,,,,,,,,,,,,,,,,,,,,,,,,,,,,,,,,,,,,,,,,,,,,,,,,,,,,,,,,,,,,,,,,,,,,,,,,,,,,,,,,,,,,,,,,,,,,,,,,,,,,,,,,,,,,,,,,,,,,,,,,,,,,,,,,,,
,,,,,,S11828,Industrial & MRO Supplies,General Hardware,Component,S11828,S11828,"S11828 8"" Led Down Light",-- Unbranded --,-- Unbranded --,,Satco Prod Inc (5573),Satco Prod Inc (5573),Satco Prod Inc,,S11828,,Industrial & MRO Supplies>General Hardware>Component,,,,,,,,,,,,,,,,,,,,,,,,,,,,,,,,Component,,,,,,,,,,,,,,,,,,,,,,,,,,,,,,,,,,,,,,,,,,,,,,,,,,,,,,,,,,,,,,,,,,,,,,,,,,,,,,,,,,,,,,,,,,,,,,,,,,,,,,,,,,,,,,,,,,,,,,,,,,,,,,,,,,,,,,,,,,,,,,,,,,,,,,,,,,,,,,,,,,,,,,,,,,,,,,,,,,,,,,,,,,,,,,,,,,,,,
,,,,,,801274,Industrial & MRO Supplies,General Hardware,Component,801274,801274,"801274 10w LED 6"" Retro 50k",-- Unbranded --,-- Unbranded --,,Phillips Lighting (5831),Phillips Lighting (5831),Phillips Lighting,,801274,,Industrial & MRO Supplies>General Hardware>Component,,,,,,,,,,,,,,,,,,,,,,,,,,,,,,,,Component,,,,,,,,,,,,,,,,,,,,,,,,,,,,,,,,,,,,,,,,,,,,,,,,,,,,,,,,,,,,,,,,,,,,,,,,,,,,,,,,,,,,,,,,,,,,,,,,,,,,,,,,,,,,,,,,,,,,,,,,,,,,,,,,,,,,,,,,,,,,,,,,,,,,,,,,,,,,,,,,,,,,,,,,,,,,,,,,,,,,,,,,,,,,,,,,,,,,,
,,,,,,S11860,Industrial & MRO Supplies,General Hardware,Component,S11860,S11860,"S11860 6"" Downlight White 5 CCT",-- Unbranded --,-- Unbranded --,,Satco Prod Inc (5573),Satco Prod Inc (5573),Satco Prod Inc,,S11860,,Industrial & MRO Supplies>General Hardware>Component,,,,,,,,,,,,,,,,,,,,,,,,,,,,,,,,Component,,,,,,,,,,,,,,,,,,,,,,,,,,,,,,,,,,,,,,,,,,,,,,,,,,,,,,,,,,,,,,,,,,,,,,,,,,,,,,,,,,,,,,,,,,,,,,,,,,,,,,,,,,,,,,,,,,,,,,,,,,,,,,,,,,,,,,,,,,,,,,,,,,,,,,,,,,,,,,,,,,,,,,,,,,,,,,,,,,,,,,,,,,,,,,,,,,,,,
,,,,,,S11562,Industrial & MRO Supplies,General Hardware,Component,S11562,S11562,"S11562 Starfish 6"" D/W Downlight",-- Unbranded --,-- Unbranded --,,Satco Prod Inc (5573),Satco Prod Inc (5573),Satco Prod Inc,,S11562,,Industrial & MRO Supplies>General Hardware>Component,,,,,,,,,,,,,,,,,,,,,,,,,,,,,,,,Component,,,,,,,,,,,,,,,,,,,,,,,,,,,,,,,,,,,,,,,,,,,,,,,,,,,,,,,,,,,,,,,,,,,,,,,,,,,,,,,,,,,,,,,,,,,,,,,,,,,,,,,,,,,,,,,,,,,,,,,,,,,,,,,,,,,,,,,,,,,,,,,,,,,,,,,,,,,,,,,,,,,,,,,,,,,,,,,,,,,,,,,,,,,,,,,,,,,,,
,,,,,,S11646,Industrial & MRO Supplies,General Hardware,Component,S11646,S11646,"S11646 6"" Downlight Wh",-- Unbranded --,-- Unbranded --,,Satco Prod Inc (5573),Satco Prod Inc (5573),Satco Prod Inc,,S11646,,Industrial & MRO Supplies>General Hardware>Component,,,,,,,,,,,,,,,,,,,,,,,,,,,,,,,,Component,,,,,,,,,,,,,,,,,,,,,,,,,,,,,,,,,,,,,,,,,,,,,,,,,,,,,,,,,,,,,,,,,,,,,,,,,,,,,,,,,,,,,,,,,,,,,,,,,,,,,,,,,,,,,,,,,,,,,,,,,,,,,,,,,,,,,,,,,,,,,,,,,,,,,,,,,,,,,,,,,,,,,,,,,,,,,,,,,,,,,,,,,,,,,,,,,,,,,
,,,,,,S11801R1,Industrial & MRO Supplies,General Hardware,Component,S11801R1,S11801R1,"S11801R1 6"" Led Downlight Wh",-- Unbranded --,-- Unbranded --,,Satco Prod Inc (5573),Satco Prod Inc (5573),Satco Prod Inc,,S11801R1,,Industrial & MRO Supplies>General Hardware>Component,,,,,,,,,,,,,,,,,,,,,,,,,,,,,,,,Component,,,,,,,,,,,,,,,,,,,,,,,,,,,,,,,,,,,,,,,,,,,,,,,,,,,,,,,,,,,,,,,,,,,,,,,,,,,,,,,,,,,,,,,,,,,,,,,,,,,,,,,,,,,,,,,,,,,,,,,,,,,,,,,,,,,,,,,,,,,,,,,,,,,,,,,,,,,,,,,,,,,,,,,,,,,,,,,,,,,,,,,,,,,,,,,,,,,,,
,,,,,,S11848,Industrial & MRO Supplies,General Hardware,Component,S11848,S11848,"S11848 10"" Down Light Wh",-- Unbranded --,-- Unbranded --,,Satco Prod Inc (5573),Satco Prod Inc (5573),Satco Prod Inc,,S11848,,Industrial & MRO Supplies>General Hardware>Component,,,,,,,,,,,,,,,,,,,,,,,,,,,,,,,,Component,,,,,,,,,,,,,,,,,,,,,,,,,,,,,,,,,,,,,,,,,,,,,,,,,,,,,,,,,,,,,,,,,,,,,,,,,,,,,,,,,,,,,,,,,,,,,,,,,,,,,,,,,,,,,,,,,,,,,,,,,,,,,,,,,,,,,,,,,,,,,,,,,,,,,,,,,,,,,,,,,,,,,,,,,,,,,,,,,,,,,,,,,,,,,,,,,,,,,
,,,,,,S11849,Industrial & MRO Supplies,General Hardware,Component,S11849,S11849,"S11849 12"" Down Light Wh",-- Unbranded --,-- Unbranded --,,Satco Prod Inc (5573),Satco Prod Inc (5573),Satco Prod Inc,,S11849,,Industrial & MRO Supplies>General Hardware>Component,,,,,,,,,,,,,,,,,,,,,,,,,,,,,,,,Component,,,,,,,,,,,,,,,,,,,,,,,,,,,,,,,,,,,,,,,,,,,,,,,,,,,,,,,,,,,,,,,,,,,,,,,,,,,,,,,,,,,,,,,,,,,,,,,,,,,,,,,,,,,,,,,,,,,,,,,,,,,,,,,,,,,,,,,,,,,,,,,,,,,,,,,,,,,,,,,,,,,,,,,,,,,,,,,,,,,,,,,,,,,,,,,,,,,,,
,,,,,,HLBSL609FS5,Industrial & MRO Supplies,General Hardware,Component,HLBSL609FS5,HLBSL609FS5,"HLBSL609FS5 6"" Down Light",-- Unbranded --,-- Unbranded --,,Cooper Lighting (7638),Cooper Lighting (7638),Cooper Lighting,,HLBSL609FS5,,Industrial & MRO Supplies>General Hardware>Component,,,,,,,,,,,,,,,,,,,,,,,,,,,,,,,,Component,,,,,,,,,,,,,,,,,,,,,,,,,,,,,,,,,,,,,,,,,,,,,,,,,,,,,,,,,,,,,,,,,,,,,,,,,,,,,,,,,,,,,,,,,,,,,,,,,,,,,,,,,,,,,,,,,,,,,,,,,,,,,,,,,,,,,,,,,,,,,,,,,,,,,,,,,,,,,,,,,,,,,,,,,,,,,,,,,,,,,,,,,,,,,,,,,,,,,
,,,,,,WF4REGSWW590CRIMW,Industrial & MRO Supplies,General Hardware,Component,WF4REGSWW590CRIMW,WF4REGSWW590CRIMW,"WF4REGSWW590CRIMW 4"" Down Light",-- Unbranded --,-- Unbranded --,,Lithonia Lighting (2776),Lithonia Lighting (2776),Lithonia Lighting,,WF4REGSWW590CRIMW,,Industrial & MRO Supplies>General Hardware>Component,,,,,,,,,,,,,,,,,,,,,,,,,,,,,,,,Component,,,,,,,,,,,,,,,,,,,,,,,,,,,,,,,,,,,,,,,,,,,,,,,,,,,,,,,,,,,,,,,,,,,,,,,,,,,,,,,,,,,,,,,,,,,,,,,,,,,,,,,,,,,,,,,,,,,,,,,,,,,,,,,,,,,,,,,,,,,,,,,,,,,,,,,,,,,,,,,,,,,,,,,,,,,,,,,,,,,,,,,,,,,,,,,,,,,,,
,,,,,,43849WH5CCT,Industrial & MRO Supplies,General Hardware,Component,43849WH5CCT,43849WH5CCT,43849WH5CCT Kichler Ceiling Lt,-- Unbranded --,-- Unbranded --,,Kichler Lighting (KICLI),Kichler Lighting (KICLI),Kichler Lighting,,43849WH5CCT,,Industrial & MRO Supplies>General Hardware>Component,,,,,,,,,,,,,,,,,,,,,,,,,,,,,,,,Component,,,,,,,,,,,,,,,,,,,,,,,,,,,,,,,,,,,,,,,,,,,,,,,,,,,,,,,,,,,,,,,,,,,,,,,,,,,,,,,,,,,,,,,,,,,,,,,,,,,,,,,,,,,,,,,,,,,,,,,,,,,,,,,,,,,,,,,,,,,,,,,,,,,,,,,,,,,,,,,,,,,,,,,,,,,,,,,,,,,,,,,,,,,,,,,,,,,,,
,,,,,,62-1777,Industrial & MRO Supplies,General Hardware,Component,62-1777,62-1777,"62-1777 15"" Ceiling Lt Wh",-- Unbranded --,-- Unbranded --,,Satco Prod Inc (5573),Satco Prod Inc (5573),Satco Prod Inc,,62-1777,,Industrial & MRO Supplies>General Hardware>Component,,,,,,,,,,,,,,,,,,,,,,,,,,,,,,,,Component,,,,,,,,,,,,,,,,,,,,,,,,,,,,,,,,,,,,,,,,,,,,,,,,,,,,,,,,,,,,,,,,,,,,,,,,,,,,,,,,,,,,,,,,,,,,,,,,,,,,,,,,,,,,,,,,,,,,,,,,,,,,,,,,,,,,,,,,,,,,,,,,,,,,,,,,,,,,,,,,,,,,,,,,,,,,,,,,,,,,,,,,,,,,,,,,,,,,,
,,,,,,62-1778,Industrial & MRO Supplies,General Hardware,Component,62-1778,62-1778,"62-1778 19"" Ceiling Lt Wh",-- Unbranded --,-- Unbranded --,,Satco Prod Inc (5573),Satco Prod Inc (5573),Satco Prod Inc,,62-1778,,Industrial & MRO Supplies>General Hardware>Component,,,,,,,,,,,,,,,,,,,,,,,,,,,,,,,,Component,,,,,,,,,,,,,,,,,,,,,,,,,,,,,,,,,,,,,,,,,,,,,,,,,,,,,,,,,,,,,,,,,,,,,,,,,,,,,,,,,,,,,,,,,,,,,,,,,,,,,,,,,,,,,,,,,,,,,,,,,,,,,,,,,,,,,,,,,,,,,,,,,,,,,,,,,,,,,,,,,,,,,,,,,,,,,,,,,,,,,,,,,,,,,,,,,,,,,
,,,,,,62-1784,Industrial & MRO Supplies,General Hardware,Component,62-1784,62-1784,62-1784 24x24 Led Ceiling Lt,-- Unbranded --,-- Unbranded --,,Satco Prod Inc (5573),Satco Prod Inc (5573),Satco Prod Inc,,62-1784,,Industrial & MRO Supplies>General Hardware>Component,,,,,,,,,,,,,,,,,,,,,,,,,,,,,,,,Component,Dimensions,24x24,,,,,,,,,,,,,,,,,,,,,,,,,,,,,,,,,,,,,,,,,,,,,,,,,,,,,,,,,,,,,,,,,,,,,,,,,,,,,,,,,,,,,,,,,,,,,,,,,,,,,,,,,,,,,,,,,,,,,,,,,,,,,,,,,,,,,,,,,,,,,,,,,,,,,,,,,,,,,,,,,,,,,,,,,,,,,,,,,,,,,,,,,,,,,,,,,,,
,,,,,,62-1787,Industrial & MRO Supplies,General Hardware,Component,62-1787,62-1787,"62-1787 15"" Ceiling Lt Bk",-- Unbranded --,-- Unbranded --,,Satco Prod Inc (5573),Satco Prod Inc (5573),Satco Prod Inc,,62-1787,,Industrial & MRO Supplies>General Hardware>Component,,,,,,,,,,,,,,,,,,,,,,,,,,,,,,,,Component,,,,,,,,,,,,,,,,,,,,,,,,,,,,,,,,,,,,,,,,,,,,,,,,,,,,,,,,,,,,,,,,,,,,,,,,,,,,,,,,,,,,,,,,,,,,,,,,,,,,,,,,,,,,,,,,,,,,,,,,,,,,,,,,,,,,,,,,,,,,,,,,,,,,,,,,,,,,,,,,,,,,,,,,,,,,,,,,,,,,,,,,,,,,,,,,,,,,,
,,,,,,62-1788,Industrial & MRO Supplies,General Hardware,Component,62-1788,62-1788,"62-1788 19"" Ceiling Lt Bk",-- Unbranded --,-- Unbranded --,,Satco Prod Inc (5573),Satco Prod Inc (5573),Satco Prod Inc,,62-1788,,Industrial & MRO Supplies>General Hardware>Component,,,,,,,,,,,,,,,,,,,,,,,,,,,,,,,,Component,,,,,,,,,,,,,,,,,,,,,,,,,,,,,,,,,,,,,,,,,,,,,,,,,,,,,,,,,,,,,,,,,,,,,,,,,,,,,,,,,,,,,,,,,,,,,,,,,,,,,,,,,,,,,,,,,,,,,,,,,,,,,,,,,,,,,,,,,,,,,,,,,,,,,,,,,,,,,,,,,,,,,,,,,,,,,,,,,,,,,,,,,,,,,,,,,,,,,
,,,,,,SHOP/4X2/840/V1,Industrial & MRO Supplies,General Hardware,Component,SHOP/4X2/840/V1,SHOP/4X2/840/V1,4' Feit Shop Light 4500L 40k,-- Unbranded --,-- Unbranded --,,Feit Electric (3468),Feit Electric (3468),Feit Electric,,SHOP/4X2/840/V1,,Industrial & MRO Supplies>General Hardware>Component,,,,,,,,,,,,,,,,,,,,,,,,,,,,,,,,Component,,,,,,,,,,,,,,,,,,,,,,,,,,,,,,,,,,,,,,,,,,,,,,,,,,,,,,,,,,,,,,,,,,,,,,,,,,,,,,,,,,,,,,,,,,,,,,,,,,,,,,,,,,,,,,,,,,,,,,,,,,,,,,,,,,,,,,,,,,,,,,,,,,,,,,,,,,,,,,,,,,,,,,,,,,,,,,,,,,,,,,,,,,,,,,,,,,,,,
,,,,,,45495BKCLR,Industrial & MRO Supplies,General Hardware,Component,45495BKCLR,45495BKCLR,45495BKCLR Kichler Wall Lt,-- Unbranded --,-- Unbranded --,,Kichler Lighting (KICLI),Kichler Lighting (KICLI),Kichler Lighting,,45495BKCLR,,Industrial & MRO Supplies>General Hardware>Component,,,,,,,,,,,,,,,,,,,,,,,,,,,,,,,,Component,,,,,,,,,,,,,,,,,,,,,,,,,,,,,,,,,,,,,,,,,,,,,,,,,,,,,,,,,,,,,,,,,,,,,,,,,,,,,,,,,,,,,,,,,,,,,,,,,,,,,,,,,,,,,,,,,,,,,,,,,,,,,,,,,,,,,,,,,,,,,,,,,,,,,,,,,,,,,,,,,,,,,,,,,,,,,,,,,,,,,,,,,,,,,,,,,,,,,
,,,,,,55209NI,Industrial & MRO Supplies,General Hardware,Component,55209NI,55209NI,55209NI Kichler Wall Sconce,-- Unbranded --,-- Unbranded --,,Kichler Lighting (KICLI),Kichler Lighting (KICLI),Kichler Lighting,,55209NI,,Industrial & MRO Supplies>General Hardware>Component,,,,,,,,,,,,,,,,,,,,,,,,,,,,,,,,Component,,,,,,,,,,,,,,,,,,,,,,,,,,,,,,,,,,,,,,,,,,,,,,,,,,,,,,,,,,,,,,,,,,,,,,,,,,,,,,,,,,,,,,,,,,,,,,,,,,,,,,,,,,,,,,,,,,,,,,,,,,,,,,,,,,,,,,,,,,,,,,,,,,,,,,,,,,,,,,,,,,,,,,,,,,,,,,,,,,,,,,,,,,,,,,,,,,,,,
,,,,,,65-1210,Industrial & MRO Supplies,General Hardware,Component,65-1210,65-1210,65-1210 2' LED Wrap Lt,-- Unbranded --,-- Unbranded --,,Satco Prod Inc (5573),Satco Prod Inc (5573),Satco Prod Inc,,65-1210,,Industrial & MRO Supplies>General Hardware>Component,,,,,,,,,,,,,,,,,,,,,,,,,,,,,,,,Component,,,,,,,,,,,,,,,,,,,,,,,,,,,,,,,,,,,,,,,,,,,,,,,,,,,,,,,,,,,,,,,,,,,,,,,,,,,,,,,,,,,,,,,,,,,,,,,,,,,,,,,,,,,,,,,,,,,,,,,,,,,,,,,,,,,,,,,,,,,,,,,,,,,,,,,,,,,,,,,,,,,,,,,,,,,,,,,,,,,,,,,,,,,,,,,,,,,,,
,,,,,,65-1211,Industrial & MRO Supplies,General Hardware,Component,65-1211,65-1211,65-1211 4' Led Wrap Light,-- Unbranded --,-- Unbranded --,,Satco Prod Inc (5573),Satco Prod Inc (5573),Satco Prod Inc,,65-1211,,Industrial & MRO Supplies>General Hardware>Component,,,,,,,,,,,,,,,,,,,,,,,,,,,,,,,,Component,,,,,,,,,,,,,,,,,,,,,,,,,,,,,,,,,,,,,,,,,,,,,,,,,,,,,,,,,,,,,,,,,,,,,,,,,,,,,,,,,,,,,,,,,,,,,,,,,,,,,,,,,,,,,,,,,,,,,,,,,,,,,,,,,,,,,,,,,,,,,,,,,,,,,,,,,,,,,,,,,,,,,,,,,,,,,,,,,,,,,,,,,,,,,,,,,,,,,
,,,,,,141465,Industrial & MRO Supplies,General Hardware,Component,141465,141465,"141465 15W Flor 18"" T12 27k",-- Unbranded --,-- Unbranded --,,Phillips Lighting (5831),Phillips Lighting (5831),Phillips Lighting,,141465,,Industrial & MRO Supplies>General Hardware>Component,,,,,,,,,,,,,,,,,,,,,,,,,,,,,,,,Component,,,,,,,,,,,,,,,,,,,,,,,,,,,,,,,,,,,,,,,,,,,,,,,,,,,,,,,,,,,,,,,,,,,,,,,,,,,,,,,,,,,,,,,,,,,,,,,,,,,,,,,,,,,,,,,,,,,,,,,,,,,,,,,,,,,,,,,,,,,,,,,,,,,,,,,,,,,,,,,,,,,,,,,,,,,,,,,,,,,,,,,,,,,,,,,,,,,,,
,,,,,,391227,Industrial & MRO Supplies,General Hardware,Component,391227,391227,"391227 32W Led 12"" T9 30K",-- Unbranded --,-- Unbranded --,,Phillips Lighting (5831),Phillips Lighting (5831),Phillips Lighting,,391227,,Industrial & MRO Supplies>General Hardware>Component,,,,,,,,,,,,,,,,,,,,,,,,,,,,,,,,Component,,,,,,,,,,,,,,,,,,,,,,,,,,,,,,,,,,,,,,,,,,,,,,,,,,,,,,,,,,,,,,,,,,,,,,,,,,,,,,,,,,,,,,,,,,,,,,,,,,,,,,,,,,,,,,,,,,,,,,,,,,,,,,,,,,,,,,,,,,,,,,,,,,,,,,,,,,,,,,,,,,,,,,,,,,,,,,,,,,,,,,,,,,,,,,,,,,,,,
,,,,,,392225,Industrial & MRO Supplies,General Hardware,Component,392225,392225,"392225 22W Flor 8"" T9 30k",-- Unbranded --,-- Unbranded --,,Phillips Lighting (5831),Phillips Lighting (5831),Phillips Lighting,,392225,,Industrial & MRO Supplies>General Hardware>Component,,,,,,,,,,,,,,,,,,,,,,,,,,,,,,,,Component,,,,,,,,,,,,,,,,,,,,,,,,,,,,,,,,,,,,,,,,,,,,,,,,,,,,,,,,,,,,,,,,,,,,,,,,,,,,,,,,,,,,,,,,,,,,,,,,,,,,,,,,,,,,,,,,,,,,,,,,,,,,,,,,,,,,,,,,,,,,,,,,,,,,,,,,,,,,,,,,,,,,,,,,,,,,,,,,,,,,,,,,,,,,,,,,,,,,,
,,,,,,S3539,Industrial & MRO Supplies,General Hardware,Component,S3539,S3539,S3539 20W Halogen Pin T4,-- Unbranded --,-- Unbranded --,,Satco Prod Inc (5573),Satco Prod Inc (5573),Satco Prod Inc,,S3539,,Industrial & MRO Supplies>General Hardware>Component,,,,,,,,,,,,,,,,,,,,,,,,,,,,,,,,Component,,,,,,,,,,,,,,,,,,,,,,,,,,,,,,,,,,,,,,,,,,,,,,,,,,,,,,,,,,,,,,,,,,,,,,,,,,,,,,,,,,,,,,,,,,,,,,,,,,,,,,,,,,,,,,,,,,,,,,,,,,,,,,,,,,,,,,,,,,,,,,,,,,,,,,,,,,,,,,,,,,,,,,,,,,,,,,,,,,,,,,,,,,,,,,,,,,,,,
,,,,,,S3496,Industrial & MRO Supplies,General Hardware,Component,S3496,S3496,S3496 300W Halogen T3 Bulb,-- Unbranded --,-- Unbranded --,,Satco Prod Inc (5573),Satco Prod Inc (5573),Satco Prod Inc,,S3496,,Industrial & MRO Supplies>General Hardware>Component,,,,,,,,,,,,,,,,,,,,,,,,,,,,,,,,Component,,,,,,,,,,,,,,,,,,,,,,,,,,,,,,,,,,,,,,,,,,,,,,,,,,,,,,,,,,,,,,,,,,,,,,,,,,,,,,,,,,,,,,,,,,,,,,,,,,,,,,,,,,,,,,,,,,,,,,,,,,,,,,,,,,,,,,,,,,,,,,,,,,,,,,,,,,,,,,,,,,,,,,,,,,,,,,,,,,,,,,,,,,,,,,,,,,,,,
,,,,,,467316,Industrial & MRO Supplies,General Hardware,Component,467316,467316,467316 150W Sodium Med 21k,-- Unbranded --,-- Unbranded --,,Phillips Lighting (5831),Phillips Lighting (5831),Phillips Lighting,,467316,,Industrial & MRO Supplies>General Hardware>Component,,,,,,,,,,,,,,,,,,,,,,,,,,,,,,,,Component,,,,,,,,,,,,,,,,,,,,,,,,,,,,,,,,,,,,,,,,,,,,,,,,,,,,,,,,,,,,,,,,,,,,,,,,,,,,,,,,,,,,,,,,,,,,,,,,,,,,,,,,,,,,,,,,,,,,,,,,,,,,,,,,,,,,,,,,,,,,,,,,,,,,,,,,,,,,,,,,,,,,,,,,,,,,,,,,,,,,,,,,,,,,,,,,,,,,,
,,,,,,S3709,Industrial & MRO Supplies,General Hardware,Component,S3709,S3709,S3709 25W Incan 27K,-- Unbranded --,-- Unbranded --,,Satco Prod Inc (5573),Satco Prod Inc (5573),Satco Prod Inc,,S3709,,Industrial & MRO Supplies>General Hardware>Component,,,,,,,,,,,,,,,,,,,,,,,,,,,,,,,,Component,,,,,,,,,,,,,,,,,,,,,,,,,,,,,,,,,,,,,,,,,,,,,,,,,,,,,,,,,,,,,,,,,,,,,,,,,,,,,,,,,,,,,,,,,,,,,,,,,,,,,,,,,,,,,,,,,,,,,,,,,,,,,,,,,,,,,,,,,,,,,,,,,,,,,,,,,,,,,,,,,,,,,,,,,,,,,,,,,,,,,,,,,,,,,,,,,,,,,
,,,,,,S4720,Industrial & MRO Supplies,General Hardware,Component,S4720,S4720,S4720 25W Incan 27K,-- Unbranded --,-- Unbranded --,,Satco Prod Inc (5573),Satco Prod Inc (5573),Satco Prod Inc,,S4720,,Industrial & MRO Supplies>General Hardware>Component,,,,,,,,,,,,,,,,,,,,,,,,,,,,,,,,Component,,,,,,,,,,,,,,,,,,,,,,,,,,,,,,,,,,,,,,,,,,,,,,,,,,,,,,,,,,,,,,,,,,,,,,,,,,,,,,,,,,,,,,,,,,,,,,,,,,,,,,,,,,,,,,,,,,,,,,,,,,,,,,,,,,,,,,,,,,,,,,,,,,,,,,,,,,,,,,,,,,,,,,,,,,,,,,,,,,,,,,,,,,,,,,,,,,,,,
,,,,,,S3720,Industrial & MRO Supplies,General Hardware,Component,S3720,S3720,S3720 40w Inc A15 Med 26k,-- Unbranded --,-- Unbranded --,,Satco Prod Inc (5573),Satco Prod Inc (5573),Satco Prod Inc,,S3720,,Industrial & MRO Supplies>General Hardware>Component,,,,,,,,,,,,,,,,,,,,,,,,,,,,,,,,Component,,,,,,,,,,,,,,,,,,,,,,,,,,,,,,,,,,,,,,,,,,,,,,,,,,,,,,,,,,,,,,,,,,,,,,,,,,,,,,,,,,,,,,,,,,,,,,,,,,,,,,,,,,,,,,,,,,,,,,,,,,,,,,,,,,,,,,,,,,,,,,,,,,,,,,,,,,,,,,,,,,,,,,,,,,,,,,,,,,,,,,,,,,,,,,,,,,,,,
,,,,,,S3702,Industrial & MRO Supplies,General Hardware,Component,S3702,S3702,S3702 40W Incan Med 27K,-- Unbranded --,-- Unbranded --,,Satco Prod Inc (5573),Satco Prod Inc (5573),Satco Prod Inc,,S3702,,Industrial & MRO Supplies>General Hardware>Component,,,,,,,,,,,,,,,,,,,,,,,,,,,,,,,,Component,,,,,,,,,,,,,,,,,,,,,,,,,,,,,,,,,,,,,,,,,,,,,,,,,,,,,,,,,,,,,,,,,,,,,,,,,,,,,,,,,,,,,,,,,,,,,,,,,,,,,,,,,,,,,,,,,,,,,,,,,,,,,,,,,,,,,,,,,,,,,,,,,,,,,,,,,,,,,,,,,,,,,,,,,,,,,,,,,,,,,,,,,,,,,,,,,,,,,
,,,,,,S3703,Industrial & MRO Supplies,General Hardware,Component,S3703,S3703,S3703 40W Incan Med 27K,-- Unbranded --,-- Unbranded --,,Satco Prod Inc (5573),Satco Prod Inc (5573),Satco Prod Inc,,S3703,,Industrial & MRO Supplies>General Hardware>Component,,,,,,,,,,,,,,,,,,,,,,,,,,,,,,,,Component,,,,,,,,,,,,,,,,,,,,,,,,,,,,,,,,,,,,,,,,,,,,,,,,,,,,,,,,,,,,,,,,,,,,,,,,,,,,,,,,,,,,,,,,,,,,,,,,,,,,,,,,,,,,,,,,,,,,,,,,,,,,,,,,,,,,,,,,,,,,,,,,,,,,,,,,,,,,,,,,,,,,,,,,,,,,,,,,,,,,,,,,,,,,,,,,,,,,,
,,,,,,S3797,Industrial & MRO Supplies,General Hardware,Component,S3797,S3797,S3797 4W Incan Cand 27K 2pk,-- Unbranded --,-- Unbranded --,,Satco Prod Inc (5573),Satco Prod Inc (5573),Satco Prod Inc,,S3797,,Industrial & MRO Supplies>General Hardware>Component,,,,,,,,,,,,,,,,,,,,,,,,,,,,,,,,Component,Package Quantity,2pk,,,,,,,,,,,,,,,,,,,,,,,,,,,,,,,,,,,,,,,,,,,,,,,,,,,,,,,,,,,,,,,,,,,,,,,,,,,,,,,,,,,,,,,,,,,,,,,,,,,,,,,,,,,,,,,,,,,,,,,,,,,,,,,,,,,,,,,,,,,,,,,,,,,,,,,,,,,,,,,,,,,,,,,,,,,,,,,,,,,,,,,,,,,,,,,,,,,
,,,,,,S4724,Industrial & MRO Supplies,General Hardware,Component,S4724,S4724,S4724 4W Incan Cand 27K 4pk,-- Unbranded --,-- Unbranded --,,Satco Prod Inc (5573),Satco Prod Inc (5573),Satco Prod Inc,,S4724,,Industrial & MRO Supplies>General Hardware>Component,,,,,,,,,,,,,,,,,,,,,,,,,,,,,,,,Component,Package Quantity,4pk,,,,,,,,,,,,,,,,,,,,,,,,,,,,,,,,,,,,,,,,,,,,,,,,,,,,,,,,,,,,,,,,,,,,,,,,,,,,,,,,,,,,,,,,,,,,,,,,,,,,,,,,,,,,,,,,,,,,,,,,,,,,,,,,,,,,,,,,,,,,,,,,,,,,,,,,,,,,,,,,,,,,,,,,,,,,,,,,,,,,,,,,,,,,,,,,,,,
,,,,,,S4717,Industrial & MRO Supplies,General Hardware,Component,S4717,S4717,S4717 6W Incan Cand 27k 2pk,-- Unbranded --,-- Unbranded --,,Satco Prod Inc (5573),Satco Prod Inc (5573),Satco Prod Inc,,S4717,,Industrial & MRO Supplies>General Hardware>Component,,,,,,,,,,,,,,,,,,,,,,,,,,,,,,,,Component,Package Quantity,2pk,,,,,,,,,,,,,,,,,,,,,,,,,,,,,,,,,,,,,,,,,,,,,,,,,,,,,,,,,,,,,,,,,,,,,,,,,,,,,,,,,,,,,,,,,,,,,,,,,,,,,,,,,,,,,,,,,,,,,,,,,,,,,,,,,,,,,,,,,,,,,,,,,,,,,,,,,,,,,,,,,,,,,,,,,,,,,,,,,,,,,,,,,,,,,,,,,,,
,,,,,,S3794,Industrial & MRO Supplies,General Hardware,Component,S3794,S3794,S3794 7W Incan Med 27K,-- Unbranded --,-- Unbranded --,,Satco Prod Inc (5573),Satco Prod Inc (5573),Satco Prod Inc,,S3794,,Industrial & MRO Supplies>General Hardware>Component,,,,,,,,,,,,,,,,,,,,,,,,,,,,,,,,Component,,,,,,,,,,,,,,,,,,,,,,,,,,,,,,,,,,,,,,,,,,,,,,,,,,,,,,,,,,,,,,,,,,,,,,,,,,,,,,,,,,,,,,,,,,,,,,,,,,,,,,,,,,,,,,,,,,,,,,,,,,,,,,,,,,,,,,,,,,,,,,,,,,,,,,,,,,,,,,,,,,,,,,,,,,,,,,,,,,,,,,,,,,,,,,,,,,,,,
,,,,,,S3795,Industrial & MRO Supplies,General Hardware,Component,S3795,S3795,S3795 7W Incan Med 27K,-- Unbranded --,-- Unbranded --,,Satco Prod Inc (5573),Satco Prod Inc (5573),Satco Prod Inc,,S3795,,Industrial & MRO Supplies>General Hardware>Component,,,,,,,,,,,,,,,,,,,,,,,,,,,,,,,,Component,,,,,,,,,,,,,,,,,,,,,,,,,,,,,,,,,,,,,,,,,,,,,,,,,,,,,,,,,,,,,,,,,,,,,,,,,,,,,,,,,,,,,,,,,,,,,,,,,,,,,,,,,,,,,,,,,,,,,,,,,,,,,,,,,,,,,,,,,,,,,,,,,,,,,,,,,,,,,,,,,,,,,,,,,,,,,,,,,,,,,,,,,,,,,,,,,,,,,
,,,,,,S4726,Industrial & MRO Supplies,General Hardware,Component,S4726,S4726,S4726 7W Incan Cand 27K 4pk,-- Unbranded --,-- Unbranded --,,Satco Prod Inc (5573),Satco Prod Inc (5573),Satco Prod Inc,,S4726,,Industrial & MRO Supplies>General Hardware>Component,,,,,,,,,,,,,,,,,,,,,,,,,,,,,,,,Component,Package Quantity,4pk,,,,,,,,,,,,,,,,,,,,,,,,,,,,,,,,,,,,,,,,,,,,,,,,,,,,,,,,,,,,,,,,,,,,,,,,,,,,,,,,,,,,,,,,,,,,,,,,,,,,,,,,,,,,,,,,,,,,,,,,,,,,,,,,,,,,,,,,,,,,,,,,,,,,,,,,,,,,,,,,,,,,,,,,,,,,,,,,,,,,,,,,,,,,,,,,,,,
,,,,,,S11429,Industrial & MRO Supplies,General Hardware,Component,S11429,S11429,S11429 60W Led Bulb 27K,-- Unbranded --,-- Unbranded --,,Satco Prod Inc (5573),Satco Prod Inc (5573),Satco Prod Inc,,S11429,,Industrial & MRO Supplies>General Hardware>Component,,,,,,,,,,,,,,,,,,,,,,,,,,,,,,,,Component,,,,,,,,,,,,,,,,,,,,,,,,,,,,,,,,,,,,,,,,,,,,,,,,,,,,,,,,,,,,,,,,,,,,,,,,,,,,,,,,,,,,,,,,,,,,,,,,,,,,,,,,,,,,,,,,,,,,,,,,,,,,,,,,,,,,,,,,,,,,,,,,,,,,,,,,,,,,,,,,,,,,,,,,,,,,,,,,,,,,,,,,,,,,,,,,,,,,,
,,,,,,S21354,Industrial & MRO Supplies,General Hardware,Component,S21354,S21354,S21354 8W Led T9 Med 27k,-- Unbranded --,-- Unbranded --,,Satco Prod Inc (5573),Satco Prod Inc (5573),Satco Prod Inc,,S21354,,Industrial & MRO Supplies>General Hardware>Component,,,,,,,,,,,,,,,,,,,,,,,,,,,,,,,,Component,,,,,,,,,,,,,,,,,,,,,,,,,,,,,,,,,,,,,,,,,,,,,,,,,,,,,,,,,,,,,,,,,,,,,,,,,,,,,,,,,,,,,,,,,,,,,,,,,,,,,,,,,,,,,,,,,,,,,,,,,,,,,,,,,,,,,,,,,,,,,,,,,,,,,,,,,,,,,,,,,,,,,,,,,,,,,,,,,,,,,,,,,,,,,,,,,,,,,
,,,,,,S21363,Industrial & MRO Supplies,General Hardware,Component,S21363,S21363,S21363 8W Led Edison ST19 27K,-- Unbranded --,-- Unbranded --,,Satco Prod Inc (5573),Satco Prod Inc (5573),Satco Prod Inc,,S21363,,Industrial & MRO Supplies>General Hardware>Component,,,,,,,,,,,,,,,,,,,,,,,,,,,,,,,,Component,,,,,,,,,,,,,,,,,,,,,,,,,,,,,,,,,,,,,,,,,,,,,,,,,,,,,,,,,,,,,,,,,,,,,,,,,,,,,,,,,,,,,,,,,,,,,,,,,,,,,,,,,,,,,,,,,,,,,,,,,,,,,,,,,,,,,,,,,,,,,,,,,,,,,,,,,,,,,,,,,,,,,,,,,,,,,,,,,,,,,,,,,,,,,,,,,,,,,
,,,,,,S11445,Industrial & MRO Supplies,General Hardware,Component,S11445,S11445,S11445 12W Led Med 30k Motion,-- Unbranded --,-- Unbranded --,,Satco Prod Inc (5573),Satco Prod Inc (5573),Satco Prod Inc,,S11445,,Industrial & MRO Supplies>General Hardware>Component,,,,,,,,,,,,,,,,,,,,,,,,,,,,,,,,Component,,,,,,,,,,,,,,,,,,,,,,,,,,,,,,,,,,,,,,,,,,,,,,,,,,,,,,,,,,,,,,,,,,,,,,,,,,,,,,,,,,,,,,,,,,,,,,,,,,,,,,,,,,,,,,,,,,,,,,,,,,,,,,,,,,,,,,,,,,,,,,,,,,,,,,,,,,,,,,,,,,,,,,,,,,,,,,,,,,,,,,,,,,,,,,,,,,,,,
,,,,,,567313,Industrial & MRO Supplies,General Hardware,Component,567313,567313,567313 50W Led MR16 30K 3pk,-- Unbranded --,-- Unbranded --,,Phillips Lighting (5831),Phillips Lighting (5831),Phillips Lighting,,567313,,Industrial & MRO Supplies>General Hardware>Component,,,,,,,,,,,,,,,,,,,,,,,,,,,,,,,,Component,Package Quantity,3pk,,,,,,,,,,,,,,,,,,,,,,,,,,,,,,,,,,,,,,,,,,,,,,,,,,,,,,,,,,,,,,,,,,,,,,,,,,,,,,,,,,,,,,,,,,,,,,,,,,,,,,,,,,,,,,,,,,,,,,,,,,,,,,,,,,,,,,,,,,,,,,,,,,,,,,,,,,,,,,,,,,,,,,,,,,,,,,,,,,,,,,,,,,,,,,,,,,,
,,,,,,586875,Industrial & MRO Supplies,General Hardware,Component,586875,586875,586875 60W Led Multi CCT 4pk,-- Unbranded --,-- Unbranded --,,Phillips Lighting (5831),Phillips Lighting (5831),Phillips Lighting,,586875,,Industrial & MRO Supplies>General Hardware>Component,,,,,,,,,,,,,,,,,,,,,,,,,,,,,,,,Component,Package Quantity,4pk,,,,,,,,,,,,,,,,,,,,,,,,,,,,,,,,,,,,,,,,,,,,,,,,,,,,,,,,,,,,,,,,,,,,,,,,,,,,,,,,,,,,,,,,,,,,,,,,,,,,,,,,,,,,,,,,,,,,,,,,,,,,,,,,,,,,,,,,,,,,,,,,,,,,,,,,,,,,,,,,,,,,,,,,,,,,,,,,,,,,,,,,,,,,,,,,,,,
,,,,,,576355,Industrial & MRO Supplies,General Hardware,Component,576355,576355,576355 60/100/150 Led Med 50k,-- Unbranded --,-- Unbranded --,,Phillips Lighting (5831),Phillips Lighting (5831),Phillips Lighting,,576355,,Industrial & MRO Supplies>General Hardware>Component,,,,,,,,,,,,,,,,,,,,,,,,,,,,,,,,Component,,,,,,,,,,,,,,,,,,,,,,,,,,,,,,,,,,,,,,,,,,,,,,,,,,,,,,,,,,,,,,,,,,,,,,,,,,,,,,,,,,,,,,,,,,,,,,,,,,,,,,,,,,,,,,,,,,,,,,,,,,,,,,,,,,,,,,,,,,,,,,,,,,,,,,,,,,,,,,,,,,,,,,,,,,,,,,,,,,,,,,,,,,,,,,,,,,,,,
,,,,,,576363,Industrial & MRO Supplies,General Hardware,Component,576363,576363,576363 100/150/200 Led Med 27k,-- Unbranded --,-- Unbranded --,,Phillips Lighting (5831),Phillips Lighting (5831),Phillips Lighting,,576363,,Industrial & MRO Supplies>General Hardware>Component,,,,,,,,,,,,,,,,,,,,,,,,,,,,,,,,Component,,,,,,,,,,,,,,,,,,,,,,,,,,,,,,,,,,,,,,,,,,,,,,,,,,,,,,,,,,,,,,,,,,,,,,,,,,,,,,,,,,,,,,,,,,,,,,,,,,,,,,,,,,,,,,,,,,,,,,,,,,,,,,,,,,,,,,,,,,,,,,,,,,,,,,,,,,,,,,,,,,,,,,,,,,,,,,,,,,,,,,,,,,,,,,,,,,,,,
,,,,,,565374,Industrial & MRO Supplies,General Hardware,Component,565374,565374,565374 75W Led A19 Med 27k 4pk,-- Unbranded --,-- Unbranded --,,Phillips Lighting (5831),Phillips Lighting (5831),Phillips Lighting,,565374,,Industrial & MRO Supplies>General Hardware>Component,,,,,,,,,,,,,,,,,,,,,,,,,,,,,,,,Component,Package Quantity,4pk,,,,,,,,,,,,,,,,,,,,,,,,,,,,,,,,,,,,,,,,,,,,,,,,,,,,,,,,,,,,,,,,,,,,,,,,,,,,,,,,,,,,,,,,,,,,,,,,,,,,,,,,,,,,,,,,,,,,,,,,,,,,,,,,,,,,,,,,,,,,,,,,,,,,,,,,,,,,,,,,,,,,,,,,,,,,,,,,,,,,,,,,,,,,,,,,,,,
,,,,,,565390,Industrial & MRO Supplies,General Hardware,Component,565390,565390,565390 75W Led A19 Med 50k 4pk,-- Unbranded --,-- Unbranded --,,Phillips Lighting (5831),Phillips Lighting (5831),Phillips Lighting,,565390,,Industrial & MRO Supplies>General Hardware>Component,,,,,,,,,,,,,,,,,,,,,,,,,,,,,,,,Component,Package Quantity,4pk,,,,,,,,,,,,,,,,,,,,,,,,,,,,,,,,,,,,,,,,,,,,,,,,,,,,,,,,,,,,,,,,,,,,,,,,,,,,,,,,,,,,,,,,,,,,,,,,,,,,,,,,,,,,,,,,,,,,,,,,,,,,,,,,,,,,,,,,,,,,,,,,,,,,,,,,,,,,,,,,,,,,,,,,,,,,,,,,,,,,,,,,,,,,,,,,,,,
,,,,,,576371,Industrial & MRO Supplies,General Hardware,Component,576371,576371,576371 100/150/200 Led Med 50k,-- Unbranded --,-- Unbranded --,,Phillips Lighting (5831),Phillips Lighting (5831),Phillips Lighting,,576371,,Industrial & MRO Supplies>General Hardware>Component,,,,,,,,,,,,,,,,,,,,,,,,,,,,,,,,Component,,,,,,,,,,,,,,,,,,,,,,,,,,,,,,,,,,,,,,,,,,,,,,,,,,,,,,,,,,,,,,,,,,,,,,,,,,,,,,,,,,,,,,,,,,,,,,,,,,,,,,,,,,,,,,,,,,,,,,,,,,,,,,,,,,,,,,,,,,,,,,,,,,,,,,,,,,,,,,,,,,,,,,,,,,,,,,,,,,,,,,,,,,,,,,,,,,,,,
,,,,,,576496,Industrial & MRO Supplies,General Hardware,Component,576496,576496,576496 45W Led R20 Med 27k,-- Unbranded --,-- Unbranded --,,Phillips Lighting (5831),Phillips Lighting (5831),Phillips Lighting,,576496,,Industrial & MRO Supplies>General Hardware>Component,,,,,,,,,,,,,,,,,,,,,,,,,,,,,,,,Component,,,,,,,,,,,,,,,,,,,,,,,,,,,,,,,,,,,,,,,,,,,,,,,,,,,,,,,,,,,,,,,,,,,,,,,,,,,,,,,,,,,,,,,,,,,,,,,,,,,,,,,,,,,,,,,,,,,,,,,,,,,,,,,,,,,,,,,,,,,,,,,,,,,,,,,,,,,,,,,,,,,,,,,,,,,,,,,,,,,,,,,,,,,,,,,,,,,,,
,,,,,,564856,Industrial & MRO Supplies,General Hardware,Component,564856,564856,564856 40W Led ST19 27k 2pk,-- Unbranded --,-- Unbranded --,,Phillips Lighting (5831),Phillips Lighting (5831),Phillips Lighting,,564856,,Industrial & MRO Supplies>General Hardware>Component,,,,,,,,,,,,,,,,,,,,,,,,,,,,,,,,Component,Package Quantity,2pk,,,,,,,,,,,,,,,,,,,,,,,,,,,,,,,,,,,,,,,,,,,,,,,,,,,,,,,,,,,,,,,,,,,,,,,,,,,,,,,,,,,,,,,,,,,,,,,,,,,,,,,,,,,,,,,,,,,,,,,,,,,,,,,,,,,,,,,,,,,,,,,,,,,,,,,,,,,,,,,,,,,,,,,,,,,,,,,,,,,,,,,,,,,,,,,,,,,
,,,,,,565796,Industrial & MRO Supplies,General Hardware,Component,565796,565796,565796 60W Led A19 Med 20k,-- Unbranded --,-- Unbranded --,,Phillips Lighting (5831),Phillips Lighting (5831),Phillips Lighting,,565796,,Industrial & MRO Supplies>General Hardware>Component,,,,,,,,,,,,,,,,,,,,,,,,,,,,,,,,Component,,,,,,,,,,,,,,,,,,,,,,,,,,,,,,,,,,,,,,,,,,,,,,,,,,,,,,,,,,,,,,,,,,,,,,,,,,,,,,,,,,,,,,,,,,,,,,,,,,,,,,,,,,,,,,,,,,,,,,,,,,,,,,,,,,,,,,,,,,,,,,,,,,,,,,,,,,,,,,,,,,,,,,,,,,,,,,,,,,,,,,,,,,,,,,,,,,,,,
,,,,,,576389,Industrial & MRO Supplies,General Hardware,Component,576389,576389,576389 100/200/300 Led Med 27k,-- Unbranded --,-- Unbranded --,,Phillips Lighting (5831),Phillips Lighting (5831),Phillips Lighting,,576389,,Industrial & MRO Supplies>General Hardware>Component,,,,,,,,,,,,,,,,,,,,,,,,,,,,,,,,Component,,,,,,,,,,,,,,,,,,,,,,,,,,,,,,,,,,,,,,,,,,,,,,,,,,,,,,,,,,,,,,,,,,,,,,,,,,,,,,,,,,,,,,,,,,,,,,,,,,,,,,,,,,,,,,,,,,,,,,,,,,,,,,,,,,,,,,,,,,,,,,,,,,,,,,,,,,,,,,,,,,,,,,,,,,,,,,,,,,,,,,,,,,,,,,,,,,,,,
,,,,,,564492,Industrial & MRO Supplies,General Hardware,Component,564492,564492,564492 75W Adj Base 27k 3pk,-- Unbranded --,-- Unbranded --,,Phillips Lighting (5831),Phillips Lighting (5831),Phillips Lighting,,564492,,Industrial & MRO Supplies>General Hardware>Component,,,,,,,,,,,,,,,,,,,,,,,,,,,,,,,,Component,Package Quantity,3pk,,,,,,,,,,,,,,,,,,,,,,,,,,,,,,,,,,,,,,,,,,,,,,,,,,,,,,,,,,,,,,,,,,,,,,,,,,,,,,,,,,,,,,,,,,,,,,,,,,,,,,,,,,,,,,,,,,,,,,,,,,,,,,,,,,,,,,,,,,,,,,,,,,,,,,,,,,,,,,,,,,,,,,,,,,,,,,,,,,,,,,,,,,,,,,,,,,,
,,,,,,603449,Industrial & MRO Supplies,General Hardware,Component,603449,603449,603449 Wiz 60W Led Med Clr Ch,-- Unbranded --,-- Unbranded --,,Phillips Lighting (5831),Phillips Lighting (5831),Phillips Lighting,,603449,,Industrial & MRO Supplies>General Hardware>Component,,,,,,,,,,,,,,,,,,,,,,,,,,,,,,,,Component,,,,,,,,,,,,,,,,,,,,,,,,,,,,,,,,,,,,,,,,,,,,,,,,,,,,,,,,,,,,,,,,,,,,,,,,,,,,,,,,,,,,,,,,,,,,,,,,,,,,,,,,,,,,,,,,,,,,,,,,,,,,,,,,,,,,,,,,,,,,,,,,,,,,,,,,,,,,,,,,,,,,,,,,,,,,,,,,,,,,,,,,,,,,,,,,,,,,,
,,,,,,586909,Industrial & MRO Supplies,General Hardware,Component,586909,586909,586909 Led 60W Med A19 27K,-- Unbranded --,-- Unbranded --,,Phillips Lighting (5831),Phillips Lighting (5831),Phillips Lighting,,586909,,Industrial & MRO Supplies>General Hardware>Component,,,,,,,,,,,,,,,,,,,,,,,,,,,,,,,,Component,,,,,,,,,,,,,,,,,,,,,,,,,,,,,,,,,,,,,,,,,,,,,,,,,,,,,,,,,,,,,,,,,,,,,,,,,,,,,,,,,,,,,,,,,,,,,,,,,,,,,,,,,,,,,,,,,,,,,,,,,,,,,,,,,,,,,,,,,,,,,,,,,,,,,,,,,,,,,,,,,,,,,,,,,,,,,,,,,,,,,,,,,,,,,,,,,,,,,
,,,,,,566364,Industrial & MRO Supplies,General Hardware,Component,566364,566364,566364 75W Led ST19 27k 4pk,-- Unbranded --,-- Unbranded --,,Phillips Lighting (5831),Phillips Lighting (5831),Phillips Lighting,,566364,,Industrial & MRO Supplies>General Hardware>Component,,,,,,,,,,,,,,,,,,,,,,,,,,,,,,,,Component,Package Quantity,4pk,,,,,,,,,,,,,,,,,,,,,,,,,,,,,,,,,,,,,,,,,,,,,,,,,,,,,,,,,,,,,,,,,,,,,,,,,,,,,,,,,,,,,,,,,,,,,,,,,,,,,,,,,,,,,,,,,,,,,,,,,,,,,,,,,,,,,,,,,,,,,,,,,,,,,,,,,,,,,,,,,,,,,,,,,,,,,,,,,,,,,,,,,,,,,,,,,,,
,,,,,,576397,Industrial & MRO Supplies,General Hardware,Component,576397,576397,576394 100/200/300 Led A23 50k,-- Unbranded --,-- Unbranded --,,Phillips Lighting (5831),Phillips Lighting (5831),Phillips Lighting,,576397,,Industrial & MRO Supplies>General Hardware>Component,,,,,,,,,,,,,,,,,,,,,,,,,,,,,,,,Component,,,,,,,,,,,,,,,,,,,,,,,,,,,,,,,,,,,,,,,,,,,,,,,,,,,,,,,,,,,,,,,,,,,,,,,,,,,,,,,,,,,,,,,,,,,,,,,,,,,,,,,,,,,,,,,,,,,,,,,,,,,,,,,,,,,,,,,,,,,,,,,,,,,,,,,,,,,,,,,,,,,,,,,,,,,,,,,,,,,,,,,,,,,,,,,,,,,,,
,,,,,,571497,Industrial & MRO Supplies,General Hardware,Component,571497,571497,571497 150W Led Med 27k,-- Unbranded --,-- Unbranded --,,Phillips Lighting (5831),Phillips Lighting (5831),Phillips Lighting,,571497,,Industrial & MRO Supplies>General Hardware>Component,,,,,,,,,,,,,,,,,,,,,,,,,,,,,,,,Component,,,,,,,,,,,,,,,,,,,,,,,,,,,,,,,,,,,,,,,,,,,,,,,,,,,,,,,,,,,,,,,,,,,,,,,,,,,,,,,,,,,,,,,,,,,,,,,,,,,,,,,,,,,,,,,,,,,,,,,,,,,,,,,,,,,,,,,,,,,,,,,,,,,,,,,,,,,,,,,,,,,,,,,,,,,,,,,,,,,,,,,,,,,,,,,,,,,,,
,,,,,,576306,Industrial & MRO Supplies,General Hardware,Component,576306,576306,576306 40W Led A19 5CCT 4pk,-- Unbranded --,-- Unbranded --,,Phillips Lighting (5831),Phillips Lighting (5831),Phillips Lighting,,576306,,Industrial & MRO Supplies>General Hardware>Component,,,,,,,,,,,,,,,,,,,,,,,,,,,,,,,,Component,Package Quantity,4pk,,,,,,,,,,,,,,,,,,,,,,,,,,,,,,,,,,,,,,,,,,,,,,,,,,,,,,,,,,,,,,,,,,,,,,,,,,,,,,,,,,,,,,,,,,,,,,,,,,,,,,,,,,,,,,,,,,,,,,,,,,,,,,,,,,,,,,,,,,,,,,,,,,,,,,,,,,,,,,,,,,,,,,,,,,,,,,,,,,,,,,,,,,,,,,,,,,,
,,,,,,588533,Industrial & MRO Supplies,General Hardware,Component,588533,588533,588533 40W Led Cand 3pk,-- Unbranded --,-- Unbranded --,,Phillips Lighting (5831),Phillips Lighting (5831),Phillips Lighting,,588533,,Industrial & MRO Supplies>General Hardware>Component,,,,,,,,,,,,,,,,,,,,,,,,,,,,,,,,Component,Package Quantity,3pk,,,,,,,,,,,,,,,,,,,,,,,,,,,,,,,,,,,,,,,,,,,,,,,,,,,,,,,,,,,,,,,,,,,,,,,,,,,,,,,,,,,,,,,,,,,,,,,,,,,,,,,,,,,,,,,,,,,,,,,,,,,,,,,,,,,,,,,,,,,,,,,,,,,,,,,,,,,,,,,,,,,,,,,,,,,,,,,,,,,,,,,,,,,,,,,,,,,
,,,,,,576520,Industrial & MRO Supplies,General Hardware,Component,576520,576520,576520 65W Led Med 27k,-- Unbranded --,-- Unbranded --,,Phillips Lighting (5831),Phillips Lighting (5831),Phillips Lighting,,576520,,Industrial & MRO Supplies>General Hardware>Component,,,,,,,,,,,,,,,,,,,,,,,,,,,,,,,,Component,,,,,,,,,,,,,,,,,,,,,,,,,,,,,,,,,,,,,,,,,,,,,,,,,,,,,,,,,,,,,,,,,,,,,,,,,,,,,,,,,,,,,,,,,,,,,,,,,,,,,,,,,,,,,,,,,,,,,,,,,,,,,,,,,,,,,,,,,,,,,,,,,,,,,,,,,,,,,,,,,,,,,,,,,,,,,,,,,,,,,,,,,,,,,,,,,,,,,
,,,,,,574004,Industrial & MRO Supplies,General Hardware,Component,574004,574004,574004 75W Led ST19 27k 2pk,-- Unbranded --,-- Unbranded --,,Phillips Lighting (5831),Phillips Lighting (5831),Phillips Lighting,,574004,,Industrial & MRO Supplies>General Hardware>Component,,,,,,,,,,,,,,,,,,,,,,,,,,,,,,,,Component,Package Quantity,2pk,,,,,,,,,,,,,,,,,,,,,,,,,,,,,,,,,,,,,,,,,,,,,,,,,,,,,,,,,,,,,,,,,,,,,,,,,,,,,,,,,,,,,,,,,,,,,,,,,,,,,,,,,,,,,,,,,,,,,,,,,,,,,,,,,,,,,,,,,,,,,,,,,,,,,,,,,,,,,,,,,,,,,,,,,,,,,,,,,,,,,,,,,,,,,,,,,,,
,,,,,,574012,Industrial & MRO Supplies,General Hardware,Component,574012,574012,574012 75W Led ST19 50k 2pk,-- Unbranded --,-- Unbranded --,,Phillips Lighting (5831),Phillips Lighting (5831),Phillips Lighting,,574012,,Industrial & MRO Supplies>General Hardware>Component,,,,,,,,,,,,,,,,,,,,,,,,,,,,,,,,Component,Package Quantity,2pk,,,,,,,,,,,,,,,,,,,,,,,,,,,,,,,,,,,,,,,,,,,,,,,,,,,,,,,,,,,,,,,,,,,,,,,,,,,,,,,,,,,,,,,,,,,,,,,,,,,,,,,,,,,,,,,,,,,,,,,,,,,,,,,,,,,,,,,,,,,,,,,,,,,,,,,,,,,,,,,,,,,,,,,,,,,,,,,,,,,,,,,,,,,,,,,,,,,
,,,,,,573971,Industrial & MRO Supplies,General Hardware,Component,573971,573971,573971 75W Led ST19 20k 4pk,-- Unbranded --,-- Unbranded --,,Phillips Lighting (5831),Phillips Lighting (5831),Phillips Lighting,,573971,,Industrial & MRO Supplies>General Hardware>Component,,,,,,,,,,,,,,,,,,,,,,,,,,,,,,,,Component,Package Quantity,4pk,,,,,,,,,,,,,,,,,,,,,,,,,,,,,,,,,,,,,,,,,,,,,,,,,,,,,,,,,,,,,,,,,,,,,,,,,,,,,,,,,,,,,,,,,,,,,,,,,,,,,,,,,,,,,,,,,,,,,,,,,,,,,,,,,,,,,,,,,,,,,,,,,,,,,,,,,,,,,,,,,,,,,,,,,,,,,,,,,,,,,,,,,,,,,,,,,,,
,,,,,,573989,Industrial & MRO Supplies,General Hardware,Component,573989,573989,573989 40W Led Med 27K 4pk,-- Unbranded --,-- Unbranded --,,Phillips Lighting (5831),Phillips Lighting (5831),Phillips Lighting,,573989,,Industrial & MRO Supplies>General Hardware>Component,,,,,,,,,,,,,,,,,,,,,,,,,,,,,,,,Component,Package Quantity,4pk,,,,,,,,,,,,,,,,,,,,,,,,,,,,,,,,,,,,,,,,,,,,,,,,,,,,,,,,,,,,,,,,,,,,,,,,,,,,,,,,,,,,,,,,,,,,,,,,,,,,,,,,,,,,,,,,,,,,,,,,,,,,,,,,,,,,,,,,,,,,,,,,,,,,,,,,,,,,,,,,,,,,,,,,,,,,,,,,,,,,,,,,,,,,,,,,,,,
,,,,,,576769,Industrial & MRO Supplies,General Hardware,Component,576769,576769,576769 65W Led BR30 Med 27k,-- Unbranded --,-- Unbranded --,,Phillips Lighting (5831),Phillips Lighting (5831),Phillips Lighting,,576769,,Industrial & MRO Supplies>General Hardware>Component,,,,,,,,,,,,,,,,,,,,,,,,,,,,,,,,Component,,,,,,,,,,,,,,,,,,,,,,,,,,,,,,,,,,,,,,,,,,,,,,,,,,,,,,,,,,,,,,,,,,,,,,,,,,,,,,,,,,,,,,,,,,,,,,,,,,,,,,,,,,,,,,,,,,,,,,,,,,,,,,,,,,,,,,,,,,,,,,,,,,,,,,,,,,,,,,,,,,,,,,,,,,,,,,,,,,,,,,,,,,,,,,,,,,,,,
,,,,,,567446,Industrial & MRO Supplies,General Hardware,Component,567446,567446,567446 60W Led Med 50K 3pk,-- Unbranded --,-- Unbranded --,,Phillips Lighting (5831),Phillips Lighting (5831),Phillips Lighting,,567446,,Industrial & MRO Supplies>General Hardware>Component,,,,,,,,,,,,,,,,,,,,,,,,,,,,,,,,Component,Package Quantity,3pk,,,,,,,,,,,,,,,,,,,,,,,,,,,,,,,,,,,,,,,,,,,,,,,,,,,,,,,,,,,,,,,,,,,,,,,,,,,,,,,,,,,,,,,,,,,,,,,,,,,,,,,,,,,,,,,,,,,,,,,,,,,,,,,,,,,,,,,,,,,,,,,,,,,,,,,,,,,,,,,,,,,,,,,,,,,,,,,,,,,,,,,,,,,,,,,,,,,
,,,,,,573997,Industrial & MRO Supplies,General Hardware,Component,573997,573997,573997 40W Led Med 50k 4pk,-- Unbranded --,-- Unbranded --,,Phillips Lighting (5831),Phillips Lighting (5831),Phillips Lighting,,573997,,Industrial & MRO Supplies>General Hardware>Component,,,,,,,,,,,,,,,,,,,,,,,,,,,,,,,,Component,Package Quantity,4pk,,,,,,,,,,,,,,,,,,,,,,,,,,,,,,,,,,,,,,,,,,,,,,,,,,,,,,,,,,,,,,,,,,,,,,,,,,,,,,,,,,,,,,,,,,,,,,,,,,,,,,,,,,,,,,,,,,,,,,,,,,,,,,,,,,,,,,,,,,,,,,,,,,,,,,,,,,,,,,,,,,,,,,,,,,,,,,,,,,,,,,,,,,,,,,,,,,,
,,,,,,571463,Industrial & MRO Supplies,General Hardware,Component,571463,571463,571463 100W Led BR30 Med 50k,-- Unbranded --,-- Unbranded --,,Phillips Lighting (5831),Phillips Lighting (5831),Phillips Lighting,,571463,,Industrial & MRO Supplies>General Hardware>Component,,,,,,,,,,,,,,,,,,,,,,,,,,,,,,,,Component,,,,,,,,,,,,,,,,,,,,,,,,,,,,,,,,,,,,,,,,,,,,,,,,,,,,,,,,,,,,,,,,,,,,,,,,,,,,,,,,,,,,,,,,,,,,,,,,,,,,,,,,,,,,,,,,,,,,,,,,,,,,,,,,,,,,,,,,,,,,,,,,,,,,,,,,,,,,,,,,,,,,,,,,,,,,,,,,,,,,,,,,,,,,,,,,,,,,,
,,,,,,576512,Industrial & MRO Supplies,General Hardware,Component,576512,576512,576512 65W Led BR40 Med 27k,-- Unbranded --,-- Unbranded --,,Phillips Lighting (5831),Phillips Lighting (5831),Phillips Lighting,,576512,,Industrial & MRO Supplies>General Hardware>Component,,,,,,,,,,,,,,,,,,,,,,,,,,,,,,,,Component,,,,,,,,,,,,,,,,,,,,,,,,,,,,,,,,,,,,,,,,,,,,,,,,,,,,,,,,,,,,,,,,,,,,,,,,,,,,,,,,,,,,,,,,,,,,,,,,,,,,,,,,,,,,,,,,,,,,,,,,,,,,,,,,,,,,,,,,,,,,,,,,,,,,,,,,,,,,,,,,,,,,,,,,,,,,,,,,,,,,,,,,,,,,,,,,,,,,,
,,,,,,581181,Industrial & MRO Supplies,General Hardware,Component,581181,581181,581181 40W Led Med 2pk,-- Unbranded --,-- Unbranded --,,Phillips Lighting (5831),Phillips Lighting (5831),Phillips Lighting,,581181,,Industrial & MRO Supplies>General Hardware>Component,,,,,,,,,,,,,,,,,,,,,,,,,,,,,,,,Component,Package Quantity,2pk,,,,,,,,,,,,,,,,,,,,,,,,,,,,,,,,,,,,,,,,,,,,,,,,,,,,,,,,,,,,,,,,,,,,,,,,,,,,,,,,,,,,,,,,,,,,,,,,,,,,,,,,,,,,,,,,,,,,,,,,,,,,,,,,,,,,,,,,,,,,,,,,,,,,,,,,,,,,,,,,,,,,,,,,,,,,,,,,,,,,,,,,,,,,,,,,,,,
,,,,,,GT-CB-100C,Industrial & MRO Supplies,General Hardware,Component,GT-CB-100C,GT-CB-100C,GTCB100C Led 100W Cob Bulb,-- Unbranded --,-- Unbranded --,,Keystone (5702),Keystone (5702),Keystone,,GT-CB-100C,,Industrial & MRO Supplies>General Hardware>Component,,,,,,,,,,,,,,,,,,,,,,,,,,,,,,,,Component,,,,,,,,,,,,,,,,,,,,,,,,,,,,,,,,,,,,,,,,,,,,,,,,,,,,,,,,,,,,,,,,,,,,,,,,,,,,,,,,,,,,,,,,,,,,,,,,,,,,,,,,,,,,,,,,,,,,,,,,,,,,,,,,,,,,,,,,,,,,,,,,,,,,,,,,,,,,,,,,,,,,,,,,,,,,,,,,,,,,,,,,,,,,,,,,,,,,,
,,,,,,566430,Industrial & MRO Supplies,General Hardware,Component,566430,566430,566430 75W Led Med 50k 4pk,-- Unbranded --,-- Unbranded --,,Phillips Lighting (5831),Phillips Lighting (5831),Phillips Lighting,,566430,,Industrial & MRO Supplies>General Hardware>Component,,,,,,,,,,,,,,,,,,,,,,,,,,,,,,,,Component,Package Quantity,4pk,,,,,,,,,,,,,,,,,,,,,,,,,,,,,,,,,,,,,,,,,,,,,,,,,,,,,,,,,,,,,,,,,,,,,,,,,,,,,,,,,,,,,,,,,,,,,,,,,,,,,,,,,,,,,,,,,,,,,,,,,,,,,,,,,,,,,,,,,,,,,,,,,,,,,,,,,,,,,,,,,,,,,,,,,,,,,,,,,,,,,,,,,,,,,,,,,,,
,,,,,,568337,Industrial & MRO Supplies,General Hardware,Component,568337,568337,568337 120W Led Par38 Med 50k,-- Unbranded --,-- Unbranded --,,Phillips Lighting (5831),Phillips Lighting (5831),Phillips Lighting,,568337,,Industrial & MRO Supplies>General Hardware>Component,,,,,,,,,,,,,,,,,,,,,,,,,,,,,,,,Component,,,,,,,,,,,,,,,,,,,,,,,,,,,,,,,,,,,,,,,,,,,,,,,,,,,,,,,,,,,,,,,,,,,,,,,,,,,,,,,,,,,,,,,,,,,,,,,,,,,,,,,,,,,,,,,,,,,,,,,,,,,,,,,,,,,,,,,,,,,,,,,,,,,,,,,,,,,,,,,,,,,,,,,,,,,,,,,,,,,,,,,,,,,,,,,,,,,,,
,,,,,,565788,Industrial & MRO Supplies,General Hardware,Component,565788,565788,565788 40W Led A19 Med 27k,-- Unbranded --,-- Unbranded --,,Phillips Lighting (5831),Phillips Lighting (5831),Phillips Lighting,,565788,,Industrial & MRO Supplies>General Hardware>Component,,,,,,,,,,,,,,,,,,,,,,,,,,,,,,,,Component,,,,,,,,,,,,,,,,,,,,,,,,,,,,,,,,,,,,,,,,,,,,,,,,,,,,,,,,,,,,,,,,,,,,,,,,,,,,,,,,,,,,,,,,,,,,,,,,,,,,,,,,,,,,,,,,,,,,,,,,,,,,,,,,,,,,,,,,,,,,,,,,,,,,,,,,,,,,,,,,,,,,,,,,,,,,,,,,,,,,,,,,,,,,,,,,,,,,,
,,,,,,565770,Industrial & MRO Supplies,General Hardware,Component,565770,565770,565770 40W Led A19 Med 50k,-- Unbranded --,-- Unbranded --,,Phillips Lighting (5831),Phillips Lighting (5831),Phillips Lighting,,565770,,Industrial & MRO Supplies>General Hardware>Component,,,,,,,,,,,,,,,,,,,,,,,,,,,,,,,,Component,,,,,,,,,,,,,,,,,,,,,,,,,,,,,,,,,,,,,,,,,,,,,,,,,,,,,,,,,,,,,,,,,,,,,,,,,,,,,,,,,,,,,,,,,,,,,,,,,,,,,,,,,,,,,,,,,,,,,,,,,,,,,,,,,,,,,,,,,,,,,,,,,,,,,,,,,,,,,,,,,,,,,,,,,,,,,,,,,,,,,,,,,,,,,,,,,,,,,
,,,,,,573436,Industrial & MRO Supplies,General Hardware,Component,573436,573436,573436 60W Led A19 Med 27k 2pk,-- Unbranded --,-- Unbranded --,,Phillips Lighting (5831),Phillips Lighting (5831),Phillips Lighting,,573436,,Industrial & MRO Supplies>General Hardware>Component,,,,,,,,,,,,,,,,,,,,,,,,,,,,,,,,Component,Package Quantity,2pk,,,,,,,,,,,,,,,,,,,,,,,,,,,,,,,,,,,,,,,,,,,,,,,,,,,,,,,,,,,,,,,,,,,,,,,,,,,,,,,,,,,,,,,,,,,,,,,,,,,,,,,,,,,,,,,,,,,,,,,,,,,,,,,,,,,,,,,,,,,,,,,,,,,,,,,,,,,,,,,,,,,,,,,,,,,,,,,,,,,,,,,,,,,,,,,,,,,
,,,,,,576538,Industrial & MRO Supplies,General Hardware,Component,576538,576538,576538 65W Led BR30 Med 50k,-- Unbranded --,-- Unbranded --,,Phillips Lighting (5831),Phillips Lighting (5831),Phillips Lighting,,576538,,Industrial & MRO Supplies>General Hardware>Component,,,,,,,,,,,,,,,,,,,,,,,,,,,,,,,,Component,,,,,,,,,,,,,,,,,,,,,,,,,,,,,,,,,,,,,,,,,,,,,,,,,,,,,,,,,,,,,,,,,,,,,,,,,,,,,,,,,,,,,,,,,,,,,,,,,,,,,,,,,,,,,,,,,,,,,,,,,,,,,,,,,,,,,,,,,,,,,,,,,,,,,,,,,,,,,,,,,,,,,,,,,,,,,,,,,,,,,,,,,,,,,,,,,,,,,
,,,,,,573451,Industrial & MRO Supplies,General Hardware,Component,573451,573451,573451 40W Led Med 27k 2pk,-- Unbranded --,-- Unbranded --,,Phillips Lighting (5831),Phillips Lighting (5831),Phillips Lighting,,573451,,Industrial & MRO Supplies>General Hardware>Component,,,,,,,,,,,,,,,,,,,,,,,,,,,,,,,,Component,Package Quantity,2pk,,,,,,,,,,,,,,,,,,,,,,,,,,,,,,,,,,,,,,,,,,,,,,,,,,,,,,,,,,,,,,,,,,,,,,,,,,,,,,,,,,,,,,,,,,,,,,,,,,,,,,,,,,,,,,,,,,,,,,,,,,,,,,,,,,,,,,,,,,,,,,,,,,,,,,,,,,,,,,,,,,,,,,,,,,,,,,,,,,,,,,,,,,,,,,,,,,,
,,,,,,586883,Industrial & MRO Supplies,General Hardware,Component,586883,586883,586883 100W Led Multi CCT 2pk,-- Unbranded --,-- Unbranded --,,Phillips Lighting (5831),Phillips Lighting (5831),Phillips Lighting,,586883,,Industrial & MRO Supplies>General Hardware>Component,,,,,,,,,,,,,,,,,,,,,,,,,,,,,,,,Component,Package Quantity,2pk,,,,,,,,,,,,,,,,,,,,,,,,,,,,,,,,,,,,,,,,,,,,,,,,,,,,,,,,,,,,,,,,,,,,,,,,,,,,,,,,,,,,,,,,,,,,,,,,,,,,,,,,,,,,,,,,,,,,,,,,,,,,,,,,,,,,,,,,,,,,,,,,,,,,,,,,,,,,,,,,,,,,,,,,,,,,,,,,,,,,,,,,,,,,,,,,,,,
,,,,,,586859,Industrial & MRO Supplies,General Hardware,Component,586859,586859,586859 40W Led Med 27K Back Up,-- Unbranded --,-- Unbranded --,,Phillips Lighting (5831),Phillips Lighting (5831),Phillips Lighting,,586859,,Industrial & MRO Supplies>General Hardware>Component,,,,,,,,,,,,,,,,,,,,,,,,,,,,,,,,Component,,,,,,,,,,,,,,,,,,,,,,,,,,,,,,,,,,,,,,,,,,,,,,,,,,,,,,,,,,,,,,,,,,,,,,,,,,,,,,,,,,,,,,,,,,,,,,,,,,,,,,,,,,,,,,,,,,,,,,,,,,,,,,,,,,,,,,,,,,,,,,,,,,,,,,,,,,,,,,,,,,,,,,,,,,,,,,,,,,,,,,,,,,,,,,,,,,,,,
,,,,,,576488,Industrial & MRO Supplies,General Hardware,Component,576488,576488,576488 45W Led R20 Med 50k,-- Unbranded --,-- Unbranded --,,Phillips Lighting (5831),Phillips Lighting (5831),Phillips Lighting,,576488,,Industrial & MRO Supplies>General Hardware>Component,,,,,,,,,,,,,,,,,,,,,,,,,,,,,,,,Component,,,,,,,,,,,,,,,,,,,,,,,,,,,,,,,,,,,,,,,,,,,,,,,,,,,,,,,,,,,,,,,,,,,,,,,,,,,,,,,,,,,,,,,,,,,,,,,,,,,,,,,,,,,,,,,,,,,,,,,,,,,,,,,,,,,,,,,,,,,,,,,,,,,,,,,,,,,,,,,,,,,,,,,,,,,,,,,,,,,,,,,,,,,,,,,,,,,,,
,,,,,,575217,Industrial & MRO Supplies,General Hardware,Component,575217,575217,575217 60W Led Med 50k 2pk,-- Unbranded --,-- Unbranded --,,Phillips Lighting (5831),Phillips Lighting (5831),Phillips Lighting,,575217,,Industrial & MRO Supplies>General Hardware>Component,,,,,,,,,,,,,,,,,,,,,,,,,,,,,,,,Component,Package Quantity,2pk,,,,,,,,,,,,,,,,,,,,,,,,,,,,,,,,,,,,,,,,,,,,,,,,,,,,,,,,,,,,,,,,,,,,,,,,,,,,,,,,,,,,,,,,,,,,,,,,,,,,,,,,,,,,,,,,,,,,,,,,,,,,,,,,,,,,,,,,,,,,,,,,,,,,,,,,,,,,,,,,,,,,,,,,,,,,,,,,,,,,,,,,,,,,,,,,,,,
,,,,,,586479,Industrial & MRO Supplies,General Hardware,Component,586479,586479,586479 90W Led Med Multi CCT,-- Unbranded --,-- Unbranded --,,Phillips Lighting (5831),Phillips Lighting (5831),Phillips Lighting,,586479,,Industrial & MRO Supplies>General Hardware>Component,,,,,,,,,,,,,,,,,,,,,,,,,,,,,,,,Component,,,,,,,,,,,,,,,,,,,,,,,,,,,,,,,,,,,,,,,,,,,,,,,,,,,,,,,,,,,,,,,,,,,,,,,,,,,,,,,,,,,,,,,,,,,,,,,,,,,,,,,,,,,,,,,,,,,,,,,,,,,,,,,,,,,,,,,,,,,,,,,,,,,,,,,,,,,,,,,,,,,,,,,,,,,,,,,,,,,,,,,,,,,,,,,,,,,,,
,,,,,,571471,Industrial & MRO Supplies,General Hardware,Component,571471,571471,571471 100W Led BR30 Med 27k,-- Unbranded --,-- Unbranded --,,Phillips Lighting (5831),Phillips Lighting (5831),Phillips Lighting,,571471,,Industrial & MRO Supplies>General Hardware>Component,,,,,,,,,,,,,,,,,,,,,,,,,,,,,,,,Component,,,,,,,,,,,,,,,,,,,,,,,,,,,,,,,,,,,,,,,,,,,,,,,,,,,,,,,,,,,,,,,,,,,,,,,,,,,,,,,,,,,,,,,,,,,,,,,,,,,,,,,,,,,,,,,,,,,,,,,,,,,,,,,,,,,,,,,,,,,,,,,,,,,,,,,,,,,,,,,,,,,,,,,,,,,,,,,,,,,,,,,,,,,,,,,,,,,,,
,,,,,,570762,Industrial & MRO Supplies,General Hardware,Component,570762,570762,570762 50W Led Par16 30k 3pk,-- Unbranded --,-- Unbranded --,,Phillips Lighting (5831),Phillips Lighting (5831),Phillips Lighting,,570762,,Industrial & MRO Supplies>General Hardware>Component,,,,,,,,,,,,,,,,,,,,,,,,,,,,,,,,Component,Package Quantity,3pk,,,,,,,,,,,,,,,,,,,,,,,,,,,,,,,,,,,,,,,,,,,,,,,,,,,,,,,,,,,,,,,,,,,,,,,,,,,,,,,,,,,,,,,,,,,,,,,,,,,,,,,,,,,,,,,,,,,,,,,,,,,,,,,,,,,,,,,,,,,,,,,,,,,,,,,,,,,,,,,,,,,,,,,,,,,,,,,,,,,,,,,,,,,,,,,,,,,
,,,,,,533352,Industrial & MRO Supplies,General Hardware,Component,533352,533352,571505 150W Led Med 50k,-- Unbranded --,-- Unbranded --,,Phillips Lighting (5831),Phillips Lighting (5831),Phillips Lighting,,533352,,Industrial & MRO Supplies>General Hardware>Component,,,,,,,,,,,,,,,,,,,,,,,,,,,,,,,,Component,,,,,,,,,,,,,,,,,,,,,,,,,,,,,,,,,,,,,,,,,,,,,,,,,,,,,,,,,,,,,,,,,,,,,,,,,,,,,,,,,,,,,,,,,,,,,,,,,,,,,,,,,,,,,,,,,,,,,,,,,,,,,,,,,,,,,,,,,,,,,,,,,,,,,,,,,,,,,,,,,,,,,,,,,,,,,,,,,,,,,,,,,,,,,,,,,,,,,
,,,,,,573519,Industrial & MRO Supplies,General Hardware,Component,573519,573519,573519 100W Led A21 27k 2pk,-- Unbranded --,-- Unbranded --,,Phillips Lighting (5831),Phillips Lighting (5831),Phillips Lighting,,573519,,Industrial & MRO Supplies>General Hardware>Component,,,,,,,,,,,,,,,,,,,,,,,,,,,,,,,,Component,Package Quantity,2pk,,,,,,,,,,,,,,,,,,,,,,,,,,,,,,,,,,,,,,,,,,,,,,,,,,,,,,,,,,,,,,,,,,,,,,,,,,,,,,,,,,,,,,,,,,,,,,,,,,,,,,,,,,,,,,,,,,,,,,,,,,,,,,,,,,,,,,,,,,,,,,,,,,,,,,,,,,,,,,,,,,,,,,,,,,,,,,,,,,,,,,,,,,,,,,,,,,,
,,,,,,573378,Industrial & MRO Supplies,General Hardware,Component,573378,573378,573378 60W Led Med 27k 3pk,-- Unbranded --,-- Unbranded --,,Phillips Lighting (5831),Phillips Lighting (5831),Phillips Lighting,,573378,,Industrial & MRO Supplies>General Hardware>Component,,,,,,,,,,,,,,,,,,,,,,,,,,,,,,,,Component,Package Quantity,3pk,,,,,,,,,,,,,,,,,,,,,,,,,,,,,,,,,,,,,,,,,,,,,,,,,,,,,,,,,,,,,,,,,,,,,,,,,,,,,,,,,,,,,,,,,,,,,,,,,,,,,,,,,,,,,,,,,,,,,,,,,,,,,,,,,,,,,,,,,,,,,,,,,,,,,,,,,,,,,,,,,,,,,,,,,,,,,,,,,,,,,,,,,,,,,,,,,,,
,,,,,,565622,Industrial & MRO Supplies,General Hardware,Component,565622,565622,565622 60W Led Med 20k,-- Unbranded --,-- Unbranded --,,Phillips Lighting (5831),Phillips Lighting (5831),Phillips Lighting,,565622,,Industrial & MRO Supplies>General Hardware>Component,,,,,,,,,,,,,,,,,,,,,,,,,,,,,,,,Component,,,,,,,,,,,,,,,,,,,,,,,,,,,,,,,,,,,,,,,,,,,,,,,,,,,,,,,,,,,,,,,,,,,,,,,,,,,,,,,,,,,,,,,,,,,,,,,,,,,,,,,,,,,,,,,,,,,,,,,,,,,,,,,,,,,,,,,,,,,,,,,,,,,,,,,,,,,,,,,,,,,,,,,,,,,,,,,,,,,,,,,,,,,,,,,,,,,,,
,,,,,,586891,Industrial & MRO Supplies,General Hardware,Component,586891,586891,586891 Led 60W Med A19 27k,-- Unbranded --,-- Unbranded --,,Phillips Lighting (5831),Phillips Lighting (5831),Phillips Lighting,,586891,,Industrial & MRO Supplies>General Hardware>Component,,,,,,,,,,,,,,,,,,,,,,,,,,,,,,,,Component,,,,,,,,,,,,,,,,,,,,,,,,,,,,,,,,,,,,,,,,,,,,,,,,,,,,,,,,,,,,,,,,,,,,,,,,,,,,,,,,,,,,,,,,,,,,,,,,,,,,,,,,,,,,,,,,,,,,,,,,,,,,,,,,,,,,,,,,,,,,,,,,,,,,,,,,,,,,,,,,,,,,,,,,,,,,,,,,,,,,,,,,,,,,,,,,,,,,,
,,,,,,585448,Industrial & MRO Supplies,General Hardware,Component,585448,585448,585448 120W Led Motion Bulb,-- Unbranded --,-- Unbranded --,,Phillips Lighting (5831),Phillips Lighting (5831),Phillips Lighting,,585448,,Industrial & MRO Supplies>General Hardware>Component,,,,,,,,,,,,,,,,,,,,,,,,,,,,,,,,Component,,,,,,,,,,,,,,,,,,,,,,,,,,,,,,,,,,,,,,,,,,,,,,,,,,,,,,,,,,,,,,,,,,,,,,,,,,,,,,,,,,,,,,,,,,,,,,,,,,,,,,,,,,,,,,,,,,,,,,,,,,,,,,,,,,,,,,,,,,,,,,,,,,,,,,,,,,,,,,,,,,,,,,,,,,,,,,,,,,,,,,,,,,,,,,,,,,,,,
,,,,,,573444,Industrial & MRO Supplies,General Hardware,Component,573444,573444,573444 60W Led A19 Med 50k 2pk,-- Unbranded --,-- Unbranded --,,Phillips Lighting (5831),Phillips Lighting (5831),Phillips Lighting,,573444,,Industrial & MRO Supplies>General Hardware>Component,,,,,,,,,,,,,,,,,,,,,,,,,,,,,,,,Component,Package Quantity,2pk,,,,,,,,,,,,,,,,,,,,,,,,,,,,,,,,,,,,,,,,,,,,,,,,,,,,,,,,,,,,,,,,,,,,,,,,,,,,,,,,,,,,,,,,,,,,,,,,,,,,,,,,,,,,,,,,,,,,,,,,,,,,,,,,,,,,,,,,,,,,,,,,,,,,,,,,,,,,,,,,,,,,,,,,,,,,,,,,,,,,,,,,,,,,,,,,,,,
,,,,,,566687,Industrial & MRO Supplies,General Hardware,Component,566687,566687,566687 60W Cand Led 27k 3pk,-- Unbranded --,-- Unbranded --,,Phillips Lighting (5831),Phillips Lighting (5831),Phillips Lighting,,566687,,Industrial & MRO Supplies>General Hardware>Component,,,,,,,,,,,,,,,,,,,,,,,,,,,,,,,,Component,Package Quantity,3pk,,,,,,,,,,,,,,,,,,,,,,,,,,,,,,,,,,,,,,,,,,,,,,,,,,,,,,,,,,,,,,,,,,,,,,,,,,,,,,,,,,,,,,,,,,,,,,,,,,,,,,,,,,,,,,,,,,,,,,,,,,,,,,,,,,,,,,,,,,,,,,,,,,,,,,,,,,,,,,,,,,,,,,,,,,,,,,,,,,,,,,,,,,,,,,,,,,,
,,,,,,564385,Industrial & MRO Supplies,General Hardware,Component,564385,564385,564385 40w Led Med 27k 2pk,-- Unbranded --,-- Unbranded --,,Phillips Lighting (5831),Phillips Lighting (5831),Phillips Lighting,,564385,,Industrial & MRO Supplies>General Hardware>Component,,,,,,,,,,,,,,,,,,,,,,,,,,,,,,,,Component,Package Quantity,2pk,,,,,,,,,,,,,,,,,,,,,,,,,,,,,,,,,,,,,,,,,,,,,,,,,,,,,,,,,,,,,,,,,,,,,,,,,,,,,,,,,,,,,,,,,,,,,,,,,,,,,,,,,,,,,,,,,,,,,,,,,,,,,,,,,,,,,,,,,,,,,,,,,,,,,,,,,,,,,,,,,,,,,,,,,,,,,,,,,,,,,,,,,,,,,,,,,,,
,,,,,,566661,Industrial & MRO Supplies,General Hardware,Component,566661,566661,566661 40W LED Cand 27k 3pk,-- Unbranded --,-- Unbranded --,,Phillips Lighting (5831),Phillips Lighting (5831),Phillips Lighting,,566661,,Industrial & MRO Supplies>General Hardware>Component,,,,,,,,,,,,,,,,,,,,,,,,,,,,,,,,Component,Package Quantity,3pk,,,,,,,,,,,,,,,,,,,,,,,,,,,,,,,,,,,,,,,,,,,,,,,,,,,,,,,,,,,,,,,,,,,,,,,,,,,,,,,,,,,,,,,,,,,,,,,,,,,,,,,,,,,,,,,,,,,,,,,,,,,,,,,,,,,,,,,,,,,,,,,,,,,,,,,,,,,,,,,,,,,,,,,,,,,,,,,,,,,,,,,,,,,,,,,,,,,
,,,,,,564898,Industrial & MRO Supplies,General Hardware,Component,564898,564898,564898 60W Cand Led 50k 3pk,-- Unbranded --,-- Unbranded --,,Phillips Lighting (5831),Phillips Lighting (5831),Phillips Lighting,,564898,,Industrial & MRO Supplies>General Hardware>Component,,,,,,,,,,,,,,,,,,,,,,,,,,,,,,,,Component,Package Quantity,3pk,,,,,,,,,,,,,,,,,,,,,,,,,,,,,,,,,,,,,,,,,,,,,,,,,,,,,,,,,,,,,,,,,,,,,,,,,,,,,,,,,,,,,,,,,,,,,,,,,,,,,,,,,,,,,,,,,,,,,,,,,,,,,,,,,,,,,,,,,,,,,,,,,,,,,,,,,,,,,,,,,,,,,,,,,,,,,,,,,,,,,,,,,,,,,,,,,,,
,,,,,,538319,Industrial & MRO Supplies,General Hardware,Component,538319,538319,588525 40W Led Cand 3pk,-- Unbranded --,-- Unbranded --,,Phillips Lighting (5831),Phillips Lighting (5831),Phillips Lighting,,538319,,Industrial & MRO Supplies>General Hardware>Component,,,,,,,,,,,,,,,,,,,,,,,,,,,,,,,,Component,Package Quantity,3pk,,,,,,,,,,,,,,,,,,,,,,,,,,,,,,,,,,,,,,,,,,,,,,,,,,,,,,,,,,,,,,,,,,,,,,,,,,,,,,,,,,,,,,,,,,,,,,,,,,,,,,,,,,,,,,,,,,,,,,,,,,,,,,,,,,,,,,,,,,,,,,,,,,,,,,,,,,,,,,,,,,,,,,,,,,,,,,,,,,,,,,,,,,,,,,,,,,,
,,,,,,576009,Industrial & MRO Supplies,General Hardware,Component,576009,576009,576009 100W Led Par30L Med 50k,-- Unbranded --,-- Unbranded --,,Phillips Lighting (5831),Phillips Lighting (5831),Phillips Lighting,,576009,,Industrial & MRO Supplies>General Hardware>Component,,,,,,,,,,,,,,,,,,,,,,,,,,,,,,,,Component,,,,,,,,,,,,,,,,,,,,,,,,,,,,,,,,,,,,,,,,,,,,,,,,,,,,,,,,,,,,,,,,,,,,,,,,,,,,,,,,,,,,,,,,,,,,,,,,,,,,,,,,,,,,,,,,,,,,,,,,,,,,,,,,,,,,,,,,,,,,,,,,,,,,,,,,,,,,,,,,,,,,,,,,,,,,,,,,,,,,,,,,,,,,,,,,,,,,,
,,,,,,564450,Industrial & MRO Supplies,General Hardware,Component,564450,564450,564450 40W Led Cand 27k 2pk,-- Unbranded --,-- Unbranded --,,Phillips Lighting (5831),Phillips Lighting (5831),Phillips Lighting,,564450,,Industrial & MRO Supplies>General Hardware>Component,,,,,,,,,,,,,,,,,,,,,,,,,,,,,,,,Component,Package Quantity,2pk,,,,,,,,,,,,,,,,,,,,,,,,,,,,,,,,,,,,,,,,,,,,,,,,,,,,,,,,,,,,,,,,,,,,,,,,,,,,,,,,,,,,,,,,,,,,,,,,,,,,,,,,,,,,,,,,,,,,,,,,,,,,,,,,,,,,,,,,,,,,,,,,,,,,,,,,,,,,,,,,,,,,,,,,,,,,,,,,,,,,,,,,,,,,,,,,,,,
,,,,,,572669,Industrial & MRO Supplies,General Hardware,Component,572669,572669,572669 60W Led F15 Med 27k,-- Unbranded --,-- Unbranded --,,Phillips Lighting (5831),Phillips Lighting (5831),Phillips Lighting,,572669,,Industrial & MRO Supplies>General Hardware>Component,,,,,,,,,,,,,,,,,,,,,,,,,,,,,,,,Component,,,,,,,,,,,,,,,,,,,,,,,,,,,,,,,,,,,,,,,,,,,,,,,,,,,,,,,,,,,,,,,,,,,,,,,,,,,,,,,,,,,,,,,,,,,,,,,,,,,,,,,,,,,,,,,,,,,,,,,,,,,,,,,,,,,,,,,,,,,,,,,,,,,,,,,,,,,,,,,,,,,,,,,,,,,,,,,,,,,,,,,,,,,,,,,,,,,,,
,,,,,,564906,Industrial & MRO Supplies,General Hardware,Component,564906,564906,564906 60W Led Med 27k 2pk,-- Unbranded --,-- Unbranded --,,Phillips Lighting (5831),Phillips Lighting (5831),Phillips Lighting,,564906,,Industrial & MRO Supplies>General Hardware>Component,,,,,,,,,,,,,,,,,,,,,,,,,,,,,,,,Component,Package Quantity,2pk,,,,,,,,,,,,,,,,,,,,,,,,,,,,,,,,,,,,,,,,,,,,,,,,,,,,,,,,,,,,,,,,,,,,,,,,,,,,,,,,,,,,,,,,,,,,,,,,,,,,,,,,,,,,,,,,,,,,,,,,,,,,,,,,,,,,,,,,,,,,,,,,,,,,,,,,,,,,,,,,,,,,,,,,,,,,,,,,,,,,,,,,,,,,,,,,,,,
,,,,,,573410,Industrial & MRO Supplies,General Hardware,Component,573410,573410,573410 40W Led A19 Med 27k 2pk,-- Unbranded --,-- Unbranded --,,Phillips Lighting (5831),Phillips Lighting (5831),Phillips Lighting,,573410,,Industrial & MRO Supplies>General Hardware>Component,,,,,,,,,,,,,,,,,,,,,,,,,,,,,,,,Component,Package Quantity,2pk,,,,,,,,,,,,,,,,,,,,,,,,,,,,,,,,,,,,,,,,,,,,,,,,,,,,,,,,,,,,,,,,,,,,,,,,,,,,,,,,,,,,,,,,,,,,,,,,,,,,,,,,,,,,,,,,,,,,,,,,,,,,,,,,,,,,,,,,,,,,,,,,,,,,,,,,,,,,,,,,,,,,,,,,,,,,,,,,,,,,,,,,,,,,,,,,,,,
,,,,,,576504,Industrial & MRO Supplies,General Hardware,Component,576504,576504,576504 65W Led BR40 Med 50k,-- Unbranded --,-- Unbranded --,,Phillips Lighting (5831),Phillips Lighting (5831),Phillips Lighting,,576504,,Industrial & MRO Supplies>General Hardware>Component,,,,,,,,,,,,,,,,,,,,,,,,,,,,,,,,Component,,,,,,,,,,,,,,,,,,,,,,,,,,,,,,,,,,,,,,,,,,,,,,,,,,,,,,,,,,,,,,,,,,,,,,,,,,,,,,,,,,,,,,,,,,,,,,,,,,,,,,,,,,,,,,,,,,,,,,,,,,,,,,,,,,,,,,,,,,,,,,,,,,,,,,,,,,,,,,,,,,,,,,,,,,,,,,,,,,,,,,,,,,,,,,,,,,,,,
,,,,,,576017,Industrial & MRO Supplies,General Hardware,Component,576017,576017,576017 100W Led Par30L Med 30k,-- Unbranded --,-- Unbranded --,,Phillips Lighting (5831),Phillips Lighting (5831),Phillips Lighting,,576017,,Industrial & MRO Supplies>General Hardware>Component,,,,,,,,,,,,,,,,,,,,,,,,,,,,,,,,Component,,,,,,,,,,,,,,,,,,,,,,,,,,,,,,,,,,,,,,,,,,,,,,,,,,,,,,,,,,,,,,,,,,,,,,,,,,,,,,,,,,,,,,,,,,,,,,,,,,,,,,,,,,,,,,,,,,,,,,,,,,,,,,,,,,,,,,,,,,,,,,,,,,,,,,,,,,,,,,,,,,,,,,,,,,,,,,,,,,,,,,,,,,,,,,,,,,,,,
,,,,,,574392,Industrial & MRO Supplies,General Hardware,Component,574392,574392,574392 40W Led B11 Med 27k 3pk,-- Unbranded --,-- Unbranded --,,Phillips Lighting (5831),Phillips Lighting (5831),Phillips Lighting,,574392,,Industrial & MRO Supplies>General Hardware>Component,,,,,,,,,,,,,,,,,,,,,,,,,,,,,,,,Component,Package Quantity,3pk,,,,,,,,,,,,,,,,,,,,,,,,,,,,,,,,,,,,,,,,,,,,,,,,,,,,,,,,,,,,,,,,,,,,,,,,,,,,,,,,,,,,,,,,,,,,,,,,,,,,,,,,,,,,,,,,,,,,,,,,,,,,,,,,,,,,,,,,,,,,,,,,,,,,,,,,,,,,,,,,,,,,,,,,,,,,,,,,,,,,,,,,,,,,,,,,,,,
,,,,,,576751,Industrial & MRO Supplies,General Hardware,Component,576751,576751,576751 65W Led BR30 Med 3pk,-- Unbranded --,-- Unbranded --,,Phillips Lighting (5831),Phillips Lighting (5831),Phillips Lighting,,576751,,Industrial & MRO Supplies>General Hardware>Component,,,,,,,,,,,,,,,,,,,,,,,,,,,,,,,,Component,Package Quantity,3pk,,,,,,,,,,,,,,,,,,,,,,,,,,,,,,,,,,,,,,,,,,,,,,,,,,,,,,,,,,,,,,,,,,,,,,,,,,,,,,,,,,,,,,,,,,,,,,,,,,,,,,,,,,,,,,,,,,,,,,,,,,,,,,,,,,,,,,,,,,,,,,,,,,,,,,,,,,,,,,,,,,,,,,,,,,,,,,,,,,,,,,,,,,,,,,,,,,,
,,,,,,583161,Industrial & MRO Supplies,General Hardware,Component,583161,583161,583161 Led 65W Med BR30 3pk,-- Unbranded --,-- Unbranded --,,Phillips Lighting (5831),Phillips Lighting (5831),Phillips Lighting,,583161,,Industrial & MRO Supplies>General Hardware>Component,,,,,,,,,,,,,,,,,,,,,,,,,,,,,,,,Component,Package Quantity,3pk,,,,,,,,,,,,,,,,,,,,,,,,,,,,,,,,,,,,,,,,,,,,,,,,,,,,,,,,,,,,,,,,,,,,,,,,,,,,,,,,,,,,,,,,,,,,,,,,,,,,,,,,,,,,,,,,,,,,,,,,,,,,,,,,,,,,,,,,,,,,,,,,,,,,,,,,,,,,,,,,,,,,,,,,,,,,,,,,,,,,,,,,,,,,,,,,,,,
,,,,,,566695,Industrial & MRO Supplies,General Hardware,Component,566695,566695,566695 60W Led Med 27k 3pk,-- Unbranded --,-- Unbranded --,,Phillips Lighting (5831),Phillips Lighting (5831),Phillips Lighting,,566695,,Industrial & MRO Supplies>General Hardware>Component,,,,,,,,,,,,,,,,,,,,,,,,,,,,,,,,Component,Package Quantity,3pk,,,,,,,,,,,,,,,,,,,,,,,,,,,,,,,,,,,,,,,,,,,,,,,,,,,,,,,,,,,,,,,,,,,,,,,,,,,,,,,,,,,,,,,,,,,,,,,,,,,,,,,,,,,,,,,,,,,,,,,,,,,,,,,,,,,,,,,,,,,,,,,,,,,,,,,,,,,,,,,,,,,,,,,,,,,,,,,,,,,,,,,,,,,,,,,,,,,
,,,,,,577007,Industrial & MRO Supplies,General Hardware,Component,577007,577007,577007 125W Led Med 30k Flood,-- Unbranded --,-- Unbranded --,,Phillips Lighting (5831),Phillips Lighting (5831),Phillips Lighting,,577007,,Industrial & MRO Supplies>General Hardware>Component,,,,,,,,,,,,,,,,,,,,,,,,,,,,,,,,Component,,,,,,,,,,,,,,,,,,,,,,,,,,,,,,,,,,,,,,,,,,,,,,,,,,,,,,,,,,,,,,,,,,,,,,,,,,,,,,,,,,,,,,,,,,,,,,,,,,,,,,,,,,,,,,,,,,,,,,,,,,,,,,,,,,,,,,,,,,,,,,,,,,,,,,,,,,,,,,,,,,,,,,,,,,,,,,,,,,,,,,,,,,,,,,,,,,,,,
,,,,,,566653,Industrial & MRO Supplies,General Hardware,Component,566653,566653,566653 25W Led Cand 27k 3pk,-- Unbranded --,-- Unbranded --,,Phillips Lighting (5831),Phillips Lighting (5831),Phillips Lighting,,566653,,Industrial & MRO Supplies>General Hardware>Component,,,,,,,,,,,,,,,,,,,,,,,,,,,,,,,,Component,Package Quantity,3pk,,,,,,,,,,,,,,,,,,,,,,,,,,,,,,,,,,,,,,,,,,,,,,,,,,,,,,,,,,,,,,,,,,,,,,,,,,,,,,,,,,,,,,,,,,,,,,,,,,,,,,,,,,,,,,,,,,,,,,,,,,,,,,,,,,,,,,,,,,,,,,,,,,,,,,,,,,,,,,,,,,,,,,,,,,,,,,,,,,,,,,,,,,,,,,,,,,,
,,,,,,566679,Industrial & MRO Supplies,General Hardware,Component,566679,566679,566679 40W Led Med 27k 3pk,-- Unbranded --,-- Unbranded --,,Phillips Lighting (5831),Phillips Lighting (5831),Phillips Lighting,,566679,,Industrial & MRO Supplies>General Hardware>Component,,,,,,,,,,,,,,,,,,,,,,,,,,,,,,,,Component,Package Quantity,3pk,,,,,,,,,,,,,,,,,,,,,,,,,,,,,,,,,,,,,,,,,,,,,,,,,,,,,,,,,,,,,,,,,,,,,,,,,,,,,,,,,,,,,,,,,,,,,,,,,,,,,,,,,,,,,,,,,,,,,,,,,,,,,,,,,,,,,,,,,,,,,,,,,,,,,,,,,,,,,,,,,,,,,,,,,,,,,,,,,,,,,,,,,,,,,,,,,,,
,,,,,,573311,Industrial & MRO Supplies,General Hardware,Component,573311,573311,573311 60W Led Med 27k 2pk,-- Unbranded --,-- Unbranded --,,Phillips Lighting (5831),Phillips Lighting (5831),Phillips Lighting,,573311,,Industrial & MRO Supplies>General Hardware>Component,,,,,,,,,,,,,,,,,,,,,,,,,,,,,,,,Component,Package Quantity,2pk,,,,,,,,,,,,,,,,,,,,,,,,,,,,,,,,,,,,,,,,,,,,,,,,,,,,,,,,,,,,,,,,,,,,,,,,,,,,,,,,,,,,,,,,,,,,,,,,,,,,,,,,,,,,,,,,,,,,,,,,,,,,,,,,,,,,,,,,,,,,,,,,,,,,,,,,,,,,,,,,,,,,,,,,,,,,,,,,,,,,,,,,,,,,,,,,,,,
,,,,,,573394,Industrial & MRO Supplies,General Hardware,Component,573394,573394,573394 60W Led Cand 27k 2pk,-- Unbranded --,-- Unbranded --,,Phillips Lighting (5831),Phillips Lighting (5831),Phillips Lighting,,573394,,Industrial & MRO Supplies>General Hardware>Component,,,,,,,,,,,,,,,,,,,,,,,,,,,,,,,,Component,Package Quantity,2pk,,,,,,,,,,,,,,,,,,,,,,,,,,,,,,,,,,,,,,,,,,,,,,,,,,,,,,,,,,,,,,,,,,,,,,,,,,,,,,,,,,,,,,,,,,,,,,,,,,,,,,,,,,,,,,,,,,,,,,,,,,,,,,,,,,,,,,,,,,,,,,,,,,,,,,,,,,,,,,,,,,,,,,,,,,,,,,,,,,,,,,,,,,,,,,,,,,,
,,,,,,573329,Industrial & MRO Supplies,General Hardware,Component,573329,573329,573329 60W Cand Led 27k 2pk,-- Unbranded --,-- Unbranded --,,Phillips Lighting (5831),Phillips Lighting (5831),Phillips Lighting,,573329,,Industrial & MRO Supplies>General Hardware>Component,,,,,,,,,,,,,,,,,,,,,,,,,,,,,,,,Component,Package Quantity,2pk,,,,,,,,,,,,,,,,,,,,,,,,,,,,,,,,,,,,,,,,,,,,,,,,,,,,,,,,,,,,,,,,,,,,,,,,,,,,,,,,,,,,,,,,,,,,,,,,,,,,,,,,,,,,,,,,,,,,,,,,,,,,,,,,,,,,,,,,,,,,,,,,,,,,,,,,,,,,,,,,,,,,,,,,,,,,,,,,,,,,,,,,,,,,,,,,,,,
,,,,,,564930,Industrial & MRO Supplies,General Hardware,Component,564930,564930,564930 40W Cand Led 50k 3pk,-- Unbranded --,-- Unbranded --,,Phillips Lighting (5831),Phillips Lighting (5831),Phillips Lighting,,564930,,Industrial & MRO Supplies>General Hardware>Component,,,,,,,,,,,,,,,,,,,,,,,,,,,,,,,,Component,Package Quantity,3pk,,,,,,,,,,,,,,,,,,,,,,,,,,,,,,,,,,,,,,,,,,,,,,,,,,,,,,,,,,,,,,,,,,,,,,,,,,,,,,,,,,,,,,,,,,,,,,,,,,,,,,,,,,,,,,,,,,,,,,,,,,,,,,,,,,,,,,,,,,,,,,,,,,,,,,,,,,,,,,,,,,,,,,,,,,,,,,,,,,,,,,,,,,,,,,,,,,,
,,,,,,565000,Industrial & MRO Supplies,General Hardware,Component,565000,565000,565000 60W Led Med 27k 2pk,-- Unbranded --,-- Unbranded --,,Phillips Lighting (5831),Phillips Lighting (5831),Phillips Lighting,,565000,,Industrial & MRO Supplies>General Hardware>Component,,,,,,,,,,,,,,,,,,,,,,,,,,,,,,,,Component,Package Quantity,2pk,,,,,,,,,,,,,,,,,,,,,,,,,,,,,,,,,,,,,,,,,,,,,,,,,,,,,,,,,,,,,,,,,,,,,,,,,,,,,,,,,,,,,,,,,,,,,,,,,,,,,,,,,,,,,,,,,,,,,,,,,,,,,,,,,,,,,,,,,,,,,,,,,,,,,,,,,,,,,,,,,,,,,,,,,,,,,,,,,,,,,,,,,,,,,,,,,,,
,,,,,,564922,Industrial & MRO Supplies,General Hardware,Component,564922,564922,564922 60W Led BA11 50k 3pk,-- Unbranded --,-- Unbranded --,,Phillips Lighting (5831),Phillips Lighting (5831),Phillips Lighting,,564922,,Industrial & MRO Supplies>General Hardware>Component,,,,,,,,,,,,,,,,,,,,,,,,,,,,,,,,Component,Package Quantity,3pk,,,,,,,,,,,,,,,,,,,,,,,,,,,,,,,,,,,,,,,,,,,,,,,,,,,,,,,,,,,,,,,,,,,,,,,,,,,,,,,,,,,,,,,,,,,,,,,,,,,,,,,,,,,,,,,,,,,,,,,,,,,,,,,,,,,,,,,,,,,,,,,,,,,,,,,,,,,,,,,,,,,,,,,,,,,,,,,,,,,,,,,,,,,,,,,,,,,
,,,,,,573295,Industrial & MRO Supplies,General Hardware,Component,573295,573295,573295 40W Led Med 27k 2pk,-- Unbranded --,-- Unbranded --,,Phillips Lighting (5831),Phillips Lighting (5831),Phillips Lighting,,573295,,Industrial & MRO Supplies>General Hardware>Component,,,,,,,,,,,,,,,,,,,,,,,,,,,,,,,,Component,Package Quantity,2pk,,,,,,,,,,,,,,,,,,,,,,,,,,,,,,,,,,,,,,,,,,,,,,,,,,,,,,,,,,,,,,,,,,,,,,,,,,,,,,,,,,,,,,,,,,,,,,,,,,,,,,,,,,,,,,,,,,,,,,,,,,,,,,,,,,,,,,,,,,,,,,,,,,,,,,,,,,,,,,,,,,,,,,,,,,,,,,,,,,,,,,,,,,,,,,,,,,,
,,,,,,564914,Industrial & MRO Supplies,General Hardware,Component,564914,564914,564914 60W Med Led 50k 2pk,-- Unbranded --,-- Unbranded --,,Phillips Lighting (5831),Phillips Lighting (5831),Phillips Lighting,,564914,,Industrial & MRO Supplies>General Hardware>Component,,,,,,,,,,,,,,,,,,,,,,,,,,,,,,,,Component,Package Quantity,2pk,,,,,,,,,,,,,,,,,,,,,,,,,,,,,,,,,,,,,,,,,,,,,,,,,,,,,,,,,,,,,,,,,,,,,,,,,,,,,,,,,,,,,,,,,,,,,,,,,,,,,,,,,,,,,,,,,,,,,,,,,,,,,,,,,,,,,,,,,,,,,,,,,,,,,,,,,,,,,,,,,,,,,,,,,,,,,,,,,,,,,,,,,,,,,,,,,,,
,,,,,,573485,Industrial & MRO Supplies,General Hardware,Component,573485,573485,573485 60W Led A19 Med 50k 2pk,-- Unbranded --,-- Unbranded --,,Phillips Lighting (5831),Phillips Lighting (5831),Phillips Lighting,,573485,,Industrial & MRO Supplies>General Hardware>Component,,,,,,,,,,,,,,,,,,,,,,,,,,,,,,,,Component,Package Quantity,2pk,,,,,,,,,,,,,,,,,,,,,,,,,,,,,,,,,,,,,,,,,,,,,,,,,,,,,,,,,,,,,,,,,,,,,,,,,,,,,,,,,,,,,,,,,,,,,,,,,,,,,,,,,,,,,,,,,,,,,,,,,,,,,,,,,,,,,,,,,,,,,,,,,,,,,,,,,,,,,,,,,,,,,,,,,,,,,,,,,,,,,,,,,,,,,,,,,,,
,,,,,,573337,Industrial & MRO Supplies,General Hardware,Component,573337,573337,573337 40W Led G25 Med 50k 2pk,-- Unbranded --,-- Unbranded --,,Phillips Lighting (5831),Phillips Lighting (5831),Phillips Lighting,,573337,,Industrial & MRO Supplies>General Hardware>Component,,,,,,,,,,,,,,,,,,,,,,,,,,,,,,,,Component,Package Quantity,2pk,,,,,,,,,,,,,,,,,,,,,,,,,,,,,,,,,,,,,,,,,,,,,,,,,,,,,,,,,,,,,,,,,,,,,,,,,,,,,,,,,,,,,,,,,,,,,,,,,,,,,,,,,,,,,,,,,,,,,,,,,,,,,,,,,,,,,,,,,,,,,,,,,,,,,,,,,,,,,,,,,,,,,,,,,,,,,,,,,,,,,,,,,,,,,,,,,,,
,,,,,,544874,Industrial & MRO Supplies,General Hardware,Component,544874,544874,544874 32W Led T8 UBulb 40k,-- Unbranded --,-- Unbranded --,,Phillips Lighting (5831),Phillips Lighting (5831),Phillips Lighting,,544874,,Industrial & MRO Supplies>General Hardware>Component,,,,,,,,,,,,,,,,,,,,,,,,,,,,,,,,Component,,,,,,,,,,,,,,,,,,,,,,,,,,,,,,,,,,,,,,,,,,,,,,,,,,,,,,,,,,,,,,,,,,,,,,,,,,,,,,,,,,,,,,,,,,,,,,,,,,,,,,,,,,,,,,,,,,,,,,,,,,,,,,,,,,,,,,,,,,,,,,,,,,,,,,,,,,,,,,,,,,,,,,,,,,,,,,,,,,,,,,,,,,,,,,,,,,,,,
,,,,,,570846,Industrial & MRO Supplies,General Hardware,Component,570846,570846,570846 50W Led Med 22K 2pk,-- Unbranded --,-- Unbranded --,,Phillips Lighting (5831),Phillips Lighting (5831),Phillips Lighting,,570846,,Industrial & MRO Supplies>General Hardware>Component,,,,,,,,,,,,,,,,,,,,,,,,,,,,,,,,Component,Package Quantity,2pk,,,,,,,,,,,,,,,,,,,,,,,,,,,,,,,,,,,,,,,,,,,,,,,,,,,,,,,,,,,,,,,,,,,,,,,,,,,,,,,,,,,,,,,,,,,,,,,,,,,,,,,,,,,,,,,,,,,,,,,,,,,,,,,,,,,,,,,,,,,,,,,,,,,,,,,,,,,,,,,,,,,,,,,,,,,,,,,,,,,,,,,,,,,,,,,,,,,
,,,,,,565473,Industrial & MRO Supplies,General Hardware,Component,565473,565473,565473 60W Led A19 Bulb 2pk,-- Unbranded --,-- Unbranded --,,Phillips Lighting (5831),Phillips Lighting (5831),Phillips Lighting,,565473,,Industrial & MRO Supplies>General Hardware>Component,,,,,,,,,,,,,,,,,,,,,,,,,,,,,,,,Component,Package Quantity,2pk,,,,,,,,,,,,,,,,,,,,,,,,,,,,,,,,,,,,,,,,,,,,,,,,,,,,,,,,,,,,,,,,,,,,,,,,,,,,,,,,,,,,,,,,,,,,,,,,,,,,,,,,,,,,,,,,,,,,,,,,,,,,,,,,,,,,,,,,,,,,,,,,,,,,,,,,,,,,,,,,,,,,,,,,,,,,,,,,,,,,,,,,,,,,,,,,,,,
,,,,,,573402,Industrial & MRO Supplies,General Hardware,Component,573402,573402,573402 60W Led Med 50k 2pk,-- Unbranded --,-- Unbranded --,,Phillips Lighting (5831),Phillips Lighting (5831),Phillips Lighting,,573402,,Industrial & MRO Supplies>General Hardware>Component,,,,,,,,,,,,,,,,,,,,,,,,,,,,,,,,Component,Package Quantity,2pk,,,,,,,,,,,,,,,,,,,,,,,,,,,,,,,,,,,,,,,,,,,,,,,,,,,,,,,,,,,,,,,,,,,,,,,,,,,,,,,,,,,,,,,,,,,,,,,,,,,,,,,,,,,,,,,,,,,,,,,,,,,,,,,,,,,,,,,,,,,,,,,,,,,,,,,,,,,,,,,,,,,,,,,,,,,,,,,,,,,,,,,,,,,,,,,,,,,
,,,,,,573352,Industrial & MRO Supplies,General Hardware,Component,573352,573352,573352 40W Led Med 27k 2pk,-- Unbranded --,-- Unbranded --,,Phillips Lighting (5831),Phillips Lighting (5831),Phillips Lighting,,573352,,Industrial & MRO Supplies>General Hardware>Component,,,,,,,,,,,,,,,,,,,,,,,,,,,,,,,,Component,Package Quantity,2pk,,,,,,,,,,,,,,,,,,,,,,,,,,,,,,,,,,,,,,,,,,,,,,,,,,,,,,,,,,,,,,,,,,,,,,,,,,,,,,,,,,,,,,,,,,,,,,,,,,,,,,,,,,,,,,,,,,,,,,,,,,,,,,,,,,,,,,,,,,,,,,,,,,,,,,,,,,,,,,,,,,,,,,,,,,,,,,,,,,,,,,,,,,,,,,,,,,,
,,,,,,573428,Industrial & MRO Supplies,General Hardware,Component,573428,573428,573428 40W Med Led 50k 2pk,-- Unbranded --,-- Unbranded --,,Phillips Lighting (5831),Phillips Lighting (5831),Phillips Lighting,,573428,,Industrial & MRO Supplies>General Hardware>Component,,,,,,,,,,,,,,,,,,,,,,,,,,,,,,,,Component,Package Quantity,2pk,,,,,,,,,,,,,,,,,,,,,,,,,,,,,,,,,,,,,,,,,,,,,,,,,,,,,,,,,,,,,,,,,,,,,,,,,,,,,,,,,,,,,,,,,,,,,,,,,,,,,,,,,,,,,,,,,,,,,,,,,,,,,,,,,,,,,,,,,,,,,,,,,,,,,,,,,,,,,,,,,,,,,,,,,,,,,,,,,,,,,,,,,,,,,,,,,,,
,,,,,,573386,Industrial & MRO Supplies,General Hardware,Component,573386,573386,573386 60W Led Med 27k 2pk,-- Unbranded --,-- Unbranded --,,Phillips Lighting (5831),Phillips Lighting (5831),Phillips Lighting,,573386,,Industrial & MRO Supplies>General Hardware>Component,,,,,,,,,,,,,,,,,,,,,,,,,,,,,,,,Component,Package Quantity,2pk,,,,,,,,,,,,,,,,,,,,,,,,,,,,,,,,,,,,,,,,,,,,,,,,,,,,,,,,,,,,,,,,,,,,,,,,,,,,,,,,,,,,,,,,,,,,,,,,,,,,,,,,,,,,,,,,,,,,,,,,,,,,,,,,,,,,,,,,,,,,,,,,,,,,,,,,,,,,,,,,,,,,,,,,,,,,,,,,,,,,,,,,,,,,,,,,,,,
,,,,,,564948,Industrial & MRO Supplies,General Hardware,Component,564948,564948,564948 40W Led Med 50k 3pk,-- Unbranded --,-- Unbranded --,,Phillips Lighting (5831),Phillips Lighting (5831),Phillips Lighting,,564948,,Industrial & MRO Supplies>General Hardware>Component,,,,,,,,,,,,,,,,,,,,,,,,,,,,,,,,Component,Package Quantity,3pk,,,,,,,,,,,,,,,,,,,,,,,,,,,,,,,,,,,,,,,,,,,,,,,,,,,,,,,,,,,,,,,,,,,,,,,,,,,,,,,,,,,,,,,,,,,,,,,,,,,,,,,,,,,,,,,,,,,,,,,,,,,,,,,,,,,,,,,,,,,,,,,,,,,,,,,,,,,,,,,,,,,,,,,,,,,,,,,,,,,,,,,,,,,,,,,,,,,
,,,,,,573303,Industrial & MRO Supplies,General Hardware,Component,573303,573303,573303 40W Led Cand 27k 2pk,-- Unbranded --,-- Unbranded --,,Phillips Lighting (5831),Phillips Lighting (5831),Phillips Lighting,,573303,,Industrial & MRO Supplies>General Hardware>Component,,,,,,,,,,,,,,,,,,,,,,,,,,,,,,,,Component,Package Quantity,2pk,,,,,,,,,,,,,,,,,,,,,,,,,,,,,,,,,,,,,,,,,,,,,,,,,,,,,,,,,,,,,,,,,,,,,,,,,,,,,,,,,,,,,,,,,,,,,,,,,,,,,,,,,,,,,,,,,,,,,,,,,,,,,,,,,,,,,,,,,,,,,,,,,,,,,,,,,,,,,,,,,,,,,,,,,,,,,,,,,,,,,,,,,,,,,,,,,,,
,,,,,,573188,Industrial & MRO Supplies,General Hardware,Component,573188,573188,573188 250W Led Par38 Med 50k,-- Unbranded --,-- Unbranded --,,Phillips Lighting (5831),Phillips Lighting (5831),Phillips Lighting,,573188,,Industrial & MRO Supplies>General Hardware>Component,,,,,,,,,,,,,,,,,,,,,,,,,,,,,,,,Component,,,,,,,,,,,,,,,,,,,,,,,,,,,,,,,,,,,,,,,,,,,,,,,,,,,,,,,,,,,,,,,,,,,,,,,,,,,,,,,,,,,,,,,,,,,,,,,,,,,,,,,,,,,,,,,,,,,,,,,,,,,,,,,,,,,,,,,,,,,,,,,,,,,,,,,,,,,,,,,,,,,,,,,,,,,,,,,,,,,,,,,,,,,,,,,,,,,,,
,,,,,,573469,Industrial & MRO Supplies,General Hardware,Component,573469,573469,573469 40W Led A19 Med 50k 2pk,-- Unbranded --,-- Unbranded --,,Phillips Lighting (5831),Phillips Lighting (5831),Phillips Lighting,,573469,,Industrial & MRO Supplies>General Hardware>Component,,,,,,,,,,,,,,,,,,,,,,,,,,,,,,,,Component,Package Quantity,2pk,,,,,,,,,,,,,,,,,,,,,,,,,,,,,,,,,,,,,,,,,,,,,,,,,,,,,,,,,,,,,,,,,,,,,,,,,,,,,,,,,,,,,,,,,,,,,,,,,,,,,,,,,,,,,,,,,,,,,,,,,,,,,,,,,,,,,,,,,,,,,,,,,,,,,,,,,,,,,,,,,,,,,,,,,,,,,,,,,,,,,,,,,,,,,,,,,,,
,,,,,,565671,Industrial & MRO Supplies,General Hardware,Component,565671,565671,565671 25W Led Med 20K,-- Unbranded --,-- Unbranded --,,Phillips Lighting (5831),Phillips Lighting (5831),Phillips Lighting,,565671,,Industrial & MRO Supplies>General Hardware>Component,,,,,,,,,,,,,,,,,,,,,,,,,,,,,,,,Component,,,,,,,,,,,,,,,,,,,,,,,,,,,,,,,,,,,,,,,,,,,,,,,,,,,,,,,,,,,,,,,,,,,,,,,,,,,,,,,,,,,,,,,,,,,,,,,,,,,,,,,,,,,,,,,,,,,,,,,,,,,,,,,,,,,,,,,,,,,,,,,,,,,,,,,,,,,,,,,,,,,,,,,,,,,,,,,,,,,,,,,,,,,,,,,,,,,,,
,,,,,,573204,Industrial & MRO Supplies,General Hardware,Component,573204,573204,573204 75W Led Par20 Med 50k,-- Unbranded --,-- Unbranded --,,Phillips Lighting (5831),Phillips Lighting (5831),Phillips Lighting,,573204,,Industrial & MRO Supplies>General Hardware>Component,,,,,,,,,,,,,,,,,,,,,,,,,,,,,,,,Component,,,,,,,,,,,,,,,,,,,,,,,,,,,,,,,,,,,,,,,,,,,,,,,,,,,,,,,,,,,,,,,,,,,,,,,,,,,,,,,,,,,,,,,,,,,,,,,,,,,,,,,,,,,,,,,,,,,,,,,,,,,,,,,,,,,,,,,,,,,,,,,,,,,,,,,,,,,,,,,,,,,,,,,,,,,,,,,,,,,,,,,,,,,,,,,,,,,,,
,,,,,,581199,Industrial & MRO Supplies,General Hardware,Component,581199,581199,581199 60W Led Med 2pk,-- Unbranded --,-- Unbranded --,,Phillips Lighting (5831),Phillips Lighting (5831),Phillips Lighting,,581199,,Industrial & MRO Supplies>General Hardware>Component,,,,,,,,,,,,,,,,,,,,,,,,,,,,,,,,Component,Package Quantity,2pk,,,,,,,,,,,,,,,,,,,,,,,,,,,,,,,,,,,,,,,,,,,,,,,,,,,,,,,,,,,,,,,,,,,,,,,,,,,,,,,,,,,,,,,,,,,,,,,,,,,,,,,,,,,,,,,,,,,,,,,,,,,,,,,,,,,,,,,,,,,,,,,,,,,,,,,,,,,,,,,,,,,,,,,,,,,,,,,,,,,,,,,,,,,,,,,,,,,
,,,,,,565887,Industrial & MRO Supplies,General Hardware,Component,565887,565887,565887 60W Led Med 20k,-- Unbranded --,-- Unbranded --,,Phillips Lighting (5831),Phillips Lighting (5831),Phillips Lighting,,565887,,Industrial & MRO Supplies>General Hardware>Component,,,,,,,,,,,,,,,,,,,,,,,,,,,,,,,,Component,,,,,,,,,,,,,,,,,,,,,,,,,,,,,,,,,,,,,,,,,,,,,,,,,,,,,,,,,,,,,,,,,,,,,,,,,,,,,,,,,,,,,,,,,,,,,,,,,,,,,,,,,,,,,,,,,,,,,,,,,,,,,,,,,,,,,,,,,,,,,,,,,,,,,,,,,,,,,,,,,,,,,,,,,,,,,,,,,,,,,,,,,,,,,,,,,,,,,
,,,,,,586867,Industrial & MRO Supplies,General Hardware,Component,586867,586867,586867 60W Led Med 27K,-- Unbranded --,-- Unbranded --,,Phillips Lighting (5831),Phillips Lighting (5831),Phillips Lighting,,586867,,Industrial & MRO Supplies>General Hardware>Component,,,,,,,,,,,,,,,,,,,,,,,,,,,,,,,,Component,,,,,,,,,,,,,,,,,,,,,,,,,,,,,,,,,,,,,,,,,,,,,,,,,,,,,,,,,,,,,,,,,,,,,,,,,,,,,,,,,,,,,,,,,,,,,,,,,,,,,,,,,,,,,,,,,,,,,,,,,,,,,,,,,,,,,,,,,,,,,,,,,,,,,,,,,,,,,,,,,,,,,,,,,,,,,,,,,,,,,,,,,,,,,,,,,,,,,
,,,,,,568451,Industrial & MRO Supplies,General Hardware,Component,568451,568451,5686451 50W Led Med 50k 2pk,-- Unbranded --,-- Unbranded --,,Phillips Lighting (5831),Phillips Lighting (5831),Phillips Lighting,,568451,,Industrial & MRO Supplies>General Hardware>Component,,,,,,,,,,,,,,,,,,,,,,,,,,,,,,,,Component,Package Quantity,2pk,,,,,,,,,,,,,,,,,,,,,,,,,,,,,,,,,,,,,,,,,,,,,,,,,,,,,,,,,,,,,,,,,,,,,,,,,,,,,,,,,,,,,,,,,,,,,,,,,,,,,,,,,,,,,,,,,,,,,,,,,,,,,,,,,,,,,,,,,,,,,,,,,,,,,,,,,,,,,,,,,,,,,,,,,,,,,,,,,,,,,,,,,,,,,,,,,,,
,,,,,,568444,Industrial & MRO Supplies,General Hardware,Component,568444,568444,568444 90W Led Par38 50k 2pk,-- Unbranded --,-- Unbranded --,,Phillips Lighting (5831),Phillips Lighting (5831),Phillips Lighting,,568444,,Industrial & MRO Supplies>General Hardware>Component,,,,,,,,,,,,,,,,,,,,,,,,,,,,,,,,Component,Package Quantity,2pk,,,,,,,,,,,,,,,,,,,,,,,,,,,,,,,,,,,,,,,,,,,,,,,,,,,,,,,,,,,,,,,,,,,,,,,,,,,,,,,,,,,,,,,,,,,,,,,,,,,,,,,,,,,,,,,,,,,,,,,,,,,,,,,,,,,,,,,,,,,,,,,,,,,,,,,,,,,,,,,,,,,,,,,,,,,,,,,,,,,,,,,,,,,,,,,,,,,
,,,,,,573196,Industrial & MRO Supplies,General Hardware,Component,573196,573196,573196 75W Led Med 30K,-- Unbranded --,-- Unbranded --,,Phillips Lighting (5831),Phillips Lighting (5831),Phillips Lighting,,573196,,Industrial & MRO Supplies>General Hardware>Component,,,,,,,,,,,,,,,,,,,,,,,,,,,,,,,,Component,,,,,,,,,,,,,,,,,,,,,,,,,,,,,,,,,,,,,,,,,,,,,,,,,,,,,,,,,,,,,,,,,,,,,,,,,,,,,,,,,,,,,,,,,,,,,,,,,,,,,,,,,,,,,,,,,,,,,,,,,,,,,,,,,,,,,,,,,,,,,,,,,,,,,,,,,,,,,,,,,,,,,,,,,,,,,,,,,,,,,,,,,,,,,,,,,,,,,
,,,,,,564500,Industrial & MRO Supplies,General Hardware,Component,564500,564500,564500 75W Adj Base 50k 3pk,-- Unbranded --,-- Unbranded --,,Phillips Lighting (5831),Phillips Lighting (5831),Phillips Lighting,,564500,,Industrial & MRO Supplies>General Hardware>Component,,,,,,,,,,,,,,,,,,,,,,,,,,,,,,,,Component,Package Quantity,3pk,,,,,,,,,,,,,,,,,,,,,,,,,,,,,,,,,,,,,,,,,,,,,,,,,,,,,,,,,,,,,,,,,,,,,,,,,,,,,,,,,,,,,,,,,,,,,,,,,,,,,,,,,,,,,,,,,,,,,,,,,,,,,,,,,,,,,,,,,,,,,,,,,,,,,,,,,,,,,,,,,,,,,,,,,,,,,,,,,,,,,,,,,,,,,,,,,,,
,,,,,,571513,Industrial & MRO Supplies,General Hardware,Component,571513,571513,571513 40/60/100 Led Med 27k,-- Unbranded --,-- Unbranded --,,Phillips Lighting (5831),Phillips Lighting (5831),Phillips Lighting,,571513,,Industrial & MRO Supplies>General Hardware>Component,,,,,,,,,,,,,,,,,,,,,,,,,,,,,,,,Component,,,,,,,,,,,,,,,,,,,,,,,,,,,,,,,,,,,,,,,,,,,,,,,,,,,,,,,,,,,,,,,,,,,,,,,,,,,,,,,,,,,,,,,,,,,,,,,,,,,,,,,,,,,,,,,,,,,,,,,,,,,,,,,,,,,,,,,,,,,,,,,,,,,,,,,,,,,,,,,,,,,,,,,,,,,,,,,,,,,,,,,,,,,,,,,,,,,,,
,,,,,,588566,Industrial & MRO Supplies,General Hardware,Component,588566,588566,588566 40W Led Med 55k 3pk,-- Unbranded --,-- Unbranded --,,Phillips Lighting (5831),Phillips Lighting (5831),Phillips Lighting,,588566,,Industrial & MRO Supplies>General Hardware>Component,,,,,,,,,,,,,,,,,,,,,,,,,,,,,,,,Component,Package Quantity,3pk,,,,,,,,,,,,,,,,,,,,,,,,,,,,,,,,,,,,,,,,,,,,,,,,,,,,,,,,,,,,,,,,,,,,,,,,,,,,,,,,,,,,,,,,,,,,,,,,,,,,,,,,,,,,,,,,,,,,,,,,,,,,,,,,,,,,,,,,,,,,,,,,,,,,,,,,,,,,,,,,,,,,,,,,,,,,,,,,,,,,,,,,,,,,,,,,,,,
,,,,,,565655,Industrial & MRO Supplies,General Hardware,Component,565655,565655,565655 25W Led A15 Med 20k,-- Unbranded --,-- Unbranded --,,Phillips Lighting (5831),Phillips Lighting (5831),Phillips Lighting,,565655,,Industrial & MRO Supplies>General Hardware>Component,,,,,,,,,,,,,,,,,,,,,,,,,,,,,,,,Component,,,,,,,,,,,,,,,,,,,,,,,,,,,,,,,,,,,,,,,,,,,,,,,,,,,,,,,,,,,,,,,,,,,,,,,,,,,,,,,,,,,,,,,,,,,,,,,,,,,,,,,,,,,,,,,,,,,,,,,,,,,,,,,,,,,,,,,,,,,,,,,,,,,,,,,,,,,,,,,,,,,,,,,,,,,,,,,,,,,,,,,,,,,,,,,,,,,,,
,,,,,,565812,Industrial & MRO Supplies,General Hardware,Component,565812,565812,565812 60W Med Led 50k,-- Unbranded --,-- Unbranded --,,Phillips Lighting (5831),Phillips Lighting (5831),Phillips Lighting,,565812,,Industrial & MRO Supplies>General Hardware>Component,,,,,,,,,,,,,,,,,,,,,,,,,,,,,,,,Component,,,,,,,,,,,,,,,,,,,,,,,,,,,,,,,,,,,,,,,,,,,,,,,,,,,,,,,,,,,,,,,,,,,,,,,,,,,,,,,,,,,,,,,,,,,,,,,,,,,,,,,,,,,,,,,,,,,,,,,,,,,,,,,,,,,,,,,,,,,,,,,,,,,,,,,,,,,,,,,,,,,,,,,,,,,,,,,,,,,,,,,,,,,,,,,,,,,,,
,,,,,,586917,Industrial & MRO Supplies,General Hardware,Component,586917,586917,586917 40W Led Cand 27K 2pk,-- Unbranded --,-- Unbranded --,,Phillips Lighting (5831),Phillips Lighting (5831),Phillips Lighting,,586917,,Industrial & MRO Supplies>General Hardware>Component,,,,,,,,,,,,,,,,,,,,,,,,,,,,,,,,Component,Package Quantity,2pk,,,,,,,,,,,,,,,,,,,,,,,,,,,,,,,,,,,,,,,,,,,,,,,,,,,,,,,,,,,,,,,,,,,,,,,,,,,,,,,,,,,,,,,,,,,,,,,,,,,,,,,,,,,,,,,,,,,,,,,,,,,,,,,,,,,,,,,,,,,,,,,,,,,,,,,,,,,,,,,,,,,,,,,,,,,,,,,,,,,,,,,,,,,,,,,,,,,
,,,,,,46719,Industrial & MRO Supplies,General Hardware,Component,46719,46719,49719 Wall Light Motion Wh,-- Unbranded --,-- Unbranded --,,Maxsa Innovations (MAXIN),Maxsa Innovations (MAXIN),Maxsa Innovations,,46719,,Industrial & MRO Supplies>General Hardware>Component,,,,,,,,,,,,,,,,,,,,,,,,,,,,,,,,Component,,,,,,,,,,,,,,,,,,,,,,,,,,,,,,,,,,,,,,,,,,,,,,,,,,,,,,,,,,,,,,,,,,,,,,,,,,,,,,,,,,,,,,,,,,,,,,,,,,,,,,,,,,,,,,,,,,,,,,,,,,,,,,,,,,,,,,,,,,,,,,,,,,,,,,,,,,,,,,,,,,,,,,,,,,,,,,,,,,,,,,,,,,,,,,,,,,,,,
,,,,,,59061BSL,Industrial & MRO Supplies,General Hardware,Component,59061BSL,59061BSL,59061BSL Kichler Ext Wall Lt,-- Unbranded --,-- Unbranded --,,Kichler Lighting (KICLI),Kichler Lighting (KICLI),Kichler Lighting,,59061BSL,,Industrial & MRO Supplies>General Hardware>Component,,,,,,,,,,,,,,,,,,,,,,,,,,,,,,,,Component,,,,,,,,,,,,,,,,,,,,,,,,,,,,,,,,,,,,,,,,,,,,,,,,,,,,,,,,,,,,,,,,,,,,,,,,,,,,,,,,,,,,,,,,,,,,,,,,,,,,,,,,,,,,,,,,,,,,,,,,,,,,,,,,,,,,,,,,,,,,,,,,,,,,,,,,,,,,,,,,,,,,,,,,,,,,,,,,,,,,,,,,,,,,,,,,,,,,,
,,,,,,59062BSL,Industrial & MRO Supplies,General Hardware,Component,59062BSL,59062BSL,59062BSL Kichler Ext Wall Lt,-- Unbranded --,-- Unbranded --,,Kichler Lighting (KICLI),Kichler Lighting (KICLI),Kichler Lighting,,59062BSL,,Industrial & MRO Supplies>General Hardware>Component,,,,,,,,,,,,,,,,,,,,,,,,,,,,,,,,Component,,,,,,,,,,,,,,,,,,,,,,,,,,,,,,,,,,,,,,,,,,,,,,,,,,,,,,,,,,,,,,,,,,,,,,,,,,,,,,,,,,,,,,,,,,,,,,,,,,,,,,,,,,,,,,,,,,,,,,,,,,,,,,,,,,,,,,,,,,,,,,,,,,,,,,,,,,,,,,,,,,,,,,,,,,,,,,,,,,,,,,,,,,,,,,,,,,,,,
,,,,,,59124BKT,Industrial & MRO Supplies,General Hardware,Component,59124BKT,59124BKT,59124BKT Kichler Ext Wall Lt,-- Unbranded --,-- Unbranded --,,Kichler Lighting (KICLI),Kichler Lighting (KICLI),Kichler Lighting,,59124BKT,,Industrial & MRO Supplies>General Hardware>Component,,,,,,,,,,,,,,,,,,,,,,,,,,,,,,,,Component,,,,,,,,,,,,,,,,,,,,,,,,,,,,,,,,,,,,,,,,,,,,,,,,,,,,,,,,,,,,,,,,,,,,,,,,,,,,,,,,,,,,,,,,,,,,,,,,,,,,,,,,,,,,,,,,,,,,,,,,,,,,,,,,,,,,,,,,,,,,,,,,,,,,,,,,,,,,,,,,,,,,,,,,,,,,,,,,,,,,,,,,,,,,,,,,,,,,,
,,,,,,59025BK,Industrial & MRO Supplies,General Hardware,Component,59025BK,59025BK,59025BK Kichler Post Lt,-- Unbranded --,-- Unbranded --,,Kichler Lighting (KICLI),Kichler Lighting (KICLI),Kichler Lighting,,59025BK,,Industrial & MRO Supplies>General Hardware>Component,,,,,,,,,,,,,,,,,,,,,,,,,,,,,,,,Component,,,,,,,,,,,,,,,,,,,,,,,,,,,,,,,,,,,,,,,,,,,,,,,,,,,,,,,,,,,,,,,,,,,,,,,,,,,,,,,,,,,,,,,,,,,,,,,,,,,,,,,,,,,,,,,,,,,,,,,,,,,,,,,,,,,,,,,,,,,,,,,,,,,,,,,,,,,,,,,,,,,,,,,,,,,,,,,,,,,,,,,,,,,,,,,,,,,,,
,,,,,,DCL183,Industrial & MRO Supplies,General Hardware,Component,DCL183,DCL183,Dewalt DCL183 Light - Rechargeable,-- Unbranded --,-- Unbranded --,,Black & Decker/dewlt (2585),Black & Decker/dewlt (2585),DeWalt,,DCL183,,Industrial & MRO Supplies>General Hardware>Component,,,,,,,,,,,,,,,,,,,,,,,,,,,,,,,,Component,,,,,,,,,,,,,,,,,,,,,,,,,,,,,,,,,,,,,,,,,,,,,,,,,,,,,,,,,,,,,,,,,,,,,,,,,,,,,,,,,,,,,,,,,,,,,,,,,,,,,,,,,,,,,,,,,,,,,,,,,,,,,,,,,,,,,,,,,,,,,,,,,,,,,,,,,,,,,,,,,,,,,,,,,,,,,,,,,,,,,,,,,,,,,,,,,,,,,
,,,,,,73020,Industrial & MRO Supplies,General Hardware,Component,73020,73020,73020 Nano Clip Light Bk,-- Unbranded --,-- Unbranded --,,Streamlight (7277),Streamlight (7277),Streamlight,,73020,,Industrial & MRO Supplies>General Hardware>Component,,,,,,,,,,,,,,,,,,,,,,,,,,,,,,,,Component,,,,,,,,,,,,,,,,,,,,,,,,,,,,,,,,,,,,,,,,,,,,,,,,,,,,,,,,,,,,,,,,,,,,,,,,,,,,,,,,,,,,,,,,,,,,,,,,,,,,,,,,,,,,,,,,,,,,,,,,,,,,,,,,,,,,,,,,,,,,,,,,,,,,,,,,,,,,,,,,,,,,,,,,,,,,,,,,,,,,,,,,,,,,,,,,,,,,,
,,,,,,NEB-FLT-1021,Industrial & MRO Supplies,General Hardware,Component,NEB-FLT-1021,NEB-FLT-1021,NEBFLT1021 Slyde King FlashLt,-- Unbranded --,-- Unbranded --,,ACG Brands (1154),ACG Brands (1154),ACG Brands,,NEB-FLT-1021,,Industrial & MRO Supplies>General Hardware>Component,,,,,,,,,,,,,,,,,,,,,,,,,,,,,,,,Component,,,,,,,,,,,,,,,,,,,,,,,,,,,,,,,,,,,,,,,,,,,,,,,,,,,,,,,,,,,,,,,,,,,,,,,,,,,,,,,,,,,,,,,,,,,,,,,,,,,,,,,,,,,,,,,,,,,,,,,,,,,,,,,,,,,,,,,,,,,,,,,,,,,,,,,,,,,,,,,,,,,,,,,,,,,,,,,,,,,,,,,,,,,,,,,,,,,,,
,,,,,,NEB-FLT-0053,Industrial & MRO Supplies,General Hardware,Component,NEB-FLT-0053,NEB-FLT-0053,NEBFLT0053 2600L Flash Light,-- Unbranded --,-- Unbranded --,,ACG Brands (1154),ACG Brands (1154),ACG Brands,,NEB-FLT-0053,,Industrial & MRO Supplies>General Hardware>Component,,,,,,,,,,,,,,,,,,,,,,,,,,,,,,,,Component,,,,,,,,,,,,,,,,,,,,,,,,,,,,,,,,,,,,,,,,,,,,,,,,,,,,,,,,,,,,,,,,,,,,,,,,,,,,,,,,,,,,,,,,,,,,,,,,,,,,,,,,,,,,,,,,,,,,,,,,,,,,,,,,,,,,,,,,,,,,,,,,,,,,,,,,,,,,,,,,,,,,,,,,,,,,,,,,,,,,,,,,,,,,,,,,,,,,,
,,,,,,97708,Industrial & MRO Supplies,General Hardware,Component,97708,97708,97708 Police 800L Headlight,-- Unbranded --,-- Unbranded --,,Police Security (9470),Police Security (9470),Police Security,,97708,,Industrial & MRO Supplies>General Hardware>Component,,,,,,,,,,,,,,,,,,,,,,,,,,,,,,,,Component,,,,,,,,,,,,,,,,,,,,,,,,,,,,,,,,,,,,,,,,,,,,,,,,,,,,,,,,,,,,,,,,,,,,,,,,,,,,,,,,,,,,,,,,,,,,,,,,,,,,,,,,,,,,,,,,,,,,,,,,,,,,,,,,,,,,,,,,,,,,,,,,,,,,,,,,,,,,,,,,,,,,,,,,,,,,,,,,,,,,,,,,,,,,,,,,,,,,,
,,,,,,WORK6000XLTPPLUG,Industrial & MRO Supplies,General Hardware,Component,WORK6000XLTPPLUG,WORK6000XLTPPLUG,6000L Twin Head Work Light,-- Unbranded --,-- Unbranded --,,Feit Electric (3468),Feit Electric (3468),Feit Electric,,WORK6000XLTPPLUG,,Industrial & MRO Supplies>General Hardware>Component,,,,,,,,,,,,,,,,,,,,,,,,,,,,,,,,Component,,,,,,,,,,,,,,,,,,,,,,,,,,,,,,,,,,,,,,,,,,,,,,,,,,,,,,,,,,,,,,,,,,,,,,,,,,,,,,,,,,,,,,,,,,,,,,,,,,,,,,,,,,,,,,,,,,,,,,,,,,,,,,,,,,,,,,,,,,,,,,,,,,,,,,,,,,,,,,,,,,,,,,,,,,,,,,,,,,,,,,,,,,,,,,,,,,,,,
,,,,,,HOM2040M200PRB,Industrial & MRO Supplies,General Hardware,Component,HOM2040M200PRB,HOM2040M200PRB,HOM2040M200PRB 200A Load Cntr,-- Unbranded --,-- Unbranded --,,Square D Con Prod Dv (6825),Square D Con Prod Dv (6825),Square D Con Prod Dv,,HOM2040M200PRB,,Industrial & MRO Supplies>General Hardware>Component,,,,,,,,,,,,,,,,,,,,,,,,,,,,,,,,Component,,,,,,,,,,,,,,,,,,,,,,,,,,,,,,,,,,,,,,,,,,,,,,,,,,,,,,,,,,,,,,,,,,,,,,,,,,,,,,,,,,,,,,,,,,,,,,,,,,,,,,,,,,,,,,,,,,,,,,,,,,,,,,,,,,,,,,,,,,,,,,,,,,,,,,,,,,,,,,,,,,,,,,,,,,,,,,,,,,,,,,,,,,,,,,,,,,,,,
,,,,,,HOM3060L225PGC,Industrial & MRO Supplies,General Hardware,Component,HOM3060L225PGC,HOM3060L225PGC,HOM3060L225PGC 225 Load Center,-- Unbranded --,-- Unbranded --,,Square D Con Prod Dv (6825),Square D Con Prod Dv (6825),Square D Con Prod Dv,,HOM3060L225PGC,,Industrial & MRO Supplies>General Hardware>Component,,,,,,,,,,,,,,,,,,,,,,,,,,,,,,,,Component,,,,,,,,,,,,,,,,,,,,,,,,,,,,,,,,,,,,,,,,,,,,,,,,,,,,,,,,,,,,,,,,,,,,,,,,,,,,,,,,,,,,,,,,,,,,,,,,,,,,,,,,,,,,,,,,,,,,,,,,,,,,,,,,,,,,,,,,,,,,,,,,,,,,,,,,,,,,,,,,,,,,,,,,,,,,,,,,,,,,,,,,,,,,,,,,,,,,,
,,,,,,QO612L100RBCP,Industrial & MRO Supplies,General Hardware,Component,QO612L100RBCP,QO612L100RBCP,QO612L100RBCP 100A Load Center,-- Unbranded --,-- Unbranded --,,Square D Con Prod Dv (6825),Square D Con Prod Dv (6825),Square D Con Prod Dv,,QO612L100RBCP,,Industrial & MRO Supplies>General Hardware>Component,,,,,,,,,,,,,,,,,,,,,,,,,,,,,,,,Component,,,,,,,,,,,,,,,,,,,,,,,,,,,,,,,,,,,,,,,,,,,,,,,,,,,,,,,,,,,,,,,,,,,,,,,,,,,,,,,,,,,,,,,,,,,,,,,,,,,,,,,,,,,,,,,,,,,,,,,,,,,,,,,,,,,,,,,,,,,,,,,,,,,,,,,,,,,,,,,,,,,,,,,,,,,,,,,,,,,,,,,,,,,,,,,,,,,,,
,,,,,,13093005,Industrial & MRO Supplies,General Hardware,Component,13093005,13093005,4/0 Aluminum Entrance Cable (Linear Foot),-- Unbranded --,-- Unbranded --,,Southwire/g Turner (6603),Southwire/g Turner (6603),Southwire/g Turner,,13093005,,Industrial & MRO Supplies>General Hardware>Component,,,,,,,,,,,,,,,,,,,,,,,,,,,,,,,,Component,,,,,,,,,,,,,,,,,,,,,,,,,,,,,,,,,,,,,,,,,,,,,,,,,,,,,,,,,,,,,,,,,,,,,,,,,,,,,,,,,,,,,,,,,,,,,,,,,,,,,,,,,,,,,,,,,,,,,,,,,,,,,,,,,,,,,,,,,,,,,,,,,,,,,,,,,,,,,,,,,,,,,,,,,,,,,,,,,,,,,,,,,,,,,,,,,,,,,
,,,,,,12-4 SO,Industrial & MRO Supplies,General Hardware,Component,12-4 SO,12-4 SO,12-4 SO Cord (Linear Foot),-- Unbranded --,-- Unbranded --,,-,-,-,,12-4 SO,,Industrial & MRO Supplies>General Hardware>Component,,,,,,,,,,,,,,,,,,,,,,,,,,,,,,,,Component,,,,,,,,,,,,,,,,,,,,,,,,,,,,,,,,,,,,,,,,,,,,,,,,,,,,,,,,,,,,,,,,,,,,,,,,,,,,,,,,,,,,,,,,,,,,,,,,,,,,,,,,,,,,,,,,,,,,,,,,,,,,,,,,,,,,,,,,,,,,,,,,,,,,,,,,,,,,,,,,,,,,,,,,,,,,,,,,,,,,,,,,,,,,,,,,,,,,,
,,,,,,96263-46-06,Industrial & MRO Supplies,General Hardware,Component,96263-46-06,96263-46-06,96263-46-06 CAT5E Wire (Linear Foot),-- Unbranded --,-- Unbranded --,,Woods Wire Southwire (7579),Woods Wire Southwire (7579),Woods Wire Southwire,,96263-46-06,,Industrial & MRO Supplies>General Hardware>Component,,,,,,,,,,,,,,,,,,,,,,,,,,,,,,,,Component,,,,,,,,,,,,,,,,,,,,,,,,,,,,,,,,,,,,,,,,,,,,,,,,,,,,,,,,,,,,,,,,,,,,,,,,,,,,,,,,,,,,,,,,,,,,,,,,,,,,,,,,,,,,,,,,,,,,,,,,,,,,,,,,,,,,,,,,,,,,,,,,,,,,,,,,,,,,,,,,,,,,,,,,,,,,,,,,,,,,,,,,,,,,,,,,,,,,,
,,,,,,R50003-ID,Industrial & MRO Supplies,General Hardware,Component,R50003-ID,R50003-ID,16-2 Stranded Wire CL3 500' (Linear Foot),-- Unbranded --,-- Unbranded --,,Southwire/g Turner (6603),Southwire/g Turner (6603),Southwire/g Turner,,R50003-ID,,Industrial & MRO Supplies>General Hardware>Component,,,,,,,,,,,,,,,,,,,,,,,,,,,,,,,,Component,,,,,,,,,,,,,,,,,,,,,,,,,,,,,,,,,,,,,,,,,,,,,,,,,,,,,,,,,,,,,,,,,,,,,,,,,,,,,,,,,,,,,,,,,,,,,,,,,,,,,,,,,,,,,,,,,,,,,,,,,,,,,,,,,,,,,,,,,,,,,,,,,,,,,,,,,,,,,,,,,,,,,,,,,,,,,,,,,,,,,,,,,,,,,,,,,,,,,
,,,,,,10-4 SO,Industrial & MRO Supplies,General Hardware,Component,10-4 SO,10-4 SO,10-4 SO Cord (Linear Foot),-- Unbranded --,-- Unbranded --,,Southwire/g Turner (6603),Southwire/g Turner (6603),Southwire/g Turner,,10-4 SO,,Industrial & MRO Supplies>General Hardware>Component,,,,,,,,,,,,,,,,,,,,,,,,,,,,,,,,Component,,,,,,,,,,,,,,,,,,,,,,,,,,,,,,,,,,,,,,,,,,,,,,,,,,,,,,,,,,,,,,,,,,,,,,,,,,,,,,,,,,,,,,,,,,,,,,,,,,,,,,,,,,,,,,,,,,,,,,,,,,,,,,,,,,,,,,,,,,,,,,,,,,,,,,,,,,,,,,,,,,,,,,,,,,,,,,,,,,,,,,,,,,,,,,,,,,,,,
,,,,,,23346-0408,Industrial & MRO Supplies,General Hardware,Component,23346-0408,23346-0408,23346-0408 Wire 16/3 SJEWA 250 (Linear Foot),-- Unbranded --,-- Unbranded --,,-,-,-,,23346-0408,,Industrial & MRO Supplies>General Hardware>Component,,,,,,,,,,,,,,,,,,,,,,,,,,,,,,,,Component,,,,,,,,,,,,,,,,,,,,,,,,,,,,,,,,,,,,,,,,,,,,,,,,,,,,,,,,,,,,,,,,,,,,,,,,,,,,,,,,,,,,,,,,,,,,,,,,,,,,,,,,,,,,,,,,,,,,,,,,,,,,,,,,,,,,,,,,,,,,,,,,,,,,,,,,,,,,,,,,,,,,,,,,,,,,,,,,,,,,,,,,,,,,,,,,,,,,,
,,,,,,2/2/4 UD ALUM,Industrial & MRO Supplies,General Hardware,Component,2/2/4 UD ALUM,2/2/4 UD ALUM,2/2/4 UD Aluminum Triplex Wire (Linear Foot),-- Unbranded --,-- Unbranded --,,Southwire/g Turner (6603),Southwire/g Turner (6603),Southwire/g Turner,,2/2/4 UD ALUM,,Industrial & MRO Supplies>General Hardware>Component,,,,,,,,,,,,,,,,,,,,,,,,,,,,,,,,Component,,,,,,,,,,,,,,,,,,,,,,,,,,,,,,,,,,,,,,,,,,,,,,,,,,,,,,,,,,,,,,,,,,,,,,,,,,,,,,,,,,,,,,,,,,,,,,,,,,,,,,,,,,,,,,,,,,,,,,,,,,,,,,,,,,,,,,,,,,,,,,,,,,,,,,,,,,,,,,,,,,,,,,,,,,,,,,,,,,,,,,,,,,,,,,,,,,,,,
,,,,,,55418901,Industrial & MRO Supplies,General Hardware,Component,55418901,55418901,6/6/6 UD Triplex Aluminum Wire,-- Unbranded --,-- Unbranded --,,Southwire/g Turner (6603),Southwire/g Turner (6603),Southwire/g Turner,,55418901,,Industrial & MRO Supplies>General Hardware>Component,,,,,,,,,,,,,,,,,,,,,,,,,,,,,,,,Component,,,,,,,,,,,,,,,,,,,,,,,,,,,,,,,,,,,,,,,,,,,,,,,,,,,,,,,,,,,,,,,,,,,,,,,,,,,,,,,,,,,,,,,,,,,,,,,,,,,,,,,,,,,,,,,,,,,,,,,,,,,,,,,,,,,,,,,,,,,,,,,,,,,,,,,,,,,,,,,,,,,,,,,,,,,,,,,,,,,,,,,,,,,,,,,,,,,,,
,,,,,,CG50K,Industrial & MRO Supplies,General Hardware,Component,CG50K,CG50K,"CG50K 1/2"" Cord Grip Kit",-- Unbranded --,-- Unbranded --,,Fenton Bros Electric Inc (FENBR),Fenton Bros Electric Inc (FENBR),Fenton Bros Electric Inc,,CG50K,,Industrial & MRO Supplies>General Hardware>Component,,,,,,,,,,,,,,,,,,,,,,,,,,,,,,,,Component,,,,,,,,,,,,,,,,,,,,,,,,,,,,,,,,,,,,,,,,,,,,,,,,,,,,,,,,,,,,,,,,,,,,,,,,,,,,,,,,,,,,,,,,,,,,,,,,,,,,,,,,,,,,,,,,,,,,,,,,,,,,,,,,,,,,,,,,,,,,,,,,,,,,,,,,,,,,,,,,,,,,,,,,,,,,,,,,,,,,,,,,,,,,,,,,,,,,,
,,,,,,R02-D215P-1RW,Industrial & MRO Supplies,General Hardware,Component,R02-D215P-1RW,R02-D215P-1RW,R02D215P1RW 15A Mini Outlet Wh,-- Unbranded --,-- Unbranded --,,Leviton Mfg Co (4927),Leviton Mfg Co (4927),Leviton Mfg Co,,R02-D215P-1RW,,Industrial & MRO Supplies>General Hardware>Component,,,,,,,,,,,,,,,,,,,,,,,,,,,,,,,,Component,,,,,,,,,,,,,,,,,,,,,,,,,,,,,,,,,,,,,,,,,,,,,,,,,,,,,,,,,,,,,,,,,,,,,,,,,,,,,,,,,,,,,,,,,,,,,,,,,,,,,,,,,,,,,,,,,,,,,,,,,,,,,,,,,,,,,,,,,,,,,,,,,,,,,,,,,,,,,,,,,,,,,,,,,,,,,,,,,,,,,,,,,,,,,,,,,,,,,
,,,,,,PBUC013,Industrial & MRO Supplies,General Hardware,Component,PBUC013,PBUC013,PBUC013 15A Wall Tap w/USB,-- Unbranded --,-- Unbranded --,,Prime Wire & Cable (3562),Prime Wire & Cable (3562),Prime Wire & Cable,,PBUC013,,Industrial & MRO Supplies>General Hardware>Component,,,,,,,,,,,,,,,,,,,,,,,,,,,,,,,,Component,,,,,,,,,,,,,,,,,,,,,,,,,,,,,,,,,,,,,,,,,,,,,,,,,,,,,,,,,,,,,,,,,,,,,,,,,,,,,,,,,,,,,,,,,,,,,,,,,,,,,,,,,,,,,,,,,,,,,,,,,,,,,,,,,,,,,,,,,,,,,,,,,,,,,,,,,,,,,,,,,,,,,,,,,,,,,,,,,,,,,,,,,,,,,,,,,,,,,
,,,,,,R00-GFNT1-00K,Industrial & MRO Supplies,General Hardware,Component,R00-GFNT1-00K,R00-GFNT1-00K,R00GFNT100K 15A Outlet Br,-- Unbranded --,-- Unbranded --,,Leviton Mfg Co (4927),Leviton Mfg Co (4927),Leviton Mfg Co,,R00-GFNT1-00K,,Industrial & MRO Supplies>General Hardware>Component,,,,,,,,,,,,,,,,,,,,,,,,,,,,,,,,Component,,,,,,,,,,,,,,,,,,,,,,,,,,,,,,,,,,,,,,,,,,,,,,,,,,,,,,,,,,,,,,,,,,,,,,,,,,,,,,,,,,,,,,,,,,,,,,,,,,,,,,,,,,,,,,,,,,,,,,,,,,,,,,,,,,,,,,,,,,,,,,,,,,,,,,,,,,,,,,,,,,,,,,,,,,,,,,,,,,,,,,,,,,,,,,,,,,,,,
,,,,,,R92-GFWT1-0KW,Industrial & MRO Supplies,General Hardware,Component,R92-GFWT1-0KW,R92-GFWT1-0KW,R92GFWT10KW 15A GFCI Outlet Wh,-- Unbranded --,-- Unbranded --,,Leviton Mfg Co (4927),Leviton Mfg Co (4927),Leviton Mfg Co,,R92-GFWT1-0KW,,Industrial & MRO Supplies>General Hardware>Component,,,,,,,,,,,,,,,,,,,,,,,,,,,,,,,,Component,,,,,,,,,,,,,,,,,,,,,,,,,,,,,,,,,,,,,,,,,,,,,,,,,,,,,,,,,,,,,,,,,,,,,,,,,,,,,,,,,,,,,,,,,,,,,,,,,,,,,,,,,,,,,,,,,,,,,,,,,,,,,,,,,,,,,,,,,,,,,,,,,,,,,,,,,,,,,,,,,,,,,,,,,,,,,,,,,,,,,,,,,,,,,,,,,,,,,
,,,,,,R12-AGTR1-0KW,Industrial & MRO Supplies,General Hardware,Component,R12-AGTR1-0KW,R12-AGTR1-0KW,R12AGTR10KW 15A GFCI Outler Wh,-- Unbranded --,-- Unbranded --,,Leviton Mfg Co (4927),Leviton Mfg Co (4927),Leviton Mfg Co,,R12-AGTR1-0KW,,Industrial & MRO Supplies>General Hardware>Component,,,,,,,,,,,,,,,,,,,,,,,,,,,,,,,,Component,,,,,,,,,,,,,,,,,,,,,,,,,,,,,,,,,,,,,,,,,,,,,,,,,,,,,,,,,,,,,,,,,,,,,,,,,,,,,,,,,,,,,,,,,,,,,,,,,,,,,,,,,,,,,,,,,,,,,,,,,,,,,,,,,,,,,,,,,,,,,,,,,,,,,,,,,,,,,,,,,,,,,,,,,,,,,,,,,,,,,,,,,,,,,,,,,,,,,
,,,,,,R62-GFTA1-0KW,Industrial & MRO Supplies,General Hardware,Component,R62-GFTA1-0KW,R62-GFTA1-0KW,R92GFTA10KW 15A GFCI Outlet Wh,-- Unbranded --,-- Unbranded --,,Leviton Mfg Co (4927),Leviton Mfg Co (4927),Leviton Mfg Co,,R62-GFTA1-0KW,,Industrial & MRO Supplies>General Hardware>Component,,,,,,,,,,,,,,,,,,,,,,,,,,,,,,,,Component,,,,,,,,,,,,,,,,,,,,,,,,,,,,,,,,,,,,,,,,,,,,,,,,,,,,,,,,,,,,,,,,,,,,,,,,,,,,,,,,,,,,,,,,,,,,,,,,,,,,,,,,,,,,,,,,,,,,,,,,,,,,,,,,,,,,,,,,,,,,,,,,,,,,,,,,,,,,,,,,,,,,,,,,,,,,,,,,,,,,,,,,,,,,,,,,,,,,,
,,,,,,165-04729-00C,Industrial & MRO Supplies,General Hardware,Component,165-04729-00C,165-04729-00C,1650472900C 15A 125V Cord Conn,-- Unbranded --,-- Unbranded --,,Leviton Mfg Co (4927),Leviton Mfg Co (4927),Leviton Mfg Co,,165-04729-00C,,Industrial & MRO Supplies>General Hardware>Component,,,,,,,,,,,,,,,,,,,,,,,,,,,,,,,,Component,,,,,,,,,,,,,,,,,,,,,,,,,,,,,,,,,,,,,,,,,,,,,,,,,,,,,,,,,,,,,,,,,,,,,,,,,,,,,,,,,,,,,,,,,,,,,,,,,,,,,,,,,,,,,,,,,,,,,,,,,,,,,,,,,,,,,,,,,,,,,,,,,,,,,,,,,,,,,,,,,,,,,,,,,,,,,,,,,,,,,,,,,,,,,,,,,,,,,
,,,,,,161-04720-00C,Industrial & MRO Supplies,General Hardware,Component,161-04720-00C,161-04720-00C,1610472000C 15A 125V Cord Conn,-- Unbranded --,-- Unbranded --,,Leviton Mfg Co (4927),Leviton Mfg Co (4927),Leviton Mfg Co,,161-04720-00C,,Industrial & MRO Supplies>General Hardware>Component,,,,,,,,,,,,,,,,,,,,,,,,,,,,,,,,Component,,,,,,,,,,,,,,,,,,,,,,,,,,,,,,,,,,,,,,,,,,,,,,,,,,,,,,,,,,,,,,,,,,,,,,,,,,,,,,,,,,,,,,,,,,,,,,,,,,,,,,,,,,,,,,,,,,,,,,,,,,,,,,,,,,,,,,,,,,,,,,,,,,,,,,,,,,,,,,,,,,,,,,,,,,,,,,,,,,,,,,,,,,,,,,,,,,,,,
,,,,,,R02-GUAC1-0BW,Industrial & MRO Supplies,General Hardware,Component,R02-GUAC1-0BW,R02-GUAC1-0BW,R02GUAC10BW 15A/USB Outlet Wh,-- Unbranded --,-- Unbranded --,,Leviton Mfg Co (4927),Leviton Mfg Co (4927),Leviton Mfg Co,,R02-GUAC1-0BW,,Industrial & MRO Supplies>General Hardware>Component,,,,,,,,,,,,,,,,,,,,,,,,,,,,,,,,Component,,,,,,,,,,,,,,,,,,,,,,,,,,,,,,,,,,,,,,,,,,,,,,,,,,,,,,,,,,,,,,,,,,,,,,,,,,,,,,,,,,,,,,,,,,,,,,,,,,,,,,,,,,,,,,,,,,,,,,,,,,,,,,,,,,,,,,,,,,,,,,,,,,,,,,,,,,,,,,,,,,,,,,,,,,,,,,,,,,,,,,,,,,,,,,,,,,,,,
,,,,,,R56-CBR15-00T,Industrial & MRO Supplies,General Hardware,Component,R56-CBR15-00T,R56-CBR15-00T,R56CBR1500T 15A Outlet LA,-- Unbranded --,-- Unbranded --,,Leviton Mfg Co (4927),Leviton Mfg Co (4927),Leviton Mfg Co,,R56-CBR15-00T,,Industrial & MRO Supplies>General Hardware>Component,,,,,,,,,,,,,,,,,,,,,,,,,,,,,,,,Component,,,,,,,,,,,,,,,,,,,,,,,,,,,,,,,,,,,,,,,,,,,,,,,,,,,,,,,,,,,,,,,,,,,,,,,,,,,,,,,,,,,,,,,,,,,,,,,,,,,,,,,,,,,,,,,,,,,,,,,,,,,,,,,,,,,,,,,,,,,,,,,,,,,,,,,,,,,,,,,,,,,,,,,,,,,,,,,,,,,,,,,,,,,,,,,,,,,,,
,,,,,,R20-05378-P00,Industrial & MRO Supplies,General Hardware,Component,R20-05378-P00,R20-05378-P00,R2005378P00 6-50R Welder Outet,-- Unbranded --,-- Unbranded --,,Leviton Mfg Co (4927),Leviton Mfg Co (4927),Leviton Mfg Co,,R20-05378-P00,,Industrial & MRO Supplies>General Hardware>Component,,,,,,,,,,,,,,,,,,,,,,,,,,,,,,,,Component,,,,,,,,,,,,,,,,,,,,,,,,,,,,,,,,,,,,,,,,,,,,,,,,,,,,,,,,,,,,,,,,,,,,,,,,,,,,,,,,,,,,,,,,,,,,,,,,,,,,,,,,,,,,,,,,,,,,,,,,,,,,,,,,,,,,,,,,,,,,,,,,,,,,,,,,,,,,,,,,,,,,,,,,,,,,,,,,,,,,,,,,,,,,,,,,,,,,,
,,,,,,WC1V12W-SG-UPC,Industrial & MRO Supplies,General Hardware,Component,WC1V12W-SG-UPC,WC1V12W-SG-UPC,WC1V12WSGUPC 1G Cover Wh,-- Unbranded --,-- Unbranded --,,Southwire/g Turner (6603),Southwire/g Turner (6603),Southwire/g Turner,,WC1V12W-SG-UPC,,Industrial & MRO Supplies>General Hardware>Component,,,,,,,,,,,,,,,,,,,,,,,,,,,,,,,,Component,,,,,,,,,,,,,,,,,,,,,,,,,,,,,,,,,,,,,,,,,,,,,,,,,,,,,,,,,,,,,,,,,,,,,,,,,,,,,,,,,,,,,,,,,,,,,,,,,,,,,,,,,,,,,,,,,,,,,,,,,,,,,,,,,,,,,,,,,,,,,,,,,,,,,,,,,,,,,,,,,,,,,,,,,,,,,,,,,,,,,,,,,,,,,,,,,,,,,
,,,,,,R51-GSRA1-THD,Industrial & MRO Supplies,General Hardware,Component,R51-GSRA1-THD,R51-GSRA1-THD,R5GSRA1THD 15A GFCI Plug,-- Unbranded --,-- Unbranded --,,Leviton Mfg Co (4927),Leviton Mfg Co (4927),Leviton Mfg Co,,R51-GSRA1-THD,,Industrial & MRO Supplies>General Hardware>Component,,,,,,,,,,,,,,,,,,,,,,,,,,,,,,,,Component,,,,,,,,,,,,,,,,,,,,,,,,,,,,,,,,,,,,,,,,,,,,,,,,,,,,,,,,,,,,,,,,,,,,,,,,,,,,,,,,,,,,,,,,,,,,,,,,,,,,,,,,,,,,,,,,,,,,,,,,,,,,,,,,,,,,,,,,,,,,,,,,,,,,,,,,,,,,,,,,,,,,,,,,,,,,,,,,,,,,,,,,,,,,,,,,,,,,,
,,,,,,R62-CBR15-00W,Industrial & MRO Supplies,General Hardware,Component,R62-CBR15-00W,R62-CBR15-00W,R62CBR1500W 15A Outlet Wh,-- Unbranded --,-- Unbranded --,,Leviton Mfg Co (4927),Leviton Mfg Co (4927),Leviton Mfg Co,,R62-CBR15-00W,,Industrial & MRO Supplies>General Hardware>Component,,,,,,,,,,,,,,,,,,,,,,,,,,,,,,,,Component,,,,,,,,,,,,,,,,,,,,,,,,,,,,,,,,,,,,,,,,,,,,,,,,,,,,,,,,,,,,,,,,,,,,,,,,,,,,,,,,,,,,,,,,,,,,,,,,,,,,,,,,,,,,,,,,,,,,,,,,,,,,,,,,,,,,,,,,,,,,,,,,,,,,,,,,,,,,,,,,,,,,,,,,,,,,,,,,,,,,,,,,,,,,,,,,,,,,,
,,,,,,S03-05226-IS,Electrical & Power Controls,Electrical & Power Controls,Switch,S03-05226-IS,S03-05226-IS,S0305226IS IV Switch / Pilot,-- Unbranded --,-- Unbranded --,,Leviton Mfg Co (4927),Leviton Mfg Co (4927),Leviton Mfg Co,,S03-05226-IS,,Electrical & Power Controls>Electrical & Power Controls>Switch,,,,,,,,,,,,,,,,,,,,,,,,,,,,,,,,Switch,,,,,,,,,,,,,,,,,,,,,,,,,,,,,,,,,,,,,,,,,,,,,,,,,,,,,,,,,,,,,,,,,,,,,,,,,,,,,,,,,,,,,,,,,,,,,,,,,,,,,,,,,,,,,,,,,,,,,,,,,,,,,,,,,,,,,,,,,,,,,,,,,,,,,,,,,,,,,,,,,,,,,,,,,,,,,,,,,,,,,,,,,,,,,,,,,,,,,
,,,,,,174-0CSB3-15W,Electrical & Power Controls,Electrical & Power Controls,Switch,174-0CSB3-15W,174-0CSB3-15W,174-OCSB3-15A Toggle 3-Way Switch Wh,-- Unbranded --,-- Unbranded --,,Leviton Mfg Co (4927),Leviton Mfg Co (4927),Leviton Mfg Co,,174-0CSB3-15W,,Electrical & Power Controls>Electrical & Power Controls>Switch,,,,,,,,,,,,,,,,,,,,,,,,,,,,,,,,Switch,,,,,,,,,,,,,,,,,,,,,,,,,,,,,,,,,,,,,,,,,,,,,,,,,,,,,,,,,,,,,,,,,,,,,,,,,,,,,,,,,,,,,,,,,,,,,,,,,,,,,,,,,,,,,,,,,,,,,,,,,,,,,,,,,,,,,,,,,,,,,,,,,,,,,,,,,,,,,,,,,,,,,,,,,,,,,,,,,,,,,,,,,,,,,,,,,,,,,
,,,,,,R50-0SL13-000,Industrial & MRO Supplies,General Hardware,Component,R50-0SL13-000,R50-0SL13-000,T50-0SL13000 1G Wallplate SS - Blank,-- Unbranded --,-- Unbranded --,,Leviton Mfg Co (4927),Leviton Mfg Co (4927),Leviton Mfg Co,,R50-0SL13-000,,Industrial & MRO Supplies>General Hardware>Component,,,,,,,,,,,,,,,,,,,,,,,,,,,,,,,,Component,,,,,,,,,,,,,,,,,,,,,,,,,,,,,,,,,,,,,,,,,,,,,,,,,,,,,,,,,,,,,,,,,,,,,,,,,,,,,,,,,,,,,,,,,,,,,,,,,,,,,,,,,,,,,,,,,,,,,,,,,,,,,,,,,,,,,,,,,,,,,,,,,,,,,,,,,,,,,,,,,,,,,,,,,,,,,,,,,,,,,,,,,,,,,,,,,,,,,
,,,,,,R52-0PJ13-00W,Industrial & MRO Supplies,General Hardware,Component,R52-0PJ13-00W,R52-0PJ13-00W,R520PJ1300W 1G Wallplate Wh - Blank,-- Unbranded --,-- Unbranded --,,Leviton Mfg Co (4927),Leviton Mfg Co (4927),Leviton Mfg Co,,R52-0PJ13-00W,,Industrial & MRO Supplies>General Hardware>Component,,,,,,,,,,,,,,,,,,,,,,,,,,,,,,,,Component,,,,,,,,,,,,,,,,,,,,,,,,,,,,,,,,,,,,,,,,,,,,,,,,,,,,,,,,,,,,,,,,,,,,,,,,,,,,,,,,,,,,,,,,,,,,,,,,,,,,,,,,,,,,,,,,,,,,,,,,,,,,,,,,,,,,,,,,,,,,,,,,,,,,,,,,,,,,,,,,,,,,,,,,,,,,,,,,,,,,,,,,,,,,,,,,,,,,,
,,,,,,XOU2470BCGS,Industrial & MRO Supplies,General Hardware,Component,XOU2470BCGS,XOU2470BCGS,XOU2470BCGS Tall Beverage Center SS,-- Unbranded --,-- Unbranded --,,Appliance Dealers Cooperative (APPDE),Appliance Dealers Cooperative (APPDE),Appliance Dealers Cooperative,,XOU2470BCGS,,Industrial & MRO Supplies>General Hardware>Component,,,,,,,,,,,,,,,,,,,,,,,,,,,,,,,,Component,,,,,,,,,,,,,,,,,,,,,,,,,,,,,,,,,,,,,,,,,,,,,,,,,,,,,,,,,,,,,,,,,,,,,,,,,,,,,,,,,,,,,,,,,,,,,,,,,,,,,,,,,,,,,,,,,,,,,,,,,,,,,,,,,,,,,,,,,,,,,,,,,,,,,,,,,,,,,,,,,,,,,,,,,,,,,,,,,,,,,,,,,,,,,,,,,,,,,
,,,,,,XOU24BCGSR,Industrial & MRO Supplies,General Hardware,Component,XOU24BCGSR,XOU24BCGSR,XOU24BCGSR Beverage Center SS,-- Unbranded --,-- Unbranded --,,Appliance Dealers Cooperative (APPDE),Appliance Dealers Cooperative (APPDE),Appliance Dealers Cooperative,,XOU24BCGSR,,Industrial & MRO Supplies>General Hardware>Component,,,,,,,,,,,,,,,,,,,,,,,,,,,,,,,,Component,,,,,,,,,,,,,,,,,,,,,,,,,,,,,,,,,,,,,,,,,,,,,,,,,,,,,,,,,,,,,,,,,,,,,,,,,,,,,,,,,,,,,,,,,,,,,,,,,,,,,,,,,,,,,,,,,,,,,,,,,,,,,,,,,,,,,,,,,,,,,,,,,,,,,,,,,,,,,,,,,,,,,,,,,,,,,,,,,,,,,,,,,,,,,,,,,,,,,
,,,,,,XOU24WDZGBR,Industrial & MRO Supplies,General Hardware,Component,XOU24WDZGBR,XOU24WDZGBR,XOU24WDZGBR Beverage Center Bk,-- Unbranded --,-- Unbranded --,,Appliance Dealers Cooperative (APPDE),Appliance Dealers Cooperative (APPDE),Appliance Dealers Cooperative,,XOU24WDZGBR,,Industrial & MRO Supplies>General Hardware>Component,,,,,,,,,,,,,,,,,,,,,,,,,,,,,,,,Component,,,,,,,,,,,,,,,,,,,,,,,,,,,,,,,,,,,,,,,,,,,,,,,,,,,,,,,,,,,,,,,,,,,,,,,,,,,,,,,,,,,,,,,,,,,,,,,,,,,,,,,,,,,,,,,,,,,,,,,,,,,,,,,,,,,,,,,,,,,,,,,,,,,,,,,,,,,,,,,,,,,,,,,,,,,,,,,,,,,,,,,,,,,,,,,,,,,,,
,,,,,,C7CDAAS3PD3,Industrial & MRO Supplies,General Hardware,Component,C7CDAAS3PD3,C7CDAAS3PD3,C7CDAAS3PD3 Café Drip Coffee Maker MB,-- Unbranded --,-- Unbranded --,,Appliance Dealers Cooperative (APPDE),Appliance Dealers Cooperative (APPDE),Appliance Dealers Cooperative,,C7CDAAS3PD3,,Industrial & MRO Supplies>General Hardware>Component,,,,,,,,,,,,,,,,,,,,,,,,,,,,,,,,Component,,,,,,,,,,,,,,,,,,,,,,,,,,,,,,,,,,,,,,,,,,,,,,,,,,,,,,,,,,,,,,,,,,,,,,,,,,,,,,,,,,,,,,,,,,,,,,,,,,,,,,,,,,,,,,,,,,,,,,,,,,,,,,,,,,,,,,,,,,,,,,,,,,,,,,,,,,,,,,,,,,,,,,,,,,,,,,,,,,,,,,,,,,,,,,,,,,,,,
,,,,,,C7CDAAS4PW3,Industrial & MRO Supplies,General Hardware,Component,C7CDAAS4PW3,C7CDAAS4PW3,C7CDAAS4PW3 Café Drip Coffee Maker MW,-- Unbranded --,-- Unbranded --,,Appliance Dealers Cooperative (APPDE),Appliance Dealers Cooperative (APPDE),Appliance Dealers Cooperative,,C7CDAAS4PW3,,Industrial & MRO Supplies>General Hardware>Component,,,,,,,,,,,,,,,,,,,,,,,,,,,,,,,,Component,,,,,,,,,,,,,,,,,,,,,,,,,,,,,,,,,,,,,,,,,,,,,,,,,,,,,,,,,,,,,,,,,,,,,,,,,,,,,,,,,,,,,,,,,,,,,,,,,,,,,,,,,,,,,,,,,,,,,,,,,,,,,,,,,,,,,,,,,,,,,,,,,,,,,,,,,,,,,,,,,,,,,,,,,,,,,,,,,,,,,,,,,,,,,,,,,,,,,
,,,,,,C7CDABS2RS3,Industrial & MRO Supplies,General Hardware,Component,C7CDABS2RS3,C7CDABS2RS3,C7CDABS2RS3 Cafe Coffee Maker,-- Unbranded --,-- Unbranded --,,Appliance Dealers Cooperative (APPDE),Appliance Dealers Cooperative (APPDE),Appliance Dealers Cooperative,,C7CDABS2RS3,,Industrial & MRO Supplies>General Hardware>Component,,,,,,,,,,,,,,,,,,,,,,,,,,,,,,,,Component,,,,,,,,,,,,,,,,,,,,,,,,,,,,,,,,,,,,,,,,,,,,,,,,,,,,,,,,,,,,,,,,,,,,,,,,,,,,,,,,,,,,,,,,,,,,,,,,,,,,,,,,,,,,,,,,,,,,,,,,,,,,,,,,,,,,,,,,,,,,,,,,,,,,,,,,,,,,,,,,,,,,,,,,,,,,,,,,,,,,,,,,,,,,,,,,,,,,,
,,,,,,C7CDABS3RD3,Industrial & MRO Supplies,General Hardware,Component,C7CDABS3RD3,C7CDABS3RD3,C7CDABS3RD3 Café Coffee Maker MB,-- Unbranded --,-- Unbranded --,,Appliance Dealers Cooperative (APPDE),Appliance Dealers Cooperative (APPDE),Appliance Dealers Cooperative,,C7CDABS3RD3,,Industrial & MRO Supplies>General Hardware>Component,,,,,,,,,,,,,,,,,,,,,,,,,,,,,,,,Component,,,,,,,,,,,,,,,,,,,,,,,,,,,,,,,,,,,,,,,,,,,,,,,,,,,,,,,,,,,,,,,,,,,,,,,,,,,,,,,,,,,,,,,,,,,,,,,,,,,,,,,,,,,,,,,,,,,,,,,,,,,,,,,,,,,,,,,,,,,,,,,,,,,,,,,,,,,,,,,,,,,,,,,,,,,,,,,,,,,,,,,,,,,,,,,,,,,,,
,,,,,,C7CDABS4RW3,Industrial & MRO Supplies,General Hardware,Component,C7CDABS4RW3,C7CDABS4RW3,C7CDABS4RW3 Café Coffee Maker MW,-- Unbranded --,-- Unbranded --,,Appliance Dealers Cooperative (APPDE),Appliance Dealers Cooperative (APPDE),Appliance Dealers Cooperative,,C7CDABS4RW3,,Industrial & MRO Supplies>General Hardware>Component,,,,,,,,,,,,,,,,,,,,,,,,,,,,,,,,Component,,,,,,,,,,,,,,,,,,,,,,,,,,,,,,,,,,,,,,,,,,,,,,,,,,,,,,,,,,,,,,,,,,,,,,,,,,,,,,,,,,,,,,,,,,,,,,,,,,,,,,,,,,,,,,,,,,,,,,,,,,,,,,,,,,,,,,,,,,,,,,,,,,,,,,,,,,,,,,,,,,,,,,,,,,,,,,,,,,,,,,,,,,,,,,,,,,,,,
,,,,,,C7CEBBS2RS3,Industrial & MRO Supplies,General Hardware,Component,C7CEBBS2RS3,C7CEBBS2RS3,C7CEBBS2RS3 Cafe Auto Espresso Machine SS,-- Unbranded --,-- Unbranded --,,Appliance Dealers Cooperative (APPDE),Appliance Dealers Cooperative (APPDE),Appliance Dealers Cooperative,,C7CEBBS2RS3,,Industrial & MRO Supplies>General Hardware>Component,,,,,,,,,,,,,,,,,,,,,,,,,,,,,,,,Component,,,,,,,,,,,,,,,,,,,,,,,,,,,,,,,,,,,,,,,,,,,,,,,,,,,,,,,,,,,,,,,,,,,,,,,,,,,,,,,,,,,,,,,,,,,,,,,,,,,,,,,,,,,,,,,,,,,,,,,,,,,,,,,,,,,,,,,,,,,,,,,,,,,,,,,,,,,,,,,,,,,,,,,,,,,,,,,,,,,,,,,,,,,,,,,,,,,,,
,,,,,,C7CEBBS4RW3,Industrial & MRO Supplies,General Hardware,Component,C7CEBBS4RW3,C7CEBBS4RW3,C7CEBBS4RW3 Café Auto Espresso Machine Wh,-- Unbranded --,-- Unbranded --,,Appliance Dealers Cooperative (APPDE),Appliance Dealers Cooperative (APPDE),Appliance Dealers Cooperative,,C7CEBBS4RW3,,Industrial & MRO Supplies>General Hardware>Component,,,,,,,,,,,,,,,,,,,,,,,,,,,,,,,,Component,,,,,,,,,,,,,,,,,,,,,,,,,,,,,,,,,,,,,,,,,,,,,,,,,,,,,,,,,,,,,,,,,,,,,,,,,,,,,,,,,,,,,,,,,,,,,,,,,,,,,,,,,,,,,,,,,,,,,,,,,,,,,,,,,,,,,,,,,,,,,,,,,,,,,,,,,,,,,,,,,,,,,,,,,,,,,,,,,,,,,,,,,,,,,,,,,,,,,
,,,,,,C7CESAS2RS3,Industrial & MRO Supplies,General Hardware,Component,C7CESAS2RS3,C7CESAS2RS3,C7CESAS2RS3 Café Espresso SS,-- Unbranded --,-- Unbranded --,,Appliance Dealers Cooperative (APPDE),Appliance Dealers Cooperative (APPDE),Appliance Dealers Cooperative,,C7CESAS2RS3,,Industrial & MRO Supplies>General Hardware>Component,,,,,,,,,,,,,,,,,,,,,,,,,,,,,,,,Component,,,,,,,,,,,,,,,,,,,,,,,,,,,,,,,,,,,,,,,,,,,,,,,,,,,,,,,,,,,,,,,,,,,,,,,,,,,,,,,,,,,,,,,,,,,,,,,,,,,,,,,,,,,,,,,,,,,,,,,,,,,,,,,,,,,,,,,,,,,,,,,,,,,,,,,,,,,,,,,,,,,,,,,,,,,,,,,,,,,,,,,,,,,,,,,,,,,,,
,,,,,,C7CESAS3RD3,Industrial & MRO Supplies,General Hardware,Component,C7CESAS3RD3,C7CESAS3RD3,C7CESAS3RD3 Café Espresso Machine MB,-- Unbranded --,-- Unbranded --,,Appliance Dealers Cooperative (APPDE),Appliance Dealers Cooperative (APPDE),Appliance Dealers Cooperative,,C7CESAS3RD3,,Industrial & MRO Supplies>General Hardware>Component,,,,,,,,,,,,,,,,,,,,,,,,,,,,,,,,Component,,,,,,,,,,,,,,,,,,,,,,,,,,,,,,,,,,,,,,,,,,,,,,,,,,,,,,,,,,,,,,,,,,,,,,,,,,,,,,,,,,,,,,,,,,,,,,,,,,,,,,,,,,,,,,,,,,,,,,,,,,,,,,,,,,,,,,,,,,,,,,,,,,,,,,,,,,,,,,,,,,,,,,,,,,,,,,,,,,,,,,,,,,,,,,,,,,,,,
,,,,,,C7CESAS4RW3,Industrial & MRO Supplies,General Hardware,Component,C7CESAS4RW3,C7CESAS4RW3,C7CESAS4RW3 Cafe Espresso Wh,-- Unbranded --,-- Unbranded --,,Appliance Dealers Cooperative (APPDE),Appliance Dealers Cooperative (APPDE),Appliance Dealers Cooperative,,C7CESAS4RW3,,Industrial & MRO Supplies>General Hardware>Component,,,,,,,,,,,,,,,,,,,,,,,,,,,,,,,,Component,,,,,,,,,,,,,,,,,,,,,,,,,,,,,,,,,,,,,,,,,,,,,,,,,,,,,,,,,,,,,,,,,,,,,,,,,,,,,,,,,,,,,,,,,,,,,,,,,,,,,,,,,,,,,,,,,,,,,,,,,,,,,,,,,,,,,,,,,,,,,,,,,,,,,,,,,,,,,,,,,,,,,,,,,,,,,,,,,,,,,,,,,,,,,,,,,,,,,
,,,,,,WOSP30100SS,Industrial & MRO Supplies,General Hardware,Component,WOSP30100SS,WOSP30100SS,WOSP30100SS Beko Wall Oven SS,-- Unbranded --,-- Unbranded --,,Appliance Dealers Cooperative (APPDE),Appliance Dealers Cooperative (APPDE),Appliance Dealers Cooperative,,WOSP30100SS,,Industrial & MRO Supplies>General Hardware>Component,,,,,,,,,,,,,,,,,,,,,,,,,,,,,,,,Component,,,,,,,,,,,,,,,,,,,,,,,,,,,,,,,,,,,,,,,,,,,,,,,,,,,,,,,,,,,,,,,,,,,,,,,,,,,,,,,,,,,,,,,,,,,,,,,,,,,,,,,,,,,,,,,,,,,,,,,,,,,,,,,,,,,,,,,,,,,,,,,,,,,,,,,,,,,,,,,,,,,,,,,,,,,,,,,,,,,,,,,,,,,,,,,,,,,,,
,,,,,,MSER2090S,Industrial & MRO Supplies,General Hardware,Component,MSER2090S,MSER2090S,MSER2090S LG Microwave SS,-- Unbranded --,-- Unbranded --,,Appliance Dealers Cooperative (APPDE),Appliance Dealers Cooperative (APPDE),Appliance Dealers Cooperative,,MSER2090S,,Industrial & MRO Supplies>General Hardware>Component,,,,,,,,,,,,,,,,,,,,,,,,,,,,,,,,Component,,,,,,,,,,,,,,,,,,,,,,,,,,,,,,,,,,,,,,,,,,,,,,,,,,,,,,,,,,,,,,,,,,,,,,,,,,,,,,,,,,,,,,,,,,,,,,,,,,,,,,,,,,,,,,,,,,,,,,,,,,,,,,,,,,,,,,,,,,,,,,,,,,,,,,,,,,,,,,,,,,,,,,,,,,,,,,,,,,,,,,,,,,,,,,,,,,,,,
,,,,,,GCST16S1WSS,Industrial & MRO Supplies,General Hardware,Component,GCST16S1WSS,GCST16S1WSS,GCST16S1WSS GE Microwave SS,-- Unbranded --,-- Unbranded --,,Appliance Dealers Cooperative (APPDE),Appliance Dealers Cooperative (APPDE),Appliance Dealers Cooperative,,GCST16S1WSS,,Industrial & MRO Supplies>General Hardware>Component,,,,,,,,,,,,,,,,,,,,,,,,,,,,,,,,Component,,,,,,,,,,,,,,,,,,,,,,,,,,,,,,,,,,,,,,,,,,,,,,,,,,,,,,,,,,,,,,,,,,,,,,,,,,,,,,,,,,,,,,,,,,,,,,,,,,,,,,,,,,,,,,,,,,,,,,,,,,,,,,,,,,,,,,,,,,,,,,,,,,,,,,,,,,,,,,,,,,,,,,,,,,,,,,,,,,,,,,,,,,,,,,,,,,,,,
,,,,,,PCWK15C1WSS,Industrial & MRO Supplies,General Hardware,Component,PCWK15C1WSS,PCWK15C1WSS,PCWK15C1WSS GE Microwave,-- Unbranded --,-- Unbranded --,,Appliance Dealers Cooperative (APPDE),Appliance Dealers Cooperative (APPDE),Appliance Dealers Cooperative,,PCWK15C1WSS,,Industrial & MRO Supplies>General Hardware>Component,,,,,,,,,,,,,,,,,,,,,,,,,,,,,,,,Component,,,,,,,,,,,,,,,,,,,,,,,,,,,,,,,,,,,,,,,,,,,,,,,,,,,,,,,,,,,,,,,,,,,,,,,,,,,,,,,,,,,,,,,,,,,,,,,,,,,,,,,,,,,,,,,,,,,,,,,,,,,,,,,,,,,,,,,,,,,,,,,,,,,,,,,,,,,,,,,,,,,,,,,,,,,,,,,,,,,,,,,,,,,,,,,,,,,,,
,,,,,,SMC2266KS,Industrial & MRO Supplies,General Hardware,Component,SMC2266KS,SMC2266KS,SMC2266KS Microwave SS Display Only,-- Unbranded --,-- Unbranded --,,Appliance Dealers Cooperative (APPDE),Appliance Dealers Cooperative (APPDE),Appliance Dealers Cooperative,,SMC2266KS,,Industrial & MRO Supplies>General Hardware>Component,,,,,,,,,,,,,,,,,,,,,,,,,,,,,,,,Component,,,,,,,,,,,,,,,,,,,,,,,,,,,,,,,,,,,,,,,,,,,,,,,,,,,,,,,,,,,,,,,,,,,,,,,,,,,,,,,,,,,,,,,,,,,,,,,,,,,,,,,,,,,,,,,,,,,,,,,,,,,,,,,,,,,,,,,,,,,,,,,,,,,,,,,,,,,,,,,,,,,,,,,,,,,,,,,,,,,,,,,,,,,,,,,,,,,,,
,,,,,,SMD2479JS,Industrial & MRO Supplies,General Hardware,Component,SMD2479JS,SMD2479JS,SMD2479JS Microwave Drawer SS Display Only,-- Unbranded --,-- Unbranded --,,Appliance Dealers Cooperative (APPDE),Appliance Dealers Cooperative (APPDE),Appliance Dealers Cooperative,,SMD2479JS,,Industrial & MRO Supplies>General Hardware>Component,,,,,,,,,,,,,,,,,,,,,,,,,,,,,,,,Component,,,,,,,,,,,,,,,,,,,,,,,,,,,,,,,,,,,,,,,,,,,,,,,,,,,,,,,,,,,,,,,,,,,,,,,,,,,,,,,,,,,,,,,,,,,,,,,,,,,,,,,,,,,,,,,,,,,,,,,,,,,,,,,,,,,,,,,,,,,,,,,,,,,,,,,,,,,,,,,,,,,,,,,,,,,,,,,,,,,,,,,,,,,,,,,,,,,,,
,,,,,,PEP9030DTBB,Appliances,Large Appliances,Cooktop,PEP9030DTBB,PEP9030DTBB,"PEP9030DTBB 30"" GE Cooktop Bk",-- Unbranded --,-- Unbranded --,,Appliance Dealers Cooperative (APPDE),Appliance Dealers Cooperative (APPDE),Appliance Dealers Cooperative,,PEP9030DTBB,,Appliances>Large Appliances>Cooktop,,,,,,,,,,,,,,,,,,,,,,,,,,,,,,,,Cooktop,,,,,,,,,,,,,,,,,,,,,,,,,,,,,,,,,,,,,,,,,,,,,,,,,,,,,,,,,,,,,,,,,,,,,,,,,,,,,,,,,,,,,,,,,,,,,,,,,,,,,,,,,,,,,,,,,,,,,,,,,,,,,,,,,,,,,,,,,,,,,,,,,,,,,,,,,,,,,,,,,,,,,,,,,,,,,,,,,,,,,,,,,,,,,,,,,,,,,
,,,,,,CES700P3MD1,Appliances,Large Appliances,Range,CES700P3MD1,CES700P3MD1,"CES700P3MD1 Cafe 30"" Range Bk - Display",-- Unbranded --,-- Unbranded --,,Appliance Dealers Cooperative (APPDE),Appliance Dealers Cooperative (APPDE),Appliance Dealers Cooperative,,CES700P3MD1,,Appliances>Large Appliances>Range,,,,,,,,,,,,,,,,,,,,,,,,,,,,,,,,Range,,,,,,,,,,,,,,,,,,,,,,,,,,,,,,,,,,,,,,,,,,,,,,,,,,,,,,,,,,,,,,,,,,,,,,,,,,,,,,,,,,,,,,,,,,,,,,,,,,,,,,,,,,,,,,,,,,,,,,,,,,,,,,,,,,,,,,,,,,,,,,,,,,,,,,,,,,,,,,,,,,,,,,,,,,,,,,,,,,,,,,,,,,,,,,,,,,,,,
,,,,,,PS960YPFS,Appliances,Large Appliances,Range,PS960YPFS,PS960YPFS,"PS960YPFS 30"" GE Electric Range SS - Display Only",-- Unbranded --,-- Unbranded --,,Appliance Dealers Cooperative (APPDE),Appliance Dealers Cooperative (APPDE),Appliance Dealers Cooperative,,PS960YPFS,,Appliances>Large Appliances>Range,,,,,,,,,,,,,,,,,,,,,,,,,,,,,,,,Range,,,,,,,,,,,,,,,,,,,,,,,,,,,,,,,,,,,,,,,,,,,,,,,,,,,,,,,,,,,,,,,,,,,,,,,,,,,,,,,,,,,,,,,,,,,,,,,,,,,,,,,,,,,,,,,,,,,,,,,,,,,,,,,,,,,,,,,,,,,,,,,,,,,,,,,,,,,,,,,,,,,,,,,,,,,,,,,,,,,,,,,,,,,,,,,,,,,,,
,,,,,,PB900YVFS,Appliances,Large Appliances,Range,PB900YVFS,PB900YVFS,"PB900YVFS Elect 30"" Range SS",-- Unbranded --,-- Unbranded --,,Appliance Dealers Cooperative (APPDE),Appliance Dealers Cooperative (APPDE),Appliance Dealers Cooperative,,PB900YVFS,,Appliances>Large Appliances>Range,,,,,,,,,,,,,,,,,,,,,,,,,,,,,,,,Range,,,,,,,,,,,,,,,,,,,,,,,,,,,,,,,,,,,,,,,,,,,,,,,,,,,,,,,,,,,,,,,,,,,,,,,,,,,,,,,,,,,,,,,,,,,,,,,,,,,,,,,,,,,,,,,,,,,,,,,,,,,,,,,,,,,,,,,,,,,,,,,,,,,,,,,,,,,,,,,,,,,,,,,,,,,,,,,,,,,,,,,,,,,,,,,,,,,,,
,,,,,,PCFE3080AF,Appliances,Large Appliances,Range,PCFE3080AF,PCFE3080AF,"PCFE3080AF 30"" Elect Range SS - Display Only",-- Unbranded --,-- Unbranded --,,Appliance Dealers Cooperative (APPDE),Appliance Dealers Cooperative (APPDE),Appliance Dealers Cooperative,,PCFE3080AF,,Appliances>Large Appliances>Range,,,,,,,,,,,,,,,,,,,,,,,,,,,,,,,,Range,,,,,,,,,,,,,,,,,,,,,,,,,,,,,,,,,,,,,,,,,,,,,,,,,,,,,,,,,,,,,,,,,,,,,,,,,,,,,,,,,,,,,,,,,,,,,,,,,,,,,,,,,,,,,,,,,,,,,,,,,,,,,,,,,,,,,,,,,,,,,,,,,,,,,,,,,,,,,,,,,,,,,,,,,,,,,,,,,,,,,,,,,,,,,,,,,,,,,
,,,,,,SLER30524SS,Appliances,Large Appliances,Range,SLER30524SS,SLER30524SS,"SLER30524SS 30"" Elect Range SS",-- Unbranded --,-- Unbranded --,,Appliance Dealers Cooperative (APPDE),Appliance Dealers Cooperative (APPDE),Appliance Dealers Cooperative,,SLER30524SS,,Appliances>Large Appliances>Range,,,,,,,,,,,,,,,,,,,,,,,,,,,,,,,,Range,,,,,,,,,,,,,,,,,,,,,,,,,,,,,,,,,,,,,,,,,,,,,,,,,,,,,,,,,,,,,,,,,,,,,,,,,,,,,,,,,,,,,,,,,,,,,,,,,,,,,,,,,,,,,,,,,,,,,,,,,,,,,,,,,,,,,,,,,,,,,,,,,,,,,,,,,,,,,,,,,,,,,,,,,,,,,,,,,,,,,,,,,,,,,,,,,,,,,
,,,,,,LSEL6333ZE,Appliances,Large Appliances,Range,LSEL6333ZE,LSEL6333ZE,"LSEL6333ZE LG 30"" Elec Range BS-Display Only",-- Unbranded --,-- Unbranded --,,Appliance Dealers Cooperative (APPDE),Appliance Dealers Cooperative (APPDE),Appliance Dealers Cooperative,,LSEL6333ZE,,Appliances>Large Appliances>Range,,,,,,,,,,,,,,,,,,,,,,,,,,,,,,,,Range,,,,,,,,,,,,,,,,,,,,,,,,,,,,,,,,,,,,,,,,,,,,,,,,,,,,,,,,,,,,,,,,,,,,,,,,,,,,,,,,,,,,,,,,,,,,,,,,,,,,,,,,,,,,,,,,,,,,,,,,,,,,,,,,,,,,,,,,,,,,,,,,,,,,,,,,,,,,,,,,,,,,,,,,,,,,,,,,,,,,,,,,,,,,,,,,,,,,,
,,,,,,KSES530SBE,Appliances,Large Appliances,Range,KSES530SBE,KSES530SBE,"KSES530SBE 30"" Elect Range BO Display Only",-- Unbranded --,-- Unbranded --,,Appliance Dealers Cooperative (APPDE),Appliance Dealers Cooperative (APPDE),Appliance Dealers Cooperative,,KSES530SBE,,Appliances>Large Appliances>Range,,,,,,,,,,,,,,,,,,,,,,,,,,,,,,,,Range,,,,,,,,,,,,,,,,,,,,,,,,,,,,,,,,,,,,,,,,,,,,,,,,,,,,,,,,,,,,,,,,,,,,,,,,,,,,,,,,,,,,,,,,,,,,,,,,,,,,,,,,,,,,,,,,,,,,,,,,,,,,,,,,,,,,,,,,,,,,,,,,,,,,,,,,,,,,,,,,,,,,,,,,,,,,,,,,,,,,,,,,,,,,,,,,,,,,,
,,,,,,GCFG3661AF,Appliances,Large Appliances,Range,GCFG3661AF,GCFG3661AF,"GCFG3661AF 36"" Frigidaire Gas Range SS",-- Unbranded --,-- Unbranded --,,Appliance Dealers Cooperative (APPDE),Appliance Dealers Cooperative (APPDE),Frigidaire,,GCFG3661AF,,Appliances>Large Appliances>Range,,,,,,,,,,,,,,,,,,,,,,,,,,,,,,,,Range,,,,,,,,,,,,,,,,,,,,,,,,,,,,,,,,,,,,,,,,,,,,,,,,,,,,,,,,,,,,,,,,,,,,,,,,,,,,,,,,,,,,,,,,,,,,,,,,,,,,,,,,,,,,,,,,,,,,,,,,,,,,,,,,,,,,,,,,,,,,,,,,,,,,,,,,,,,,,,,,,,,,,,,,,,,,,,,,,,,,,,,,,,,,,,,,,,,,,
,,,,,,WSGS7530RZ,Appliances,Large Appliances,Range,WSGS7530RZ,WSGS7530RZ,"WSGS7530RZ 30"" Gas Range SS - Display Only",-- Unbranded --,-- Unbranded --,,Appliance Dealers Cooperative (APPDE),Appliance Dealers Cooperative (APPDE),Appliance Dealers Cooperative,,WSGS7530RZ,,Appliances>Large Appliances>Range,,,,,,,,,,,,,,,,,,,,,,,,,,,,,,,,Range,,,,,,,,,,,,,,,,,,,,,,,,,,,,,,,,,,,,,,,,,,,,,,,,,,,,,,,,,,,,,,,,,,,,,,,,,,,,,,,,,,,,,,,,,,,,,,,,,,,,,,,,,,,,,,,,,,,,,,,,,,,,,,,,,,,,,,,,,,,,,,,,,,,,,,,,,,,,,,,,,,,,,,,,,,,,,,,,,,,,,,,,,,,,,,,,,,,,,
,,,,,,CHP90301TBB,Appliances,Large Appliances,Cooktop,CHP90301TBB,CHP90301TBB,CHP90301TBB Café Cooktop Bk,-- Unbranded --,-- Unbranded --,,Appliance Dealers Cooperative (APPDE),Appliance Dealers Cooperative (APPDE),Appliance Dealers Cooperative,,CHP90301TBB,,Appliances>Large Appliances>Cooktop,,,,,,,,,,,,,,,,,,,,,,,,,,,,,,,,Cooktop,,,,,,,,,,,,,,,,,,,,,,,,,,,,,,,,,,,,,,,,,,,,,,,,,,,,,,,,,,,,,,,,,,,,,,,,,,,,,,,,,,,,,,,,,,,,,,,,,,,,,,,,,,,,,,,,,,,,,,,,,,,,,,,,,,,,,,,,,,,,,,,,,,,,,,,,,,,,,,,,,,,,,,,,,,,,,,,,,,,,,,,,,,,,,,,,,,,,,
,,,,,,CVM517P3RD1,Industrial & MRO Supplies,General Hardware,Component,CVM517P3RD1,CVM517P3RD1,CVM517P3RD1 Cafe Microwave Bk - Display,-- Unbranded --,-- Unbranded --,,Appliance Dealers Cooperative (APPDE),Appliance Dealers Cooperative (APPDE),Appliance Dealers Cooperative,,CVM517P3RD1,,Industrial & MRO Supplies>General Hardware>Component,,,,,,,,,,,,,,,,,,,,,,,,,,,,,,,,Component,,,,,,,,,,,,,,,,,,,,,,,,,,,,,,,,,,,,,,,,,,,,,,,,,,,,,,,,,,,,,,,,,,,,,,,,,,,,,,,,,,,,,,,,,,,,,,,,,,,,,,,,,,,,,,,,,,,,,,,,,,,,,,,,,,,,,,,,,,,,,,,,,,,,,,,,,,,,,,,,,,,,,,,,,,,,,,,,,,,,,,,,,,,,,,,,,,,,,
,,,,,,PMOS1980AF,Industrial & MRO Supplies,General Hardware,Component,PMOS1980AF,PMOS1980AF,PMOS1980AF OTR Microwave SS - Display Only,-- Unbranded --,-- Unbranded --,,Appliance Dealers Cooperative (APPDE),Appliance Dealers Cooperative (APPDE),Appliance Dealers Cooperative,,PMOS1980AF,,Industrial & MRO Supplies>General Hardware>Component,,,,,,,,,,,,,,,,,,,,,,,,,,,,,,,,Component,,,,,,,,,,,,,,,,,,,,,,,,,,,,,,,,,,,,,,,,,,,,,,,,,,,,,,,,,,,,,,,,,,,,,,,,,,,,,,,,,,,,,,,,,,,,,,,,,,,,,,,,,,,,,,,,,,,,,,,,,,,,,,,,,,,,,,,,,,,,,,,,,,,,,,,,,,,,,,,,,,,,,,,,,,,,,,,,,,,,,,,,,,,,,,,,,,,,,
,,,,,,WMMS3330RZ,Industrial & MRO Supplies,General Hardware,Component,WMMS3330RZ,WMMS3330RZ,WMMS3330RZ OTR Mocrowave SS - Display Only,-- Unbranded --,-- Unbranded --,,Appliance Dealers Cooperative (APPDE),Appliance Dealers Cooperative (APPDE),Appliance Dealers Cooperative,,WMMS3330RZ,,Industrial & MRO Supplies>General Hardware>Component,,,,,,,,,,,,,,,,,,,,,,,,,,,,,,,,Component,,,,,,,,,,,,,,,,,,,,,,,,,,,,,,,,,,,,,,,,,,,,,,,,,,,,,,,,,,,,,,,,,,,,,,,,,,,,,,,,,,,,,,,,,,,,,,,,,,,,,,,,,,,,,,,,,,,,,,,,,,,,,,,,,,,,,,,,,,,,,,,,,,,,,,,,,,,,,,,,,,,,,,,,,,,,,,,,,,,,,,,,,,,,,,,,,,,,,
,,,,,,KMMF530PBE,Industrial & MRO Supplies,General Hardware,Component,KMMF530PBE,KMMF530PBE,KMMF530PBE OTR Microwave BO Display Only,-- Unbranded --,-- Unbranded --,,Appliance Dealers Cooperative (APPDE),Appliance Dealers Cooperative (APPDE),Appliance Dealers Cooperative,,KMMF530PBE,,Industrial & MRO Supplies>General Hardware>Component,,,,,,,,,,,,,,,,,,,,,,,,,,,,,,,,Component,,,,,,,,,,,,,,,,,,,,,,,,,,,,,,,,,,,,,,,,,,,,,,,,,,,,,,,,,,,,,,,,,,,,,,,,,,,,,,,,,,,,,,,,,,,,,,,,,,,,,,,,,,,,,,,,,,,,,,,,,,,,,,,,,,,,,,,,,,,,,,,,,,,,,,,,,,,,,,,,,,,,,,,,,,,,,,,,,,,,,,,,,,,,,,,,,,,,,
,,,,,,JXGRILL1,Appliances,Large Appliances,Range,JXGRILL1,JXGRILL1,JXGRILL1 GE Range Grill,-- Unbranded --,-- Unbranded --,,Appliance Dealers Cooperative (APPDE),Appliance Dealers Cooperative (APPDE),Appliance Dealers Cooperative,,JXGRILL1,,Appliances>Large Appliances>Range,,,,,,,,,,,,,,,,,,,,,,,,,,,,,,,,Range,,,,,,,,,,,,,,,,,,,,,,,,,,,,,,,,,,,,,,,,,,,,,,,,,,,,,,,,,,,,,,,,,,,,,,,,,,,,,,,,,,,,,,,,,,,,,,,,,,,,,,,,,,,,,,,,,,,,,,,,,,,,,,,,,,,,,,,,,,,,,,,,,,,,,,,,,,,,,,,,,,,,,,,,,,,,,,,,,,,,,,,,,,,,,,,,,,,,,
,,,,,,C9TMA2S3PD3,Industrial & MRO Supplies,General Hardware,Component,C9TMA2S3PD3,C9TMA2S3PD3,C9TMA2S3PD3 Café Toaster MB,-- Unbranded --,-- Unbranded --,,Appliance Dealers Cooperative (APPDE),Appliance Dealers Cooperative (APPDE),Appliance Dealers Cooperative,,C9TMA2S3PD3,,Industrial & MRO Supplies>General Hardware>Component,,,,,,,,,,,,,,,,,,,,,,,,,,,,,,,,Component,,,,,,,,,,,,,,,,,,,,,,,,,,,,,,,,,,,,,,,,,,,,,,,,,,,,,,,,,,,,,,,,,,,,,,,,,,,,,,,,,,,,,,,,,,,,,,,,,,,,,,,,,,,,,,,,,,,,,,,,,,,,,,,,,,,,,,,,,,,,,,,,,,,,,,,,,,,,,,,,,,,,,,,,,,,,,,,,,,,,,,,,,,,,,,,,,,,,,
,,,,,,C9TMA2S4PW3,Industrial & MRO Supplies,General Hardware,Component,C9TMA2S4PW3,C9TMA2S4PW3,C9TMA2S4PW3 Café Toaster MW,-- Unbranded --,-- Unbranded --,,Appliance Dealers Cooperative (APPDE),Appliance Dealers Cooperative (APPDE),Appliance Dealers Cooperative,,C9TMA2S4PW3,,Industrial & MRO Supplies>General Hardware>Component,,,,,,,,,,,,,,,,,,,,,,,,,,,,,,,,Component,,,,,,,,,,,,,,,,,,,,,,,,,,,,,,,,,,,,,,,,,,,,,,,,,,,,,,,,,,,,,,,,,,,,,,,,,,,,,,,,,,,,,,,,,,,,,,,,,,,,,,,,,,,,,,,,,,,,,,,,,,,,,,,,,,,,,,,,,,,,,,,,,,,,,,,,,,,,,,,,,,,,,,,,,,,,,,,,,,,,,,,,,,,,,,,,,,,,,
,,,,,,C90AAAS2RS3,Industrial & MRO Supplies,General Hardware,Component,C90AAAS2RS3,C90AAAS2RS3,C90AAAS2RS3 Cafe Toast Oven SS,-- Unbranded --,-- Unbranded --,,Appliance Dealers Cooperative (APPDE),Appliance Dealers Cooperative (APPDE),Appliance Dealers Cooperative,,C90AAAS2RS3,,Industrial & MRO Supplies>General Hardware>Component,,,,,,,,,,,,,,,,,,,,,,,,,,,,,,,,Component,,,,,,,,,,,,,,,,,,,,,,,,,,,,,,,,,,,,,,,,,,,,,,,,,,,,,,,,,,,,,,,,,,,,,,,,,,,,,,,,,,,,,,,,,,,,,,,,,,,,,,,,,,,,,,,,,,,,,,,,,,,,,,,,,,,,,,,,,,,,,,,,,,,,,,,,,,,,,,,,,,,,,,,,,,,,,,,,,,,,,,,,,,,,,,,,,,,,,
,,,,,,C9TMA2SP2PS3,Industrial & MRO Supplies,General Hardware,Component,C9TMA2SP2PS3,C9TMA2SP2PS3,C9TMA2S2PS3 Cafe Toaster SS,-- Unbranded --,-- Unbranded --,,Appliance Dealers Cooperative (APPDE),Appliance Dealers Cooperative (APPDE),Appliance Dealers Cooperative,,C9TMA2SP2PS3,,Industrial & MRO Supplies>General Hardware>Component,,,,,,,,,,,,,,,,,,,,,,,,,,,,,,,,Component,,,,,,,,,,,,,,,,,,,,,,,,,,,,,,,,,,,,,,,,,,,,,,,,,,,,,,,,,,,,,,,,,,,,,,,,,,,,,,,,,,,,,,,,,,,,,,,,,,,,,,,,,,,,,,,,,,,,,,,,,,,,,,,,,,,,,,,,,,,,,,,,,,,,,,,,,,,,,,,,,,,,,,,,,,,,,,,,,,,,,,,,,,,,,,,,,,,,,
,,,,,,GDE21EMKES,Industrial & MRO Supplies,General Hardware,Component,GDE21EMKES,GDE21EMKES,GDE21EMKES GE 21CF Fridge SL Display Only,-- Unbranded --,-- Unbranded --,,Appliance Dealers Cooperative (APPDE),Appliance Dealers Cooperative (APPDE),Appliance Dealers Cooperative,,GDE21EMKES,,Industrial & MRO Supplies>General Hardware>Component,,,,,,,,,,,,,,,,,,,,,,,,,,,,,,,,Component,,,,,,,,,,,,,,,,,,,,,,,,,,,,,,,,,,,,,,,,,,,,,,,,,,,,,,,,,,,,,,,,,,,,,,,,,,,,,,,,,,,,,,,,,,,,,,,,,,,,,,,,,,,,,,,,,,,,,,,,,,,,,,,,,,,,,,,,,,,,,,,,,,,,,,,,,,,,,,,,,,,,,,,,,,,,,,,,,,,,,,,,,,,,,,,,,,,,,
,,,,,,FCM16SLWW,Appliances,Large Appliances,Freezer,FCM16SLWW,FCM16SLWW,FCM16SLWW 16CF GE Freezer Chest MH,-- Unbranded --,-- Unbranded --,,Appliance Dealers Cooperative (APPDE),Appliance Dealers Cooperative (APPDE),Appliance Dealers Cooperative,,FCM16SLWW,,Appliances>Large Appliances>Freezer,,,,,,,,,,,,,,,,,,,,,,,,,,,,,,,,Freezer,,,,,,,,,,,,,,,,,,,,,,,,,,,,,,,,,,,,,,,,,,,,,,,,,,,,,,,,,,,,,,,,,,,,,,,,,,,,,,,,,,,,,,,,,,,,,,,,,,,,,,,,,,,,,,,,,,,,,,,,,,,,,,,,,,,,,,,,,,,,,,,,,,,,,,,,,,,,,,,,,,,,,,,,,,,,,,,,,,,,,,,,,,,,,,,,,,,,,
,,,,,,GNE27JYMFS,Industrial & MRO Supplies,General Hardware,Component,GNE27JYMFS,GNE27JYMFS,GNE27JYMFS GE Fridge SS,-- Unbranded --,-- Unbranded --,,Appliance Dealers Cooperative (APPDE),Appliance Dealers Cooperative (APPDE),Appliance Dealers Cooperative,,GNE27JYMFS,,Industrial & MRO Supplies>General Hardware>Component,,,,,,,,,,,,,,,,,,,,,,,,,,,,,,,,Component,,,,,,,,,,,,,,,,,,,,,,,,,,,,,,,,,,,,,,,,,,,,,,,,,,,,,,,,,,,,,,,,,,,,,,,,,,,,,,,,,,,,,,,,,,,,,,,,,,,,,,,,,,,,,,,,,,,,,,,,,,,,,,,,,,,,,,,,,,,,,,,,,,,,,,,,,,,,,,,,,,,,,,,,,,,,,,,,,,,,,,,,,,,,,,,,,,,,,
,,,,,,CVE28DP3ND1,Industrial & MRO Supplies,General Hardware,Component,CVE28DP3ND1,CVE28DP3ND1,CVE28DP3ND1 Cafe Fridge Bk,-- Unbranded --,-- Unbranded --,,Appliance Dealers Cooperative (APPDE),Appliance Dealers Cooperative (APPDE),Appliance Dealers Cooperative,,CVE28DP3ND1,,Industrial & MRO Supplies>General Hardware>Component,,,,,,,,,,,,,,,,,,,,,,,,,,,,,,,,Component,,,,,,,,,,,,,,,,,,,,,,,,,,,,,,,,,,,,,,,,,,,,,,,,,,,,,,,,,,,,,,,,,,,,,,,,,,,,,,,,,,,,,,,,,,,,,,,,,,,,,,,,,,,,,,,,,,,,,,,,,,,,,,,,,,,,,,,,,,,,,,,,,,,,,,,,,,,,,,,,,,,,,,,,,,,,,,,,,,,,,,,,,,,,,,,,,,,,,
,,,,,,GNE25JMKES,Industrial & MRO Supplies,General Hardware,Component,GNE25JMKES,GNE25JMKES,GNE25JMKES GE Fridge Slate - Display,-- Unbranded --,-- Unbranded --,,Appliance Dealers Cooperative (APPDE),Appliance Dealers Cooperative (APPDE),Appliance Dealers Cooperative,,GNE25JMKES,,Industrial & MRO Supplies>General Hardware>Component,,,,,,,,,,,,,,,,,,,,,,,,,,,,,,,,Component,,,,,,,,,,,,,,,,,,,,,,,,,,,,,,,,,,,,,,,,,,,,,,,,,,,,,,,,,,,,,,,,,,,,,,,,,,,,,,,,,,,,,,,,,,,,,,,,,,,,,,,,,,,,,,,,,,,,,,,,,,,,,,,,,,,,,,,,,,,,,,,,,,,,,,,,,,,,,,,,,,,,,,,,,,,,,,,,,,,,,,,,,,,,,,,,,,,,,
,,,,,,PRFS2883AF,Industrial & MRO Supplies,General Hardware,Component,PRFS2883AF,PRFS2883AF,"PRFS2883AF 36"" Fridge SS - Display Only",-- Unbranded --,-- Unbranded --,,Appliance Dealers Cooperative (APPDE),Appliance Dealers Cooperative (APPDE),Appliance Dealers Cooperative,,PRFS2883AF,,Industrial & MRO Supplies>General Hardware>Component,,,,,,,,,,,,,,,,,,,,,,,,,,,,,,,,Component,,,,,,,,,,,,,,,,,,,,,,,,,,,,,,,,,,,,,,,,,,,,,,,,,,,,,,,,,,,,,,,,,,,,,,,,,,,,,,,,,,,,,,,,,,,,,,,,,,,,,,,,,,,,,,,,,,,,,,,,,,,,,,,,,,,,,,,,,,,,,,,,,,,,,,,,,,,,,,,,,,,,,,,,,,,,,,,,,,,,,,,,,,,,,,,,,,,,,
,,,,,,PAD28BYTFS,Industrial & MRO Supplies,General Hardware,Component,PAD28BYTFS,PAD28BYTFS,PAD28BYTFS GE Fridge SS,-- Unbranded --,-- Unbranded --,,Appliance Dealers Cooperative (APPDE),Appliance Dealers Cooperative (APPDE),Appliance Dealers Cooperative,,PAD28BYTFS,,Industrial & MRO Supplies>General Hardware>Component,,,,,,,,,,,,,,,,,,,,,,,,,,,,,,,,Component,,,,,,,,,,,,,,,,,,,,,,,,,,,,,,,,,,,,,,,,,,,,,,,,,,,,,,,,,,,,,,,,,,,,,,,,,,,,,,,,,,,,,,,,,,,,,,,,,,,,,,,,,,,,,,,,,,,,,,,,,,,,,,,,,,,,,,,,,,,,,,,,,,,,,,,,,,,,,,,,,,,,,,,,,,,,,,,,,,,,,,,,,,,,,,,,,,,,,
,,,,,,PGE29BYTFS,Industrial & MRO Supplies,General Hardware,Component,PGE29BYTFS,PGE29BYTFS,PGE29BYTFS GE Fridge SS,-- Unbranded --,-- Unbranded --,,Appliance Dealers Cooperative (APPDE),Appliance Dealers Cooperative (APPDE),Appliance Dealers Cooperative,,PGE29BYTFS,,Industrial & MRO Supplies>General Hardware>Component,,,,,,,,,,,,,,,,,,,,,,,,,,,,,,,,Component,,,,,,,,,,,,,,,,,,,,,,,,,,,,,,,,,,,,,,,,,,,,,,,,,,,,,,,,,,,,,,,,,,,,,,,,,,,,,,,,,,,,,,,,,,,,,,,,,,,,,,,,,,,,,,,,,,,,,,,,,,,,,,,,,,,,,,,,,,,,,,,,,,,,,,,,,,,,,,,,,,,,,,,,,,,,,,,,,,,,,,,,,,,,,,,,,,,,,
,,,,,,ERFD19CGCS,Industrial & MRO Supplies,General Hardware,Component,ERFD19CGCS,ERFD19CGCS,ERFD19CGCS Element Fridge SS,-- Unbranded --,-- Unbranded --,,Appliance Dealers Cooperative (APPDE),Appliance Dealers Cooperative (APPDE),Appliance Dealers Cooperative,,ERFD19CGCS,,Industrial & MRO Supplies>General Hardware>Component,,,,,,,,,,,,,,,,,,,,,,,,,,,,,,,,Component,,,,,,,,,,,,,,,,,,,,,,,,,,,,,,,,,,,,,,,,,,,,,,,,,,,,,,,,,,,,,,,,,,,,,,,,,,,,,,,,,,,,,,,,,,,,,,,,,,,,,,,,,,,,,,,,,,,,,,,,,,,,,,,,,,,,,,,,,,,,,,,,,,,,,,,,,,,,,,,,,,,,,,,,,,,,,,,,,,,,,,,,,,,,,,,,,,,,,
,,,,,,LT18S2100W,Industrial & MRO Supplies,General Hardware,Component,LT18S2100W,LT18S2100W,LT18S2100W LG Fridge Wh,-- Unbranded --,-- Unbranded --,,Appliance Dealers Cooperative (APPDE),Appliance Dealers Cooperative (APPDE),Appliance Dealers Cooperative,,LT18S2100W,,Industrial & MRO Supplies>General Hardware>Component,,,,,,,,,,,,,,,,,,,,,,,,,,,,,,,,Component,,,,,,,,,,,,,,,,,,,,,,,,,,,,,,,,,,,,,,,,,,,,,,,,,,,,,,,,,,,,,,,,,,,,,,,,,,,,,,,,,,,,,,,,,,,,,,,,,,,,,,,,,,,,,,,,,,,,,,,,,,,,,,,,,,,,,,,,,,,,,,,,,,,,,,,,,,,,,,,,,,,,,,,,,,,,,,,,,,,,,,,,,,,,,,,,,,,,,
,,,,,,LT18S2100SS,Industrial & MRO Supplies,General Hardware,Component,LT18S2100SS,LT18S2100SS,LT18S2100S 18CF LG Fridge SS,-- Unbranded --,-- Unbranded --,,Appliance Dealers Cooperative (APPDE),Appliance Dealers Cooperative (APPDE),Appliance Dealers Cooperative,,LT18S2100SS,,Industrial & MRO Supplies>General Hardware>Component,,,,,,,,,,,,,,,,,,,,,,,,,,,,,,,,Component,,,,,,,,,,,,,,,,,,,,,,,,,,,,,,,,,,,,,,,,,,,,,,,,,,,,,,,,,,,,,,,,,,,,,,,,,,,,,,,,,,,,,,,,,,,,,,,,,,,,,,,,,,,,,,,,,,,,,,,,,,,,,,,,,,,,,,,,,,,,,,,,,,,,,,,,,,,,,,,,,,,,,,,,,,,,,,,,,,,,,,,,,,,,,,,,,,,,,
,,,,,,EUF17CDBW,Appliances,Large Appliances,Freezer,EUF17CDBW,EUF17CDBW,EUF17CDBW Element 17CF Freezer - Upright,-- Unbranded --,-- Unbranded --,,Appliance Dealers Cooperative (APPDE),Appliance Dealers Cooperative (APPDE),Appliance Dealers Cooperative,,EUF17CDBW,,Appliances>Large Appliances>Freezer,,,,,,,,,,,,,,,,,,,,,,,,,,,,,,,,Freezer,,,,,,,,,,,,,,,,,,,,,,,,,,,,,,,,,,,,,,,,,,,,,,,,,,,,,,,,,,,,,,,,,,,,,,,,,,,,,,,,,,,,,,,,,,,,,,,,,,,,,,,,,,,,,,,,,,,,,,,,,,,,,,,,,,,,,,,,,,,,,,,,,,,,,,,,,,,,,,,,,,,,,,,,,,,,,,,,,,,,,,,,,,,,,,,,,,,,,
,,,,,,EUF21CDBW,Appliances,Large Appliances,Freezer,EUF21CDBW,EUF21CDBW,EUF21CDBW Element 21CF Freezer - Upright,-- Unbranded --,-- Unbranded --,,Appliance Dealers Cooperative (APPDE),Appliance Dealers Cooperative (APPDE),Appliance Dealers Cooperative,,EUF21CDBW,,Appliances>Large Appliances>Freezer,,,,,,,,,,,,,,,,,,,,,,,,,,,,,,,,Freezer,,,,,,,,,,,,,,,,,,,,,,,,,,,,,,,,,,,,,,,,,,,,,,,,,,,,,,,,,,,,,,,,,,,,,,,,,,,,,,,,,,,,,,,,,,,,,,,,,,,,,,,,,,,,,,,,,,,,,,,,,,,,,,,,,,,,,,,,,,,,,,,,,,,,,,,,,,,,,,,,,,,,,,,,,,,,,,,,,,,,,,,,,,,,,,,,,,,,,
,,,,,,TP-1935,Industrial & MRO Supplies,General Hardware,Component,TP-1935,TP-1935,TP-1935 Hole Drilling System,-- Unbranded --,-- Unbranded --,,-,-,-,,TP-1935,,Industrial & MRO Supplies>General Hardware>Component,,,,,,,,,,,,,,,,,,,,,,,,,,,,,,,,Component,,,,,,,,,,,,,,,,,,,,,,,,,,,,,,,,,,,,,,,,,,,,,,,,,,,,,,,,,,,,,,,,,,,,,,,,,,,,,,,,,,,,,,,,,,,,,,,,,,,,,,,,,,,,,,,,,,,,,,,,,,,,,,,,,,,,,,,,,,,,,,,,,,,,,,,,,,,,,,,,,,,,,,,,,,,,,,,,,,,,,,,,,,,,,,,,,,,,,
,,,,,,K527APBXR,Industrial & MRO Supplies,General Hardware,Component,K527APBXR,K527APBXR,"K527APBXR Senco .131x3"" SM BB - 500CT",-- Unbranded --,-- Unbranded --,,Senco Products Inc (4650),Senco Products Inc (4650),Senco Products Inc,,K527APBXR,,Industrial & MRO Supplies>General Hardware>Component,,,,,,,,,,,,,,,,,,,,,,,,,,,,,,,,Component,Dimensions,131x3 in,,,,,,,,,,,,,,,,,,,,,,,,,,,,,,,,,,,,,,,,,,,,,,,,,,,,,,,,,,,,,,,,,,,,,,,,,,,,,,,,,,,,,,,,,,,,,,,,,,,,,,,,,,,,,,,,,,,,,,,,,,,,,,,,,,,,,,,,,,,,,,,,,,,,,,,,,,,,,,,,,,,,,,,,,,,,,,,,,,,,,,,,,,,,,,,,,,,
,,,,,,603150,Industrial & MRO Supplies,General Hardware,Component,603150,603150,"603150 2-1/2"" Finish Nail 15GA - 4M",-- Unbranded --,-- Unbranded --,,National Nail Corp (7439),National Nail Corp (7439),National Nail Corp,,603150,,Industrial & MRO Supplies>General Hardware>Component,,,,,,,,,,,,,,,,,,,,,,,,,,,,,,,,Component,,,,,,,,,,,,,,,,,,,,,,,,,,,,,,,,,,,,,,,,,,,,,,,,,,,,,,,,,,,,,,,,,,,,,,,,,,,,,,,,,,,,,,,,,,,,,,,,,,,,,,,,,,,,,,,,,,,,,,,,,,,,,,,,,,,,,,,,,,,,,,,,,,,,,,,,,,,,,,,,,,,,,,,,,,,,,,,,,,,,,,,,,,,,,,,,,,,,,
,,,,,,d10cnk,Industrial & MRO Supplies,General Hardware,Component,d10cnk,d10cnk,"D10CNK Prebena 1/2""x3/8"" - Staple",-- Unbranded --,-- Unbranded --,,Prebena (PREBE),Prebena (PREBE),Prebena,,d10cnk,,Industrial & MRO Supplies>General Hardware>Component,,,,,,,,,,,,,,,,,,,,,,,,,,,,,,,,Component,Dimensions,1/2 inx3/8 in,,,,,,,,,,,,,,,,,,,,,,,,,,,,,,,,,,,,,,,,,,,,,,,,,,,,,,,,,,,,,,,,,,,,,,,,,,,,,,,,,,,,,,,,,,,,,,,,,,,,,,,,,,,,,,,,,,,,,,,,,,,,,,,,,,,,,,,,,,,,,,,,,,,,,,,,,,,,,,,,,,,,,,,,,,,,,,,,,,,,,,,,,,,,,,,,,,,
,,,,,,e28cnkha,Industrial & MRO Supplies,General Hardware,Component,e28cnkha,e28cnkha,"E28CNKHA Prebena 2/4""x1 1/8"" - Staple",-- Unbranded --,-- Unbranded --,,Prebena (PREBE),Prebena (PREBE),Prebena,,e28cnkha,,Industrial & MRO Supplies>General Hardware>Component,,,,,,,,,,,,,,,,,,,,,,,,,,,,,,,,Component,Dimensions,2/4 inx1,,,,,,,,,,,,,,,,,,,,,,,,,,,,,,,,,,,,,,,,,,,,,,,,,,,,,,,,,,,,,,,,,,,,,,,,,,,,,,,,,,,,,,,,,,,,,,,,,,,,,,,,,,,,,,,,,,,,,,,,,,,,,,,,,,,,,,,,,,,,,,,,,,,,,,,,,,,,,,,,,,,,,,,,,,,,,,,,,,,,,,,,,,,,,,,,,,,
,,,,,,51334,Industrial & MRO Supplies,General Hardware,Component,51334,51334,"51334 44"" Wh Gilmour Fan",-- Unbranded --,-- Unbranded --,,Hunter Fan Co (4381),Hunter Fan Co (4381),Hunter Fan Co,,51334,,Industrial & MRO Supplies>General Hardware>Component,,,,,,,,,,,,,,,,,,,,,,,,,,,,,,,,Component,,,,,,,,,,,,,,,,,,,,,,,,,,,,,,,,,,,,,,,,,,,,,,,,,,,,,,,,,,,,,,,,,,,,,,,,,,,,,,,,,,,,,,,,,,,,,,,,,,,,,,,,,,,,,,,,,,,,,,,,,,,,,,,,,,,,,,,,,,,,,,,,,,,,,,,,,,,,,,,,,,,,,,,,,,,,,,,,,,,,,,,,,,,,,,,,,,,,,
,,,,,,59210,Industrial & MRO Supplies,General Hardware,Component,59210,59210,"59210 52"" BZ Sent Hunter Fan",-- Unbranded --,-- Unbranded --,,Hunter Fan Co (4381),Hunter Fan Co (4381),Hunter Fan Co,,59210,,Industrial & MRO Supplies>General Hardware>Component,,,,,,,,,,,,,,,,,,,,,,,,,,,,,,,,Component,,,,,,,,,,,,,,,,,,,,,,,,,,,,,,,,,,,,,,,,,,,,,,,,,,,,,,,,,,,,,,,,,,,,,,,,,,,,,,,,,,,,,,,,,,,,,,,,,,,,,,,,,,,,,,,,,,,,,,,,,,,,,,,,,,,,,,,,,,,,,,,,,,,,,,,,,,,,,,,,,,,,,,,,,,,,,,,,,,,,,,,,,,,,,,,,,,,,,
,,,,,,52485,Industrial & MRO Supplies,General Hardware,Component,52485,52485,"52485 52"" MB Anisten Fan",-- Unbranded --,-- Unbranded --,,Hunter Fan Co (4381),Hunter Fan Co (4381),Hunter Fan Co,,52485,,Industrial & MRO Supplies>General Hardware>Component,,,,,,,,,,,,,,,,,,,,,,,,,,,,,,,,Component,,,,,,,,,,,,,,,,,,,,,,,,,,,,,,,,,,,,,,,,,,,,,,,,,,,,,,,,,,,,,,,,,,,,,,,,,,,,,,,,,,,,,,,,,,,,,,,,,,,,,,,,,,,,,,,,,,,,,,,,,,,,,,,,,,,,,,,,,,,,,,,,,,,,,,,,,,,,,,,,,,,,,,,,,,,,,,,,,,,,,,,,,,,,,,,,,,,,,
,,,,,,52486,Industrial & MRO Supplies,General Hardware,Component,52486,52486,"52486 44"" MB Anisten Fan",-- Unbranded --,-- Unbranded --,,Hunter Fan Co (4381),Hunter Fan Co (4381),Hunter Fan Co,,52486,,Industrial & MRO Supplies>General Hardware>Component,,,,,,,,,,,,,,,,,,,,,,,,,,,,,,,,Component,,,,,,,,,,,,,,,,,,,,,,,,,,,,,,,,,,,,,,,,,,,,,,,,,,,,,,,,,,,,,,,,,,,,,,,,,,,,,,,,,,,,,,,,,,,,,,,,,,,,,,,,,,,,,,,,,,,,,,,,,,,,,,,,,,,,,,,,,,,,,,,,,,,,,,,,,,,,,,,,,,,,,,,,,,,,,,,,,,,,,,,,,,,,,,,,,,,,,
,,,,,,52487,Industrial & MRO Supplies,General Hardware,Component,52487,52487,"52487 52"" WH Anisten Fan",-- Unbranded --,-- Unbranded --,,Hunter Fan Co (4381),Hunter Fan Co (4381),Hunter Fan Co,,52487,,Industrial & MRO Supplies>General Hardware>Component,,,,,,,,,,,,,,,,,,,,,,,,,,,,,,,,Component,,,,,,,,,,,,,,,,,,,,,,,,,,,,,,,,,,,,,,,,,,,,,,,,,,,,,,,,,,,,,,,,,,,,,,,,,,,,,,,,,,,,,,,,,,,,,,,,,,,,,,,,,,,,,,,,,,,,,,,,,,,,,,,,,,,,,,,,,,,,,,,,,,,,,,,,,,,,,,,,,,,,,,,,,,,,,,,,,,,,,,,,,,,,,,,,,,,,,
,,,,,,52488,Industrial & MRO Supplies,General Hardware,Component,52488,52488,"52488 44"" WH Anisten Fan",-- Unbranded --,-- Unbranded --,,Hunter Fan Co (4381),Hunter Fan Co (4381),Hunter Fan Co,,52488,,Industrial & MRO Supplies>General Hardware>Component,,,,,,,,,,,,,,,,,,,,,,,,,,,,,,,,Component,,,,,,,,,,,,,,,,,,,,,,,,,,,,,,,,,,,,,,,,,,,,,,,,,,,,,,,,,,,,,,,,,,,,,,,,,,,,,,,,,,,,,,,,,,,,,,,,,,,,,,,,,,,,,,,,,,,,,,,,,,,,,,,,,,,,,,,,,,,,,,,,,,,,,,,,,,,,,,,,,,,,,,,,,,,,,,,,,,,,,,,,,,,,,,,,,,,,,
,,,,,,52655,Industrial & MRO Supplies,General Hardware,Component,52655,52655,"52655 52"" MB Xidane Hunter Fan",-- Unbranded --,-- Unbranded --,,Hunter Fan Co (4381),Hunter Fan Co (4381),Hunter Fan Co,,52655,,Industrial & MRO Supplies>General Hardware>Component,,,,,,,,,,,,,,,,,,,,,,,,,,,,,,,,Component,,,,,,,,,,,,,,,,,,,,,,,,,,,,,,,,,,,,,,,,,,,,,,,,,,,,,,,,,,,,,,,,,,,,,,,,,,,,,,,,,,,,,,,,,,,,,,,,,,,,,,,,,,,,,,,,,,,,,,,,,,,,,,,,,,,,,,,,,,,,,,,,,,,,,,,,,,,,,,,,,,,,,,,,,,,,,,,,,,,,,,,,,,,,,,,,,,,,,
,,,,,,59261,Industrial & MRO Supplies,General Hardware,Component,59261,59261,"59261 52"" PB Cassius Fan",-- Unbranded --,-- Unbranded --,,Hunter Fan Co (4381),Hunter Fan Co (4381),Hunter Fan Co,,59261,,Industrial & MRO Supplies>General Hardware>Component,,,,,,,,,,,,,,,,,,,,,,,,,,,,,,,,Component,,,,,,,,,,,,,,,,,,,,,,,,,,,,,,,,,,,,,,,,,,,,,,,,,,,,,,,,,,,,,,,,,,,,,,,,,,,,,,,,,,,,,,,,,,,,,,,,,,,,,,,,,,,,,,,,,,,,,,,,,,,,,,,,,,,,,,,,,,,,,,,,,,,,,,,,,,,,,,,,,,,,,,,,,,,,,,,,,,,,,,,,,,,,,,,,,,,,,
,,,,,,51731,Industrial & MRO Supplies,General Hardware,Component,51731,51731,"51731 52"" MB Jetty Hunter Fan",-- Unbranded --,-- Unbranded --,,Hunter Fan Co (4381),Hunter Fan Co (4381),Hunter Fan Co,,51731,,Industrial & MRO Supplies>General Hardware>Component,,,,,,,,,,,,,,,,,,,,,,,,,,,,,,,,Component,,,,,,,,,,,,,,,,,,,,,,,,,,,,,,,,,,,,,,,,,,,,,,,,,,,,,,,,,,,,,,,,,,,,,,,,,,,,,,,,,,,,,,,,,,,,,,,,,,,,,,,,,,,,,,,,,,,,,,,,,,,,,,,,,,,,,,,,,,,,,,,,,,,,,,,,,,,,,,,,,,,,,,,,,,,,,,,,,,,,,,,,,,,,,,,,,,,,,
,,,,,,XLC10ZW,Industrial & MRO Supplies,General Hardware,Component,XLC10ZW,XLC10ZW,XLC10ZW Makita 18V Cordless Vacuum (Bare),-- Unbranded --,-- Unbranded --,,Makita Usa Inc (5142),Makita Usa Inc (5142),Makita,,XLC10ZW,,Industrial & MRO Supplies>General Hardware>Component,,,,,,,,,,,,,,,,,,,,,,,,,,,,,,,,Component,,,,,,,,,,,,,,,,,,,,,,,,,,,,,,,,,,,,,,,,,,,,,,,,,,,,,,,,,,,,,,,,,,,,,,,,,,,,,,,,,,,,,,,,,,,,,,,,,,,,,,,,,,,,,,,,,,,,,,,,,,,,,,,,,,,,,,,,,,,,,,,,,,,,,,,,,,,,,,,,,,,,,,,,,,,,,,,,,,,,,,,,,,,,,,,,,,,,,
,,,,,,HS-DA,Industrial & MRO Supplies,General Hardware,Component,HS-DA,HS-DA,HS-DA Motion Driveway Alert,-- Unbranded --,-- Unbranded --,,Sabre (9195),Sabre (9195),Sabre,,HS-DA,,Industrial & MRO Supplies>General Hardware>Component,,,,,,,,,,,,,,,,,,,,,,,,,,,,,,,,Component,,,,,,,,,,,,,,,,,,,,,,,,,,,,,,,,,,,,,,,,,,,,,,,,,,,,,,,,,,,,,,,,,,,,,,,,,,,,,,,,,,,,,,,,,,,,,,,,,,,,,,,,,,,,,,,,,,,,,,,,,,,,,,,,,,,,,,,,,,,,,,,,,,,,,,,,,,,,,,,,,,,,,,,,,,,,,,,,,,,,,,,,,,,,,,,,,,,,,
,,,,,,73002252,Industrial & MRO Supplies,General Hardware,Component,73002252,73002252,Black Gate Gravity Latch RDI,-- Unbranded --,-- Unbranded --,,-,-,-,,73002252,,Industrial & MRO Supplies>General Hardware>Component,,,,,,,,,,,,,,,,,,,,,,,,,,,,,,,,Component,,,,,,,,,,,,,,,,,,,,,,,,,,,,,,,,,,,,,,,,,,,,,,,,,,,,,,,,,,,,,,,,,,,,,,,,,,,,,,,,,,,,,,,,,,,,,,,,,,,,,,,,,,,,,,,,,,,,,,,,,,,,,,,,,,,,,,,,,,,,,,,,,,,,,,,,,,,,,,,,,,,,,,,,,,,,,,,,,,,,,,,,,,,,,,,,,,,,,
,,,,,,48-22-8396R,Industrial & MRO Supplies,General Hardware,Component,48-22-8396R,48-22-8396R,48-22-8396R Milw 24oz Bottle - Insulated,-- Unbranded --,-- Unbranded --,,Milwaukee Accessory (4031),Milwaukee Accessory (4031),Milwaukee,,48-22-8396R,,Industrial & MRO Supplies>General Hardware>Component,,,,,,,,,,,,,,,,,,,,,,,,,,,,,,,,Component,,,,,,,,,,,,,,,,,,,,,,,,,,,,,,,,,,,,,,,,,,,,,,,,,,,,,,,,,,,,,,,,,,,,,,,,,,,,,,,,,,,,,,,,,,,,,,,,,,,,,,,,,,,,,,,,,,,,,,,,,,,,,,,,,,,,,,,,,,,,,,,,,,,,,,,,,,,,,,,,,,,,,,,,,,,,,,,,,,,,,,,,,,,,,,,,,,,,,
,,,,,,48-22-8397R,Industrial & MRO Supplies,General Hardware,Component,48-22-8397R,48-22-8397R,48-22-8397R Milw 36oz Bottle - Insulated,-- Unbranded --,-- Unbranded --,,Milwaukee Accessory (4031),Milwaukee Accessory (4031),Milwaukee,,48-22-8397R,,Industrial & MRO Supplies>General Hardware>Component,,,,,,,,,,,,,,,,,,,,,,,,,,,,,,,,Component,,,,,,,,,,,,,,,,,,,,,,,,,,,,,,,,,,,,,,,,,,,,,,,,,,,,,,,,,,,,,,,,,,,,,,,,,,,,,,,,,,,,,,,,,,,,,,,,,,,,,,,,,,,,,,,,,,,,,,,,,,,,,,,,,,,,,,,,,,,,,,,,,,,,,,,,,,,,,,,,,,,,,,,,,,,,,,,,,,,,,,,,,,,,,,,,,,,,,
,,,,,,DCGG581B,Industrial & MRO Supplies,General Hardware,Component,DCGG581B,DCGG581B,DCGG581B Dewalt 20V Grease Gun 2-Speed,-- Unbranded --,-- Unbranded --,,Black & Decker/dewlt (2585),Black & Decker/dewlt (2585),DeWalt,,DCGG581B,,Industrial & MRO Supplies>General Hardware>Component,,,,,,,,,,,,,,,,,,,,,,,,,,,,,,,,Component,,,,,,,,,,,,,,,,,,,,,,,,,,,,,,,,,,,,,,,,,,,,,,,,,,,,,,,,,,,,,,,,,,,,,,,,,,,,,,,,,,,,,,,,,,,,,,,,,,,,,,,,,,,,,,,,,,,,,,,,,,,,,,,,,,,,,,,,,,,,,,,,,,,,,,,,,,,,,,,,,,,,,,,,,,,,,,,,,,,,,,,,,,,,,,,,,,,,,
,,,,,,DCGG581GD1,Industrial & MRO Supplies,General Hardware,Component,DCGG581GD1,DCGG581GD1,DCGG581GD1 Dewalt 20V Grease Gun 2-Speed Kit,-- Unbranded --,-- Unbranded --,,Black & Decker/dewlt (2585),Black & Decker/dewlt (2585),DeWalt,,DCGG581GD1,,Industrial & MRO Supplies>General Hardware>Component,,,,,,,,,,,,,,,,,,,,,,,,,,,,,,,,Component,,,,,,,,,,,,,,,,,,,,,,,,,,,,,,,,,,,,,,,,,,,,,,,,,,,,,,,,,,,,,,,,,,,,,,,,,,,,,,,,,,,,,,,,,,,,,,,,,,,,,,,,,,,,,,,,,,,,,,,,,,,,,,,,,,,,,,,,,,,,,,,,,,,,,,,,,,,,,,,,,,,,,,,,,,,,,,,,,,,,,,,,,,,,,,,,,,,,,
,,,,,,DWST41092,Industrial & MRO Supplies,General Hardware,Component,DWST41092,DWST41092,"DWST41092 Dewalt Tool Chest 41"" Bottom",-- Unbranded --,-- Unbranded --,,Black & Decker/dewlt (2585),Black & Decker/dewlt (2585),DeWalt,,DWST41092,,Industrial & MRO Supplies>General Hardware>Component,,,,,,,,,,,,,,,,,,,,,,,,,,,,,,,,Component,,,,,,,,,,,,,,,,,,,,,,,,,,,,,,,,,,,,,,,,,,,,,,,,,,,,,,,,,,,,,,,,,,,,,,,,,,,,,,,,,,,,,,,,,,,,,,,,,,,,,,,,,,,,,,,,,,,,,,,,,,,,,,,,,,,,,,,,,,,,,,,,,,,,,,,,,,,,,,,,,,,,,,,,,,,,,,,,,,,,,,,,,,,,,,,,,,,,,
,,,,,,156436WHT,Industrial & MRO Supplies,General Hardware,Component,156436WHT,156436WHT,156436 Wh 4x4x120 Post Wrap,DSI Westbury,DSI Westbury,,Palmer Donavin Mfg Company (PALDO),Palmer Donavin Mfg Company (PALDO),DSI Westbury,,156436WHT,,Industrial & MRO Supplies>General Hardware>Component,,,,,,,,,,,,,,,,,,,,,,,,,,,,,,,,Component,Dimensions,4x4x120,,,,,,,,,,,,,,,,,,,,,,,,,,,,,,,,,,,,,,,,,,,,,,,,,,,,,,,,,,,,,,,,,,,,,,,,,,,,,,,,,,,,,,,,,,,,,,,,,,,,,,,,,,,,,,,,,,,,,,,,,,,,,,,,,,,,,,,,,,,,,,,,,,,,,,,,,,,,,,,,,,,,,,,,,,,,,,,,,,,,,,,,,,,,,,,,,,,
,,,,,,173950TBK,Industrial & MRO Supplies,General Hardware,Component,173950TBK,173950TBK,"4""x8'-6"" DSI SQ Black Alum Post Wrap",-- Unbranded --,-- Unbranded --,,Palmer Donavin Mfg Company (PALDO),Palmer Donavin Mfg Company (PALDO),Palmer Donavin Mfg Company,,173950TBK,,Industrial & MRO Supplies>General Hardware>Component,,,,,,,,,,,,,,,,,,,,,,,,,,,,,,,,Component,Dimensions,4 inx8,,,,,,,,,,,,,,,,,,,,,,,,,,,,,,,,,,,,,,,,,,,,,,,,,,,,,,,,,,,,,,,,,,,,,,,,,,,,,,,,,,,,,,,,,,,,,,,,,,,,,,,,,,,,,,,,,,,,,,,,,,,,,,,,,,,,,,,,,,,,,,,,,,,,,,,,,,,,,,,,,,,,,,,,,,,,,,,,,,,,,,,,,,,,,,,,,,,
,,,,,,173951TBK,Industrial & MRO Supplies,General Hardware,Component,173951TBK,173951TBK,"6""x8'-6"" DSI SQ Black Alum Post Wrap",-- Unbranded --,-- Unbranded --,,Palmer Donavin Mfg Company (PALDO),Palmer Donavin Mfg Company (PALDO),Palmer Donavin Mfg Company,,173951TBK,,Industrial & MRO Supplies>General Hardware>Component,,,,,,,,,,,,,,,,,,,,,,,,,,,,,,,,Component,Dimensions,6 inx8,,,,,,,,,,,,,,,,,,,,,,,,,,,,,,,,,,,,,,,,,,,,,,,,,,,,,,,,,,,,,,,,,,,,,,,,,,,,,,,,,,,,,,,,,,,,,,,,,,,,,,,,,,,,,,,,,,,,,,,,,,,,,,,,,,,,,,,,,,,,,,,,,,,,,,,,,,,,,,,,,,,,,,,,,,,,,,,,,,,,,,,,,,,,,,,,,,,
,,,,,,173952TBK,Industrial & MRO Supplies,General Hardware,Component,173952TBK,173952TBK,"6""x10' DSI SQ Black Alum Post Wrap",-- Unbranded --,-- Unbranded --,,Palmer Donavin Mfg Company (PALDO),Palmer Donavin Mfg Company (PALDO),Palmer Donavin Mfg Company,,173952TBK,,Industrial & MRO Supplies>General Hardware>Component,,,,,,,,,,,,,,,,,,,,,,,,,,,,,,,,Component,Dimensions,6 inx10,,,,,,,,,,,,,,,,,,,,,,,,,,,,,,,,,,,,,,,,,,,,,,,,,,,,,,,,,,,,,,,,,,,,,,,,,,,,,,,,,,,,,,,,,,,,,,,,,,,,,,,,,,,,,,,,,,,,,,,,,,,,,,,,,,,,,,,,,,,,,,,,,,,,,,,,,,,,,,,,,,,,,,,,,,,,,,,,,,,,,,,,,,,,,,,,,,,
,,,,,,1624157,Industrial & MRO Supplies,General Hardware,Component,1624157,1624157,TW52 WH INSIDE CAS VIN WRAPPED,ANDERSEN,ANDERSEN,,-,-,ANDERSEN,,1624157,,Industrial & MRO Supplies>General Hardware>Component,,,,,,,,,,,,,,,,,,,,,,,,,,,,,,,,Component,,,,,,,,,,,,,,,,,,,,,,,,,,,,,,,,,,,,,,,,,,,,,,,,,,,,,,,,,,,,,,,,,,,,,,,,,,,,,,,,,,,,,,,,,,,,,,,,,,,,,,,,,,,,,,,,,,,,,,,,,,,,,,,,,,,,,,,,,,,,,,,,,,,,,,,,,,,,,,,,,,,,,,,,,,,,,,,,,,,,,,,,,,,,,,,,,,,,,
,,,,,,40025,Industrial & MRO Supplies,General Hardware,Component,40025,40025,40025 TS-54 Wal-Board T-Square 009-008,-- Unbranded --,-- Unbranded --,,Marshalltown Trowel (5155),Marshalltown Trowel (5155),Marshalltown Trowel,,40025,,Industrial & MRO Supplies>General Hardware>Component,,,,,,,,,,,,,,,,,,,,,,,,,,,,,,,,Component,,,,,,,,,,,,,,,,,,,,,,,,,,,,,,,,,,,,,,,,,,,,,,,,,,,,,,,,,,,,,,,,,,,,,,,,,,,,,,,,,,,,,,,,,,,,,,,,,,,,,,,,,,,,,,,,,,,,,,,,,,,,,,,,,,,,,,,,,,,,,,,,,,,,,,,,,,,,,,,,,,,,,,,,,,,,,,,,,,,,,,,,,,,,,,,,,,,,,
,,,,,,48-22-3301,Industrial & MRO Supplies,General Hardware,Component,48-22-3301,48-22-3301,48-22-3301 Milw Mechanical Pencil w/ Lead Pack,-- Unbranded --,-- Unbranded --,,Milwaukee Accessory (4031),Milwaukee Accessory (4031),Milwaukee,,48-22-3301,,Industrial & MRO Supplies>General Hardware>Component,,,,,,,,,,,,,,,,,,,,,,,,,,,,,,,,Component,,,,,,,,,,,,,,,,,,,,,,,,,,,,,,,,,,,,,,,,,,,,,,,,,,,,,,,,,,,,,,,,,,,,,,,,,,,,,,,,,,,,,,,,,,,,,,,,,,,,,,,,,,,,,,,,,,,,,,,,,,,,,,,,,,,,,,,,,,,,,,,,,,,,,,,,,,,,,,,,,,,,,,,,,,,,,,,,,,,,,,,,,,,,,,,,,,,,,
,,,,,,48-22-3302,Industrial & MRO Supplies,General Hardware,Component,48-22-3302,48-22-3302,48-22-3302 Milw Mechanical Pencil Replacement Lead,-- Unbranded --,-- Unbranded --,,Milwaukee Accessory (4031),Milwaukee Accessory (4031),Milwaukee,,48-22-3302,,Industrial & MRO Supplies>General Hardware>Component,,,,,,,,,,,,,,,,,,,,,,,,,,,,,,,,Component,,,,,,,,,,,,,,,,,,,,,,,,,,,,,,,,,,,,,,,,,,,,,,,,,,,,,,,,,,,,,,,,,,,,,,,,,,,,,,,,,,,,,,,,,,,,,,,,,,,,,,,,,,,,,,,,,,,,,,,,,,,,,,,,,,,,,,,,,,,,,,,,,,,,,,,,,,,,,,,,,,,,,,,,,,,,,,,,,,,,,,,,,,,,,,,,,,,,,
,,,,,,48-22-3303,Industrial & MRO Supplies,General Hardware,Component,48-22-3303,48-22-3303,48-22-3303 Milw Mechanical Pencil Replacement Lead-Color,-- Unbranded --,-- Unbranded --,,Milwaukee Accessory (4031),Milwaukee Accessory (4031),Milwaukee,,48-22-3303,,Industrial & MRO Supplies>General Hardware>Component,,,,,,,,,,,,,,,,,,,,,,,,,,,,,,,,Component,,,,,,,,,,,,,,,,,,,,,,,,,,,,,,,,,,,,,,,,,,,,,,,,,,,,,,,,,,,,,,,,,,,,,,,,,,,,,,,,,,,,,,,,,,,,,,,,,,,,,,,,,,,,,,,,,,,,,,,,,,,,,,,,,,,,,,,,,,,,,,,,,,,,,,,,,,,,,,,,,,,,,,,,,,,,,,,,,,,,,,,,,,,,,,,,,,,,,
,,,,,,TSDKAP218-G2,Industrial & MRO Supplies,General Hardware,Component,TSDKAP218-G2,TSDKAP218-G2,TSDKAP218-G2 Edge Safety - Khor Black Frame Polarized,-- Unbranded --,-- Unbranded --,,Edge Eyewear Inc (EDGSA),Edge Eyewear Inc (EDGSA),Edge Eyewear Inc,,TSDKAP218-G2,,Industrial & MRO Supplies>General Hardware>Component,,,,,,,,,,,,,,,,,,,,,,,,,,,,,,,,Component,,,,,,,,,,,,,,,,,,,,,,,,,,,,,,,,,,,,,,,,,,,,,,,,,,,,,,,,,,,,,,,,,,,,,,,,,,,,,,,,,,,,,,,,,,,,,,,,,,,,,,,,,,,,,,,,,,,,,,,,,,,,,,,,,,,,,,,,,,,,,,,,,,,,,,,,,,,,,,,,,,,,,,,,,,,,,,,,,,,,,,,,,,,,,,,,,,,,,
,,,,,,XPAP418,Safety & PPE,Safety & PPE,Glasses,XPAP418,XPAP418,XPAP418 Edge Safety Glasses - Pumori Black Frame,-- Unbranded --,-- Unbranded --,,Edge Eyewear Inc (EDGSA),Edge Eyewear Inc (EDGSA),Edge Eyewear Inc,,XPAP418,,Safety & PPE>Safety & PPE>Glasses,,,,,,,,,,,,,,,,,,,,,,,,,,,,,,,,Glasses,,,,,,,,,,,,,,,,,,,,,,,,,,,,,,,,,,,,,,,,,,,,,,,,,,,,,,,,,,,,,,,,,,,,,,,,,,,,,,,,,,,,,,,,,,,,,,,,,,,,,,,,,,,,,,,,,,,,,,,,,,,,,,,,,,,,,,,,,,,,,,,,,,,,,,,,,,,,,,,,,,,,,,,,,,,,,,,,,,,,,,,,,,,,,,,,,,,,,
,,,,,,XDAP419,Safety & PPE,Safety & PPE,Glasses,XDAP419,XDAP419,XDAP419 Edge Safety Glasses - Dawson Black Frame Red Lenses,-- Unbranded --,-- Unbranded --,,Edge Eyewear Inc (EDGSA),Edge Eyewear Inc (EDGSA),Edge Eyewear Inc,,XDAP419,,Safety & PPE>Safety & PPE>Glasses,,,,,,,,,,,,,,,,,,,,,,,,,,,,,,,,Glasses,,,,,,,,,,,,,,,,,,,,,,,,,,,,,,,,,,,,,,,,,,,,,,,,,,,,,,,,,,,,,,,,,,,,,,,,,,,,,,,,,,,,,,,,,,,,,,,,,,,,,,,,,,,,,,,,,,,,,,,,,,,,,,,,,,,,,,,,,,,,,,,,,,,,,,,,,,,,,,,,,,,,,,,,,,,,,,,,,,,,,,,,,,,,,,,,,,,,,
,,,,,,XB11PCVS,Safety & PPE,Safety & PPE,Glasses,XB11PCVS,XB11PCVS,XB11PCVS Edge Safety Glasses - Photochromic Lense,-- Unbranded --,-- Unbranded --,,Edge Eyewear Inc (EDGSA),Edge Eyewear Inc (EDGSA),Edge Eyewear Inc,,XB11PCVS,,Safety & PPE>Safety & PPE>Glasses,,,,,,,,,,,,,,,,,,,,,,,,,,,,,,,,Glasses,,,,,,,,,,,,,,,,,,,,,,,,,,,,,,,,,,,,,,,,,,,,,,,,,,,,,,,,,,,,,,,,,,,,,,,,,,,,,,,,,,,,,,,,,,,,,,,,,,,,,,,,,,,,,,,,,,,,,,,,,,,,,,,,,,,,,,,,,,,,,,,,,,,,,,,,,,,,,,,,,,,,,,,,,,,,,,,,,,,,,,,,,,,,,,,,,,,,,
,,,,,,KB121VS,Safety & PPE,Safety & PPE,Glasses,KB121VS,KB121VS,KB121VS Edge Safety Glasses - Kabru Black Frame,-- Unbranded --,-- Unbranded --,,Edge Eyewear Inc (EDGSA),Edge Eyewear Inc (EDGSA),Edge Eyewear Inc,,KB121VS,,Safety & PPE>Safety & PPE>Glasses,,,,,,,,,,,,,,,,,,,,,,,,,,,,,,,,Glasses,,,,,,,,,,,,,,,,,,,,,,,,,,,,,,,,,,,,,,,,,,,,,,,,,,,,,,,,,,,,,,,,,,,,,,,,,,,,,,,,,,,,,,,,,,,,,,,,,,,,,,,,,,,,,,,,,,,,,,,,,,,,,,,,,,,,,,,,,,,,,,,,,,,,,,,,,,,,,,,,,,,,,,,,,,,,,,,,,,,,,,,,,,,,,,,,,,,,,
,,,,,,KB126VS,Safety & PPE,Safety & PPE,Glasses,KB126VS,KB126VS,KB126VS Edge Safety Glasses - Kabru Black Frame,-- Unbranded --,-- Unbranded --,,Edge Eyewear Inc (EDGSA),Edge Eyewear Inc (EDGSA),Edge Eyewear Inc,,KB126VS,,Safety & PPE>Safety & PPE>Glasses,,,,,,,,,,,,,,,,,,,,,,,,,,,,,,,,Glasses,,,,,,,,,,,,,,,,,,,,,,,,,,,,,,,,,,,,,,,,,,,,,,,,,,,,,,,,,,,,,,,,,,,,,,,,,,,,,,,,,,,,,,,,,,,,,,,,,,,,,,,,,,,,,,,,,,,,,,,,,,,,,,,,,,,,,,,,,,,,,,,,,,,,,,,,,,,,,,,,,,,,,,,,,,,,,,,,,,,,,,,,,,,,,,,,,,,,,
,,,,,,TC121VS,Safety & PPE,Safety & PPE,Glasses,TC121VS,TC121VS,TC121VS Edge Safety Glasses - Tacana Black Frame,-- Unbranded --,-- Unbranded --,,Edge Eyewear Inc (EDGSA),Edge Eyewear Inc (EDGSA),Edge Eyewear Inc,,TC121VS,,Safety & PPE>Safety & PPE>Glasses,,,,,,,,,,,,,,,,,,,,,,,,,,,,,,,,Glasses,,,,,,,,,,,,,,,,,,,,,,,,,,,,,,,,,,,,,,,,,,,,,,,,,,,,,,,,,,,,,,,,,,,,,,,,,,,,,,,,,,,,,,,,,,,,,,,,,,,,,,,,,,,,,,,,,,,,,,,,,,,,,,,,,,,,,,,,,,,,,,,,,,,,,,,,,,,,,,,,,,,,,,,,,,,,,,,,,,,,,,,,,,,,,,,,,,,,,
,,,,,,TC126VS,Safety & PPE,Safety & PPE,Glasses,TC126VS,TC126VS,TC126VS Edge Safety Glasses - Tacana Black Frame,-- Unbranded --,-- Unbranded --,,Edge Eyewear Inc (EDGSA),Edge Eyewear Inc (EDGSA),Edge Eyewear Inc,,TC126VS,,Safety & PPE>Safety & PPE>Glasses,,,,,,,,,,,,,,,,,,,,,,,,,,,,,,,,Glasses,,,,,,,,,,,,,,,,,,,,,,,,,,,,,,,,,,,,,,,,,,,,,,,,,,,,,,,,,,,,,,,,,,,,,,,,,,,,,,,,,,,,,,,,,,,,,,,,,,,,,,,,,,,,,,,,,,,,,,,,,,,,,,,,,,,,,,,,,,,,,,,,,,,,,,,,,,,,,,,,,,,,,,,,,,,,,,,,,,,,,,,,,,,,,,,,,,,,,
,,,,,,MK113MPAP,Safety & PPE,Safety & PPE,Glasses,MK113MPAP,MK113MPAP,MK113MPAP Edge Safety Glasses - Makalu Black Frame Polarized,-- Unbranded --,-- Unbranded --,,Edge Eyewear Inc (EDGSA),Edge Eyewear Inc (EDGSA),Edge Eyewear Inc,,MK113MPAP,,Safety & PPE>Safety & PPE>Glasses,,,,,,,,,,,,,,,,,,,,,,,,,,,,,,,,Glasses,,,,,,,,,,,,,,,,,,,,,,,,,,,,,,,,,,,,,,,,,,,,,,,,,,,,,,,,,,,,,,,,,,,,,,,,,,,,,,,,,,,,,,,,,,,,,,,,,,,,,,,,,,,,,,,,,,,,,,,,,,,,,,,,,,,,,,,,,,,,,,,,,,,,,,,,,,,,,,,,,,,,,,,,,,,,,,,,,,,,,,,,,,,,,,,,,,,,,
,,,,,,LS117MPAP,Safety & PPE,Safety & PPE,Glasses,LS117MPAP,LS117MPAP,LS117MPAP Edge Safety Glasses - Lassen Black Frame Polarized,-- Unbranded --,-- Unbranded --,,Edge Eyewear Inc (EDGSA),Edge Eyewear Inc (EDGSA),Edge Eyewear Inc,,LS117MPAP,,Safety & PPE>Safety & PPE>Glasses,,,,,,,,,,,,,,,,,,,,,,,,,,,,,,,,Glasses,,,,,,,,,,,,,,,,,,,,,,,,,,,,,,,,,,,,,,,,,,,,,,,,,,,,,,,,,,,,,,,,,,,,,,,,,,,,,,,,,,,,,,,,,,,,,,,,,,,,,,,,,,,,,,,,,,,,,,,,,,,,,,,,,,,,,,,,,,,,,,,,,,,,,,,,,,,,,,,,,,,,,,,,,,,,,,,,,,,,,,,,,,,,,,,,,,,,,
,,,,,,FE-EFX-6L,Industrial & MRO Supplies,General Hardware,Component,FE-EFX-6L,FE-EFX-6L,FEEFX6L Lith Fire Extinguisher,-- Unbranded --,-- Unbranded --,,Ohio Firewatch Protection Inc (HOLFS),Ohio Firewatch Protection Inc (HOLFS),Ohio Firewatch Protection Inc,,FE-EFX-6L,,Industrial & MRO Supplies>General Hardware>Component,,,,,,,,,,,,,,,,,,,,,,,,,,,,,,,,Component,,,,,,,,,,,,,,,,,,,,,,,,,,,,,,,,,,,,,,,,,,,,,,,,,,,,,,,,,,,,,,,,,,,,,,,,,,,,,,,,,,,,,,,,,,,,,,,,,,,,,,,,,,,,,,,,,,,,,,,,,,,,,,,,,,,,,,,,,,,,,,,,,,,,,,,,,,,,,,,,,,,,,,,,,,,,,,,,,,,,,,,,,,,,,,,,,,,,,
,,,,,,FE-EFX-9L,Industrial & MRO Supplies,General Hardware,Component,FE-EFX-9L,FE-EFX-9L,FEEFX9L Lith Fire Extinguisher,-- Unbranded --,-- Unbranded --,,Ohio Firewatch Protection Inc (HOLFS),Ohio Firewatch Protection Inc (HOLFS),Ohio Firewatch Protection Inc,,FE-EFX-9L,,Industrial & MRO Supplies>General Hardware>Component,,,,,,,,,,,,,,,,,,,,,,,,,,,,,,,,Component,,,,,,,,,,,,,,,,,,,,,,,,,,,,,,,,,,,,,,,,,,,,,,,,,,,,,,,,,,,,,,,,,,,,,,,,,,,,,,,,,,,,,,,,,,,,,,,,,,,,,,,,,,,,,,,,,,,,,,,,,,,,,,,,,,,,,,,,,,,,,,,,,,,,,,,,,,,,,,,,,,,,,,,,,,,,,,,,,,,,,,,,,,,,,,,,,,,,,
,,,,,,1046793,Industrial & MRO Supplies,General Hardware,Component,1046793,1046793,1046793 Smoke & CO Alarm,-- Unbranded --,-- Unbranded --,,First Alert - B R K Brands (2754),First Alert - B R K Brands (2754),First Alert - B R K Brands,,1046793,,Industrial & MRO Supplies>General Hardware>Component,,,,,,,,,,,,,,,,,,,,,,,,,,,,,,,,Component,,,,,,,,,,,,,,,,,,,,,,,,,,,,,,,,,,,,,,,,,,,,,,,,,,,,,,,,,,,,,,,,,,,,,,,,,,,,,,,,,,,,,,,,,,,,,,,,,,,,,,,,,,,,,,,,,,,,,,,,,,,,,,,,,,,,,,,,,,,,,,,,,,,,,,,,,,,,,,,,,,,,,,,,,,,,,,,,,,,,,,,,,,,,,,,,,,,,,
,,,,,,1046870,Industrial & MRO Supplies,General Hardware,Component,1046870,1046870,1046870 Smoke & CO Alarm,-- Unbranded --,-- Unbranded --,,First Alert - B R K Brands (2754),First Alert - B R K Brands (2754),First Alert - B R K Brands,,1046870,,Industrial & MRO Supplies>General Hardware>Component,,,,,,,,,,,,,,,,,,,,,,,,,,,,,,,,Component,,,,,,,,,,,,,,,,,,,,,,,,,,,,,,,,,,,,,,,,,,,,,,,,,,,,,,,,,,,,,,,,,,,,,,,,,,,,,,,,,,,,,,,,,,,,,,,,,,,,,,,,,,,,,,,,,,,,,,,,,,,,,,,,,,,,,,,,,,,,,,,,,,,,,,,,,,,,,,,,,,,,,,,,,,,,,,,,,,,,,,,,,,,,,,,,,,,,,
,,,,,,M701B-21L,Safety & PPE,Safety & PPE,Glove,M701B-21L,M701B-21L,M701B-21L Milw L Black Heated Work Glove Liners,-- Unbranded --,-- Unbranded --,,Milwaukee Accessory (4031),Milwaukee Accessory (4031),Milwaukee,,M701B-21L,,Safety & PPE>Safety & PPE>Glove,,,,,,,,,,,,,,,,,,,,,,,,,,,,,,,,Glove,,,,,,,,,,,,,,,,,,,,,,,,,,,,,,,,,,,,,,,,,,,,,,,,,,,,,,,,,,,,,,,,,,,,,,,,,,,,,,,,,,,,,,,,,,,,,,,,,,,,,,,,,,,,,,,,,,,,,,,,,,,,,,,,,,,,,,,,,,,,,,,,,,,,,,,,,,,,,,,,,,,,,,,,,,,,,,,,,,,,,,,,,,,,,,,,,,,,,
,,,,,,M701B-21M,Safety & PPE,Safety & PPE,Glove,M701B-21M,M701B-21M,M701B-21M Milw M Black Heated Work Glove Liners,-- Unbranded --,-- Unbranded --,,Milwaukee Accessory (4031),Milwaukee Accessory (4031),Milwaukee,,M701B-21M,,Safety & PPE>Safety & PPE>Glove,,,,,,,,,,,,,,,,,,,,,,,,,,,,,,,,Glove,,,,,,,,,,,,,,,,,,,,,,,,,,,,,,,,,,,,,,,,,,,,,,,,,,,,,,,,,,,,,,,,,,,,,,,,,,,,,,,,,,,,,,,,,,,,,,,,,,,,,,,,,,,,,,,,,,,,,,,,,,,,,,,,,,,,,,,,,,,,,,,,,,,,,,,,,,,,,,,,,,,,,,,,,,,,,,,,,,,,,,,,,,,,,,,,,,,,,
,,,,,,M701B-21S,Safety & PPE,Safety & PPE,Glove,M701B-21S,M701B-21S,M701B-21S Milw S Black Heated Work Glove Liners,-- Unbranded --,-- Unbranded --,,Milwaukee Accessory (4031),Milwaukee Accessory (4031),Milwaukee,,M701B-21S,,Safety & PPE>Safety & PPE>Glove,,,,,,,,,,,,,,,,,,,,,,,,,,,,,,,,Glove,,,,,,,,,,,,,,,,,,,,,,,,,,,,,,,,,,,,,,,,,,,,,,,,,,,,,,,,,,,,,,,,,,,,,,,,,,,,,,,,,,,,,,,,,,,,,,,,,,,,,,,,,,,,,,,,,,,,,,,,,,,,,,,,,,,,,,,,,,,,,,,,,,,,,,,,,,,,,,,,,,,,,,,,,,,,,,,,,,,,,,,,,,,,,,,,,,,,,
,,,,,,M701B-21XL,Safety & PPE,Safety & PPE,Glove,M701B-21XL,M701B-21XL,M701B-21XL Milw XL Black Heated Work Glove Liners,-- Unbranded --,-- Unbranded --,,Milwaukee Accessory (4031),Milwaukee Accessory (4031),Milwaukee,,M701B-21XL,,Safety & PPE>Safety & PPE>Glove,,,,,,,,,,,,,,,,,,,,,,,,,,,,,,,,Glove,,,,,,,,,,,,,,,,,,,,,,,,,,,,,,,,,,,,,,,,,,,,,,,,,,,,,,,,,,,,,,,,,,,,,,,,,,,,,,,,,,,,,,,,,,,,,,,,,,,,,,,,,,,,,,,,,,,,,,,,,,,,,,,,,,,,,,,,,,,,,,,,,,,,,,,,,,,,,,,,,,,,,,,,,,,,,,,,,,,,,,,,,,,,,,,,,,,,,
,,,,,,MWUG42010124,Safety & PPE,Safety & PPE,Glove,MWUG42010124,MWUG42010124,UTW Pro Heated Glove Blk XS,-- Unbranded --,-- Unbranded --,,Tech Gear 5.7 Inc (TECGE),Tech Gear 5.7 Inc (TECGE),Tech Gear 5.7 Inc,,MWUG42010124,,Safety & PPE>Safety & PPE>Glove,,,,,,,,,,,,,,,,,,,,,,,,,,,,,,,,Glove,,,,,,,,,,,,,,,,,,,,,,,,,,,,,,,,,,,,,,,,,,,,,,,,,,,,,,,,,,,,,,,,,,,,,,,,,,,,,,,,,,,,,,,,,,,,,,,,,,,,,,,,,,,,,,,,,,,,,,,,,,,,,,,,,,,,,,,,,,,,,,,,,,,,,,,,,,,,,,,,,,,,,,,,,,,,,,,,,,,,,,,,,,,,,,,,,,,,,
,,,,,,MWUG42010224,Safety & PPE,Safety & PPE,Glove,MWUG42010224,MWUG42010224,UTW Pro Heated Glove Blk SM,-- Unbranded --,-- Unbranded --,,Tech Gear 5.7 Inc (TECGE),Tech Gear 5.7 Inc (TECGE),Tech Gear 5.7 Inc,,MWUG42010224,,Safety & PPE>Safety & PPE>Glove,,,,,,,,,,,,,,,,,,,,,,,,,,,,,,,,Glove,,,,,,,,,,,,,,,,,,,,,,,,,,,,,,,,,,,,,,,,,,,,,,,,,,,,,,,,,,,,,,,,,,,,,,,,,,,,,,,,,,,,,,,,,,,,,,,,,,,,,,,,,,,,,,,,,,,,,,,,,,,,,,,,,,,,,,,,,,,,,,,,,,,,,,,,,,,,,,,,,,,,,,,,,,,,,,,,,,,,,,,,,,,,,,,,,,,,,
,,,,,,MWUG42010324,Safety & PPE,Safety & PPE,Glove,MWUG42010324,MWUG42010324,UTW Pro Heated Glove Blk MD,-- Unbranded --,-- Unbranded --,,Tech Gear 5.7 Inc (TECGE),Tech Gear 5.7 Inc (TECGE),Tech Gear 5.7 Inc,,MWUG42010324,,Safety & PPE>Safety & PPE>Glove,,,,,,,,,,,,,,,,,,,,,,,,,,,,,,,,Glove,,,,,,,,,,,,,,,,,,,,,,,,,,,,,,,,,,,,,,,,,,,,,,,,,,,,,,,,,,,,,,,,,,,,,,,,,,,,,,,,,,,,,,,,,,,,,,,,,,,,,,,,,,,,,,,,,,,,,,,,,,,,,,,,,,,,,,,,,,,,,,,,,,,,,,,,,,,,,,,,,,,,,,,,,,,,,,,,,,,,,,,,,,,,,,,,,,,,,
,,,,,,MWUG42010424,Safety & PPE,Safety & PPE,Glove,MWUG42010424,MWUG42010424,UTW Pro Heated Glove Blk LG,-- Unbranded --,-- Unbranded --,,Tech Gear 5.7 Inc (TECGE),Tech Gear 5.7 Inc (TECGE),Tech Gear 5.7 Inc,,MWUG42010424,,Safety & PPE>Safety & PPE>Glove,,,,,,,,,,,,,,,,,,,,,,,,,,,,,,,,Glove,,,,,,,,,,,,,,,,,,,,,,,,,,,,,,,,,,,,,,,,,,,,,,,,,,,,,,,,,,,,,,,,,,,,,,,,,,,,,,,,,,,,,,,,,,,,,,,,,,,,,,,,,,,,,,,,,,,,,,,,,,,,,,,,,,,,,,,,,,,,,,,,,,,,,,,,,,,,,,,,,,,,,,,,,,,,,,,,,,,,,,,,,,,,,,,,,,,,,
,,,,,,MWUG42010524,Safety & PPE,Safety & PPE,Glove,MWUG42010524,MWUG42010524,UTW Pro Heated Glove Blk XL,-- Unbranded --,-- Unbranded --,,Tech Gear 5.7 Inc (TECGE),Tech Gear 5.7 Inc (TECGE),Tech Gear 5.7 Inc,,MWUG42010524,,Safety & PPE>Safety & PPE>Glove,,,,,,,,,,,,,,,,,,,,,,,,,,,,,,,,Glove,,,,,,,,,,,,,,,,,,,,,,,,,,,,,,,,,,,,,,,,,,,,,,,,,,,,,,,,,,,,,,,,,,,,,,,,,,,,,,,,,,,,,,,,,,,,,,,,,,,,,,,,,,,,,,,,,,,,,,,,,,,,,,,,,,,,,,,,,,,,,,,,,,,,,,,,,,,,,,,,,,,,,,,,,,,,,,,,,,,,,,,,,,,,,,,,,,,,,
,,,,,,MWUG42010624,Safety & PPE,Safety & PPE,Glove,MWUG42010624,MWUG42010624,UTW Pro Heated Glove Blk 2X,-- Unbranded --,-- Unbranded --,,Tech Gear 5.7 Inc (TECGE),Tech Gear 5.7 Inc (TECGE),Tech Gear 5.7 Inc,,MWUG42010624,,Safety & PPE>Safety & PPE>Glove,,,,,,,,,,,,,,,,,,,,,,,,,,,,,,,,Glove,,,,,,,,,,,,,,,,,,,,,,,,,,,,,,,,,,,,,,,,,,,,,,,,,,,,,,,,,,,,,,,,,,,,,,,,,,,,,,,,,,,,,,,,,,,,,,,,,,,,,,,,,,,,,,,,,,,,,,,,,,,,,,,,,,,,,,,,,,,,,,,,,,,,,,,,,,,,,,,,,,,,,,,,,,,,,,,,,,,,,,,,,,,,,,,,,,,,,
,,,,,,MWUG36010225,Safety & PPE,Safety & PPE,Glove,MWUG36010225,MWUG36010225,MWUG36010225 BLK SM Aerial Snow Heated Glove,-- Unbranded --,-- Unbranded --,,Tech Gear 5.7 Inc (TECGE),Tech Gear 5.7 Inc (TECGE),Tech Gear 5.7 Inc,,MWUG36010225,,Safety & PPE>Safety & PPE>Glove,,,,,,,,,,,,,,,,,,,,,,,,,,,,,,,,Glove,,,,,,,,,,,,,,,,,,,,,,,,,,,,,,,,,,,,,,,,,,,,,,,,,,,,,,,,,,,,,,,,,,,,,,,,,,,,,,,,,,,,,,,,,,,,,,,,,,,,,,,,,,,,,,,,,,,,,,,,,,,,,,,,,,,,,,,,,,,,,,,,,,,,,,,,,,,,,,,,,,,,,,,,,,,,,,,,,,,,,,,,,,,,,,,,,,,,,
,,,,,,MWUG36010325,Safety & PPE,Safety & PPE,Glove,MWUG36010325,MWUG36010325,MWUG36010325 BLK MD Aerial Snow Heated Glove,-- Unbranded --,-- Unbranded --,,Tech Gear 5.7 Inc (TECGE),Tech Gear 5.7 Inc (TECGE),Tech Gear 5.7 Inc,,MWUG36010325,,Safety & PPE>Safety & PPE>Glove,,,,,,,,,,,,,,,,,,,,,,,,,,,,,,,,Glove,,,,,,,,,,,,,,,,,,,,,,,,,,,,,,,,,,,,,,,,,,,,,,,,,,,,,,,,,,,,,,,,,,,,,,,,,,,,,,,,,,,,,,,,,,,,,,,,,,,,,,,,,,,,,,,,,,,,,,,,,,,,,,,,,,,,,,,,,,,,,,,,,,,,,,,,,,,,,,,,,,,,,,,,,,,,,,,,,,,,,,,,,,,,,,,,,,,,,
,,,,,,MWUG36010425,Safety & PPE,Safety & PPE,Glove,MWUG36010425,MWUG36010425,MWUG36010425 BLK LG Aerial Snow Heated Glove,-- Unbranded --,-- Unbranded --,,Tech Gear 5.7 Inc (TECGE),Tech Gear 5.7 Inc (TECGE),Tech Gear 5.7 Inc,,MWUG36010425,,Safety & PPE>Safety & PPE>Glove,,,,,,,,,,,,,,,,,,,,,,,,,,,,,,,,Glove,,,,,,,,,,,,,,,,,,,,,,,,,,,,,,,,,,,,,,,,,,,,,,,,,,,,,,,,,,,,,,,,,,,,,,,,,,,,,,,,,,,,,,,,,,,,,,,,,,,,,,,,,,,,,,,,,,,,,,,,,,,,,,,,,,,,,,,,,,,,,,,,,,,,,,,,,,,,,,,,,,,,,,,,,,,,,,,,,,,,,,,,,,,,,,,,,,,,,
,,,,,,MWUG36010525,Safety & PPE,Safety & PPE,Glove,MWUG36010525,MWUG36010525,MWUG36010525 BLK XL Aerial Snow Heated Glove,-- Unbranded --,-- Unbranded --,,Tech Gear 5.7 Inc (TECGE),Tech Gear 5.7 Inc (TECGE),Tech Gear 5.7 Inc,,MWUG36010525,,Safety & PPE>Safety & PPE>Glove,,,,,,,,,,,,,,,,,,,,,,,,,,,,,,,,Glove,,,,,,,,,,,,,,,,,,,,,,,,,,,,,,,,,,,,,,,,,,,,,,,,,,,,,,,,,,,,,,,,,,,,,,,,,,,,,,,,,,,,,,,,,,,,,,,,,,,,,,,,,,,,,,,,,,,,,,,,,,,,,,,,,,,,,,,,,,,,,,,,,,,,,,,,,,,,,,,,,,,,,,,,,,,,,,,,,,,,,,,,,,,,,,,,,,,,,
,,,,,,MWUG36010625,Safety & PPE,Safety & PPE,Glove,MWUG36010625,MWUG36010625,MWUG36010625 BLK 2X Aerial Snow Heated Glove,-- Unbranded --,-- Unbranded --,,Tech Gear 5.7 Inc (TECGE),Tech Gear 5.7 Inc (TECGE),Tech Gear 5.7 Inc,,MWUG36010625,,Safety & PPE>Safety & PPE>Glove,,,,,,,,,,,,,,,,,,,,,,,,,,,,,,,,Glove,,,,,,,,,,,,,,,,,,,,,,,,,,,,,,,,,,,,,,,,,,,,,,,,,,,,,,,,,,,,,,,,,,,,,,,,,,,,,,,,,,,,,,,,,,,,,,,,,,,,,,,,,,,,,,,,,,,,,,,,,,,,,,,,,,,,,,,,,,,,,,,,,,,,,,,,,,,,,,,,,,,,,,,,,,,,,,,,,,,,,,,,,,,,,,,,,,,,,
,,,,,,DPG15,Industrial & MRO Supplies,General Hardware,Component,DPG15,DPG15,DPG15 Dewalt AM/FM Hearing Protector,-- Unbranded --,-- Unbranded --,,Radians (7363),Radians (7363),DeWalt,,DPG15,,Industrial & MRO Supplies>General Hardware>Component,,,,,,,,,,,,,,,,,,,,,,,,,,,,,,,,Component,,,,,,,,,,,,,,,,,,,,,,,,,,,,,,,,,,,,,,,,,,,,,,,,,,,,,,,,,,,,,,,,,,,,,,,,,,,,,,,,,,,,,,,,,,,,,,,,,,,,,,,,,,,,,,,,,,,,,,,,,,,,,,,,,,,,,,,,,,,,,,,,,,,,,,,,,,,,,,,,,,,,,,,,,,,,,,,,,,,,,,,,,,,,,,,,,,,,,
,,,,,,F200B-21L,Industrial & MRO Supplies,General Hardware,Component,F200B-21L,F200B-21L,F200B-21L Milw M12 Womens - BLK Heated Hoodie Kit L,-- Unbranded --,-- Unbranded --,,Milwaukee Accessory (4031),Milwaukee Accessory (4031),Milwaukee,,F200B-21L,,Industrial & MRO Supplies>General Hardware>Component,,,,,,,,,,,,,,,,,,,,,,,,,,,,,,,,Component,,,,,,,,,,,,,,,,,,,,,,,,,,,,,,,,,,,,,,,,,,,,,,,,,,,,,,,,,,,,,,,,,,,,,,,,,,,,,,,,,,,,,,,,,,,,,,,,,,,,,,,,,,,,,,,,,,,,,,,,,,,,,,,,,,,,,,,,,,,,,,,,,,,,,,,,,,,,,,,,,,,,,,,,,,,,,,,,,,,,,,,,,,,,,,,,,,,,,
,,,,,,F200B-21M,Industrial & MRO Supplies,General Hardware,Component,F200B-21M,F200B-21M,F200B-21M Milw M12 Womens - BLK Heated Hoodie Kit M,-- Unbranded --,-- Unbranded --,,Milwaukee Accessory (4031),Milwaukee Accessory (4031),Milwaukee,,F200B-21M,,Industrial & MRO Supplies>General Hardware>Component,,,,,,,,,,,,,,,,,,,,,,,,,,,,,,,,Component,,,,,,,,,,,,,,,,,,,,,,,,,,,,,,,,,,,,,,,,,,,,,,,,,,,,,,,,,,,,,,,,,,,,,,,,,,,,,,,,,,,,,,,,,,,,,,,,,,,,,,,,,,,,,,,,,,,,,,,,,,,,,,,,,,,,,,,,,,,,,,,,,,,,,,,,,,,,,,,,,,,,,,,,,,,,,,,,,,,,,,,,,,,,,,,,,,,,,
,,,,,,M200B-21L,Industrial & MRO Supplies,General Hardware,Component,M200B-21L,M200B-21L,M200B-21L Milw M12 BLK - Heated Hoodie Kit L,-- Unbranded --,-- Unbranded --,,Milwaukee Accessory (4031),Milwaukee Accessory (4031),Milwaukee,,M200B-21L,,Industrial & MRO Supplies>General Hardware>Component,,,,,,,,,,,,,,,,,,,,,,,,,,,,,,,,Component,,,,,,,,,,,,,,,,,,,,,,,,,,,,,,,,,,,,,,,,,,,,,,,,,,,,,,,,,,,,,,,,,,,,,,,,,,,,,,,,,,,,,,,,,,,,,,,,,,,,,,,,,,,,,,,,,,,,,,,,,,,,,,,,,,,,,,,,,,,,,,,,,,,,,,,,,,,,,,,,,,,,,,,,,,,,,,,,,,,,,,,,,,,,,,,,,,,,,
,,,,,,M200B-21M,Industrial & MRO Supplies,General Hardware,Component,M200B-21M,M200B-21M,M200B-21M Milw M12 BLK - Heated Hoodie Kit M,-- Unbranded --,-- Unbranded --,,Milwaukee Accessory (4031),Milwaukee Accessory (4031),Milwaukee,,M200B-21M,,Industrial & MRO Supplies>General Hardware>Component,,,,,,,,,,,,,,,,,,,,,,,,,,,,,,,,Component,,,,,,,,,,,,,,,,,,,,,,,,,,,,,,,,,,,,,,,,,,,,,,,,,,,,,,,,,,,,,,,,,,,,,,,,,,,,,,,,,,,,,,,,,,,,,,,,,,,,,,,,,,,,,,,,,,,,,,,,,,,,,,,,,,,,,,,,,,,,,,,,,,,,,,,,,,,,,,,,,,,,,,,,,,,,,,,,,,,,,,,,,,,,,,,,,,,,,
,,,,,,M200B-21XL,Industrial & MRO Supplies,General Hardware,Component,M200B-21XL,M200B-21XL,M200B-21XL Milw M12 BLK - Heated Hoodie Kit XL,-- Unbranded --,-- Unbranded --,,Milwaukee Accessory (4031),Milwaukee Accessory (4031),Milwaukee,,M200B-21XL,,Industrial & MRO Supplies>General Hardware>Component,,,,,,,,,,,,,,,,,,,,,,,,,,,,,,,,Component,,,,,,,,,,,,,,,,,,,,,,,,,,,,,,,,,,,,,,,,,,,,,,,,,,,,,,,,,,,,,,,,,,,,,,,,,,,,,,,,,,,,,,,,,,,,,,,,,,,,,,,,,,,,,,,,,,,,,,,,,,,,,,,,,,,,,,,,,,,,,,,,,,,,,,,,,,,,,,,,,,,,,,,,,,,,,,,,,,,,,,,,,,,,,,,,,,,,,
,,,,,,M200G-21L,Industrial & MRO Supplies,General Hardware,Component,M200G-21L,M200G-21L,M200G-21L Milw M12 Gray - Heated Hoodie Kit L,-- Unbranded --,-- Unbranded --,,Milwaukee Accessory (4031),Milwaukee Accessory (4031),Milwaukee,,M200G-21L,,Industrial & MRO Supplies>General Hardware>Component,,,,,,,,,,,,,,,,,,,,,,,,,,,,,,,,Component,,,,,,,,,,,,,,,,,,,,,,,,,,,,,,,,,,,,,,,,,,,,,,,,,,,,,,,,,,,,,,,,,,,,,,,,,,,,,,,,,,,,,,,,,,,,,,,,,,,,,,,,,,,,,,,,,,,,,,,,,,,,,,,,,,,,,,,,,,,,,,,,,,,,,,,,,,,,,,,,,,,,,,,,,,,,,,,,,,,,,,,,,,,,,,,,,,,,,
,,,,,,M200G-21M,Industrial & MRO Supplies,General Hardware,Component,M200G-21M,M200G-21M,M200G-21M Milw M12 Gray - Heated Hoodie Kit M,-- Unbranded --,-- Unbranded --,,Milwaukee Accessory (4031),Milwaukee Accessory (4031),Milwaukee,,M200G-21M,,Industrial & MRO Supplies>General Hardware>Component,,,,,,,,,,,,,,,,,,,,,,,,,,,,,,,,Component,,,,,,,,,,,,,,,,,,,,,,,,,,,,,,,,,,,,,,,,,,,,,,,,,,,,,,,,,,,,,,,,,,,,,,,,,,,,,,,,,,,,,,,,,,,,,,,,,,,,,,,,,,,,,,,,,,,,,,,,,,,,,,,,,,,,,,,,,,,,,,,,,,,,,,,,,,,,,,,,,,,,,,,,,,,,,,,,,,,,,,,,,,,,,,,,,,,,,
,,,,,,M200G-21XL,Industrial & MRO Supplies,General Hardware,Component,M200G-21XL,M200G-21XL,M200G-21XL Milw M12 Gray - Heated Hoodie Kit XL,-- Unbranded --,-- Unbranded --,,Milwaukee Accessory (4031),Milwaukee Accessory (4031),Milwaukee,,M200G-21XL,,Industrial & MRO Supplies>General Hardware>Component,,,,,,,,,,,,,,,,,,,,,,,,,,,,,,,,Component,,,,,,,,,,,,,,,,,,,,,,,,,,,,,,,,,,,,,,,,,,,,,,,,,,,,,,,,,,,,,,,,,,,,,,,,,,,,,,,,,,,,,,,,,,,,,,,,,,,,,,,,,,,,,,,,,,,,,,,,,,,,,,,,,,,,,,,,,,,,,,,,,,,,,,,,,,,,,,,,,,,,,,,,,,,,,,,,,,,,,,,,,,,,,,,,,,,,,
,,,,,,48-11-2330,Industrial & MRO Supplies,General Hardware,Component,48-11-2330,48-11-2330,48-11-2330 Milw Heated Gear Power Source,-- Unbranded --,-- Unbranded --,,Milwaukee Accessory (4031),Milwaukee Accessory (4031),Milwaukee,,48-11-2330,,Industrial & MRO Supplies>General Hardware>Component,,,,,,,,,,,,,,,,,,,,,,,,,,,,,,,,Component,,,,,,,,,,,,,,,,,,,,,,,,,,,,,,,,,,,,,,,,,,,,,,,,,,,,,,,,,,,,,,,,,,,,,,,,,,,,,,,,,,,,,,,,,,,,,,,,,,,,,,,,,,,,,,,,,,,,,,,,,,,,,,,,,,,,,,,,,,,,,,,,,,,,,,,,,,,,,,,,,,,,,,,,,,,,,,,,,,,,,,,,,,,,,,,,,,,,,
,,,,,,DCBP250C,Industrial & MRO Supplies,General Hardware,Component,DCBP250C,DCBP250C,DCBP520C Dewalt Starter Kit,-- Unbranded --,-- Unbranded --,,Black & Decker/dewlt (2585),Black & Decker/dewlt (2585),DeWalt,,DCBP250C,,Industrial & MRO Supplies>General Hardware>Component,,,,,,,,,,,,,,,,,,,,,,,,,,,,,,,,Component,,,,,,,,,,,,,,,,,,,,,,,,,,,,,,,,,,,,,,,,,,,,,,,,,,,,,,,,,,,,,,,,,,,,,,,,,,,,,,,,,,,,,,,,,,,,,,,,,,,,,,,,,,,,,,,,,,,,,,,,,,,,,,,,,,,,,,,,,,,,,,,,,,,,,,,,,,,,,,,,,,,,,,,,,,,,,,,,,,,,,,,,,,,,,,,,,,,,,
,,,,,,5328,Industrial & MRO Supplies,General Hardware,Component,5328,5328,5328 Lg. Leather Phone Holster - Clip-on,-- Unbranded --,-- Unbranded --,,-,-,-,,5328,,Industrial & MRO Supplies>General Hardware>Component,,,,,,,,,,,,,,,,,,,,,,,,,,,,,,,,Component,,,,,,,,,,,,,,,,,,,,,,,,,,,,,,,,,,,,,,,,,,,,,,,,,,,,,,,,,,,,,,,,,,,,,,,,,,,,,,,,,,,,,,,,,,,,,,,,,,,,,,,,,,,,,,,,,,,,,,,,,,,,,,,,,,,,,,,,,,,,,,,,,,,,,,,,,,,,,,,,,,,,,,,,,,,,,,,,,,,,,,,,,,,,,,,,,,,,,
,,,,,,3200-20,Industrial & MRO Supplies,General Hardware,Component,3200-20,3200-20,3200-20 Milw Voltage Detector,-- Unbranded --,-- Unbranded --,,Milwaukee Accessory (4031),Milwaukee Accessory (4031),Milwaukee,,3200-20,,Industrial & MRO Supplies>General Hardware>Component,,,,,,,,,,,,,,,,,,,,,,,,,,,,,,,,Component,,,,,,,,,,,,,,,,,,,,,,,,,,,,,,,,,,,,,,,,,,,,,,,,,,,,,,,,,,,,,,,,,,,,,,,,,,,,,,,,,,,,,,,,,,,,,,,,,,,,,,,,,,,,,,,,,,,,,,,,,,,,,,,,,,,,,,,,,,,,,,,,,,,,,,,,,,,,,,,,,,,,,,,,,,,,,,,,,,,,,,,,,,,,,,,,,,,,,
,,,,,,3202-20,Industrial & MRO Supplies,General Hardware,Component,3202-20,3202-20,3202-20 Milw Voltage Detector w/ LED,-- Unbranded --,-- Unbranded --,,Milwaukee Accessory (4031),Milwaukee Accessory (4031),Milwaukee,,3202-20,,Industrial & MRO Supplies>General Hardware>Component,,,,,,,,,,,,,,,,,,,,,,,,,,,,,,,,Component,,,,,,,,,,,,,,,,,,,,,,,,,,,,,,,,,,,,,,,,,,,,,,,,,,,,,,,,,,,,,,,,,,,,,,,,,,,,,,,,,,,,,,,,,,,,,,,,,,,,,,,,,,,,,,,,,,,,,,,,,,,,,,,,,,,,,,,,,,,,,,,,,,,,,,,,,,,,,,,,,,,,,,,,,,,,,,,,,,,,,,,,,,,,,,,,,,,,,
,,,,,,3203-20,Appliances,Large Appliances,Range,3203-20,3203-20,3203-20 Milw Dual Range Voltage Detector w/ LED,-- Unbranded --,-- Unbranded --,,Milwaukee Accessory (4031),Milwaukee Accessory (4031),Milwaukee,,3203-20,,Appliances>Large Appliances>Range,,,,,,,,,,,,,,,,,,,,,,,,,,,,,,,,Range,,,,,,,,,,,,,,,,,,,,,,,,,,,,,,,,,,,,,,,,,,,,,,,,,,,,,,,,,,,,,,,,,,,,,,,,,,,,,,,,,,,,,,,,,,,,,,,,,,,,,,,,,,,,,,,,,,,,,,,,,,,,,,,,,,,,,,,,,,,,,,,,,,,,,,,,,,,,,,,,,,,,,,,,,,,,,,,,,,,,,,,,,,,,,,,,,,,,,
,,,,,,BC-12300,Industrial & MRO Supplies,General Hardware,Component,BC-12300,BC-12300,"BC-12300 BigCal 12""/300mm",-- Unbranded --,-- Unbranded --,,Woodpeckers Inc (WOODP),Woodpeckers Inc (WOODP),Woodpeckers Inc,,BC-12300,,Industrial & MRO Supplies>General Hardware>Component,,,,,,,,,,,,,,,,,,,,,,,,,,,,,,,,Component,,,,,,,,,,,,,,,,,,,,,,,,,,,,,,,,,,,,,,,,,,,,,,,,,,,,,,,,,,,,,,,,,,,,,,,,,,,,,,,,,,,,,,,,,,,,,,,,,,,,,,,,,,,,,,,,,,,,,,,,,,,,,,,,,,,,,,,,,,,,,,,,,,,,,,,,,,,,,,,,,,,,,,,,,,,,,,,,,,,,,,,,,,,,,,,,,,,,,
,,,,,,BC-24600,Industrial & MRO Supplies,General Hardware,Component,BC-24600,BC-24600,"BC-24600 BigCal 24""/600mm",-- Unbranded --,-- Unbranded --,,Woodpeckers Inc (WOODP),Woodpeckers Inc (WOODP),Woodpeckers Inc,,BC-24600,,Industrial & MRO Supplies>General Hardware>Component,,,,,,,,,,,,,,,,,,,,,,,,,,,,,,,,Component,,,,,,,,,,,,,,,,,,,,,,,,,,,,,,,,,,,,,,,,,,,,,,,,,,,,,,,,,,,,,,,,,,,,,,,,,,,,,,,,,,,,,,,,,,,,,,,,,,,,,,,,,,,,,,,,,,,,,,,,,,,,,,,,,,,,,,,,,,,,,,,,,,,,,,,,,,,,,,,,,,,,,,,,,,,,,,,,,,,,,,,,,,,,,,,,,,,,,
,,,,,,DW08302CG,Industrial & MRO Supplies,General Hardware,Component,DW08302CG,DW08302CG,DW08302CG Dewalt Laser - Green 3 Spot,-- Unbranded --,-- Unbranded --,,Black & Decker/dewlt (2585),Black & Decker/dewlt (2585),DeWalt,,DW08302CG,,Industrial & MRO Supplies>General Hardware>Component,,,,,,,,,,,,,,,,,,,,,,,,,,,,,,,,Component,,,,,,,,,,,,,,,,,,,,,,,,,,,,,,,,,,,,,,,,,,,,,,,,,,,,,,,,,,,,,,,,,,,,,,,,,,,,,,,,,,,,,,,,,,,,,,,,,,,,,,,,,,,,,,,,,,,,,,,,,,,,,,,,,,,,,,,,,,,,,,,,,,,,,,,,,,,,,,,,,,,,,,,,,,,,,,,,,,,,,,,,,,,,,,,,,,,,,
,,,,,,GCL165-42GL,Industrial & MRO Supplies,General Hardware,Component,GCL165-42GL,GCL165-42GL,GCL165--42GL Cross Line Laser,-- Unbranded --,-- Unbranded --,,Robt Bosch Tool Corp (6564),Robt Bosch Tool Corp (6564),Bosch,,GCL165-42GL,,Industrial & MRO Supplies>General Hardware>Component,,,,,,,,,,,,,,,,,,,,,,,,,,,,,,,,Component,,,,,,,,,,,,,,,,,,,,,,,,,,,,,,,,,,,,,,,,,,,,,,,,,,,,,,,,,,,,,,,,,,,,,,,,,,,,,,,,,,,,,,,,,,,,,,,,,,,,,,,,,,,,,,,,,,,,,,,,,,,,,,,,,,,,,,,,,,,,,,,,,,,,,,,,,,,,,,,,,,,,,,,,,,,,,,,,,,,,,,,,,,,,,,,,,,,,,
,,,,,,DW08802CG,Industrial & MRO Supplies,General Hardware,Component,DW08802CG,DW08802CG,DW08802CG Dewalt Laser Green - Self-Level Cross Line,-- Unbranded --,-- Unbranded --,,Black & Decker/dewlt (2585),Black & Decker/dewlt (2585),DeWalt,,DW08802CG,,Industrial & MRO Supplies>General Hardware>Component,,,,,,,,,,,,,,,,,,,,,,,,,,,,,,,,Component,,,,,,,,,,,,,,,,,,,,,,,,,,,,,,,,,,,,,,,,,,,,,,,,,,,,,,,,,,,,,,,,,,,,,,,,,,,,,,,,,,,,,,,,,,,,,,,,,,,,,,,,,,,,,,,,,,,,,,,,,,,,,,,,,,,,,,,,,,,,,,,,,,,,,,,,,,,,,,,,,,,,,,,,,,,,,,,,,,,,,,,,,,,,,,,,,,,,,
,,,,,,DW088CG,Industrial & MRO Supplies,General Hardware,Component,DW088CG,DW088CG,DW088CG Dewalt Laser - Green Cross Line,-- Unbranded --,-- Unbranded --,,Black & Decker/dewlt (2585),Black & Decker/dewlt (2585),DeWalt,,DW088CG,,Industrial & MRO Supplies>General Hardware>Component,,,,,,,,,,,,,,,,,,,,,,,,,,,,,,,,Component,,,,,,,,,,,,,,,,,,,,,,,,,,,,,,,,,,,,,,,,,,,,,,,,,,,,,,,,,,,,,,,,,,,,,,,,,,,,,,,,,,,,,,,,,,,,,,,,,,,,,,,,,,,,,,,,,,,,,,,,,,,,,,,,,,,,,,,,,,,,,,,,,,,,,,,,,,,,,,,,,,,,,,,,,,,,,,,,,,,,,,,,,,,,,,,,,,,,,
,,,,,,DW089CG,Appliances,Large Appliances,Range,DW089CG,DW089CG,DW089CG Dewalt Laser Level - 3 Line 30ft Range,-- Unbranded --,-- Unbranded --,,Black & Decker/dewlt (2585),Black & Decker/dewlt (2585),DeWalt,,DW089CG,,Appliances>Large Appliances>Range,,,,,,,,,,,,,,,,,,,,,,,,,,,,,,,,Range,,,,,,,,,,,,,,,,,,,,,,,,,,,,,,,,,,,,,,,,,,,,,,,,,,,,,,,,,,,,,,,,,,,,,,,,,,,,,,,,,,,,,,,,,,,,,,,,,,,,,,,,,,,,,,,,,,,,,,,,,,,,,,,,,,,,,,,,,,,,,,,,,,,,,,,,,,,,,,,,,,,,,,,,,,,,,,,,,,,,,,,,,,,,,,,,,,,,,
,,,,,,DCLE34520GB,Industrial & MRO Supplies,General Hardware,Component,DCLE34520GB,DCLE34520GB,DCLE34520GB Dewalt Laser 20V - Cross Line 5 Spot (Bare),-- Unbranded --,-- Unbranded --,,Black & Decker/dewlt (2585),Black & Decker/dewlt (2585),DeWalt,,DCLE34520GB,,Industrial & MRO Supplies>General Hardware>Component,,,,,,,,,,,,,,,,,,,,,,,,,,,,,,,,Component,,,,,,,,,,,,,,,,,,,,,,,,,,,,,,,,,,,,,,,,,,,,,,,,,,,,,,,,,,,,,,,,,,,,,,,,,,,,,,,,,,,,,,,,,,,,,,,,,,,,,,,,,,,,,,,,,,,,,,,,,,,,,,,,,,,,,,,,,,,,,,,,,,,,,,,,,,,,,,,,,,,,,,,,,,,,,,,,,,,,,,,,,,,,,,,,,,,,,
,,,,,,DCLE34031B,Industrial & MRO Supplies,General Hardware,Component,DCLE34031B,DCLE34031B,DCLE34031B Dewalt Line Laser - 20V Self-Leveling (Bare),-- Unbranded --,-- Unbranded --,,Black & Decker/dewlt (2585),Black & Decker/dewlt (2585),DeWalt,,DCLE34031B,,Industrial & MRO Supplies>General Hardware>Component,,,,,,,,,,,,,,,,,,,,,,,,,,,,,,,,Component,,,,,,,,,,,,,,,,,,,,,,,,,,,,,,,,,,,,,,,,,,,,,,,,,,,,,,,,,,,,,,,,,,,,,,,,,,,,,,,,,,,,,,,,,,,,,,,,,,,,,,,,,,,,,,,,,,,,,,,,,,,,,,,,,,,,,,,,,,,,,,,,,,,,,,,,,,,,,,,,,,,,,,,,,,,,,,,,,,,,,,,,,,,,,,,,,,,,,
,,,,,,DW0822CG,Industrial & MRO Supplies,General Hardware,Component,DW0822CG,DW0822CG,DW0822CG Dewalt Cross Line - Plumb Spots Laser-Green,-- Unbranded --,-- Unbranded --,,Black & Decker/dewlt (2585),Black & Decker/dewlt (2585),DeWalt,,DW0822CG,,Industrial & MRO Supplies>General Hardware>Component,,,,,,,,,,,,,,,,,,,,,,,,,,,,,,,,Component,,,,,,,,,,,,,,,,,,,,,,,,,,,,,,,,,,,,,,,,,,,,,,,,,,,,,,,,,,,,,,,,,,,,,,,,,,,,,,,,,,,,,,,,,,,,,,,,,,,,,,,,,,,,,,,,,,,,,,,,,,,,,,,,,,,,,,,,,,,,,,,,,,,,,,,,,,,,,,,,,,,,,,,,,,,,,,,,,,,,,,,,,,,,,,,,,,,,,
,,,,,,25459,Industrial & MRO Supplies,General Hardware,Component,25459,25459,25459 Mason Line Brd Orange - 500',-- Unbranded --,-- Unbranded --,,U S Tape Company (6694),U S Tape Company (6694),U S Tape Company,,25459,,Industrial & MRO Supplies>General Hardware>Component,,,,,,,,,,,,,,,,,,,,,,,,,,,,,,,,Component,,,,,,,,,,,,,,,,,,,,,,,,,,,,,,,,,,,,,,,,,,,,,,,,,,,,,,,,,,,,,,,,,,,,,,,,,,,,,,,,,,,,,,,,,,,,,,,,,,,,,,,,,,,,,,,,,,,,,,,,,,,,,,,,,,,,,,,,,,,,,,,,,,,,,,,,,,,,,,,,,,,,,,,,,,,,,,,,,,,,,,,,,,,,,,,,,,,,,
,,,,,,35459,Industrial & MRO Supplies,General Hardware,Component,35459,35459,35459 Mason Line Brd Orange - 500' Replacement,-- Unbranded --,-- Unbranded --,,U S Tape Company (6694),U S Tape Company (6694),U S Tape Company,,35459,,Industrial & MRO Supplies>General Hardware>Component,,,,,,,,,,,,,,,,,,,,,,,,,,,,,,,,Component,,,,,,,,,,,,,,,,,,,,,,,,,,,,,,,,,,,,,,,,,,,,,,,,,,,,,,,,,,,,,,,,,,,,,,,,,,,,,,,,,,,,,,,,,,,,,,,,,,,,,,,,,,,,,,,,,,,,,,,,,,,,,,,,,,,,,,,,,,,,,,,,,,,,,,,,,,,,,,,,,,,,,,,,,,,,,,,,,,,,,,,,,,,,,,,,,,,,,
,,,,,,25759,Industrial & MRO Supplies,General Hardware,Component,25759,25759,25759 Mason Line Brd Orange - 1000',-- Unbranded --,-- Unbranded --,,U S Tape Company (6694),U S Tape Company (6694),U S Tape Company,,25759,,Industrial & MRO Supplies>General Hardware>Component,,,,,,,,,,,,,,,,,,,,,,,,,,,,,,,,Component,,,,,,,,,,,,,,,,,,,,,,,,,,,,,,,,,,,,,,,,,,,,,,,,,,,,,,,,,,,,,,,,,,,,,,,,,,,,,,,,,,,,,,,,,,,,,,,,,,,,,,,,,,,,,,,,,,,,,,,,,,,,,,,,,,,,,,,,,,,,,,,,,,,,,,,,,,,,,,,,,,,,,,,,,,,,,,,,,,,,,,,,,,,,,,,,,,,,,
,,,,,,35112,Industrial & MRO Supplies,General Hardware,Component,35112,35112,35112 Mason Line Twist Yellow - 270',-- Unbranded --,-- Unbranded --,,U S Tape Company (6694),U S Tape Company (6694),U S Tape Company,,35112,,Industrial & MRO Supplies>General Hardware>Component,,,,,,,,,,,,,,,,,,,,,,,,,,,,,,,,Component,,,,,,,,,,,,,,,,,,,,,,,,,,,,,,,,,,,,,,,,,,,,,,,,,,,,,,,,,,,,,,,,,,,,,,,,,,,,,,,,,,,,,,,,,,,,,,,,,,,,,,,,,,,,,,,,,,,,,,,,,,,,,,,,,,,,,,,,,,,,,,,,,,,,,,,,,,,,,,,,,,,,,,,,,,,,,,,,,,,,,,,,,,,,,,,,,,,,,
,,,,,,35115,Industrial & MRO Supplies,General Hardware,Component,35115,35115,35115 Mason Line Twist Green - 270',-- Unbranded --,-- Unbranded --,,U S Tape Company (6694),U S Tape Company (6694),U S Tape Company,,35115,,Industrial & MRO Supplies>General Hardware>Component,,,,,,,,,,,,,,,,,,,,,,,,,,,,,,,,Component,,,,,,,,,,,,,,,,,,,,,,,,,,,,,,,,,,,,,,,,,,,,,,,,,,,,,,,,,,,,,,,,,,,,,,,,,,,,,,,,,,,,,,,,,,,,,,,,,,,,,,,,,,,,,,,,,,,,,,,,,,,,,,,,,,,,,,,,,,,,,,,,,,,,,,,,,,,,,,,,,,,,,,,,,,,,,,,,,,,,,,,,,,,,,,,,,,,,,
,,,,,,25168,Industrial & MRO Supplies,General Hardware,Component,25168,25168,25168 Mason Line Brd Green - 250',CENTURY COMPONENTS,CENTURY COMPONENTS,,U S Tape Company (6694),U S Tape Company (6694),CENTURY COMPONENTS,,25168,,Industrial & MRO Supplies>General Hardware>Component,,,,,,,,,,,,,,,,,,,,,,,,,,,,,,,,Component,,,,,,,,,,,,,,,,,,,,,,,,,,,,,,,,,,,,,,,,,,,,,,,,,,,,,,,,,,,,,,,,,,,,,,,,,,,,,,,,,,,,,,,,,,,,,,,,,,,,,,,,,,,,,,,,,,,,,,,,,,,,,,,,,,,,,,,,,,,,,,,,,,,,,,,,,,,,,,,,,,,,,,,,,,,,,,,,,,,,,,,,,,,,,,,,,,,,,
,,,,,,35468,Industrial & MRO Supplies,General Hardware,Component,35468,35468,35468 Mason Line Brd Green - 500' Replacement,-- Unbranded --,-- Unbranded --,,U S Tape Company (6694),U S Tape Company (6694),U S Tape Company,,35468,,Industrial & MRO Supplies>General Hardware>Component,,,,,,,,,,,,,,,,,,,,,,,,,,,,,,,,Component,,,,,,,,,,,,,,,,,,,,,,,,,,,,,,,,,,,,,,,,,,,,,,,,,,,,,,,,,,,,,,,,,,,,,,,,,,,,,,,,,,,,,,,,,,,,,,,,,,,,,,,,,,,,,,,,,,,,,,,,,,,,,,,,,,,,,,,,,,,,,,,,,,,,,,,,,,,,,,,,,,,,,,,,,,,,,,,,,,,,,,,,,,,,,,,,,,,,,
,,,,,,35494,Industrial & MRO Supplies,General Hardware,Component,35494,35494,35494 Mason Line Brd Blk/Yellw - 500' Replacement,-- Unbranded --,-- Unbranded --,,U S Tape Company (6694),U S Tape Company (6694),U S Tape Company,,35494,,Industrial & MRO Supplies>General Hardware>Component,,,,,,,,,,,,,,,,,,,,,,,,,,,,,,,,Component,,,,,,,,,,,,,,,,,,,,,,,,,,,,,,,,,,,,,,,,,,,,,,,,,,,,,,,,,,,,,,,,,,,,,,,,,,,,,,,,,,,,,,,,,,,,,,,,,,,,,,,,,,,,,,,,,,,,,,,,,,,,,,,,,,,,,,,,,,,,,,,,,,,,,,,,,,,,,,,,,,,,,,,,,,,,,,,,,,,,,,,,,,,,,,,,,,,,,
,,,,,,MLSQ0120,Industrial & MRO Supplies,General Hardware,Component,MLSQ0120,MLSQ0120,"MLSQ0120 Milw 12"" RafterSquare",-- Unbranded --,-- Unbranded --,,Milwaukee Accessory (4031),Milwaukee Accessory (4031),Milwaukee,,MLSQ0120,,Industrial & MRO Supplies>General Hardware>Component,,,,,,,,,,,,,,,,,,,,,,,,,,,,,,,,Component,,,,,,,,,,,,,,,,,,,,,,,,,,,,,,,,,,,,,,,,,,,,,,,,,,,,,,,,,,,,,,,,,,,,,,,,,,,,,,,,,,,,,,,,,,,,,,,,,,,,,,,,,,,,,,,,,,,,,,,,,,,,,,,,,,,,,,,,,,,,,,,,,,,,,,,,,,,,,,,,,,,,,,,,,,,,,,,,,,,,,,,,,,,,,,,,,,,,,
,,,,,,MLSQ1120,Industrial & MRO Supplies,General Hardware,Component,MLSQ1120,MLSQ1120,MLSQ1120 Milw 300mm Rafter - Square (Metric),-- Unbranded --,-- Unbranded --,,Milwaukee Accessory (4031),Milwaukee Accessory (4031),Milwaukee,,MLSQ1120,,Industrial & MRO Supplies>General Hardware>Component,,,,,,,,,,,,,,,,,,,,,,,,,,,,,,,,Component,,,,,,,,,,,,,,,,,,,,,,,,,,,,,,,,,,,,,,,,,,,,,,,,,,,,,,,,,,,,,,,,,,,,,,,,,,,,,,,,,,,,,,,,,,,,,,,,,,,,,,,,,,,,,,,,,,,,,,,,,,,,,,,,,,,,,,,,,,,,,,,,,,,,,,,,,,,,,,,,,,,,,,,,,,,,,,,,,,,,,,,,,,,,,,,,,,,,,
,,,,,,55227,Industrial & MRO Supplies,General Hardware,Component,55227,55227,"55227 Amana Countersink/Stop 1/8"" Drill TB",-- Unbranded --,-- Unbranded --,,Amana Tool Corp (AMATO),Amana Tool Corp (AMATO),Amana Tool Corp,,55227,,Industrial & MRO Supplies>General Hardware>Component,,,,,,,,,,,,,,,,,,,,,,,,,,,,,,,,Component,,,,,,,,,,,,,,,,,,,,,,,,,,,,,,,,,,,,,,,,,,,,,,,,,,,,,,,,,,,,,,,,,,,,,,,,,,,,,,,,,,,,,,,,,,,,,,,,,,,,,,,,,,,,,,,,,,,,,,,,,,,,,,,,,,,,,,,,,,,,,,,,,,,,,,,,,,,,,,,,,,,,,,,,,,,,,,,,,,,,,,,,,,,,,,,,,,,,,
,,,,,,37300952,Hand Tools,Hand Tools,Cutter,37300952,37300952,"095842 Fisch Plug Cutter 3/8""",-- Unbranded --,-- Unbranded --,,-,-,-,,37300952,,Hand Tools>Hand Tools>Cutter,,,,,,,,,,,,,,,,,,,,,,,,,,,,,,,,Cutter,,,,,,,,,,,,,,,,,,,,,,,,,,,,,,,,,,,,,,,,,,,,,,,,,,,,,,,,,,,,,,,,,,,,,,,,,,,,,,,,,,,,,,,,,,,,,,,,,,,,,,,,,,,,,,,,,,,,,,,,,,,,,,,,,,,,,,,,,,,,,,,,,,,,,,,,,,,,,,,,,,,,,,,,,,,,,,,,,,,,,,,,,,,,,,,,,,,,,
,,,,,,6008,Industrial & MRO Supplies,General Hardware,Component,6008,6008,6008 Whiteside Router Bit,-- Unbranded --,-- Unbranded --,,Whiteside Machine & Repair Co (WHIMA),Whiteside Machine & Repair Co (WHIMA),Whiteside Machine & Repair Co,,6008,,Industrial & MRO Supplies>General Hardware>Component,,,,,,,,,,,,,,,,,,,,,,,,,,,,,,,,Component,,,,,,,,,,,,,,,,,,,,,,,,,,,,,,,,,,,,,,,,,,,,,,,,,,,,,,,,,,,,,,,,,,,,,,,,,,,,,,,,,,,,,,,,,,,,,,,,,,,,,,,,,,,,,,,,,,,,,,,,,,,,,,,,,,,,,,,,,,,,,,,,,,,,,,,,,,,,,,,,,,,,,,,,,,,,,,,,,,,,,,,,,,,,,,,,,,,,,
,,,,,,6009,Industrial & MRO Supplies,General Hardware,Component,6009,6009,6009 Whiteside Router Bit,-- Unbranded --,-- Unbranded --,,Whiteside Machine & Repair Co (WHIMA),Whiteside Machine & Repair Co (WHIMA),Whiteside Machine & Repair Co,,6009,,Industrial & MRO Supplies>General Hardware>Component,,,,,,,,,,,,,,,,,,,,,,,,,,,,,,,,Component,,,,,,,,,,,,,,,,,,,,,,,,,,,,,,,,,,,,,,,,,,,,,,,,,,,,,,,,,,,,,,,,,,,,,,,,,,,,,,,,,,,,,,,,,,,,,,,,,,,,,,,,,,,,,,,,,,,,,,,,,,,,,,,,,,,,,,,,,,,,,,,,,,,,,,,,,,,,,,,,,,,,,,,,,,,,,,,,,,,,,,,,,,,,,,,,,,,,,
,,,,,,3000A,Industrial & MRO Supplies,General Hardware,Component,3000A,3000A,3000A Whiteside Router Bit,-- Unbranded --,-- Unbranded --,,Whiteside Machine & Repair Co (WHIMA),Whiteside Machine & Repair Co (WHIMA),Whiteside Machine & Repair Co,,3000A,,Industrial & MRO Supplies>General Hardware>Component,,,,,,,,,,,,,,,,,,,,,,,,,,,,,,,,Component,,,,,,,,,,,,,,,,,,,,,,,,,,,,,,,,,,,,,,,,,,,,,,,,,,,,,,,,,,,,,,,,,,,,,,,,,,,,,,,,,,,,,,,,,,,,,,,,,,,,,,,,,,,,,,,,,,,,,,,,,,,,,,,,,,,,,,,,,,,,,,,,,,,,,,,,,,,,,,,,,,,,,,,,,,,,,,,,,,,,,,,,,,,,,,,,,,,,,
,,,,,,MID6630201US,Industrial & MRO Supplies,General Hardware,Component,MID6630201US,MID6630201US,MID6630201US Deos663XCV Sander,-- Unbranded --,-- Unbranded --,,Mirka Abrasives Inc (MIRUS),Mirka Abrasives Inc (MIRUS),Mirka,,MID6630201US,,Industrial & MRO Supplies>General Hardware>Component,,,,,,,,,,,,,,,,,,,,,,,,,,,,,,,,Component,,,,,,,,,,,,,,,,,,,,,,,,,,,,,,,,,,,,,,,,,,,,,,,,,,,,,,,,,,,,,,,,,,,,,,,,,,,,,,,,,,,,,,,,,,,,,,,,,,,,,,,,,,,,,,,,,,,,,,,,,,,,,,,,,,,,,,,,,,,,,,,,,,,,,,,,,,,,,,,,,,,,,,,,,,,,,,,,,,,,,,,,,,,,,,,,,,,,,
,,,,,,DCF6202,Industrial & MRO Supplies,General Hardware,Component,DCF6202,DCF6202,DCF6202 Dewalt Collated Attach,-- Unbranded --,-- Unbranded --,,Black & Decker/dewlt (2585),Black & Decker/dewlt (2585),DeWalt,,DCF6202,,Industrial & MRO Supplies>General Hardware>Component,,,,,,,,,,,,,,,,,,,,,,,,,,,,,,,,Component,,,,,,,,,,,,,,,,,,,,,,,,,,,,,,,,,,,,,,,,,,,,,,,,,,,,,,,,,,,,,,,,,,,,,,,,,,,,,,,,,,,,,,,,,,,,,,,,,,,,,,,,,,,,,,,,,,,,,,,,,,,,,,,,,,,,,,,,,,,,,,,,,,,,,,,,,,,,,,,,,,,,,,,,,,,,,,,,,,,,,,,,,,,,,,,,,,,,,
,,,,,,25468,Industrial & MRO Supplies,General Hardware,Component,25468,25468,25468 Mason Line Brd Green - 500',-- Unbranded --,-- Unbranded --,,U S Tape Company (6694),U S Tape Company (6694),U S Tape Company,,25468,,Industrial & MRO Supplies>General Hardware>Component,,,,,,,,,,,,,,,,,,,,,,,,,,,,,,,,Component,,,,,,,,,,,,,,,,,,,,,,,,,,,,,,,,,,,,,,,,,,,,,,,,,,,,,,,,,,,,,,,,,,,,,,,,,,,,,,,,,,,,,,,,,,,,,,,,,,,,,,,,,,,,,,,,,,,,,,,,,,,,,,,,,,,,,,,,,,,,,,,,,,,,,,,,,,,,,,,,,,,,,,,,,,,,,,,,,,,,,,,,,,,,,,,,,,,,,
,,,,,,25762,Industrial & MRO Supplies,General Hardware,Component,25762,25762,25762 Mason Line Brd Pink - 1000',-- Unbranded --,-- Unbranded --,,U S Tape Company (6694),U S Tape Company (6694),U S Tape Company,,25762,,Industrial & MRO Supplies>General Hardware>Component,,,,,,,,,,,,,,,,,,,,,,,,,,,,,,,,Component,,,,,,,,,,,,,,,,,,,,,,,,,,,,,,,,,,,,,,,,,,,,,,,,,,,,,,,,,,,,,,,,,,,,,,,,,,,,,,,,,,,,,,,,,,,,,,,,,,,,,,,,,,,,,,,,,,,,,,,,,,,,,,,,,,,,,,,,,,,,,,,,,,,,,,,,,,,,,,,,,,,,,,,,,,,,,,,,,,,,,,,,,,,,,,,,,,,,,
,,,,,,21839NN,Industrial & MRO Supplies,General Hardware,Component,21839NN,21839NN,"21839NN File Bstd Mill 10""",-- Unbranded --,-- Unbranded --,,-,-,-,,21839NN,,Industrial & MRO Supplies>General Hardware>Component,,,,,,,,,,,,,,,,,,,,,,,,,,,,,,,,Component,,,,,,,,,,,,,,,,,,,,,,,,,,,,,,,,,,,,,,,,,,,,,,,,,,,,,,,,,,,,,,,,,,,,,,,,,,,,,,,,,,,,,,,,,,,,,,,,,,,,,,,,,,,,,,,,,,,,,,,,,,,,,,,,,,,,,,,,,,,,,,,,,,,,,,,,,,,,,,,,,,,,,,,,,,,,,,,,,,,,,,,,,,,,,,,,,,,,,
,,,,,,VN56920,Cutting Tools,Saw Blades,Blade,VN56920,VN56920,"VN56920 10 1/2"" Saw Blade",-- Unbranded --,-- Unbranded --,,Marshalltown Trowel (5155),Marshalltown Trowel (5155),Marshalltown Trowel,,VN56920,,Cutting Tools>Saw Blades>Blade,,,,,,,,,,,,,,,,,,,,,,,,,,,,,,,,Blade,,,,,,,,,,,,,,,,,,,,,,,,,,,,,,,,,,,,,,,,,,,,,,,,,,,,,,,,,,,,,,,,,,,,,,,,,,,,,,,,,,,,,,,,,,,,,,,,,,,,,,,,,,,,,,,,,,,,,,,,,,,,,,,,,,,,,,,,,,,,,,,,,,,,,,,,,,,,,,,,,,,,,,,,,,,,,,,,,,,,,,,,,,,,,,,,,,,,,
,,,,,,133164,Industrial & MRO Supplies,General Hardware,Component,133164,133164,133164 950/9 Hex Plus Spks - Multicolor,-- Unbranded --,-- Unbranded --,,Wera Tools NA Inc (WERTO),Wera Tools NA Inc (WERTO),Wera Tools NA Inc,,133164,,Industrial & MRO Supplies>General Hardware>Component,,,,,,,,,,,,,,,,,,,,,,,,,,,,,,,,Component,,,,,,,,,,,,,,,,,,,,,,,,,,,,,,,,,,,,,,,,,,,,,,,,,,,,,,,,,,,,,,,,,,,,,,,,,,,,,,,,,,,,,,,,,,,,,,,,,,,,,,,,,,,,,,,,,,,,,,,,,,,,,,,,,,,,,,,,,,,,,,,,,,,,,,,,,,,,,,,,,,,,,,,,,,,,,,,,,,,,,,,,,,,,,,,,,,,,,
,,,,,,DWHT10993,Industrial & MRO Supplies,General Hardware,Component,DWHT10993,DWHT10993,DWHT10993 Folding Knife,-- Unbranded --,-- Unbranded --,,Black & Decker/dewlt (2585),Black & Decker/dewlt (2585),Black & Decker,,DWHT10993,,Industrial & MRO Supplies>General Hardware>Component,,,,,,,,,,,,,,,,,,,,,,,,,,,,,,,,Component,,,,,,,,,,,,,,,,,,,,,,,,,,,,,,,,,,,,,,,,,,,,,,,,,,,,,,,,,,,,,,,,,,,,,,,,,,,,,,,,,,,,,,,,,,,,,,,,,,,,,,,,,,,,,,,,,,,,,,,,,,,,,,,,,,,,,,,,,,,,,,,,,,,,,,,,,,,,,,,,,,,,,,,,,,,,,,,,,,,,,,,,,,,,,,,,,,,,,
,,,,,,DWHT10994,Industrial & MRO Supplies,General Hardware,Component,DWHT10994,DWHT10994,DWHT10994 Folding Knife,-- Unbranded --,-- Unbranded --,,Black & Decker/dewlt (2585),Black & Decker/dewlt (2585),Black & Decker,,DWHT10994,,Industrial & MRO Supplies>General Hardware>Component,,,,,,,,,,,,,,,,,,,,,,,,,,,,,,,,Component,,,,,,,,,,,,,,,,,,,,,,,,,,,,,,,,,,,,,,,,,,,,,,,,,,,,,,,,,,,,,,,,,,,,,,,,,,,,,,,,,,,,,,,,,,,,,,,,,,,,,,,,,,,,,,,,,,,,,,,,,,,,,,,,,,,,,,,,,,,,,,,,,,,,,,,,,,,,,,,,,,,,,,,,,,,,,,,,,,,,,,,,,,,,,,,,,,,,,
,,,,,,QB22RU,Industrial & MRO Supplies,General Hardware,Component,QB22RU,QB22RU,QB22RU Vessel Carrying Bit Holder (Red),-- Unbranded --,-- Unbranded --,,Vessel Tools USA Inc (VESTO),Vessel Tools USA Inc (VESTO),Vessel Tools USA Inc,,QB22RU,,Industrial & MRO Supplies>General Hardware>Component,,,,,,,,,,,,,,,,,,,,,,,,,,,,,,,,Component,,,,,,,,,,,,,,,,,,,,,,,,,,,,,,,,,,,,,,,,,,,,,,,,,,,,,,,,,,,,,,,,,,,,,,,,,,,,,,,,,,,,,,,,,,,,,,,,,,,,,,,,,,,,,,,,,,,,,,,,,,,,,,,,,,,,,,,,,,,,,,,,,,,,,,,,,,,,,,,,,,,,,,,,,,,,,,,,,,,,,,,,,,,,,,,,,,,,,
,,,,,,QB22KU,Industrial & MRO Supplies,General Hardware,Component,QB22KU,QB22KU,QB22KU Vessel Carrying Bit Holder (Black),-- Unbranded --,-- Unbranded --,,Vessel Tools USA Inc (VESTO),Vessel Tools USA Inc (VESTO),Vessel Tools USA Inc,,QB22KU,,Industrial & MRO Supplies>General Hardware>Component,,,,,,,,,,,,,,,,,,,,,,,,,,,,,,,,Component,,,,,,,,,,,,,,,,,,,,,,,,,,,,,,,,,,,,,,,,,,,,,,,,,,,,,,,,,,,,,,,,,,,,,,,,,,,,,,,,,,,,,,,,,,,,,,,,,,,,,,,,,,,,,,,,,,,,,,,,,,,,,,,,,,,,,,,,,,,,,,,,,,,,,,,,,,,,,,,,,,,,,,,,,,,,,,,,,,,,,,,,,,,,,,,,,,,,,
,,,,,,AVM6EV,Industrial & MRO Supplies,General Hardware,Component,AVM6EV,AVM6EV,AVM6 EV Mini Snip Red,-- Unbranded --,-- Unbranded --,,Malco Prod (2370),Malco Prod (2370),Malco Prod,,AVM6EV,,Industrial & MRO Supplies>General Hardware>Component,,,,,,,,,,,,,,,,,,,,,,,,,,,,,,,,Component,,,,,,,,,,,,,,,,,,,,,,,,,,,,,,,,,,,,,,,,,,,,,,,,,,,,,,,,,,,,,,,,,,,,,,,,,,,,,,,,,,,,,,,,,,,,,,,,,,,,,,,,,,,,,,,,,,,,,,,,,,,,,,,,,,,,,,,,,,,,,,,,,,,,,,,,,,,,,,,,,,,,,,,,,,,,,,,,,,,,,,,,,,,,,,,,,,,,,
,,,,,,AVM6EV,Industrial & MRO Supplies,General Hardware,Component,AVM6EV,AVM6EV,AVM7 EV Mini Snip Green,-- Unbranded --,-- Unbranded --,,Malco Prod (2370),Malco Prod (2370),Malco Prod,,AVM6EV,,Industrial & MRO Supplies>General Hardware>Component,,,,,,,,,,,,,,,,,,,,,,,,,,,,,,,,Component,,,,,,,,,,,,,,,,,,,,,,,,,,,,,,,,,,,,,,,,,,,,,,,,,,,,,,,,,,,,,,,,,,,,,,,,,,,,,,,,,,,,,,,,,,,,,,,,,,,,,,,,,,,,,,,,,,,,,,,,,,,,,,,,,,,,,,,,,,,,,,,,,,,,,,,,,,,,,,,,,,,,,,,,,,,,,,,,,,,,,,,,,,,,,,,,,,,,,
,,,,,,DSA0250B,Power Tool Accessories,Power Tool Accessories,Adapter,DSA0250B,DSA0250B,"DSA0250B 1/4"" Square x1/4"" Hex - Socket Adapter",-- Unbranded --,-- Unbranded --,,Freud Inc (2435),Freud Inc (2435),Freud,,DSA0250B,,Power Tool Accessories>Power Tool Accessories>Adapter,,,,,,,,,,,,,,,,,,,,,,,,,,,,,,,,Adapter,Fitting Type,Adapter,,,,,,,,,,,,,,,,,,,,,,,,,,,,,,,,,,,,,,,,,,,,,,,,,,,,,,,,,,,,,,,,,,,,,,,,,,,,,,,,,,,,,,,,,,,,,,,,,,,,,,,,,,,,,,,,,,,,,,,,,,,,,,,,,,,,,,,,,,,,,,,,,,,,,,,,,,,,,,,,,,,,,,,,,,,,,,,,,,,,,,,,,,,,,,,,,,,
,,,,,,DSA0375B,Power Tool Accessories,Power Tool Accessories,Adapter,DSA0375B,DSA0375B,"DSA0375B 3/8"" Square x1/4"" Hex - Socket Adapter",-- Unbranded --,-- Unbranded --,,Freud Inc (2435),Freud Inc (2435),Freud,,DSA0375B,,Power Tool Accessories>Power Tool Accessories>Adapter,,,,,,,,,,,,,,,,,,,,,,,,,,,,,,,,Adapter,Fitting Type,Adapter,,,,,,,,,,,,,,,,,,,,,,,,,,,,,,,,,,,,,,,,,,,,,,,,,,,,,,,,,,,,,,,,,,,,,,,,,,,,,,,,,,,,,,,,,,,,,,,,,,,,,,,,,,,,,,,,,,,,,,,,,,,,,,,,,,,,,,,,,,,,,,,,,,,,,,,,,,,,,,,,,,,,,,,,,,,,,,,,,,,,,,,,,,,,,,,,,,,
,,,,,,DSA0500B,Power Tool Accessories,Power Tool Accessories,Adapter,DSA0500B,DSA0500B,"DSA0500B 1/2"" Square x1/4"" Hex - Socket Adapter",-- Unbranded --,-- Unbranded --,,Freud Inc (2435),Freud Inc (2435),Freud,,DSA0500B,,Power Tool Accessories>Power Tool Accessories>Adapter,,,,,,,,,,,,,,,,,,,,,,,,,,,,,,,,Adapter,Fitting Type,Adapter,,,,,,,,,,,,,,,,,,,,,,,,,,,,,,,,,,,,,,,,,,,,,,,,,,,,,,,,,,,,,,,,,,,,,,,,,,,,,,,,,,,,,,,,,,,,,,,,,,,,,,,,,,,,,,,,,,,,,,,,,,,,,,,,,,,,,,,,,,,,,,,,,,,,,,,,,,,,,,,,,,,,,,,,,,,,,,,,,,,,,,,,,,,,,,,,,,,
,,,,,,42-04-9107,Industrial & MRO Supplies,General Hardware,Component,42-04-9107,42-04-9107,"42-04-9107 Milw 3/8"" Drive Universal Joint",-- Unbranded --,-- Unbranded --,,Milwaukee Accessory (4031),Milwaukee Accessory (4031),Milwaukee,,42-04-9107,,Industrial & MRO Supplies>General Hardware>Component,,,,,,,,,,,,,,,,,,,,,,,,,,,,,,,,Component,,,,,,,,,,,,,,,,,,,,,,,,,,,,,,,,,,,,,,,,,,,,,,,,,,,,,,,,,,,,,,,,,,,,,,,,,,,,,,,,,,,,,,,,,,,,,,,,,,,,,,,,,,,,,,,,,,,,,,,,,,,,,,,,,,,,,,,,,,,,,,,,,,,,,,,,,,,,,,,,,,,,,,,,,,,,,,,,,,,,,,,,,,,,,,,,,,,,,
,,,,,,48-22-9491,Industrial & MRO Supplies,General Hardware,Component,48-22-9491,48-22-9491,48-22-9491 Milw 242pc Ratchet & Socket Set 4-Drawer Tool Box,-- Unbranded --,-- Unbranded --,,Milwaukee Accessory (4031),Milwaukee Accessory (4031),Milwaukee,,48-22-9491,,Industrial & MRO Supplies>General Hardware>Component,,,,,,,,,,,,,,,,,,,,,,,,,,,,,,,,Component,Package Quantity,242pc,,,,,,,,,,,,,,,,,,,,,,,,,,,,,,,,,,,,,,,,,,,,,,,,,,,,,,,,,,,,,,,,,,,,,,,,,,,,,,,,,,,,,,,,,,,,,,,,,,,,,,,,,,,,,,,,,,,,,,,,,,,,,,,,,,,,,,,,,,,,,,,,,,,,,,,,,,,,,,,,,,,,,,,,,,,,,,,,,,,,,,,,,,,,,,,,,,,
,,,,,,DWMT45422,Industrial & MRO Supplies,General Hardware,Component,DWMT45422,DWMT45422,"DWMT45422 Dewalt 1/4"" Drive - 50pc Mechanics Set",-- Unbranded --,-- Unbranded --,,Black & Decker/dewlt (2585),Black & Decker/dewlt (2585),DeWalt,,DWMT45422,,Industrial & MRO Supplies>General Hardware>Component,,,,,,,,,,,,,,,,,,,,,,,,,,,,,,,,Component,Package Quantity,50pc,,,,,,,,,,,,,,,,,,,,,,,,,,,,,,,,,,,,,,,,,,,,,,,,,,,,,,,,,,,,,,,,,,,,,,,,,,,,,,,,,,,,,,,,,,,,,,,,,,,,,,,,,,,,,,,,,,,,,,,,,,,,,,,,,,,,,,,,,,,,,,,,,,,,,,,,,,,,,,,,,,,,,,,,,,,,,,,,,,,,,,,,,,,,,,,,,,,
,,,,,,DWMT45424,Industrial & MRO Supplies,General Hardware,Component,DWMT45424,DWMT45424,"DWMT45424 Dewalt 3/8"" Drive - 84pc Mechanics Set",-- Unbranded --,-- Unbranded --,,Black & Decker/dewlt (2585),Black & Decker/dewlt (2585),DeWalt,,DWMT45424,,Industrial & MRO Supplies>General Hardware>Component,,,,,,,,,,,,,,,,,,,,,,,,,,,,,,,,Component,Package Quantity,84pc,,,,,,,,,,,,,,,,,,,,,,,,,,,,,,,,,,,,,,,,,,,,,,,,,,,,,,,,,,,,,,,,,,,,,,,,,,,,,,,,,,,,,,,,,,,,,,,,,,,,,,,,,,,,,,,,,,,,,,,,,,,,,,,,,,,,,,,,,,,,,,,,,,,,,,,,,,,,,,,,,,,,,,,,,,,,,,,,,,,,,,,,,,,,,,,,,,,
,,,,,,48-22-9483,Hand Tools,Hand Tools,Wrench,48-22-9483,48-22-9483,48-22-9483 Milw Packout 15pc - Metric Wrench Set,-- Unbranded --,-- Unbranded --,,Milwaukee Accessory (4031),Milwaukee Accessory (4031),Milwaukee,,48-22-9483,,Hand Tools>Hand Tools>Wrench,,,,,,,,,,,,,,,,,,,,,,,,,,,,,,,,Wrench,Package Quantity,15pc,,,,,,,,,,,,,,,,,,,,,,,,,,,,,,,,,,,,,,,,,,,,,,,,,,,,,,,,,,,,,,,,,,,,,,,,,,,,,,,,,,,,,,,,,,,,,,,,,,,,,,,,,,,,,,,,,,,,,,,,,,,,,,,,,,,,,,,,,,,,,,,,,,,,,,,,,,,,,,,,,,,,,,,,,,,,,,,,,,,,,,,,,,,,,,,,,,,
,,,,,,48-22-9484,Hand Tools,Hand Tools,Wrench,48-22-9484,48-22-9484,48-22-9484 Milw Packout 15pc - SAE Wrench Set,-- Unbranded --,-- Unbranded --,,Milwaukee Accessory (4031),Milwaukee Accessory (4031),Milwaukee,,48-22-9484,,Hand Tools>Hand Tools>Wrench,,,,,,,,,,,,,,,,,,,,,,,,,,,,,,,,Wrench,Package Quantity,15pc,,,,,,,,,,,,,,,,,,,,,,,,,,,,,,,,,,,,,,,,,,,,,,,,,,,,,,,,,,,,,,,,,,,,,,,,,,,,,,,,,,,,,,,,,,,,,,,,,,,,,,,,,,,,,,,,,,,,,,,,,,,,,,,,,,,,,,,,,,,,,,,,,,,,,,,,,,,,,,,,,,,,,,,,,,,,,,,,,,,,,,,,,,,,,,,,,,,
,,,,,,48-22-9485,Hand Tools,Hand Tools,Wrench,48-22-9485,48-22-9485,48-22-9485 Milw Packout 30pc - Metric & SAE Wrench Set,-- Unbranded --,-- Unbranded --,,Milwaukee Accessory (4031),Milwaukee Accessory (4031),Milwaukee,,48-22-9485,,Hand Tools>Hand Tools>Wrench,,,,,,,,,,,,,,,,,,,,,,,,,,,,,,,,Wrench,Package Quantity,30pc,,,,,,,,,,,,,,,,,,,,,,,,,,,,,,,,,,,,,,,,,,,,,,,,,,,,,,,,,,,,,,,,,,,,,,,,,,,,,,,,,,,,,,,,,,,,,,,,,,,,,,,,,,,,,,,,,,,,,,,,,,,,,,,,,,,,,,,,,,,,,,,,,,,,,,,,,,,,,,,,,,,,,,,,,,,,,,,,,,,,,,,,,,,,,,,,,,,
,,,,,,48-44-2770,Cutting Tools,Saw Blades,Blade,48-44-2770,48-44-2770,48-44-2770 Milw Pole Pruning - Shears Replacement Blade,-- Unbranded --,-- Unbranded --,,Milwaukee Accessory (4031),Milwaukee Accessory (4031),Milwaukee,,48-44-2770,,Cutting Tools>Saw Blades>Blade,,,,,,,,,,,,,,,,,,,,,,,,,,,,,,,,Blade,,,,,,,,,,,,,,,,,,,,,,,,,,,,,,,,,,,,,,,,,,,,,,,,,,,,,,,,,,,,,,,,,,,,,,,,,,,,,,,,,,,,,,,,,,,,,,,,,,,,,,,,,,,,,,,,,,,,,,,,,,,,,,,,,,,,,,,,,,,,,,,,,,,,,,,,,,,,,,,,,,,,,,,,,,,,,,,,,,,,,,,,,,,,,,,,,,,,,
,,,,,,IWHT48441RC,Industrial & MRO Supplies,General Hardware,Component,IWHT48441RC,IWHT48441RC,IWHT48441RC Irwin 100ft - Red Chalk & Reel Set,-- Unbranded --,-- Unbranded --,,Irwin Industrial Tools (5863),Irwin Industrial Tools (5863),Irwin,,IWHT48441RC,,Industrial & MRO Supplies>General Hardware>Component,,,,,,,,,,,,,,,,,,,,,,,,,,,,,,,,Component,,,,,,,,,,,,,,,,,,,,,,,,,,,,,,,,,,,,,,,,,,,,,,,,,,,,,,,,,,,,,,,,,,,,,,,,,,,,,,,,,,,,,,,,,,,,,,,,,,,,,,,,,,,,,,,,,,,,,,,,,,,,,,,,,,,,,,,,,,,,,,,,,,,,,,,,,,,,,,,,,,,,,,,,,,,,,,,,,,,,,,,,,,,,,,,,,,,,,
,,,,,,XRU23SM1,Industrial & MRO Supplies,General Hardware,Component,XRU23SM1,XRU23SM1,"XRU23SM1 Makita 18V 13"" - String Trimmer Kit",-- Unbranded --,-- Unbranded --,,Makita Usa Inc (5142),Makita Usa Inc (5142),Makita,,XRU23SM1,,Industrial & MRO Supplies>General Hardware>Component,,,,,,,,,,,,,,,,,,,,,,,,,,,,,,,,Component,,,,,,,,,,,,,,,,,,,,,,,,,,,,,,,,,,,,,,,,,,,,,,,,,,,,,,,,,,,,,,,,,,,,,,,,,,,,,,,,,,,,,,,,,,,,,,,,,,,,,,,,,,,,,,,,,,,,,,,,,,,,,,,,,,,,,,,,,,,,,,,,,,,,,,,,,,,,,,,,,,,,,,,,,,,,,,,,,,,,,,,,,,,,,,,,,,,,,
,,,,,,XRU15PT1,Industrial & MRO Supplies,General Hardware,Component,XRU15PT1,XRU15PT1,XRU15PT1 Makita String Trimmer,-- Unbranded --,-- Unbranded --,,Makita Usa Inc (5142),Makita Usa Inc (5142),Makita,,XRU15PT1,,Industrial & MRO Supplies>General Hardware>Component,,,,,,,,,,,,,,,,,,,,,,,,,,,,,,,,Component,,,,,,,,,,,,,,,,,,,,,,,,,,,,,,,,,,,,,,,,,,,,,,,,,,,,,,,,,,,,,,,,,,,,,,,,,,,,,,,,,,,,,,,,,,,,,,,,,,,,,,,,,,,,,,,,,,,,,,,,,,,,,,,,,,,,,,,,,,,,,,,,,,,,,,,,,,,,,,,,,,,,,,,,,,,,,,,,,,,,,,,,,,,,,,,,,,,,,
,,,,,,XRU23Z,Industrial & MRO Supplies,General Hardware,Component,XRU23Z,XRU23Z,XRU23Z Makita 18V Trimmer Tool - Only,-- Unbranded --,-- Unbranded --,,Makita Usa Inc (5142),Makita Usa Inc (5142),Makita,,XRU23Z,,Industrial & MRO Supplies>General Hardware>Component,,,,,,,,,,,,,,,,,,,,,,,,,,,,,,,,Component,,,,,,,,,,,,,,,,,,,,,,,,,,,,,,,,,,,,,,,,,,,,,,,,,,,,,,,,,,,,,,,,,,,,,,,,,,,,,,,,,,,,,,,,,,,,,,,,,,,,,,,,,,,,,,,,,,,,,,,,,,,,,,,,,,,,,,,,,,,,,,,,,,,,,,,,,,,,,,,,,,,,,,,,,,,,,,,,,,,,,,,,,,,,,,,,,,,,,
,,,,,,0887-20,Industrial & MRO Supplies,General Hardware,Component,0887-20,0887-20,0887-20 Milw M18 Brushless Precision Blower,-- Unbranded --,-- Unbranded --,,Milwaukee Accessory (4031),Milwaukee Accessory (4031),Milwaukee,,0887-20,,Industrial & MRO Supplies>General Hardware>Component,,,,,,,,,,,,,,,,,,,,,,,,,,,,,,,,Component,,,,,,,,,,,,,,,,,,,,,,,,,,,,,,,,,,,,,,,,,,,,,,,,,,,,,,,,,,,,,,,,,,,,,,,,,,,,,,,,,,,,,,,,,,,,,,,,,,,,,,,,,,,,,,,,,,,,,,,,,,,,,,,,,,,,,,,,,,,,,,,,,,,,,,,,,,,,,,,,,,,,,,,,,,,,,,,,,,,,,,,,,,,,,,,,,,,,,
,,,,,,DCBL724B,Industrial & MRO Supplies,General Hardware,Component,DCBL724B,DCBL724B,DCBL724B Dewalt 20V Max XR Blower (Bare),-- Unbranded --,-- Unbranded --,,Black & Decker/dewlt (2585),Black & Decker/dewlt (2585),DeWalt,,DCBL724B,,Industrial & MRO Supplies>General Hardware>Component,,,,,,,,,,,,,,,,,,,,,,,,,,,,,,,,Component,,,,,,,,,,,,,,,,,,,,,,,,,,,,,,,,,,,,,,,,,,,,,,,,,,,,,,,,,,,,,,,,,,,,,,,,,,,,,,,,,,,,,,,,,,,,,,,,,,,,,,,,,,,,,,,,,,,,,,,,,,,,,,,,,,,,,,,,,,,,,,,,,,,,,,,,,,,,,,,,,,,,,,,,,,,,,,,,,,,,,,,,,,,,,,,,,,,,,
,,,,,,2954-20,Industrial & MRO Supplies,General Hardware,Component,2954-20,2954-20,2954-20 Milw M18 Bluetooth Jobsite Speaker,-- Unbranded --,-- Unbranded --,,Milwaukee Accessory (4031),Milwaukee Accessory (4031),Milwaukee,,2954-20,,Industrial & MRO Supplies>General Hardware>Component,,,,,,,,,,,,,,,,,,,,,,,,,,,,,,,,Component,,,,,,,,,,,,,,,,,,,,,,,,,,,,,,,,,,,,,,,,,,,,,,,,,,,,,,,,,,,,,,,,,,,,,,,,,,,,,,,,,,,,,,,,,,,,,,,,,,,,,,,,,,,,,,,,,,,,,,,,,,,,,,,,,,,,,,,,,,,,,,,,,,,,,,,,,,,,,,,,,,,,,,,,,,,,,,,,,,,,,,,,,,,,,,,,,,,,,
,,,,,,2955-20,Industrial & MRO Supplies,General Hardware,Component,2955-20,2955-20,2955-20 Milw M12 Bluetooth - Jobsite Speaker w/Packout,-- Unbranded --,-- Unbranded --,,Milwaukee Accessory (4031),Milwaukee Accessory (4031),Milwaukee,,2955-20,,Industrial & MRO Supplies>General Hardware>Component,,,,,,,,,,,,,,,,,,,,,,,,,,,,,,,,Component,,,,,,,,,,,,,,,,,,,,,,,,,,,,,,,,,,,,,,,,,,,,,,,,,,,,,,,,,,,,,,,,,,,,,,,,,,,,,,,,,,,,,,,,,,,,,,,,,,,,,,,,,,,,,,,,,,,,,,,,,,,,,,,,,,,,,,,,,,,,,,,,,,,,,,,,,,,,,,,,,,,,,,,,,,,,,,,,,,,,,,,,,,,,,,,,,,,,,
,,,,,,9A-219-180,Abrasives,Sanding Discs,Abranet,9A-219-180,9A-219-180,9A-219-180 Abranet 4x6x6,-- Unbranded --,-- Unbranded --,,Mirka Abrasives Inc (MIRUS),Mirka Abrasives Inc (MIRUS),Mirka Abranet,,9A-219-180,,Abrasives>Sanding Discs>Abranet,,,,,,,,,,,,,,,,,,,,,,,,,,,,,,,,Abranet,Dimensions,4x6x6,,,,,,,,,,,,,,,,,,,,,,,,,,,,,,,,,,,,,,,,,,,,,,,,,,,,,,,,,,,,,,,,,,,,,,,,,,,,,,,,,,,,,,,,,,,,,,,,,,,,,,,,,,,,,,,,,,,,,,,,,,,,,,,,,,,,,,,,,,,,,,,,,,,,,,,,,,,,,,,,,,,,,,,,,,,,,,,,,,,,,,,,,,,,,,,,,,,
,,,,,,9A-219-120RP,Abrasives,Sanding Discs,Abranet,9A-219-120RP,9A-219-120RP,9A-219-120RP Abranet 4x6x6,-- Unbranded --,-- Unbranded --,,Mirka Abrasives Inc (MIRUS),Mirka Abrasives Inc (MIRUS),Mirka Abranet,,9A-219-120RP,,Abrasives>Sanding Discs>Abranet,,,,,,,,,,,,,,,,,,,,,,,,,,,,,,,,Abranet,Dimensions,4x6x6,,,,,,,,,,,,,,,,,,,,,,,,,,,,,,,,,,,,,,,,,,,,,,,,,,,,,,,,,,,,,,,,,,,,,,,,,,,,,,,,,,,,,,,,,,,,,,,,,,,,,,,,,,,,,,,,,,,,,,,,,,,,,,,,,,,,,,,,,,,,,,,,,,,,,,,,,,,,,,,,,,,,,,,,,,,,,,,,,,,,,,,,,,,,,,,,,,,
,,,,,,3033-20,Industrial & MRO Supplies,General Hardware,Component,3033-20,3033-20,"3033-20 Milw M18 24"" - Hedge Trimmer",-- Unbranded --,-- Unbranded --,,Milwaukee Accessory (4031),Milwaukee Accessory (4031),Milwaukee,,3033-20,,Industrial & MRO Supplies>General Hardware>Component,,,,,,,,,,,,,,,,,,,,,,,,,,,,,,,,Component,,,,,,,,,,,,,,,,,,,,,,,,,,,,,,,,,,,,,,,,,,,,,,,,,,,,,,,,,,,,,,,,,,,,,,,,,,,,,,,,,,,,,,,,,,,,,,,,,,,,,,,,,,,,,,,,,,,,,,,,,,,,,,,,,,,,,,,,,,,,,,,,,,,,,,,,,,,,,,,,,,,,,,,,,,,,,,,,,,,,,,,,,,,,,,,,,,,,,
,,,,,,3033-21,Industrial & MRO Supplies,General Hardware,Component,3033-21,3033-21,"3033-21 Milw M18 24"" - Hedge Trimmer Kit",-- Unbranded --,-- Unbranded --,,Milwaukee Accessory (4031),Milwaukee Accessory (4031),Milwaukee,,3033-21,,Industrial & MRO Supplies>General Hardware>Component,,,,,,,,,,,,,,,,,,,,,,,,,,,,,,,,Component,,,,,,,,,,,,,,,,,,,,,,,,,,,,,,,,,,,,,,,,,,,,,,,,,,,,,,,,,,,,,,,,,,,,,,,,,,,,,,,,,,,,,,,,,,,,,,,,,,,,,,,,,,,,,,,,,,,,,,,,,,,,,,,,,,,,,,,,,,,,,,,,,,,,,,,,,,,,,,,,,,,,,,,,,,,,,,,,,,,,,,,,,,,,,,,,,,,,,
,,,,,,3034-20,Industrial & MRO Supplies,General Hardware,Component,3034-20,3034-20,"3034-20 Milw M18 30"" - Hedge Trimmer",-- Unbranded --,-- Unbranded --,,Milwaukee Accessory (4031),Milwaukee Accessory (4031),Milwaukee,,3034-20,,Industrial & MRO Supplies>General Hardware>Component,,,,,,,,,,,,,,,,,,,,,,,,,,,,,,,,Component,,,,,,,,,,,,,,,,,,,,,,,,,,,,,,,,,,,,,,,,,,,,,,,,,,,,,,,,,,,,,,,,,,,,,,,,,,,,,,,,,,,,,,,,,,,,,,,,,,,,,,,,,,,,,,,,,,,,,,,,,,,,,,,,,,,,,,,,,,,,,,,,,,,,,,,,,,,,,,,,,,,,,,,,,,,,,,,,,,,,,,,,,,,,,,,,,,,,,
,,,,,,D25333K,Hand Tools,Hand Tools,Hammer,D25333K,D25333K,D25333K Dewalt Hammer Drill,-- Unbranded --,-- Unbranded --,,Black & Decker/dewlt (2585),Black & Decker/dewlt (2585),DeWalt,,D25333K,,Hand Tools>Hand Tools>Hammer,,,,,,,,,,,,,,,,,,,,,,,,,,,,,,,,Hammer,,,,,,,,,,,,,,,,,,,,,,,,,,,,,,,,,,,,,,,,,,,,,,,,,,,,,,,,,,,,,,,,,,,,,,,,,,,,,,,,,,,,,,,,,,,,,,,,,,,,,,,,,,,,,,,,,,,,,,,,,,,,,,,,,,,,,,,,,,,,,,,,,,,,,,,,,,,,,,,,,,,,,,,,,,,,,,,,,,,,,,,,,,,,,,,,,,,,,
,,,,,,DCD803B,Industrial & MRO Supplies,General Hardware,Component,DCD803B,DCD803B,DCD803B Dewalt Multi-Head Drill Driver,-- Unbranded --,-- Unbranded --,,Black & Decker/dewlt (2585),Black & Decker/dewlt (2585),DeWalt,,DCD803B,,Industrial & MRO Supplies>General Hardware>Component,,,,,,,,,,,,,,,,,,,,,,,,,,,,,,,,Component,,,,,,,,,,,,,,,,,,,,,,,,,,,,,,,,,,,,,,,,,,,,,,,,,,,,,,,,,,,,,,,,,,,,,,,,,,,,,,,,,,,,,,,,,,,,,,,,,,,,,,,,,,,,,,,,,,,,,,,,,,,,,,,,,,,,,,,,,,,,,,,,,,,,,,,,,,,,,,,,,,,,,,,,,,,,,,,,,,,,,,,,,,,,,,,,,,,,,
,,,,,,DCF860B,Industrial & MRO Supplies,General Hardware,Component,DCF860B,DCF860B,DCF860B Dewalt 20V Impact - Driver Drill,-- Unbranded --,-- Unbranded --,,Black & Decker/dewlt (2585),Black & Decker/dewlt (2585),DeWalt,,DCF860B,,Industrial & MRO Supplies>General Hardware>Component,,,,,,,,,,,,,,,,,,,,,,,,,,,,,,,,Component,,,,,,,,,,,,,,,,,,,,,,,,,,,,,,,,,,,,,,,,,,,,,,,,,,,,,,,,,,,,,,,,,,,,,,,,,,,,,,,,,,,,,,,,,,,,,,,,,,,,,,,,,,,,,,,,,,,,,,,,,,,,,,,,,,,,,,,,,,,,,,,,,,,,,,,,,,,,,,,,,,,,,,,,,,,,,,,,,,,,,,,,,,,,,,,,,,,,,
,,,,,,3401-20,Industrial & MRO Supplies,General Hardware,Component,3401-20,3401-20,3401-20 Milw M12 Drill Driver - Brushless Compact (Bare),-- Unbranded --,-- Unbranded --,,Milwaukee Accessory (4031),Milwaukee Accessory (4031),Milwaukee,,3401-20,,Industrial & MRO Supplies>General Hardware>Component,,,,,,,,,,,,,,,,,,,,,,,,,,,,,,,,Component,,,,,,,,,,,,,,,,,,,,,,,,,,,,,,,,,,,,,,,,,,,,,,,,,,,,,,,,,,,,,,,,,,,,,,,,,,,,,,,,,,,,,,,,,,,,,,,,,,,,,,,,,,,,,,,,,,,,,,,,,,,,,,,,,,,,,,,,,,,,,,,,,,,,,,,,,,,,,,,,,,,,,,,,,,,,,,,,,,,,,,,,,,,,,,,,,,,,,
,,,,,,KPTDR050A,Industrial & MRO Supplies,General Hardware,Component,KPTDR050A,KPTDR050A,KPTDR050A Kreg 20V Ionic Compact Drill,-- Unbranded --,-- Unbranded --,,Kreg Tool Company (KRETO),Kreg Tool Company (KRETO),Kreg Tool Company,,KPTDR050A,,Industrial & MRO Supplies>General Hardware>Component,,,,,,,,,,,,,,,,,,,,,,,,,,,,,,,,Component,,,,,,,,,,,,,,,,,,,,,,,,,,,,,,,,,,,,,,,,,,,,,,,,,,,,,,,,,,,,,,,,,,,,,,,,,,,,,,,,,,,,,,,,,,,,,,,,,,,,,,,,,,,,,,,,,,,,,,,,,,,,,,,,,,,,,,,,,,,,,,,,,,,,,,,,,,,,,,,,,,,,,,,,,,,,,,,,,,,,,,,,,,,,,,,,,,,,,
,,,,,,DCD1007B,Hand Tools,Hand Tools,Hammer,DCD1007B,DCD1007B,"DCD1007B Dewalt 20V Cordless - 1/2"" Hammer Drill (Bare)",-- Unbranded --,-- Unbranded --,,Black & Decker/dewlt (2585),Black & Decker/dewlt (2585),DeWalt,,DCD1007B,,Hand Tools>Hand Tools>Hammer,,,,,,,,,,,,,,,,,,,,,,,,,,,,,,,,Hammer,,,,,,,,,,,,,,,,,,,,,,,,,,,,,,,,,,,,,,,,,,,,,,,,,,,,,,,,,,,,,,,,,,,,,,,,,,,,,,,,,,,,,,,,,,,,,,,,,,,,,,,,,,,,,,,,,,,,,,,,,,,,,,,,,,,,,,,,,,,,,,,,,,,,,,,,,,,,,,,,,,,,,,,,,,,,,,,,,,,,,,,,,,,,,,,,,,,,,
,,,,,,DCD799B,Industrial & MRO Supplies,General Hardware,Component,DCD799B,DCD799B,DCD799B Dewalt Drill,-- Unbranded --,-- Unbranded --,,Black & Decker/dewlt (2585),Black & Decker/dewlt (2585),DeWalt,,DCD799B,,Industrial & MRO Supplies>General Hardware>Component,,,,,,,,,,,,,,,,,,,,,,,,,,,,,,,,Component,,,,,,,,,,,,,,,,,,,,,,,,,,,,,,,,,,,,,,,,,,,,,,,,,,,,,,,,,,,,,,,,,,,,,,,,,,,,,,,,,,,,,,,,,,,,,,,,,,,,,,,,,,,,,,,,,,,,,,,,,,,,,,,,,,,,,,,,,,,,,,,,,,,,,,,,,,,,,,,,,,,,,,,,,,,,,,,,,,,,,,,,,,,,,,,,,,,,,
,,,,,,58006,Industrial & MRO Supplies,General Hardware,Component,58006,58006,58006 Voyager Drill Press,-- Unbranded --,-- Unbranded --,,King Canada Inc (KINCA),King Canada Inc (KINCA),King Canada Inc,,58006,,Industrial & MRO Supplies>General Hardware>Component,,,,,,,,,,,,,,,,,,,,,,,,,,,,,,,,Component,,,,,,,,,,,,,,,,,,,,,,,,,,,,,,,,,,,,,,,,,,,,,,,,,,,,,,,,,,,,,,,,,,,,,,,,,,,,,,,,,,,,,,,,,,,,,,,,,,,,,,,,,,,,,,,,,,,,,,,,,,,,,,,,,,,,,,,,,,,,,,,,,,,,,,,,,,,,,,,,,,,,,,,,,,,,,,,,,,,,,,,,,,,,,,,,,,,,,
,,,,,,2909-20,Industrial & MRO Supplies,General Hardware,Component,2909-20,2909-20,2909-20 Milw Roofing Nailer - M18,-- Unbranded --,-- Unbranded --,,Milwaukee Accessory (4031),Milwaukee Accessory (4031),Milwaukee,,2909-20,,Industrial & MRO Supplies>General Hardware>Component,,,,,,,,,,,,,,,,,,,,,,,,,,,,,,,,Component,,,,,,,,,,,,,,,,,,,,,,,,,,,,,,,,,,,,,,,,,,,,,,,,,,,,,,,,,,,,,,,,,,,,,,,,,,,,,,,,,,,,,,,,,,,,,,,,,,,,,,,,,,,,,,,,,,,,,,,,,,,,,,,,,,,,,,,,,,,,,,,,,,,,,,,,,,,,,,,,,,,,,,,,,,,,,,,,,,,,,,,,,,,,,,,,,,,,,
,,,,,,2909-21,Industrial & MRO Supplies,General Hardware,Component,2909-21,2909-21,2909-21 Milw M18 Coil Roofing - Nailer Kit,-- Unbranded --,-- Unbranded --,,Milwaukee Accessory (4031),Milwaukee Accessory (4031),Milwaukee,,2909-21,,Industrial & MRO Supplies>General Hardware>Component,,,,,,,,,,,,,,,,,,,,,,,,,,,,,,,,Component,,,,,,,,,,,,,,,,,,,,,,,,,,,,,,,,,,,,,,,,,,,,,,,,,,,,,,,,,,,,,,,,,,,,,,,,,,,,,,,,,,,,,,,,,,,,,,,,,,,,,,,,,,,,,,,,,,,,,,,,,,,,,,,,,,,,,,,,,,,,,,,,,,,,,,,,,,,,,,,,,,,,,,,,,,,,,,,,,,,,,,,,,,,,,,,,,,,,,
,,,,,,918200,Industrial & MRO Supplies,General Hardware,Component,918200,918200,918200 Paslode CT200S24 18Ga ST Brad Nailer,-- Unbranded --,-- Unbranded --,,National Nail Corp (7439),National Nail Corp (7439),National Nail Corp,,918200,,Industrial & MRO Supplies>General Hardware>Component,,,,,,,,,,,,,,,,,,,,,,,,,,,,,,,,Component,,,,,,,,,,,,,,,,,,,,,,,,,,,,,,,,,,,,,,,,,,,,,,,,,,,,,,,,,,,,,,,,,,,,,,,,,,,,,,,,,,,,,,,,,,,,,,,,,,,,,,,,,,,,,,,,,,,,,,,,,,,,,,,,,,,,,,,,,,,,,,,,,,,,,,,,,,,,,,,,,,,,,,,,,,,,,,,,,,,,,,,,,,,,,,,,,,,,,
,,,,,,2541-20,Industrial & MRO Supplies,General Hardware,Component,2541-20,2541-20,2541-20 Milw M12 - Compact Brad Nailer (Bare),-- Unbranded --,-- Unbranded --,,Milwaukee Accessory (4031),Milwaukee Accessory (4031),Milwaukee,,2541-20,,Industrial & MRO Supplies>General Hardware>Component,,,,,,,,,,,,,,,,,,,,,,,,,,,,,,,,Component,,,,,,,,,,,,,,,,,,,,,,,,,,,,,,,,,,,,,,,,,,,,,,,,,,,,,,,,,,,,,,,,,,,,,,,,,,,,,,,,,,,,,,,,,,,,,,,,,,,,,,,,,,,,,,,,,,,,,,,,,,,,,,,,,,,,,,,,,,,,,,,,,,,,,,,,,,,,,,,,,,,,,,,,,,,,,,,,,,,,,,,,,,,,,,,,,,,,,
,,,,,,DCN930B,Industrial & MRO Supplies,General Hardware,Component,DCN930B,DCN930B,DCN930B Dewalt 20V 30 Degree - Framing Nailer,-- Unbranded --,-- Unbranded --,,Black & Decker/dewlt (2585),Black & Decker/dewlt (2585),DeWalt,,DCN930B,,Industrial & MRO Supplies>General Hardware>Component,,,,,,,,,,,,,,,,,,,,,,,,,,,,,,,,Component,,,,,,,,,,,,,,,,,,,,,,,,,,,,,,,,,,,,,,,,,,,,,,,,,,,,,,,,,,,,,,,,,,,,,,,,,,,,,,,,,,,,,,,,,,,,,,,,,,,,,,,,,,,,,,,,,,,,,,,,,,,,,,,,,,,,,,,,,,,,,,,,,,,,,,,,,,,,,,,,,,,,,,,,,,,,,,,,,,,,,,,,,,,,,,,,,,,,,
,,,,,,DCN930P1,Industrial & MRO Supplies,General Hardware,Component,DCN930P1,DCN930P1,DCN930P1 Dewalt 20V 30 Degree - Framing Nailer Kit,-- Unbranded --,-- Unbranded --,,Black & Decker/dewlt (2585),Black & Decker/dewlt (2585),DeWalt,,DCN930P1,,Industrial & MRO Supplies>General Hardware>Component,,,,,,,,,,,,,,,,,,,,,,,,,,,,,,,,Component,,,,,,,,,,,,,,,,,,,,,,,,,,,,,,,,,,,,,,,,,,,,,,,,,,,,,,,,,,,,,,,,,,,,,,,,,,,,,,,,,,,,,,,,,,,,,,,,,,,,,,,,,,,,,,,,,,,,,,,,,,,,,,,,,,,,,,,,,,,,,,,,,,,,,,,,,,,,,,,,,,,,,,,,,,,,,,,,,,,,,,,,,,,,,,,,,,,,,
,,,,,,XNB04Z,Industrial & MRO Supplies,General Hardware,Component,XNB04Z,XNB04Z,"XNB04Z Makita 18V 2"" Brad Nailer 18GA (Bare)",-- Unbranded --,-- Unbranded --,,Makita Usa Inc (5142),Makita Usa Inc (5142),Makita,,XNB04Z,,Industrial & MRO Supplies>General Hardware>Component,,,,,,,,,,,,,,,,,,,,,,,,,,,,,,,,Component,,,,,,,,,,,,,,,,,,,,,,,,,,,,,,,,,,,,,,,,,,,,,,,,,,,,,,,,,,,,,,,,,,,,,,,,,,,,,,,,,,,,,,,,,,,,,,,,,,,,,,,,,,,,,,,,,,,,,,,,,,,,,,,,,,,,,,,,,,,,,,,,,,,,,,,,,,,,,,,,,,,,,,,,,,,,,,,,,,,,,,,,,,,,,,,,,,,,,
,,,,,,XNB05Z,Industrial & MRO Supplies,General Hardware,Component,XNB05Z,XNB05Z,"XNB05Z Makita 18V 2-1/2"" Straight Finish Nailer 16GA",-- Unbranded --,-- Unbranded --,,Makita Usa Inc (5142),Makita Usa Inc (5142),Makita,,XNB05Z,,Industrial & MRO Supplies>General Hardware>Component,,,,,,,,,,,,,,,,,,,,,,,,,,,,,,,,Component,,,,,,,,,,,,,,,,,,,,,,,,,,,,,,,,,,,,,,,,,,,,,,,,,,,,,,,,,,,,,,,,,,,,,,,,,,,,,,,,,,,,,,,,,,,,,,,,,,,,,,,,,,,,,,,,,,,,,,,,,,,,,,,,,,,,,,,,,,,,,,,,,,,,,,,,,,,,,,,,,,,,,,,,,,,,,,,,,,,,,,,,,,,,,,,,,,,,,
,,,,,,XNB06Z,Industrial & MRO Supplies,General Hardware,Component,XNB06Z,XNB06Z,"XNB06Z Makita 18V 2-1/2"" Angled Finish Nailer 16GA",-- Unbranded --,-- Unbranded --,,Makita Usa Inc (5142),Makita Usa Inc (5142),Makita,,XNB06Z,,Industrial & MRO Supplies>General Hardware>Component,,,,,,,,,,,,,,,,,,,,,,,,,,,,,,,,Component,,,,,,,,,,,,,,,,,,,,,,,,,,,,,,,,,,,,,,,,,,,,,,,,,,,,,,,,,,,,,,,,,,,,,,,,,,,,,,,,,,,,,,,,,,,,,,,,,,,,,,,,,,,,,,,,,,,,,,,,,,,,,,,,,,,,,,,,,,,,,,,,,,,,,,,,,,,,,,,,,,,,,,,,,,,,,,,,,,,,,,,,,,,,,,,,,,,,,
,,,,,,XNB07Z,Industrial & MRO Supplies,General Hardware,Component,XNB07Z,XNB07Z,XNB07Z Makita 18V LXT BL 30 Nailer (Bare),-- Unbranded --,-- Unbranded --,,Makita Usa Inc (5142),Makita Usa Inc (5142),Makita,,XNB07Z,,Industrial & MRO Supplies>General Hardware>Component,,,,,,,,,,,,,,,,,,,,,,,,,,,,,,,,Component,,,,,,,,,,,,,,,,,,,,,,,,,,,,,,,,,,,,,,,,,,,,,,,,,,,,,,,,,,,,,,,,,,,,,,,,,,,,,,,,,,,,,,,,,,,,,,,,,,,,,,,,,,,,,,,,,,,,,,,,,,,,,,,,,,,,,,,,,,,,,,,,,,,,,,,,,,,,,,,,,,,,,,,,,,,,,,,,,,,,,,,,,,,,,,,,,,,,,
,,,,,,DZN930,Industrial & MRO Supplies,General Hardware,Component,DZN930,DZN930,DZN930 Dewalt 30 Degree - Framing Magazine,-- Unbranded --,-- Unbranded --,,Black & Decker/dewlt (2585),Black & Decker/dewlt (2585),DeWalt,,DZN930,,Industrial & MRO Supplies>General Hardware>Component,,,,,,,,,,,,,,,,,,,,,,,,,,,,,,,,Component,,,,,,,,,,,,,,,,,,,,,,,,,,,,,,,,,,,,,,,,,,,,,,,,,,,,,,,,,,,,,,,,,,,,,,,,,,,,,,,,,,,,,,,,,,,,,,,,,,,,,,,,,,,,,,,,,,,,,,,,,,,,,,,,,,,,,,,,,,,,,,,,,,,,,,,,,,,,,,,,,,,,,,,,,,,,,,,,,,,,,,,,,,,,,,,,,,,,,
,,,,,,220USB25U,Hand Tools,Hand Tools,Screwdriver,220USB25U,220USB25U,220USB25U Vessel Screwdriver w/25pc Bit Set,-- Unbranded --,-- Unbranded --,,Vessel Tools USA Inc (VESTO),Vessel Tools USA Inc (VESTO),Vessel Tools USA Inc,,220USB25U,,Hand Tools>Hand Tools>Screwdriver,,,,,,,,,,,,,,,,,,,,,,,,,,,,,,,,Screwdriver,Package Quantity,25pc,,,,,,,,,,,,,,,,,,,,,,,,,,,,,,,,,,,,,,,,,,,,,,,,,,,,,,,,,,,,,,,,,,,,,,,,,,,,,,,,,,,,,,,,,,,,,,,,,,,,,,,,,,,,,,,,,,,,,,,,,,,,,,,,,,,,,,,,,,,,,,,,,,,,,,,,,,,,,,,,,,,,,,,,,,,,,,,,,,,,,,,,,,,,,,,,,,,
,,,,,,XRF03Z,Hand Tools,Hand Tools,Screwdriver,XRF03Z,XRF03Z,XRF03Z Makita 18V Screwdriver - Autofeed,-- Unbranded --,-- Unbranded --,,Makita Usa Inc (5142),Makita Usa Inc (5142),Makita,,XRF03Z,,Hand Tools>Hand Tools>Screwdriver,,,,,,,,,,,,,,,,,,,,,,,,,,,,,,,,Screwdriver,,,,,,,,,,,,,,,,,,,,,,,,,,,,,,,,,,,,,,,,,,,,,,,,,,,,,,,,,,,,,,,,,,,,,,,,,,,,,,,,,,,,,,,,,,,,,,,,,,,,,,,,,,,,,,,,,,,,,,,,,,,,,,,,,,,,,,,,,,,,,,,,,,,,,,,,,,,,,,,,,,,,,,,,,,,,,,,,,,,,,,,,,,,,,,,,,,,,,
,,,,,,220USBP5U,Hand Tools,Hand Tools,Screwdriver,220USBP5U,220USBP5U,220USBP5U Vessel Screwdriver Plus w/5pc Bit Set,-- Unbranded --,-- Unbranded --,,Vessel Tools USA Inc (VESTO),Vessel Tools USA Inc (VESTO),Vessel Tools USA Inc,,220USBP5U,,Hand Tools>Hand Tools>Screwdriver,,,,,,,,,,,,,,,,,,,,,,,,,,,,,,,,Screwdriver,Package Quantity,5pc,,,,,,,,,,,,,,,,,,,,,,,,,,,,,,,,,,,,,,,,,,,,,,,,,,,,,,,,,,,,,,,,,,,,,,,,,,,,,,,,,,,,,,,,,,,,,,,,,,,,,,,,,,,,,,,,,,,,,,,,,,,,,,,,,,,,,,,,,,,,,,,,,,,,,,,,,,,,,,,,,,,,,,,,,,,,,,,,,,,,,,,,,,,,,,,,,,,
,,,,,,49-66-4567,Industrial & MRO Supplies,General Hardware,Component,49-66-4567,49-66-4567,"49-66-4567 Milw 6"" Magnetic - Impact Driver Set 6pc",-- Unbranded --,-- Unbranded --,,Milwaukee Accessory (4031),Milwaukee Accessory (4031),Milwaukee,,49-66-4567,,Industrial & MRO Supplies>General Hardware>Component,,,,,,,,,,,,,,,,,,,,,,,,,,,,,,,,Component,Package Quantity,6pc,,,,,,,,,,,,,,,,,,,,,,,,,,,,,,,,,,,,,,,,,,,,,,,,,,,,,,,,,,,,,,,,,,,,,,,,,,,,,,,,,,,,,,,,,,,,,,,,,,,,,,,,,,,,,,,,,,,,,,,,,,,,,,,,,,,,,,,,,,,,,,,,,,,,,,,,,,,,,,,,,,,,,,,,,,,,,,,,,,,,,,,,,,,,,,,,,,,
,,,,,,IBMG90K003,Industrial & MRO Supplies,General Hardware,Component,IBMG90K003,IBMG90K003,"IBMG90K003 Vessel Impact Ball Torsion Bit Assort 5pc 3.5""",-- Unbranded --,-- Unbranded --,,Vessel Tools USA Inc (VESTO),Vessel Tools USA Inc (VESTO),Vessel Tools USA Inc,,IBMG90K003,,Industrial & MRO Supplies>General Hardware>Component,,,,,,,,,,,,,,,,,,,,,,,,,,,,,,,,Component,Package Quantity,5pc,,,,,,,,,,,,,,,,,,,,,,,,,,,,,,,,,,,,,,,,,,,,,,,,,,,,,,,,,,,,,,,,,,,,,,,,,,,,,,,,,,,,,,,,,,,,,,,,,,,,,,,,,,,,,,,,,,,,,,,,,,,,,,,,,,,,,,,,,,,,,,,,,,,,,,,,,,,,,,,,,,,,,,,,,,,,,,,,,,,,,,,,,,,,,,,,,,,
,,,,,,IBPH250P15T,Industrial & MRO Supplies,General Hardware,Component,IBPH250P15T,IBPH250P15T,"IBPH250P15T Vessel Torsion Bit 2"" 15pc",-- Unbranded --,-- Unbranded --,,Vessel Tools USA Inc (VESTO),Vessel Tools USA Inc (VESTO),Vessel Tools USA Inc,,IBPH250P15T,,Industrial & MRO Supplies>General Hardware>Component,,,,,,,,,,,,,,,,,,,,,,,,,,,,,,,,Component,Package Quantity,15pc,,,,,,,,,,,,,,,,,,,,,,,,,,,,,,,,,,,,,,,,,,,,,,,,,,,,,,,,,,,,,,,,,,,,,,,,,,,,,,,,,,,,,,,,,,,,,,,,,,,,,,,,,,,,,,,,,,,,,,,,,,,,,,,,,,,,,,,,,,,,,,,,,,,,,,,,,,,,,,,,,,,,,,,,,,,,,,,,,,,,,,,,,,,,,,,,,,,
,,,,,,DPH12B,Industrial & MRO Supplies,General Hardware,Component,DPH12B,DPH12B,"DPH12B 2"" #1 Phillips Drive - Bit",-- Unbranded --,-- Unbranded --,,Freud Inc (2435),Freud Inc (2435),Freud,,DPH12B,,Industrial & MRO Supplies>General Hardware>Component,,,,,,,,,,,,,,,,,,,,,,,,,,,,,,,,Component,,,,,,,,,,,,,,,,,,,,,,,,,,,,,,,,,,,,,,,,,,,,,,,,,,,,,,,,,,,,,,,,,,,,,,,,,,,,,,,,,,,,,,,,,,,,,,,,,,,,,,,,,,,,,,,,,,,,,,,,,,,,,,,,,,,,,,,,,,,,,,,,,,,,,,,,,,,,,,,,,,,,,,,,,,,,,,,,,,,,,,,,,,,,,,,,,,,,,
,,,,,,DPH135B,Industrial & MRO Supplies,General Hardware,Component,DPH135B,DPH135B,"DPH135B 3-1/2"" #1 Phillips - Drive Bit",-- Unbranded --,-- Unbranded --,,Freud Inc (2435),Freud Inc (2435),Freud,,DPH135B,,Industrial & MRO Supplies>General Hardware>Component,,,,,,,,,,,,,,,,,,,,,,,,,,,,,,,,Component,,,,,,,,,,,,,,,,,,,,,,,,,,,,,,,,,,,,,,,,,,,,,,,,,,,,,,,,,,,,,,,,,,,,,,,,,,,,,,,,,,,,,,,,,,,,,,,,,,,,,,,,,,,,,,,,,,,,,,,,,,,,,,,,,,,,,,,,,,,,,,,,,,,,,,,,,,,,,,,,,,,,,,,,,,,,,,,,,,,,,,,,,,,,,,,,,,,,,
,,,,,,DPH21B,Industrial & MRO Supplies,General Hardware,Component,DPH21B,DPH21B,"DPH21B 1"" #2 Phillips Drive - Bit",-- Unbranded --,-- Unbranded --,,Freud Inc (2435),Freud Inc (2435),Freud,,DPH21B,,Industrial & MRO Supplies>General Hardware>Component,,,,,,,,,,,,,,,,,,,,,,,,,,,,,,,,Component,,,,,,,,,,,,,,,,,,,,,,,,,,,,,,,,,,,,,,,,,,,,,,,,,,,,,,,,,,,,,,,,,,,,,,,,,,,,,,,,,,,,,,,,,,,,,,,,,,,,,,,,,,,,,,,,,,,,,,,,,,,,,,,,,,,,,,,,,,,,,,,,,,,,,,,,,,,,,,,,,,,,,,,,,,,,,,,,,,,,,,,,,,,,,,,,,,,,,
,,,,,,DPH22B,Industrial & MRO Supplies,General Hardware,Component,DPH22B,DPH22B,"DPH22B 2"" #2 Phillips Drive - Bit",-- Unbranded --,-- Unbranded --,,Freud Inc (2435),Freud Inc (2435),Freud,,DPH22B,,Industrial & MRO Supplies>General Hardware>Component,,,,,,,,,,,,,,,,,,,,,,,,,,,,,,,,Component,,,,,,,,,,,,,,,,,,,,,,,,,,,,,,,,,,,,,,,,,,,,,,,,,,,,,,,,,,,,,,,,,,,,,,,,,,,,,,,,,,,,,,,,,,,,,,,,,,,,,,,,,,,,,,,,,,,,,,,,,,,,,,,,,,,,,,,,,,,,,,,,,,,,,,,,,,,,,,,,,,,,,,,,,,,,,,,,,,,,,,,,,,,,,,,,,,,,,
,,,,,,DPH235B,Industrial & MRO Supplies,General Hardware,Component,DPH235B,DPH235B,"DPH235B 3-1/2"" #2 Phillips - Drive Bit",-- Unbranded --,-- Unbranded --,,Freud Inc (2435),Freud Inc (2435),Freud,,DPH235B,,Industrial & MRO Supplies>General Hardware>Component,,,,,,,,,,,,,,,,,,,,,,,,,,,,,,,,Component,,,,,,,,,,,,,,,,,,,,,,,,,,,,,,,,,,,,,,,,,,,,,,,,,,,,,,,,,,,,,,,,,,,,,,,,,,,,,,,,,,,,,,,,,,,,,,,,,,,,,,,,,,,,,,,,,,,,,,,,,,,,,,,,,,,,,,,,,,,,,,,,,,,,,,,,,,,,,,,,,,,,,,,,,,,,,,,,,,,,,,,,,,,,,,,,,,,,,
,,,,,,DPH26B,Industrial & MRO Supplies,General Hardware,Component,DPH26B,DPH26B,"DPH26B 6"" #2 Phillips Drive - Bit",-- Unbranded --,-- Unbranded --,,Freud Inc (2435),Freud Inc (2435),Freud,,DPH26B,,Industrial & MRO Supplies>General Hardware>Component,,,,,,,,,,,,,,,,,,,,,,,,,,,,,,,,Component,,,,,,,,,,,,,,,,,,,,,,,,,,,,,,,,,,,,,,,,,,,,,,,,,,,,,,,,,,,,,,,,,,,,,,,,,,,,,,,,,,,,,,,,,,,,,,,,,,,,,,,,,,,,,,,,,,,,,,,,,,,,,,,,,,,,,,,,,,,,,,,,,,,,,,,,,,,,,,,,,,,,,,,,,,,,,,,,,,,,,,,,,,,,,,,,,,,,,
,,,,,,DPH2R1B,Industrial & MRO Supplies,General Hardware,Component,DPH2R1B,DPH2R1B,"DPH2R1B 1"" #2 Phillips Drywall - Screws Drive Bit",-- Unbranded --,-- Unbranded --,,Freud Inc (2435),Freud Inc (2435),Freud,,DPH2R1B,,Industrial & MRO Supplies>General Hardware>Component,,,,,,,,,,,,,,,,,,,,,,,,,,,,,,,,Component,,,,,,,,,,,,,,,,,,,,,,,,,,,,,,,,,,,,,,,,,,,,,,,,,,,,,,,,,,,,,,,,,,,,,,,,,,,,,,,,,,,,,,,,,,,,,,,,,,,,,,,,,,,,,,,,,,,,,,,,,,,,,,,,,,,,,,,,,,,,,,,,,,,,,,,,,,,,,,,,,,,,,,,,,,,,,,,,,,,,,,,,,,,,,,,,,,,,,
,,,,,,DPH31B,Industrial & MRO Supplies,General Hardware,Component,DPH31B,DPH31B,"DPH31B 1"" #3 Phillips Drive - Bit",-- Unbranded --,-- Unbranded --,,Freud Inc (2435),Freud Inc (2435),Freud,,DPH31B,,Industrial & MRO Supplies>General Hardware>Component,,,,,,,,,,,,,,,,,,,,,,,,,,,,,,,,Component,,,,,,,,,,,,,,,,,,,,,,,,,,,,,,,,,,,,,,,,,,,,,,,,,,,,,,,,,,,,,,,,,,,,,,,,,,,,,,,,,,,,,,,,,,,,,,,,,,,,,,,,,,,,,,,,,,,,,,,,,,,,,,,,,,,,,,,,,,,,,,,,,,,,,,,,,,,,,,,,,,,,,,,,,,,,,,,,,,,,,,,,,,,,,,,,,,,,,
,,,,,,DPH32B,Industrial & MRO Supplies,General Hardware,Component,DPH32B,DPH32B,"DPH32B 2"" #3 Phillips Drive - Bit",-- Unbranded --,-- Unbranded --,,Freud Inc (2435),Freud Inc (2435),Freud,,DPH32B,,Industrial & MRO Supplies>General Hardware>Component,,,,,,,,,,,,,,,,,,,,,,,,,,,,,,,,Component,,,,,,,,,,,,,,,,,,,,,,,,,,,,,,,,,,,,,,,,,,,,,,,,,,,,,,,,,,,,,,,,,,,,,,,,,,,,,,,,,,,,,,,,,,,,,,,,,,,,,,,,,,,,,,,,,,,,,,,,,,,,,,,,,,,,,,,,,,,,,,,,,,,,,,,,,,,,,,,,,,,,,,,,,,,,,,,,,,,,,,,,,,,,,,,,,,,,,
,,,,,,DPH335B,Industrial & MRO Supplies,General Hardware,Component,DPH335B,DPH335B,"DPH335B 3-1/2"" #3 Phillips - Drive Bit",-- Unbranded --,-- Unbranded --,,Freud Inc (2435),Freud Inc (2435),Freud,,DPH335B,,Industrial & MRO Supplies>General Hardware>Component,,,,,,,,,,,,,,,,,,,,,,,,,,,,,,,,Component,,,,,,,,,,,,,,,,,,,,,,,,,,,,,,,,,,,,,,,,,,,,,,,,,,,,,,,,,,,,,,,,,,,,,,,,,,,,,,,,,,,,,,,,,,,,,,,,,,,,,,,,,,,,,,,,,,,,,,,,,,,,,,,,,,,,,,,,,,,,,,,,,,,,,,,,,,,,,,,,,,,,,,,,,,,,,,,,,,,,,,,,,,,,,,,,,,,,,
,,,,,,DSQ12B,Industrial & MRO Supplies,General Hardware,Component,DSQ12B,DSQ12B,"DSQ12B 2"" #1 Square Drive Bit",-- Unbranded --,-- Unbranded --,,Freud Inc (2435),Freud Inc (2435),Freud,,DSQ12B,,Industrial & MRO Supplies>General Hardware>Component,,,,,,,,,,,,,,,,,,,,,,,,,,,,,,,,Component,,,,,,,,,,,,,,,,,,,,,,,,,,,,,,,,,,,,,,,,,,,,,,,,,,,,,,,,,,,,,,,,,,,,,,,,,,,,,,,,,,,,,,,,,,,,,,,,,,,,,,,,,,,,,,,,,,,,,,,,,,,,,,,,,,,,,,,,,,,,,,,,,,,,,,,,,,,,,,,,,,,,,,,,,,,,,,,,,,,,,,,,,,,,,,,,,,,,,
,,,,,,DSQ22B,Industrial & MRO Supplies,General Hardware,Component,DSQ22B,DSQ22B,"DSQ22B 2"" #2 Square Drive Bit",-- Unbranded --,-- Unbranded --,,Freud Inc (2435),Freud Inc (2435),Freud,,DSQ22B,,Industrial & MRO Supplies>General Hardware>Component,,,,,,,,,,,,,,,,,,,,,,,,,,,,,,,,Component,,,,,,,,,,,,,,,,,,,,,,,,,,,,,,,,,,,,,,,,,,,,,,,,,,,,,,,,,,,,,,,,,,,,,,,,,,,,,,,,,,,,,,,,,,,,,,,,,,,,,,,,,,,,,,,,,,,,,,,,,,,,,,,,,,,,,,,,,,,,,,,,,,,,,,,,,,,,,,,,,,,,,,,,,,,,,,,,,,,,,,,,,,,,,,,,,,,,,
,,,,,,DSQ26B,Industrial & MRO Supplies,General Hardware,Component,DSQ26B,DSQ26B,"DSQ26B 6"" #2 Square Drive Bit",-- Unbranded --,-- Unbranded --,,Freud Inc (2435),Freud Inc (2435),Freud,,DSQ26B,,Industrial & MRO Supplies>General Hardware>Component,,,,,,,,,,,,,,,,,,,,,,,,,,,,,,,,Component,,,,,,,,,,,,,,,,,,,,,,,,,,,,,,,,,,,,,,,,,,,,,,,,,,,,,,,,,,,,,,,,,,,,,,,,,,,,,,,,,,,,,,,,,,,,,,,,,,,,,,,,,,,,,,,,,,,,,,,,,,,,,,,,,,,,,,,,,,,,,,,,,,,,,,,,,,,,,,,,,,,,,,,,,,,,,,,,,,,,,,,,,,,,,,,,,,,,,
,,,,,,DSQ32B,Industrial & MRO Supplies,General Hardware,Component,DSQ32B,DSQ32B,"DSQ32B 2"" #3 Square Drive Bit",-- Unbranded --,-- Unbranded --,,Freud Inc (2435),Freud Inc (2435),Freud,,DSQ32B,,Industrial & MRO Supplies>General Hardware>Component,,,,,,,,,,,,,,,,,,,,,,,,,,,,,,,,Component,,,,,,,,,,,,,,,,,,,,,,,,,,,,,,,,,,,,,,,,,,,,,,,,,,,,,,,,,,,,,,,,,,,,,,,,,,,,,,,,,,,,,,,,,,,,,,,,,,,,,,,,,,,,,,,,,,,,,,,,,,,,,,,,,,,,,,,,,,,,,,,,,,,,,,,,,,,,,,,,,,,,,,,,,,,,,,,,,,,,,,,,,,,,,,,,,,,,,
,,,,,,DT102B,Industrial & MRO Supplies,General Hardware,Component,DT102B,DT102B,"DT102B 2"" #10 Torx Drive Bit",-- Unbranded --,-- Unbranded --,,Freud Inc (2435),Freud Inc (2435),Freud,,DT102B,,Industrial & MRO Supplies>General Hardware>Component,,,,,,,,,,,,,,,,,,,,,,,,,,,,,,,,Component,,,,,,,,,,,,,,,,,,,,,,,,,,,,,,,,,,,,,,,,,,,,,,,,,,,,,,,,,,,,,,,,,,,,,,,,,,,,,,,,,,,,,,,,,,,,,,,,,,,,,,,,,,,,,,,,,,,,,,,,,,,,,,,,,,,,,,,,,,,,,,,,,,,,,,,,,,,,,,,,,,,,,,,,,,,,,,,,,,,,,,,,,,,,,,,,,,,,,
,,,,,,DT152B,Industrial & MRO Supplies,General Hardware,Component,DT152B,DT152B,"DT152B 2"" #15 Torx Drive Bit",-- Unbranded --,-- Unbranded --,,Freud Inc (2435),Freud Inc (2435),Freud,,DT152B,,Industrial & MRO Supplies>General Hardware>Component,,,,,,,,,,,,,,,,,,,,,,,,,,,,,,,,Component,,,,,,,,,,,,,,,,,,,,,,,,,,,,,,,,,,,,,,,,,,,,,,,,,,,,,,,,,,,,,,,,,,,,,,,,,,,,,,,,,,,,,,,,,,,,,,,,,,,,,,,,,,,,,,,,,,,,,,,,,,,,,,,,,,,,,,,,,,,,,,,,,,,,,,,,,,,,,,,,,,,,,,,,,,,,,,,,,,,,,,,,,,,,,,,,,,,,,
,,,,,,DT1535B,Industrial & MRO Supplies,General Hardware,Component,DT1535B,DT1535B,"DT1535B 3-1/2"" #15 Torx Drive - Bit",-- Unbranded --,-- Unbranded --,,Freud Inc (2435),Freud Inc (2435),Freud,,DT1535B,,Industrial & MRO Supplies>General Hardware>Component,,,,,,,,,,,,,,,,,,,,,,,,,,,,,,,,Component,,,,,,,,,,,,,,,,,,,,,,,,,,,,,,,,,,,,,,,,,,,,,,,,,,,,,,,,,,,,,,,,,,,,,,,,,,,,,,,,,,,,,,,,,,,,,,,,,,,,,,,,,,,,,,,,,,,,,,,,,,,,,,,,,,,,,,,,,,,,,,,,,,,,,,,,,,,,,,,,,,,,,,,,,,,,,,,,,,,,,,,,,,,,,,,,,,,,,
,,,,,,DT202B,Industrial & MRO Supplies,General Hardware,Component,DT202B,DT202B,"DT202B 2"" #20 Torx Drive Bit",-- Unbranded --,-- Unbranded --,,Freud Inc (2435),Freud Inc (2435),Freud,,DT202B,,Industrial & MRO Supplies>General Hardware>Component,,,,,,,,,,,,,,,,,,,,,,,,,,,,,,,,Component,,,,,,,,,,,,,,,,,,,,,,,,,,,,,,,,,,,,,,,,,,,,,,,,,,,,,,,,,,,,,,,,,,,,,,,,,,,,,,,,,,,,,,,,,,,,,,,,,,,,,,,,,,,,,,,,,,,,,,,,,,,,,,,,,,,,,,,,,,,,,,,,,,,,,,,,,,,,,,,,,,,,,,,,,,,,,,,,,,,,,,,,,,,,,,,,,,,,,
,,,,,,DT2035B,Industrial & MRO Supplies,General Hardware,Component,DT2035B,DT2035B,"DT2035B 3-1/2"" #20 Torx Drive - Bit",-- Unbranded --,-- Unbranded --,,Freud Inc (2435),Freud Inc (2435),Freud,,DT2035B,,Industrial & MRO Supplies>General Hardware>Component,,,,,,,,,,,,,,,,,,,,,,,,,,,,,,,,Component,,,,,,,,,,,,,,,,,,,,,,,,,,,,,,,,,,,,,,,,,,,,,,,,,,,,,,,,,,,,,,,,,,,,,,,,,,,,,,,,,,,,,,,,,,,,,,,,,,,,,,,,,,,,,,,,,,,,,,,,,,,,,,,,,,,,,,,,,,,,,,,,,,,,,,,,,,,,,,,,,,,,,,,,,,,,,,,,,,,,,,,,,,,,,,,,,,,,,
,,,,,,DT206B,Industrial & MRO Supplies,General Hardware,Component,DT206B,DT206B,"DT206B 6"" #20 Torx Drive Bit",-- Unbranded --,-- Unbranded --,,Freud Inc (2435),Freud Inc (2435),Freud,,DT206B,,Industrial & MRO Supplies>General Hardware>Component,,,,,,,,,,,,,,,,,,,,,,,,,,,,,,,,Component,,,,,,,,,,,,,,,,,,,,,,,,,,,,,,,,,,,,,,,,,,,,,,,,,,,,,,,,,,,,,,,,,,,,,,,,,,,,,,,,,,,,,,,,,,,,,,,,,,,,,,,,,,,,,,,,,,,,,,,,,,,,,,,,,,,,,,,,,,,,,,,,,,,,,,,,,,,,,,,,,,,,,,,,,,,,,,,,,,,,,,,,,,,,,,,,,,,,,
,,,,,,DT252B,Industrial & MRO Supplies,General Hardware,Component,DT252B,DT252B,"DT252B 2"" #25 Trox Drive Bit",-- Unbranded --,-- Unbranded --,,Freud Inc (2435),Freud Inc (2435),Freud,,DT252B,,Industrial & MRO Supplies>General Hardware>Component,,,,,,,,,,,,,,,,,,,,,,,,,,,,,,,,Component,,,,,,,,,,,,,,,,,,,,,,,,,,,,,,,,,,,,,,,,,,,,,,,,,,,,,,,,,,,,,,,,,,,,,,,,,,,,,,,,,,,,,,,,,,,,,,,,,,,,,,,,,,,,,,,,,,,,,,,,,,,,,,,,,,,,,,,,,,,,,,,,,,,,,,,,,,,,,,,,,,,,,,,,,,,,,,,,,,,,,,,,,,,,,,,,,,,,,
,,,,,,DT2535B,Industrial & MRO Supplies,General Hardware,Component,DT2535B,DT2535B,"DT2535B 3-1/4"" #25 Torx Drive - Bit",-- Unbranded --,-- Unbranded --,,Freud Inc (2435),Freud Inc (2435),Freud,,DT2535B,,Industrial & MRO Supplies>General Hardware>Component,,,,,,,,,,,,,,,,,,,,,,,,,,,,,,,,Component,,,,,,,,,,,,,,,,,,,,,,,,,,,,,,,,,,,,,,,,,,,,,,,,,,,,,,,,,,,,,,,,,,,,,,,,,,,,,,,,,,,,,,,,,,,,,,,,,,,,,,,,,,,,,,,,,,,,,,,,,,,,,,,,,,,,,,,,,,,,,,,,,,,,,,,,,,,,,,,,,,,,,,,,,,,,,,,,,,,,,,,,,,,,,,,,,,,,,
,,,,,,DT256B,Industrial & MRO Supplies,General Hardware,Component,DT256B,DT256B,"DT256B 6"" #25 Torx Drive Bit",-- Unbranded --,-- Unbranded --,,Freud Inc (2435),Freud Inc (2435),Freud,,DT256B,,Industrial & MRO Supplies>General Hardware>Component,,,,,,,,,,,,,,,,,,,,,,,,,,,,,,,,Component,,,,,,,,,,,,,,,,,,,,,,,,,,,,,,,,,,,,,,,,,,,,,,,,,,,,,,,,,,,,,,,,,,,,,,,,,,,,,,,,,,,,,,,,,,,,,,,,,,,,,,,,,,,,,,,,,,,,,,,,,,,,,,,,,,,,,,,,,,,,,,,,,,,,,,,,,,,,,,,,,,,,,,,,,,,,,,,,,,,,,,,,,,,,,,,,,,,,,
,,,,,,DT302B,Industrial & MRO Supplies,General Hardware,Component,DT302B,DT302B,"DT302B 2"" #30 Torx Drive Bit",-- Unbranded --,-- Unbranded --,,Freud Inc (2435),Freud Inc (2435),Freud,,DT302B,,Industrial & MRO Supplies>General Hardware>Component,,,,,,,,,,,,,,,,,,,,,,,,,,,,,,,,Component,,,,,,,,,,,,,,,,,,,,,,,,,,,,,,,,,,,,,,,,,,,,,,,,,,,,,,,,,,,,,,,,,,,,,,,,,,,,,,,,,,,,,,,,,,,,,,,,,,,,,,,,,,,,,,,,,,,,,,,,,,,,,,,,,,,,,,,,,,,,,,,,,,,,,,,,,,,,,,,,,,,,,,,,,,,,,,,,,,,,,,,,,,,,,,,,,,,,,
,,,,,,DT402B,Industrial & MRO Supplies,General Hardware,Component,DT402B,DT402B,"DT402B 2"" #40 Torx Drive Bit",-- Unbranded --,-- Unbranded --,,Freud Inc (2435),Freud Inc (2435),Freud,,DT402B,,Industrial & MRO Supplies>General Hardware>Component,,,,,,,,,,,,,,,,,,,,,,,,,,,,,,,,Component,,,,,,,,,,,,,,,,,,,,,,,,,,,,,,,,,,,,,,,,,,,,,,,,,,,,,,,,,,,,,,,,,,,,,,,,,,,,,,,,,,,,,,,,,,,,,,,,,,,,,,,,,,,,,,,,,,,,,,,,,,,,,,,,,,,,,,,,,,,,,,,,,,,,,,,,,,,,,,,,,,,,,,,,,,,,,,,,,,,,,,,,,,,,,,,,,,,,,
,,,,,,DDWSSB,Fasteners & Hardware,Fasteners & Hardware,Screw,DDWSSB,DDWSSB,DDWSSB #2 Drywall Screw Setter,-- Unbranded --,-- Unbranded --,,Freud Inc (2435),Freud Inc (2435),Freud,,DDWSSB,,Fasteners & Hardware>Fasteners & Hardware>Screw,,,,,,,,,,,,,,,,,,,,,,,,,,,,,,,,Screw,,,,,,,,,,,,,,,,,,,,,,,,,,,,,,,,,,,,,,,,,,,,,,,,,,,,,,,,,,,,,,,,,,,,,,,,,,,,,,,,,,,,,,,,,,,,,,,,,,,,,,,,,,,,,,,,,,,,,,,,,,,,,,,,,,,,,,,,,,,,,,,,,,,,,,,,,,,,,,,,,,,,,,,,,,,,,,,,,,,,,,,,,,,,,,,,,,,,,
,,,,,,191V02-0,Industrial & MRO Supplies,General Hardware,Component,191V02-0,191V02-0,191V02-0 Makita #2 Phillips Bit 5pk,-- Unbranded --,-- Unbranded --,,Makita Usa Inc (5142),Makita Usa Inc (5142),Makita,,191V02-0,,Industrial & MRO Supplies>General Hardware>Component,,,,,,,,,,,,,,,,,,,,,,,,,,,,,,,,Component,Package Quantity,5pk,,,,,,,,,,,,,,,,,,,,,,,,,,,,,,,,,,,,,,,,,,,,,,,,,,,,,,,,,,,,,,,,,,,,,,,,,,,,,,,,,,,,,,,,,,,,,,,,,,,,,,,,,,,,,,,,,,,,,,,,,,,,,,,,,,,,,,,,,,,,,,,,,,,,,,,,,,,,,,,,,,,,,,,,,,,,,,,,,,,,,,,,,,,,,,,,,,,
,,,,,,XTS02Z,Industrial & MRO Supplies,General Hardware,Component,XTS02Z,XTS02Z,"XTS02Z Makita 18V 1/4"" Narrow Crown Stapler 18GA",-- Unbranded --,-- Unbranded --,,Makita Usa Inc (5142),Makita Usa Inc (5142),Makita,,XTS02Z,,Industrial & MRO Supplies>General Hardware>Component,,,,,,,,,,,,,,,,,,,,,,,,,,,,,,,,Component,,,,,,,,,,,,,,,,,,,,,,,,,,,,,,,,,,,,,,,,,,,,,,,,,,,,,,,,,,,,,,,,,,,,,,,,,,,,,,,,,,,,,,,,,,,,,,,,,,,,,,,,,,,,,,,,,,,,,,,,,,,,,,,,,,,,,,,,,,,,,,,,,,,,,,,,,,,,,,,,,,,,,,,,,,,,,,,,,,,,,,,,,,,,,,,,,,,,,
,,,,,,DCF809D1,Industrial & MRO Supplies,General Hardware,Component,DCF809D1,DCF809D1,"DCF809D1 Dewalt Atomic 20V 1/4"" Impact Driver Kit",-- Unbranded --,-- Unbranded --,,Black & Decker/dewlt (2585),Black & Decker/dewlt (2585),DeWalt,,DCF809D1,,Industrial & MRO Supplies>General Hardware>Component,,,,,,,,,,,,,,,,,,,,,,,,,,,,,,,,Component,,,,,,,,,,,,,,,,,,,,,,,,,,,,,,,,,,,,,,,,,,,,,,,,,,,,,,,,,,,,,,,,,,,,,,,,,,,,,,,,,,,,,,,,,,,,,,,,,,,,,,,,,,,,,,,,,,,,,,,,,,,,,,,,,,,,,,,,,,,,,,,,,,,,,,,,,,,,,,,,,,,,,,,,,,,,,,,,,,,,,,,,,,,,,,,,,,,,,
,,,,,,2761-20,Industrial & MRO Supplies,General Hardware,Component,2761-20,2761-20,"2761-20 Milw M18 1/4"" Hex Hydraulic Driver",-- Unbranded --,-- Unbranded --,,Milwaukee Accessory (4031),Milwaukee Accessory (4031),Milwaukee,,2761-20,,Industrial & MRO Supplies>General Hardware>Component,,,,,,,,,,,,,,,,,,,,,,,,,,,,,,,,Component,,,,,,,,,,,,,,,,,,,,,,,,,,,,,,,,,,,,,,,,,,,,,,,,,,,,,,,,,,,,,,,,,,,,,,,,,,,,,,,,,,,,,,,,,,,,,,,,,,,,,,,,,,,,,,,,,,,,,,,,,,,,,,,,,,,,,,,,,,,,,,,,,,,,,,,,,,,,,,,,,,,,,,,,,,,,,,,,,,,,,,,,,,,,,,,,,,,,,
,,,,,,2761-22,Industrial & MRO Supplies,General Hardware,Component,2761-22,2761-22,2761-22 Milw M18 Surge Kit,-- Unbranded --,-- Unbranded --,,Milwaukee Accessory (4031),Milwaukee Accessory (4031),Milwaukee,,2761-22,,Industrial & MRO Supplies>General Hardware>Component,,,,,,,,,,,,,,,,,,,,,,,,,,,,,,,,Component,,,,,,,,,,,,,,,,,,,,,,,,,,,,,,,,,,,,,,,,,,,,,,,,,,,,,,,,,,,,,,,,,,,,,,,,,,,,,,,,,,,,,,,,,,,,,,,,,,,,,,,,,,,,,,,,,,,,,,,,,,,,,,,,,,,,,,,,,,,,,,,,,,,,,,,,,,,,,,,,,,,,,,,,,,,,,,,,,,,,,,,,,,,,,,,,,,,,,
,,,,,,3450-20,Industrial & MRO Supplies,General Hardware,Component,3450-20,3450-20,3450-20 Milw M12 Impact Driver - Brushless Compact (Bare),-- Unbranded --,-- Unbranded --,,Milwaukee Accessory (4031),Milwaukee Accessory (4031),Milwaukee,,3450-20,,Industrial & MRO Supplies>General Hardware>Component,,,,,,,,,,,,,,,,,,,,,,,,,,,,,,,,Component,,,,,,,,,,,,,,,,,,,,,,,,,,,,,,,,,,,,,,,,,,,,,,,,,,,,,,,,,,,,,,,,,,,,,,,,,,,,,,,,,,,,,,,,,,,,,,,,,,,,,,,,,,,,,,,,,,,,,,,,,,,,,,,,,,,,,,,,,,,,,,,,,,,,,,,,,,,,,,,,,,,,,,,,,,,,,,,,,,,,,,,,,,,,,,,,,,,,,
,,,,,,KPTDV025A,Industrial & MRO Supplies,General Hardware,Component,KPTDV025A,KPTDV025A,KPTDV025A Kreg 20V Ionic Compact Impact Driver,-- Unbranded --,-- Unbranded --,,Kreg Tool Company (KRETO),Kreg Tool Company (KRETO),Kreg Tool Company,,KPTDV025A,,Industrial & MRO Supplies>General Hardware>Component,,,,,,,,,,,,,,,,,,,,,,,,,,,,,,,,Component,,,,,,,,,,,,,,,,,,,,,,,,,,,,,,,,,,,,,,,,,,,,,,,,,,,,,,,,,,,,,,,,,,,,,,,,,,,,,,,,,,,,,,,,,,,,,,,,,,,,,,,,,,,,,,,,,,,,,,,,,,,,,,,,,,,,,,,,,,,,,,,,,,,,,,,,,,,,,,,,,,,,,,,,,,,,,,,,,,,,,,,,,,,,,,,,,,,,,
,,,,,,3048-20,Hand Tools,Hand Tools,Wrench,3048-20,3048-20,"3048-20 Milw M12 1/4"" Impact Wrench w/Friction Ring",-- Unbranded --,-- Unbranded --,,Milwaukee Accessory (4031),Milwaukee Accessory (4031),Milwaukee,,3048-20,,Hand Tools>Hand Tools>Wrench,,,,,,,,,,,,,,,,,,,,,,,,,,,,,,,,Wrench,,,,,,,,,,,,,,,,,,,,,,,,,,,,,,,,,,,,,,,,,,,,,,,,,,,,,,,,,,,,,,,,,,,,,,,,,,,,,,,,,,,,,,,,,,,,,,,,,,,,,,,,,,,,,,,,,,,,,,,,,,,,,,,,,,,,,,,,,,,,,,,,,,,,,,,,,,,,,,,,,,,,,,,,,,,,,,,,,,,,,,,,,,,,,,,,,,,,,
,,,,,,3049-20,Hand Tools,Hand Tools,Wrench,3049-20,3049-20,"3049-20 Milw M12 3/8"" Impact Wrench w/Friction Ring",-- Unbranded --,-- Unbranded --,,Milwaukee Accessory (4031),Milwaukee Accessory (4031),Milwaukee,,3049-20,,Hand Tools>Hand Tools>Wrench,,,,,,,,,,,,,,,,,,,,,,,,,,,,,,,,Wrench,,,,,,,,,,,,,,,,,,,,,,,,,,,,,,,,,,,,,,,,,,,,,,,,,,,,,,,,,,,,,,,,,,,,,,,,,,,,,,,,,,,,,,,,,,,,,,,,,,,,,,,,,,,,,,,,,,,,,,,,,,,,,,,,,,,,,,,,,,,,,,,,,,,,,,,,,,,,,,,,,,,,,,,,,,,,,,,,,,,,,,,,,,,,,,,,,,,,,
,,,,,,2563-20,Hand Tools,Hand Tools,Wrench,2563-20,2563-20,"2563-20 Milw M12 Stubby 1/2"" Impact Wrench",-- Unbranded --,-- Unbranded --,,Milwaukee Accessory (4031),Milwaukee Accessory (4031),Milwaukee,,2563-20,,Hand Tools>Hand Tools>Wrench,,,,,,,,,,,,,,,,,,,,,,,,,,,,,,,,Wrench,,,,,,,,,,,,,,,,,,,,,,,,,,,,,,,,,,,,,,,,,,,,,,,,,,,,,,,,,,,,,,,,,,,,,,,,,,,,,,,,,,,,,,,,,,,,,,,,,,,,,,,,,,,,,,,,,,,,,,,,,,,,,,,,,,,,,,,,,,,,,,,,,,,,,,,,,,,,,,,,,,,,,,,,,,,,,,,,,,,,,,,,,,,,,,,,,,,,,
,,,,,,DCF961B,Industrial & MRO Supplies,General Hardware,Component,DCF961B,DCF961B,"Dewalt DCF961B 20V 1/2"" Impact - Bare Tool",-- Unbranded --,-- Unbranded --,,Black & Decker/dewlt (2585),Black & Decker/dewlt (2585),DeWalt,,DCF961B,,Industrial & MRO Supplies>General Hardware>Component,,,,,,,,,,,,,,,,,,,,,,,,,,,,,,,,Component,,,,,,,,,,,,,,,,,,,,,,,,,,,,,,,,,,,,,,,,,,,,,,,,,,,,,,,,,,,,,,,,,,,,,,,,,,,,,,,,,,,,,,,,,,,,,,,,,,,,,,,,,,,,,,,,,,,,,,,,,,,,,,,,,,,,,,,,,,,,,,,,,,,,,,,,,,,,,,,,,,,,,,,,,,,,,,,,,,,,,,,,,,,,,,,,,,,,,
,,,,,,DCF964B,Hand Tools,Hand Tools,Wrench,DCF964B,DCF964B,"DCF964B Dewalt 20V 3/4"" Impact - Wrench (Bare)",-- Unbranded --,-- Unbranded --,,Black & Decker/dewlt (2585),Black & Decker/dewlt (2585),DeWalt,,DCF964B,,Hand Tools>Hand Tools>Wrench,,,,,,,,,,,,,,,,,,,,,,,,,,,,,,,,Wrench,,,,,,,,,,,,,,,,,,,,,,,,,,,,,,,,,,,,,,,,,,,,,,,,,,,,,,,,,,,,,,,,,,,,,,,,,,,,,,,,,,,,,,,,,,,,,,,,,,,,,,,,,,,,,,,,,,,,,,,,,,,,,,,,,,,,,,,,,,,,,,,,,,,,,,,,,,,,,,,,,,,,,,,,,,,,,,,,,,,,,,,,,,,,,,,,,,,,,
,,,,,,2563P-20,Hand Tools,Hand Tools,Wrench,2563P-20,2563P-20,"2563P-20 Milw M12 1/2"" Stubby - Impact Wrench w/Pin Detent",-- Unbranded --,-- Unbranded --,,Milwaukee Accessory (4031),Milwaukee Accessory (4031),Milwaukee,,2563P-20,,Hand Tools>Hand Tools>Wrench,,,,,,,,,,,,,,,,,,,,,,,,,,,,,,,,Wrench,,,,,,,,,,,,,,,,,,,,,,,,,,,,,,,,,,,,,,,,,,,,,,,,,,,,,,,,,,,,,,,,,,,,,,,,,,,,,,,,,,,,,,,,,,,,,,,,,,,,,,,,,,,,,,,,,,,,,,,,,,,,,,,,,,,,,,,,,,,,,,,,,,,,,,,,,,,,,,,,,,,,,,,,,,,,,,,,,,,,,,,,,,,,,,,,,,,,,
,,,,,,DCF921P2,Industrial & MRO Supplies,General Hardware,Component,DCF921P2,DCF921P2,DCF921P2 Dewalt 20V 1/2 Impact,-- Unbranded --,-- Unbranded --,,Black & Decker/dewlt (2585),Black & Decker/dewlt (2585),DeWalt,,DCF921P2,,Industrial & MRO Supplies>General Hardware>Component,,,,,,,,,,,,,,,,,,,,,,,,,,,,,,,,Component,,,,,,,,,,,,,,,,,,,,,,,,,,,,,,,,,,,,,,,,,,,,,,,,,,,,,,,,,,,,,,,,,,,,,,,,,,,,,,,,,,,,,,,,,,,,,,,,,,,,,,,,,,,,,,,,,,,,,,,,,,,,,,,,,,,,,,,,,,,,,,,,,,,,,,,,,,,,,,,,,,,,,,,,,,,,,,,,,,,,,,,,,,,,,,,,,,,,,
,,,,,,XLT03Z,Industrial & MRO Supplies,General Hardware,Component,XLT03Z,XLT03Z,"XLT03Z Makita 3/8"" 18V Angle Impact",-- Unbranded --,-- Unbranded --,,Makita Usa Inc (5142),Makita Usa Inc (5142),Makita,,XLT03Z,,Industrial & MRO Supplies>General Hardware>Component,,,,,,,,,,,,,,,,,,,,,,,,,,,,,,,,Component,,,,,,,,,,,,,,,,,,,,,,,,,,,,,,,,,,,,,,,,,,,,,,,,,,,,,,,,,,,,,,,,,,,,,,,,,,,,,,,,,,,,,,,,,,,,,,,,,,,,,,,,,,,,,,,,,,,,,,,,,,,,,,,,,,,,,,,,,,,,,,,,,,,,,,,,,,,,,,,,,,,,,,,,,,,,,,,,,,,,,,,,,,,,,,,,,,,,,
,,,,,,XLT04Z,Industrial & MRO Supplies,General Hardware,Component,XLT04Z,XLT04Z,"XLT04Z Makita 1/4"" 18V Angle Impact",-- Unbranded --,-- Unbranded --,,Makita Usa Inc (5142),Makita Usa Inc (5142),Makita,,XLT04Z,,Industrial & MRO Supplies>General Hardware>Component,,,,,,,,,,,,,,,,,,,,,,,,,,,,,,,,Component,,,,,,,,,,,,,,,,,,,,,,,,,,,,,,,,,,,,,,,,,,,,,,,,,,,,,,,,,,,,,,,,,,,,,,,,,,,,,,,,,,,,,,,,,,,,,,,,,,,,,,,,,,,,,,,,,,,,,,,,,,,,,,,,,,,,,,,,,,,,,,,,,,,,,,,,,,,,,,,,,,,,,,,,,,,,,,,,,,,,,,,,,,,,,,,,,,,,,
,,,,,,XLT05Z,Industrial & MRO Supplies,General Hardware,Component,XLT05Z,XLT05Z,"XLT05Z Makita 1/2"" 18V Angle Impact",-- Unbranded --,-- Unbranded --,,Makita Usa Inc (5142),Makita Usa Inc (5142),Makita,,XLT05Z,,Industrial & MRO Supplies>General Hardware>Component,,,,,,,,,,,,,,,,,,,,,,,,,,,,,,,,Component,,,,,,,,,,,,,,,,,,,,,,,,,,,,,,,,,,,,,,,,,,,,,,,,,,,,,,,,,,,,,,,,,,,,,,,,,,,,,,,,,,,,,,,,,,,,,,,,,,,,,,,,,,,,,,,,,,,,,,,,,,,,,,,,,,,,,,,,,,,,,,,,,,,,,,,,,,,,,,,,,,,,,,,,,,,,,,,,,,,,,,,,,,,,,,,,,,,,,
,,,,,,DCF510B,Industrial & MRO Supplies,General Hardware,Component,DCF510B,DCF510B,Dewalt DCF510B 20V Rachet - Interchangeable Anvil,-- Unbranded --,-- Unbranded --,,Black & Decker/dewlt (2585),Black & Decker/dewlt (2585),DeWalt,,DCF510B,,Industrial & MRO Supplies>General Hardware>Component,,,,,,,,,,,,,,,,,,,,,,,,,,,,,,,,Component,,,,,,,,,,,,,,,,,,,,,,,,,,,,,,,,,,,,,,,,,,,,,,,,,,,,,,,,,,,,,,,,,,,,,,,,,,,,,,,,,,,,,,,,,,,,,,,,,,,,,,,,,,,,,,,,,,,,,,,,,,,,,,,,,,,,,,,,,,,,,,,,,,,,,,,,,,,,,,,,,,,,,,,,,,,,,,,,,,,,,,,,,,,,,,,,,,,,,
,,,,,,3052-20,Industrial & MRO Supplies,General Hardware,Component,3052-20,3052-20,"3052-20 Milw M12 Fuel 1/4"" Rachet",-- Unbranded --,-- Unbranded --,,Milwaukee Accessory (4031),Milwaukee Accessory (4031),Milwaukee,,3052-20,,Industrial & MRO Supplies>General Hardware>Component,,,,,,,,,,,,,,,,,,,,,,,,,,,,,,,,Component,,,,,,,,,,,,,,,,,,,,,,,,,,,,,,,,,,,,,,,,,,,,,,,,,,,,,,,,,,,,,,,,,,,,,,,,,,,,,,,,,,,,,,,,,,,,,,,,,,,,,,,,,,,,,,,,,,,,,,,,,,,,,,,,,,,,,,,,,,,,,,,,,,,,,,,,,,,,,,,,,,,,,,,,,,,,,,,,,,,,,,,,,,,,,,,,,,,,,
,,,,,,3054-20,Industrial & MRO Supplies,General Hardware,Component,3054-20,3054-20,"3054-20 Milw M12 1/2"" Ratchet (Bare)",-- Unbranded --,-- Unbranded --,,Milwaukee Accessory (4031),Milwaukee Accessory (4031),Milwaukee,,3054-20,,Industrial & MRO Supplies>General Hardware>Component,,,,,,,,,,,,,,,,,,,,,,,,,,,,,,,,Component,,,,,,,,,,,,,,,,,,,,,,,,,,,,,,,,,,,,,,,,,,,,,,,,,,,,,,,,,,,,,,,,,,,,,,,,,,,,,,,,,,,,,,,,,,,,,,,,,,,,,,,,,,,,,,,,,,,,,,,,,,,,,,,,,,,,,,,,,,,,,,,,,,,,,,,,,,,,,,,,,,,,,,,,,,,,,,,,,,,,,,,,,,,,,,,,,,,,,
,,,,,,DCF513EB,Industrial & MRO Supplies,General Hardware,Component,DCF513EB,DCF513EB,"DCF513EB Dewalt 3/8"" Open Head Rachet",-- Unbranded --,-- Unbranded --,,Black & Decker/dewlt (2585),Black & Decker/dewlt (2585),DeWalt,,DCF513EB,,Industrial & MRO Supplies>General Hardware>Component,,,,,,,,,,,,,,,,,,,,,,,,,,,,,,,,Component,,,,,,,,,,,,,,,,,,,,,,,,,,,,,,,,,,,,,,,,,,,,,,,,,,,,,,,,,,,,,,,,,,,,,,,,,,,,,,,,,,,,,,,,,,,,,,,,,,,,,,,,,,,,,,,,,,,,,,,,,,,,,,,,,,,,,,,,,,,,,,,,,,,,,,,,,,,,,,,,,,,,,,,,,,,,,,,,,,,,,,,,,,,,,,,,,,,,,
,,,,,,XVP01Z,Industrial & MRO Supplies,General Hardware,Component,XVP01Z,XVP01Z,"XVP01Z Makita 18V 3"" Polisher/ 2"" Sander",-- Unbranded --,-- Unbranded --,,Makita Usa Inc (5142),Makita Usa Inc (5142),Makita,,XVP01Z,,Industrial & MRO Supplies>General Hardware>Component,,,,,,,,,,,,,,,,,,,,,,,,,,,,,,,,Component,,,,,,,,,,,,,,,,,,,,,,,,,,,,,,,,,,,,,,,,,,,,,,,,,,,,,,,,,,,,,,,,,,,,,,,,,,,,,,,,,,,,,,,,,,,,,,,,,,,,,,,,,,,,,,,,,,,,,,,,,,,,,,,,,,,,,,,,,,,,,,,,,,,,,,,,,,,,,,,,,,,,,,,,,,,,,,,,,,,,,,,,,,,,,,,,,,,,,
,,,,,,DCM200B,Industrial & MRO Supplies,General Hardware,Component,DCM200B,DCM200B,DCM200B Dewalt 1/2in x 18in - Band File,-- Unbranded --,-- Unbranded --,,Black & Decker/dewlt (2585),Black & Decker/dewlt (2585),DeWalt,,DCM200B,,Industrial & MRO Supplies>General Hardware>Component,,,,,,,,,,,,,,,,,,,,,,,,,,,,,,,,Component,Dimensions,1/2in x 18in,,,,,,,,,,,,,,,,,,,,,,,,,,,,,,,,,,,,,,,,,,,,,,,,,,,,,,,,,,,,,,,,,,,,,,,,,,,,,,,,,,,,,,,,,,,,,,,,,,,,,,,,,,,,,,,,,,,,,,,,,,,,,,,,,,,,,,,,,,,,,,,,,,,,,,,,,,,,,,,,,,,,,,,,,,,,,,,,,,,,,,,,,,,,,,,,,,,
,,,,,,DCG410B,Industrial & MRO Supplies,General Hardware,Component,DCG410B,DCG410B,"DCG410B Dewalt 20V 4-1/2""-5"" - Angle Grinder (Bare)",-- Unbranded --,-- Unbranded --,,Black & Decker/dewlt (2585),Black & Decker/dewlt (2585),DeWalt,,DCG410B,,Industrial & MRO Supplies>General Hardware>Component,,,,,,,,,,,,,,,,,,,,,,,,,,,,,,,,Component,,,,,,,,,,,,,,,,,,,,,,,,,,,,,,,,,,,,,,,,,,,,,,,,,,,,,,,,,,,,,,,,,,,,,,,,,,,,,,,,,,,,,,,,,,,,,,,,,,,,,,,,,,,,,,,,,,,,,,,,,,,,,,,,,,,,,,,,,,,,,,,,,,,,,,,,,,,,,,,,,,,,,,,,,,,,,,,,,,,,,,,,,,,,,,,,,,,,,
,,,,,,DCG460B,Industrial & MRO Supplies,General Hardware,Component,DCG460B,DCG460B,"DCG460B Dewalt 60V Grinder - 7-9""",-- Unbranded --,-- Unbranded --,,Black & Decker/dewlt (2585),Black & Decker/dewlt (2585),DeWalt,,DCG460B,,Industrial & MRO Supplies>General Hardware>Component,,,,,,,,,,,,,,,,,,,,,,,,,,,,,,,,Component,,,,,,,,,,,,,,,,,,,,,,,,,,,,,,,,,,,,,,,,,,,,,,,,,,,,,,,,,,,,,,,,,,,,,,,,,,,,,,,,,,,,,,,,,,,,,,,,,,,,,,,,,,,,,,,,,,,,,,,,,,,,,,,,,,,,,,,,,,,,,,,,,,,,,,,,,,,,,,,,,,,,,,,,,,,,,,,,,,,,,,,,,,,,,,,,,,,,,
,,,,,,DCG402B,Industrial & MRO Supplies,General Hardware,Component,DCG402B,DCG402B,"DCG402B Dewalt 20V 4.5"" Angle Grinder (Bare)",-- Unbranded --,-- Unbranded --,,Black & Decker/dewlt (2585),Black & Decker/dewlt (2585),DeWalt,,DCG402B,,Industrial & MRO Supplies>General Hardware>Component,,,,,,,,,,,,,,,,,,,,,,,,,,,,,,,,Component,,,,,,,,,,,,,,,,,,,,,,,,,,,,,,,,,,,,,,,,,,,,,,,,,,,,,,,,,,,,,,,,,,,,,,,,,,,,,,,,,,,,,,,,,,,,,,,,,,,,,,,,,,,,,,,,,,,,,,,,,,,,,,,,,,,,,,,,,,,,,,,,,,,,,,,,,,,,,,,,,,,,,,,,,,,,,,,,,,,,,,,,,,,,,,,,,,,,,
,,,,,,3485-20,Industrial & MRO Supplies,General Hardware,Component,3485-20,3485-20,"3485-20 Milw M12 1/4"" Right Angle Die Grinder",-- Unbranded --,-- Unbranded --,,Milwaukee Accessory (4031),Milwaukee Accessory (4031),Milwaukee,,3485-20,,Industrial & MRO Supplies>General Hardware>Component,,,,,,,,,,,,,,,,,,,,,,,,,,,,,,,,Component,,,,,,,,,,,,,,,,,,,,,,,,,,,,,,,,,,,,,,,,,,,,,,,,,,,,,,,,,,,,,,,,,,,,,,,,,,,,,,,,,,,,,,,,,,,,,,,,,,,,,,,,,,,,,,,,,,,,,,,,,,,,,,,,,,,,,,,,,,,,,,,,,,,,,,,,,,,,,,,,,,,,,,,,,,,,,,,,,,,,,,,,,,,,,,,,,,,,,
,,,,,,DCG420B,Industrial & MRO Supplies,General Hardware,Component,DCG420B,DCG420B,DCG420B Dewalt 20V Die Grinder (Bare),-- Unbranded --,-- Unbranded --,,Black & Decker/dewlt (2585),Black & Decker/dewlt (2585),DeWalt,,DCG420B,,Industrial & MRO Supplies>General Hardware>Component,,,,,,,,,,,,,,,,,,,,,,,,,,,,,,,,Component,,,,,,,,,,,,,,,,,,,,,,,,,,,,,,,,,,,,,,,,,,,,,,,,,,,,,,,,,,,,,,,,,,,,,,,,,,,,,,,,,,,,,,,,,,,,,,,,,,,,,,,,,,,,,,,,,,,,,,,,,,,,,,,,,,,,,,,,,,,,,,,,,,,,,,,,,,,,,,,,,,,,,,,,,,,,,,,,,,,,,,,,,,,,,,,,,,,,,
,,,,,,DCG422B,Industrial & MRO Supplies,General Hardware,Component,DCG422B,DCG422B,DCG422B Dewalt 20V Right Angle Die Grinder (Bare),-- Unbranded --,-- Unbranded --,,Black & Decker/dewlt (2585),Black & Decker/dewlt (2585),DeWalt,,DCG422B,,Industrial & MRO Supplies>General Hardware>Component,,,,,,,,,,,,,,,,,,,,,,,,,,,,,,,,Component,,,,,,,,,,,,,,,,,,,,,,,,,,,,,,,,,,,,,,,,,,,,,,,,,,,,,,,,,,,,,,,,,,,,,,,,,,,,,,,,,,,,,,,,,,,,,,,,,,,,,,,,,,,,,,,,,,,,,,,,,,,,,,,,,,,,,,,,,,,,,,,,,,,,,,,,,,,,,,,,,,,,,,,,,,,,,,,,,,,,,,,,,,,,,,,,,,,,,
,,,,,,924422,Industrial & MRO Supplies,General Hardware,Component,924422,924422,924422 Mafell Carpentry - Planing Machine ZH 320 Ec 120V,-- Unbranded --,-- Unbranded --,,-,-,-,,924422,,Industrial & MRO Supplies>General Hardware>Component,,,,,,,,,,,,,,,,,,,,,,,,,,,,,,,,Component,,,,,,,,,,,,,,,,,,,,,,,,,,,,,,,,,,,,,,,,,,,,,,,,,,,,,,,,,,,,,,,,,,,,,,,,,,,,,,,,,,,,,,,,,,,,,,,,,,,,,,,,,,,,,,,,,,,,,,,,,,,,,,,,,,,,,,,,,,,,,,,,,,,,,,,,,,,,,,,,,,,,,,,,,,,,,,,,,,,,,,,,,,,,,,,,,,,,,
,,,,,,DCW620B,Industrial & MRO Supplies,General Hardware,Component,DCW620B,DCW620B,DCW620B Dewalt 20V Plunge - Router,-- Unbranded --,-- Unbranded --,,Black & Decker/dewlt (2585),Black & Decker/dewlt (2585),DeWalt,,DCW620B,,Industrial & MRO Supplies>General Hardware>Component,,,,,,,,,,,,,,,,,,,,,,,,,,,,,,,,Component,,,,,,,,,,,,,,,,,,,,,,,,,,,,,,,,,,,,,,,,,,,,,,,,,,,,,,,,,,,,,,,,,,,,,,,,,,,,,,,,,,,,,,,,,,,,,,,,,,,,,,,,,,,,,,,,,,,,,,,,,,,,,,,,,,,,,,,,,,,,,,,,,,,,,,,,,,,,,,,,,,,,,,,,,,,,,,,,,,,,,,,,,,,,,,,,,,,,,
,,,,,,2535-20,Industrial & MRO Supplies,General Hardware,Component,2535-20,2535-20,"2535-20 Milw 3"" Orbit Sander - M12",-- Unbranded --,-- Unbranded --,,Milwaukee Accessory (4031),Milwaukee Accessory (4031),Milwaukee,,2535-20,,Industrial & MRO Supplies>General Hardware>Component,,,,,,,,,,,,,,,,,,,,,,,,,,,,,,,,Component,,,,,,,,,,,,,,,,,,,,,,,,,,,,,,,,,,,,,,,,,,,,,,,,,,,,,,,,,,,,,,,,,,,,,,,,,,,,,,,,,,,,,,,,,,,,,,,,,,,,,,,,,,,,,,,,,,,,,,,,,,,,,,,,,,,,,,,,,,,,,,,,,,,,,,,,,,,,,,,,,,,,,,,,,,,,,,,,,,,,,,,,,,,,,,,,,,,,,
,,,,,,2837-20,Industrial & MRO Supplies,General Hardware,Component,2837-20,2837-20,"2837-20 Milw M18 5"" Sander - Orbital (Bare)",-- Unbranded --,-- Unbranded --,,Milwaukee Accessory (4031),Milwaukee Accessory (4031),Milwaukee,,2837-20,,Industrial & MRO Supplies>General Hardware>Component,,,,,,,,,,,,,,,,,,,,,,,,,,,,,,,,Component,,,,,,,,,,,,,,,,,,,,,,,,,,,,,,,,,,,,,,,,,,,,,,,,,,,,,,,,,,,,,,,,,,,,,,,,,,,,,,,,,,,,,,,,,,,,,,,,,,,,,,,,,,,,,,,,,,,,,,,,,,,,,,,,,,,,,,,,,,,,,,,,,,,,,,,,,,,,,,,,,,,,,,,,,,,,,,,,,,,,,,,,,,,,,,,,,,,,,
,,,,,,577728,Industrial & MRO Supplies,General Hardware,Component,577728,577728,577728 Festool Cordless Sander - ETSC 2 150 I-Plus,-- Unbranded --,-- Unbranded --,,Festool USA (FESTO),Festool USA (FESTO),Festool,,577728,,Industrial & MRO Supplies>General Hardware>Component,,,,,,,,,,,,,,,,,,,,,,,,,,,,,,,,Component,,,,,,,,,,,,,,,,,,,,,,,,,,,,,,,,,,,,,,,,,,,,,,,,,,,,,,,,,,,,,,,,,,,,,,,,,,,,,,,,,,,,,,,,,,,,,,,,,,,,,,,,,,,,,,,,,,,,,,,,,,,,,,,,,,,,,,,,,,,,,,,,,,,,,,,,,,,,,,,,,,,,,,,,,,,,,,,,,,,,,,,,,,,,,,,,,,,,,
,,,,,,577738,Industrial & MRO Supplies,General Hardware,Component,577738,577738,577738 Festool Cordless Sander - ETSC 2 125 I-Plus,-- Unbranded --,-- Unbranded --,,Festool USA (FESTO),Festool USA (FESTO),Festool,,577738,,Industrial & MRO Supplies>General Hardware>Component,,,,,,,,,,,,,,,,,,,,,,,,,,,,,,,,Component,,,,,,,,,,,,,,,,,,,,,,,,,,,,,,,,,,,,,,,,,,,,,,,,,,,,,,,,,,,,,,,,,,,,,,,,,,,,,,,,,,,,,,,,,,,,,,,,,,,,,,,,,,,,,,,,,,,,,,,,,,,,,,,,,,,,,,,,,,,,,,,,,,,,,,,,,,,,,,,,,,,,,,,,,,,,,,,,,,,,,,,,,,,,,,,,,,,,,
,,,,,,KPTRS500A,Industrial & MRO Supplies,General Hardware,Component,KPTRS500A,KPTRS500A,"KPTRS500A Kreg 20V Ionic 5"" Random Orbit Sander",-- Unbranded --,-- Unbranded --,,Kreg Tool Company (KRETO),Kreg Tool Company (KRETO),Kreg Tool Company,,KPTRS500A,,Industrial & MRO Supplies>General Hardware>Component,,,,,,,,,,,,,,,,,,,,,,,,,,,,,,,,Component,,,,,,,,,,,,,,,,,,,,,,,,,,,,,,,,,,,,,,,,,,,,,,,,,,,,,,,,,,,,,,,,,,,,,,,,,,,,,,,,,,,,,,,,,,,,,,,,,,,,,,,,,,,,,,,,,,,,,,,,,,,,,,,,,,,,,,,,,,,,,,,,,,,,,,,,,,,,,,,,,,,,,,,,,,,,,,,,,,,,,,,,,,,,,,,,,,,,,
,,,,,,24-35M-320,Industrial & MRO Supplies,General Hardware,Component,24-35M-320,24-35M-320,"24-35M-320 Iridium Grip - 3.2"" x 5.2"" Grip",-- Unbranded --,-- Unbranded --,,Mirka Abrasives Inc (MIRUS),Mirka Abrasives Inc (MIRUS),Mirka,,24-35M-320,,Industrial & MRO Supplies>General Hardware>Component,,,,,,,,,,,,,,,,,,,,,,,,,,,,,,,,Component,Dimensions,2 in x 5,,,,,,,,,,,,,,,,,,,,,,,,,,,,,,,,,,,,,,,,,,,,,,,,,,,,,,,,,,,,,,,,,,,,,,,,,,,,,,,,,,,,,,,,,,,,,,,,,,,,,,,,,,,,,,,,,,,,,,,,,,,,,,,,,,,,,,,,,,,,,,,,,,,,,,,,,,,,,,,,,,,,,,,,,,,,,,,,,,,,,,,,,,,,,,,,,,,
,,,,,,9A-129-120,Abrasives,Sanding Discs,Abranet,9A-129-120,9A-129-120,9A-129-120 Abranet 3x4 - 50 Sheets/Box,-- Unbranded --,-- Unbranded --,,Mirka Abrasives Inc (MIRUS),Mirka Abrasives Inc (MIRUS),Mirka Abranet,,9A-129-120,,Abrasives>Sanding Discs>Abranet,,,,,,,,,,,,,,,,,,,,,,,,,,,,,,,,Abranet,Dimensions,3x4,,,,,,,,,,,,,,,,,,,,,,,,,,,,,,,,,,,,,,,,,,,,,,,,,,,,,,,,,,,,,,,,,,,,,,,,,,,,,,,,,,,,,,,,,,,,,,,,,,,,,,,,,,,,,,,,,,,,,,,,,,,,,,,,,,,,,,,,,,,,,,,,,,,,,,,,,,,,,,,,,,,,,,,,,,,,,,,,,,,,,,,,,,,,,,,,,,,
,,,,,,578800,Industrial & MRO Supplies,General Hardware,Component,578800,578800,578800 Festool 80x133 M GR PRO/10,-- Unbranded --,-- Unbranded --,,Festool USA (FESTO),Festool USA (FESTO),Festool,,578800,,Industrial & MRO Supplies>General Hardware>Component,,,,,,,,,,,,,,,,,,,,,,,,,,,,,,,,Component,Dimensions,80x133,,,,,,,,,,,,,,,,,,,,,,,,,,,,,,,,,,,,,,,,,,,,,,,,,,,,,,,,,,,,,,,,,,,,,,,,,,,,,,,,,,,,,,,,,,,,,,,,,,,,,,,,,,,,,,,,,,,,,,,,,,,,,,,,,,,,,,,,,,,,,,,,,,,,,,,,,,,,,,,,,,,,,,,,,,,,,,,,,,,,,,,,,,,,,,,,,,,
,,,,,,578801,Industrial & MRO Supplies,General Hardware,Component,578801,578801,578801 Festool 80x133 F GR PRO/10,-- Unbranded --,-- Unbranded --,,Festool USA (FESTO),Festool USA (FESTO),Festool,,578801,,Industrial & MRO Supplies>General Hardware>Component,,,,,,,,,,,,,,,,,,,,,,,,,,,,,,,,Component,Dimensions,80x133,,,,,,,,,,,,,,,,,,,,,,,,,,,,,,,,,,,,,,,,,,,,,,,,,,,,,,,,,,,,,,,,,,,,,,,,,,,,,,,,,,,,,,,,,,,,,,,,,,,,,,,,,,,,,,,,,,,,,,,,,,,,,,,,,,,,,,,,,,,,,,,,,,,,,,,,,,,,,,,,,,,,,,,,,,,,,,,,,,,,,,,,,,,,,,,,,,,
,,,,,,578802,Industrial & MRO Supplies,General Hardware,Component,578802,578802,578802 Festool 80x133 S GR PRO/10,-- Unbranded --,-- Unbranded --,,Festool USA (FESTO),Festool USA (FESTO),Festool,,578802,,Industrial & MRO Supplies>General Hardware>Component,,,,,,,,,,,,,,,,,,,,,,,,,,,,,,,,Component,Dimensions,80x133,,,,,,,,,,,,,,,,,,,,,,,,,,,,,,,,,,,,,,,,,,,,,,,,,,,,,,,,,,,,,,,,,,,,,,,,,,,,,,,,,,,,,,,,,,,,,,,,,,,,,,,,,,,,,,,,,,,,,,,,,,,,,,,,,,,,,,,,,,,,,,,,,,,,,,,,,,,,,,,,,,,,,,,,,,,,,,,,,,,,,,,,,,,,,,,,,,,
,,,,,,578808,Industrial & MRO Supplies,General Hardware,Component,578808,578808,578808 Festool 3x4 M GR PRO/10,-- Unbranded --,-- Unbranded --,,Festool USA (FESTO),Festool USA (FESTO),Festool,,578808,,Industrial & MRO Supplies>General Hardware>Component,,,,,,,,,,,,,,,,,,,,,,,,,,,,,,,,Component,Dimensions,3x4,,,,,,,,,,,,,,,,,,,,,,,,,,,,,,,,,,,,,,,,,,,,,,,,,,,,,,,,,,,,,,,,,,,,,,,,,,,,,,,,,,,,,,,,,,,,,,,,,,,,,,,,,,,,,,,,,,,,,,,,,,,,,,,,,,,,,,,,,,,,,,,,,,,,,,,,,,,,,,,,,,,,,,,,,,,,,,,,,,,,,,,,,,,,,,,,,,,
,,,,,,578809,Industrial & MRO Supplies,General Hardware,Component,578809,578809,578809 Festool 3x4 F GR PRO/10,-- Unbranded --,-- Unbranded --,,Festool USA (FESTO),Festool USA (FESTO),Festool,,578809,,Industrial & MRO Supplies>General Hardware>Component,,,,,,,,,,,,,,,,,,,,,,,,,,,,,,,,Component,Dimensions,3x4,,,,,,,,,,,,,,,,,,,,,,,,,,,,,,,,,,,,,,,,,,,,,,,,,,,,,,,,,,,,,,,,,,,,,,,,,,,,,,,,,,,,,,,,,,,,,,,,,,,,,,,,,,,,,,,,,,,,,,,,,,,,,,,,,,,,,,,,,,,,,,,,,,,,,,,,,,,,,,,,,,,,,,,,,,,,,,,,,,,,,,,,,,,,,,,,,,,
,,,,,,578810,Industrial & MRO Supplies,General Hardware,Component,578810,578810,578810 Festool 3x4 S GR PRO/10,-- Unbranded --,-- Unbranded --,,Festool USA (FESTO),Festool USA (FESTO),Festool,,578810,,Industrial & MRO Supplies>General Hardware>Component,,,,,,,,,,,,,,,,,,,,,,,,,,,,,,,,Component,Dimensions,3x4,,,,,,,,,,,,,,,,,,,,,,,,,,,,,,,,,,,,,,,,,,,,,,,,,,,,,,,,,,,,,,,,,,,,,,,,,,,,,,,,,,,,,,,,,,,,,,,,,,,,,,,,,,,,,,,,,,,,,,,,,,,,,,,,,,,,,,,,,,,,,,,,,,,,,,,,,,,,,,,,,,,,,,,,,,,,,,,,,,,,,,,,,,,,,,,,,,,
,,,,,,578811,Industrial & MRO Supplies,General Hardware,Component,578811,578811,578811 Festool 3x4 GR PRO/10-Set,-- Unbranded --,-- Unbranded --,,Festool USA (FESTO),Festool USA (FESTO),Festool,,578811,,Industrial & MRO Supplies>General Hardware>Component,,,,,,,,,,,,,,,,,,,,,,,,,,,,,,,,Component,Dimensions,3x4,,,,,,,,,,,,,,,,,,,,,,,,,,,,,,,,,,,,,,,,,,,,,,,,,,,,,,,,,,,,,,,,,,,,,,,,,,,,,,,,,,,,,,,,,,,,,,,,,,,,,,,,,,,,,,,,,,,,,,,,,,,,,,,,,,,,,,,,,,,,,,,,,,,,,,,,,,,,,,,,,,,,,,,,,,,,,,,,,,,,,,,,,,,,,,,,,,,
,,,,,,578192,Industrial & MRO Supplies,General Hardware,Component,578192,578192,578192 Festool D 150 GR SYS - Systainer Abrasive Set,-- Unbranded --,-- Unbranded --,,Festool USA (FESTO),Festool USA (FESTO),Festool,,578192,,Industrial & MRO Supplies>General Hardware>Component,,,,,,,,,,,,,,,,,,,,,,,,,,,,,,,,Component,,,,,,,,,,,,,,,,,,,,,,,,,,,,,,,,,,,,,,,,,,,,,,,,,,,,,,,,,,,,,,,,,,,,,,,,,,,,,,,,,,,,,,,,,,,,,,,,,,,,,,,,,,,,,,,,,,,,,,,,,,,,,,,,,,,,,,,,,,,,,,,,,,,,,,,,,,,,,,,,,,,,,,,,,,,,,,,,,,,,,,,,,,,,,,,,,,,,,
,,,,,,578806,Industrial & MRO Supplies,General Hardware,Component,578806,578806,578806 Festool Delta S GR PRO/10,-- Unbranded --,-- Unbranded --,,Festool USA (FESTO),Festool USA (FESTO),Festool,,578806,,Industrial & MRO Supplies>General Hardware>Component,,,,,,,,,,,,,,,,,,,,,,,,,,,,,,,,Component,,,,,,,,,,,,,,,,,,,,,,,,,,,,,,,,,,,,,,,,,,,,,,,,,,,,,,,,,,,,,,,,,,,,,,,,,,,,,,,,,,,,,,,,,,,,,,,,,,,,,,,,,,,,,,,,,,,,,,,,,,,,,,,,,,,,,,,,,,,,,,,,,,,,,,,,,,,,,,,,,,,,,,,,,,,,,,,,,,,,,,,,,,,,,,,,,,,,,
,,,,,,D0860X,Cutting Tools,Saw Blades,Blade,D0860X,D0860X,"D0860X Diablo 8-1/4"" 60 Tooth - Fine Finish Saw Blade",-- Unbranded --,-- Unbranded --,,Freud Inc (2435),Freud Inc (2435),Diablo,,D0860X,,Cutting Tools>Saw Blades>Blade,,,,,,,,,,,,,,,,,,,,,,,,,,,,,,,,Blade,,,,,,,,,,,,,,,,,,,,,,,,,,,,,,,,,,,,,,,,,,,,,,,,,,,,,,,,,,,,,,,,,,,,,,,,,,,,,,,,,,,,,,,,,,,,,,,,,,,,,,,,,,,,,,,,,,,,,,,,,,,,,,,,,,,,,,,,,,,,,,,,,,,,,,,,,,,,,,,,,,,,,,,,,,,,,,,,,,,,,,,,,,,,,,,,,,,,,
,,,,,,48-40-0740,Cutting Tools,Saw Blades,Blade,48-40-0740,48-40-0740,48-40-0740 Milw 7-1/4in. 24T - Framing Circ Saw Blade,-- Unbranded --,-- Unbranded --,,Milwaukee Accessory (4031),Milwaukee Accessory (4031),Milwaukee,,48-40-0740,,Cutting Tools>Saw Blades>Blade,,,,,,,,,,,,,,,,,,,,,,,,,,,,,,,,Blade,,,,,,,,,,,,,,,,,,,,,,,,,,,,,,,,,,,,,,,,,,,,,,,,,,,,,,,,,,,,,,,,,,,,,,,,,,,,,,,,,,,,,,,,,,,,,,,,,,,,,,,,,,,,,,,,,,,,,,,,,,,,,,,,,,,,,,,,,,,,,,,,,,,,,,,,,,,,,,,,,,,,,,,,,,,,,,,,,,,,,,,,,,,,,,,,,,,,,
,,,,,,48-41-0740,Cutting Tools,Saw Blades,Blade,48-41-0740,48-41-0740,48-41-0740 Milw7-1/4 24TFrming - Blade,-- Unbranded --,-- Unbranded --,,Milwaukee Accessory (4031),Milwaukee Accessory (4031),Milwaukee,,48-41-0740,,Cutting Tools>Saw Blades>Blade,,,,,,,,,,,,,,,,,,,,,,,,,,,,,,,,Blade,,,,,,,,,,,,,,,,,,,,,,,,,,,,,,,,,,,,,,,,,,,,,,,,,,,,,,,,,,,,,,,,,,,,,,,,,,,,,,,,,,,,,,,,,,,,,,,,,,,,,,,,,,,,,,,,,,,,,,,,,,,,,,,,,,,,,,,,,,,,,,,,,,,,,,,,,,,,,,,,,,,,,,,,,,,,,,,,,,,,,,,,,,,,,,,,,,,,,
,,,,,,A-96095,Cutting Tools,Saw Blades,Blade,A-96095,A-96095,"A-96095 Makita 5-7/8"" 32T Saw Blade",-- Unbranded --,-- Unbranded --,,Makita Usa Inc (5142),Makita Usa Inc (5142),Makita,,A-96095,,Cutting Tools>Saw Blades>Blade,,,,,,,,,,,,,,,,,,,,,,,,,,,,,,,,Blade,,,,,,,,,,,,,,,,,,,,,,,,,,,,,,,,,,,,,,,,,,,,,,,,,,,,,,,,,,,,,,,,,,,,,,,,,,,,,,,,,,,,,,,,,,,,,,,,,,,,,,,,,,,,,,,,,,,,,,,,,,,,,,,,,,,,,,,,,,,,,,,,,,,,,,,,,,,,,,,,,,,,,,,,,,,,,,,,,,,,,,,,,,,,,,,,,,,,,
,,,,,,D0760UX,Cutting Tools,Saw Blades,Blade,D0760UX,D0760UX,"D0760UX Diablo 7-1/4"" 60T Circ - Saw Blade",-- Unbranded --,-- Unbranded --,,Freud Inc (2435),Freud Inc (2435),Diablo,,D0760UX,,Cutting Tools>Saw Blades>Blade,,,,,,,,,,,,,,,,,,,,,,,,,,,,,,,,Blade,,,,,,,,,,,,,,,,,,,,,,,,,,,,,,,,,,,,,,,,,,,,,,,,,,,,,,,,,,,,,,,,,,,,,,,,,,,,,,,,,,,,,,,,,,,,,,,,,,,,,,,,,,,,,,,,,,,,,,,,,,,,,,,,,,,,,,,,,,,,,,,,,,,,,,,,,,,,,,,,,,,,,,,,,,,,,,,,,,,,,,,,,,,,,,,,,,,,,
,,,,,,230.312.08,Industrial & MRO Supplies,General Hardware,Component,230.312.08,230.312.08,230.312.08 CMT Locked Dado Pro Set,-- Unbranded --,-- Unbranded --,,CMT USA Inc (CMTUS),CMT USA Inc (CMTUS),CMT USA Inc,,230.312.08,,Industrial & MRO Supplies>General Hardware>Component,,,,,,,,,,,,,,,,,,,,,,,,,,,,,,,,Component,,,,,,,,,,,,,,,,,,,,,,,,,,,,,,,,,,,,,,,,,,,,,,,,,,,,,,,,,,,,,,,,,,,,,,,,,,,,,,,,,,,,,,,,,,,,,,,,,,,,,,,,,,,,,,,,,,,,,,,,,,,,,,,,,,,,,,,,,,,,,,,,,,,,,,,,,,,,,,,,,,,,,,,,,,,,,,,,,,,,,,,,,,,,,,,,,,,,,
,,,,,,D0708LF,Cutting Tools,Saw Blades,Blade,D0708LF,D0708LF,"D0708LF Saw Blade 7-1/4""x8 - Laminate & Wood Flooring",-- Unbranded --,-- Unbranded --,,Freud Inc (2435),Freud Inc (2435),Freud,,D0708LF,,Cutting Tools>Saw Blades>Blade,,,,,,,,,,,,,,,,,,,,,,,,,,,,,,,,Blade,Dimensions,1/4 inx8,,Application Material,Wood & Timber,,,,,,,,,,,,,,,,,,,,,,,,,,,,,,,,,,,,,,,,,,,,,,,,,,,,,,,,,,,,,,,,,,,,,,,,,,,,,,,,,,,,,,,,,,,,,,,,,,,,,,,,,,,,,,,,,,,,,,,,,,,,,,,,,,,,,,,,,,,,,,,,,,,,,,,,,,,,,,,,,,,,,,,,,,,,,,,,,,,,,,,,,,,,,,,,
,,,,,,D1012LF,Cutting Tools,Saw Blades,Blade,D1012LF,D1012LF,"D1012LF Saw Blade 10""x12Teeth - Laminate & Wood Flooring",-- Unbranded --,-- Unbranded --,,Freud Inc (2435),Freud Inc (2435),Freud,,D1012LF,,Cutting Tools>Saw Blades>Blade,,,,,,,,,,,,,,,,,,,,,,,,,,,,,,,,Blade,Dimensions,10 inx12,,Application Material,Wood & Timber,,,,,,,,,,,,,,,,,,,,,,,,,,,,,,,,,,,,,,,,,,,,,,,,,,,,,,,,,,,,,,,,,,,,,,,,,,,,,,,,,,,,,,,,,,,,,,,,,,,,,,,,,,,,,,,,,,,,,,,,,,,,,,,,,,,,,,,,,,,,,,,,,,,,,,,,,,,,,,,,,,,,,,,,,,,,,,,,,,,,,,,,,,,,,,,,
,,,,,,D1216LF,Cutting Tools,Saw Blades,Blade,D1216LF,D1216LF,"D1216LF Saw Blade 12""x16Teeth - Laminate & Wood Flooring",-- Unbranded --,-- Unbranded --,,Freud Inc (2435),Freud Inc (2435),Freud,,D1216LF,,Cutting Tools>Saw Blades>Blade,,,,,,,,,,,,,,,,,,,,,,,,,,,,,,,,Blade,Dimensions,12 inx16,,Application Material,Wood & Timber,,,,,,,,,,,,,,,,,,,,,,,,,,,,,,,,,,,,,,,,,,,,,,,,,,,,,,,,,,,,,,,,,,,,,,,,,,,,,,,,,,,,,,,,,,,,,,,,,,,,,,,,,,,,,,,,,,,,,,,,,,,,,,,,,,,,,,,,,,,,,,,,,,,,,,,,,,,,,,,,,,,,,,,,,,,,,,,,,,,,,,,,,,,,,,,,
,,,,,,DWA47421,Cutting Tools,Saw Blades,Blade,DWA47421,DWA47421,"DWA47421 Dewalt 14"" Segmented - Rim Diamond Blade",-- Unbranded --,-- Unbranded --,,Black & Decker/dewlt (2585),Black & Decker/dewlt (2585),DeWalt,,DWA47421,,Cutting Tools>Saw Blades>Blade,,,,,,,,,,,,,,,,,,,,,,,,,,,,,,,,Blade,,,,,,,,,,,,,,,,,,,,,,,,,,,,,,,,,,,,,,,,,,,,,,,,,,,,,,,,,,,,,,,,,,,,,,,,,,,,,,,,,,,,,,,,,,,,,,,,,,,,,,,,,,,,,,,,,,,,,,,,,,,,,,,,,,,,,,,,,,,,,,,,,,,,,,,,,,,,,,,,,,,,,,,,,,,,,,,,,,,,,,,,,,,,,,,,,,,,,
,,,,,,DWA4769,Cutting Tools,Saw Blades,Blade,DWA4769,DWA4769,"DWA4769 Dewalt Rim Glass Tile - Blade 10""",-- Unbranded --,-- Unbranded --,,Black & Decker/dewlt (2585),Black & Decker/dewlt (2585),DeWalt,,DWA4769,,Cutting Tools>Saw Blades>Blade,,,,,,,,,,,,,,,,,,,,,,,,,,,,,,,,Blade,,,,,,,,,,,,,,,,,,,,,,,,,,,,,,,,,,,,,,,,,,,,,,,,,,,,,,,,,,,,,,,,,,,,,,,,,,,,,,,,,,,,,,,,,,,,,,,,,,,,,,,,,,,,,,,,,,,,,,,,,,,,,,,,,,,,,,,,,,,,,,,,,,,,,,,,,,,,,,,,,,,,,,,,,,,,,,,,,,,,,,,,,,,,,,,,,,,,,
,,,,,,49-93-9204,Cutting Tools,Saw Blades,Blade,49-93-9204,49-93-9204,"49-93-9204 Milw 4-1/2"" Diamond - Tile Blade",-- Unbranded --,-- Unbranded --,,Milwaukee Accessory (4031),Milwaukee Accessory (4031),Milwaukee,,49-93-9204,,Cutting Tools>Saw Blades>Blade,,,,,,,,,,,,,,,,,,,,,,,,,,,,,,,,Blade,,,,,,,,,,,,,,,,,,,,,,,,,,,,,,,,,,,,,,,,,,,,,,,,,,,,,,,,,,,,,,,,,,,,,,,,,,,,,,,,,,,,,,,,,,,,,,,,,,,,,,,,,,,,,,,,,,,,,,,,,,,,,,,,,,,,,,,,,,,,,,,,,,,,,,,,,,,,,,,,,,,,,,,,,,,,,,,,,,,,,,,,,,,,,,,,,,,,,
,,,,,,49-93-9207,Cutting Tools,Saw Blades,Blade,49-93-9207,49-93-9207,"49-93-9207 Milw 7"" Diamond - Tile Blade",-- Unbranded --,-- Unbranded --,,Milwaukee Accessory (4031),Milwaukee Accessory (4031),Milwaukee,,49-93-9207,,Cutting Tools>Saw Blades>Blade,,,,,,,,,,,,,,,,,,,,,,,,,,,,,,,,Blade,,,,,,,,,,,,,,,,,,,,,,,,,,,,,,,,,,,,,,,,,,,,,,,,,,,,,,,,,,,,,,,,,,,,,,,,,,,,,,,,,,,,,,,,,,,,,,,,,,,,,,,,,,,,,,,,,,,,,,,,,,,,,,,,,,,,,,,,,,,,,,,,,,,,,,,,,,,,,,,,,,,,,,,,,,,,,,,,,,,,,,,,,,,,,,,,,,,,,
,,,,,,49-93-9210,Cutting Tools,Saw Blades,Blade,49-93-9210,49-93-9210,"49-93-9210 Milw 10"" Diamond - Tile Blade",-- Unbranded --,-- Unbranded --,,Milwaukee Accessory (4031),Milwaukee Accessory (4031),Milwaukee,,49-93-9210,,Cutting Tools>Saw Blades>Blade,,,,,,,,,,,,,,,,,,,,,,,,,,,,,,,,Blade,,,,,,,,,,,,,,,,,,,,,,,,,,,,,,,,,,,,,,,,,,,,,,,,,,,,,,,,,,,,,,,,,,,,,,,,,,,,,,,,,,,,,,,,,,,,,,,,,,,,,,,,,,,,,,,,,,,,,,,,,,,,,,,,,,,,,,,,,,,,,,,,,,,,,,,,,,,,,,,,,,,,,,,,,,,,,,,,,,,,,,,,,,,,,,,,,,,,,
,,,,,,49-93-9202,Cutting Tools,Saw Blades,Blade,49-93-9202,49-93-9202,"49-93-9202 Milw 4"" Diamond - Tile Blade",-- Unbranded --,-- Unbranded --,,Milwaukee Accessory (4031),Milwaukee Accessory (4031),Milwaukee,,49-93-9202,,Cutting Tools>Saw Blades>Blade,,,,,,,,,,,,,,,,,,,,,,,,,,,,,,,,Blade,,,,,,,,,,,,,,,,,,,,,,,,,,,,,,,,,,,,,,,,,,,,,,,,,,,,,,,,,,,,,,,,,,,,,,,,,,,,,,,,,,,,,,,,,,,,,,,,,,,,,,,,,,,,,,,,,,,,,,,,,,,,,,,,,,,,,,,,,,,,,,,,,,,,,,,,,,,,,,,,,,,,,,,,,,,,,,,,,,,,,,,,,,,,,,,,,,,,,
,,,,,,49-93-9205,Cutting Tools,Saw Blades,Blade,49-93-9205,49-93-9205,"49-93-9205 Milw 5"" Diamond - Tile Blade",-- Unbranded --,-- Unbranded --,,Milwaukee Accessory (4031),Milwaukee Accessory (4031),Milwaukee,,49-93-9205,,Cutting Tools>Saw Blades>Blade,,,,,,,,,,,,,,,,,,,,,,,,,,,,,,,,Blade,,,,,,,,,,,,,,,,,,,,,,,,,,,,,,,,,,,,,,,,,,,,,,,,,,,,,,,,,,,,,,,,,,,,,,,,,,,,,,,,,,,,,,,,,,,,,,,,,,,,,,,,,,,,,,,,,,,,,,,,,,,,,,,,,,,,,,,,,,,,,,,,,,,,,,,,,,,,,,,,,,,,,,,,,,,,,,,,,,,,,,,,,,,,,,,,,,,,,
,,,,,,49-22-4702,Industrial & MRO Supplies,General Hardware,Component,49-22-4702,49-22-4702,49-22-4702 Milw 13pc Quik-Lock Hole Dozer Kit,-- Unbranded --,-- Unbranded --,,Milwaukee Accessory (4031),Milwaukee Accessory (4031),Milwaukee,,49-22-4702,,Industrial & MRO Supplies>General Hardware>Component,,,,,,,,,,,,,,,,,,,,,,,,,,,,,,,,Component,Package Quantity,13pc,,,,,,,,,,,,,,,,,,,,,,,,,,,,,,,,,,,,,,,,,,,,,,,,,,,,,,,,,,,,,,,,,,,,,,,,,,,,,,,,,,,,,,,,,,,,,,,,,,,,,,,,,,,,,,,,,,,,,,,,,,,,,,,,,,,,,,,,,,,,,,,,,,,,,,,,,,,,,,,,,,,,,,,,,,,,,,,,,,,,,,,,,,,,,,,,,,,
,,,,,,DJT155HHM,Cutting Tools,Saw Blades,Blade,DJT155HHM,DJT155HHM,"DJT155HHM Diablo 3-3/5"" 10 TPI - Jig Saw Blade",-- Unbranded --,-- Unbranded --,,Freud Inc (2435),Freud Inc (2435),Diablo,,DJT155HHM,,Cutting Tools>Saw Blades>Blade,,,,,,,,,,,,,,,,,,,,,,,,,,,,,,,,Blade,,,,,,,,,,,,,,,,,,,,,,,,,,,,,,,,,,,,,,,,,,,,,,,,,,,,,,,,,,,,,,,,,,,,,,,,,,,,,,,,,,,,,,,,,,,,,,,,,,,,,,,,,,,,,,,,,,,,,,,,,,,,,,,,,,,,,,,,,,,,,,,,,,,,,,,,,,,,,,,,,,,,,,,,,,,,,,,,,,,,,,,,,,,,,,,,,,,,,
,,,,,,790.82,Cutting Tools,Saw Blades,Blade,790.82,790.82,790.820 CMT Planer Blade 2pc,-- Unbranded --,-- Unbranded --,,CMT USA Inc (CMTUS),CMT USA Inc (CMTUS),CMT USA Inc,,790.82,,Cutting Tools>Saw Blades>Blade,,,,,,,,,,,,,,,,,,,,,,,,,,,,,,,,Blade,Package Quantity,2pc,,,,,,,,,,,,,,,,,,,,,,,,,,,,,,,,,,,,,,,,,,,,,,,,,,,,,,,,,,,,,,,,,,,,,,,,,,,,,,,,,,,,,,,,,,,,,,,,,,,,,,,,,,,,,,,,,,,,,,,,,,,,,,,,,,,,,,,,,,,,,,,,,,,,,,,,,,,,,,,,,,,,,,,,,,,,,,,,,,,,,,,,,,,,,,,,,,,
,,,,,,794.321,Industrial & MRO Supplies,General Hardware,Component,794.321,794.321,794.321 HS Planer Knives 3pc,-- Unbranded --,-- Unbranded --,,CMT USA Inc (CMTUS),CMT USA Inc (CMTUS),CMT USA Inc,,794.321,,Industrial & MRO Supplies>General Hardware>Component,,,,,,,,,,,,,,,,,,,,,,,,,,,,,,,,Component,Package Quantity,3pc,,,,,,,,,,,,,,,,,,,,,,,,,,,,,,,,,,,,,,,,,,,,,,,,,,,,,,,,,,,,,,,,,,,,,,,,,,,,,,,,,,,,,,,,,,,,,,,,,,,,,,,,,,,,,,,,,,,,,,,,,,,,,,,,,,,,,,,,,,,,,,,,,,,,,,,,,,,,,,,,,,,,,,,,,,,,,,,,,,,,,,,,,,,,,,,,,,,
,,,,,,49-22-5641,Cutting Tools,Saw Blades,Blade,49-22-5641,49-22-5641,49-22-5641 Milw Packout 15pc - Sawzall Blade Kit,-- Unbranded --,-- Unbranded --,,Milwaukee Accessory (4031),Milwaukee Accessory (4031),Milwaukee,,49-22-5641,,Cutting Tools>Saw Blades>Blade,,,,,,,,,,,,,,,,,,,,,,,,,,,,,,,,Blade,Package Quantity,15pc,,,,,,,,,,,,,,,,,,,,,,,,,,,,,,,,,,,,,,,,,,,,,,,,,,,,,,,,,,,,,,,,,,,,,,,,,,,,,,,,,,,,,,,,,,,,,,,,,,,,,,,,,,,,,,,,,,,,,,,,,,,,,,,,,,,,,,,,,,,,,,,,,,,,,,,,,,,,,,,,,,,,,,,,,,,,,,,,,,,,,,,,,,,,,,,,,,,
,,,,,,D0604TSH,Cutting Tools,Saw Blades,Blade,D0604TSH,D0604TSH,"D0604TSH Diablo 6-1/2"" 4-Tooth - Cement Track Saw Blade",-- Unbranded --,-- Unbranded --,,Freud Inc (2435),Freud Inc (2435),Diablo,,D0604TSH,,Cutting Tools>Saw Blades>Blade,,,,,,,,,,,,,,,,,,,,,,,,,,,,,,,,Blade,,,,,,,,,,,,,,,,,,,,,,,,,,,,,,,,,,,,,,,,,,,,,,,,,,,,,,,,,,,,,,,,,,,,,,,,,,,,,,,,,,,,,,,,,,,,,,,,,,,,,,,,,,,,,,,,,,,,,,,,,,,,,,,,,,,,,,,,,,,,,,,,,,,,,,,,,,,,,,,,,,,,,,,,,,,,,,,,,,,,,,,,,,,,,,,,,,,,,
,,,,,,D0620TSR,Cutting Tools,Saw Blades,Blade,D0620TSR,D0620TSR,"D0620TSR Diablo 6-1/2""20 Tooth - Framing Saw Blade",-- Unbranded --,-- Unbranded --,,Freud Inc (2435),Freud Inc (2435),Diablo,,D0620TSR,,Cutting Tools>Saw Blades>Blade,,,,,,,,,,,,,,,,,,,,,,,,,,,,,,,,Blade,,,,,,,,,,,,,,,,,,,,,,,,,,,,,,,,,,,,,,,,,,,,,,,,,,,,,,,,,,,,,,,,,,,,,,,,,,,,,,,,,,,,,,,,,,,,,,,,,,,,,,,,,,,,,,,,,,,,,,,,,,,,,,,,,,,,,,,,,,,,,,,,,,,,,,,,,,,,,,,,,,,,,,,,,,,,,,,,,,,,,,,,,,,,,,,,,,,,,
,,,,,,D0648TSF,Cutting Tools,Saw Blades,Blade,D0648TSF,D0648TSF,"D0648TSF Diablo 6-1/2""48 Tooth - Plywood Track Saw Blade",-- Unbranded --,-- Unbranded --,,Freud Inc (2435),Freud Inc (2435),Diablo,,D0648TSF,,Cutting Tools>Saw Blades>Blade,,,,,,,,,,,,,,,,,,,,,,,,,,,,,,,,Blade,Application Material,Wood & Timber,,,,,,,,,,,,,,,,,,,,,,,,,,,,,,,,,,,,,,,,,,,,,,,,,,,,,,,,,,,,,,,,,,,,,,,,,,,,,,,,,,,,,,,,,,,,,,,,,,,,,,,,,,,,,,,,,,,,,,,,,,,,,,,,,,,,,,,,,,,,,,,,,,,,,,,,,,,,,,,,,,,,,,,,,,,,,,,,,,,,,,,,,,,,,,,,,,,
,,,,,,D0652TSL,Cutting Tools,Saw Blades,Blade,D0652TSL,D0652TSL,"D0652TSL Diablo 6-1/2""52 Tooth - Laminate Track Saw Blade",-- Unbranded --,-- Unbranded --,,Freud Inc (2435),Freud Inc (2435),Diablo,,D0652TSL,,Cutting Tools>Saw Blades>Blade,,,,,,,,,,,,,,,,,,,,,,,,,,,,,,,,Blade,,,,,,,,,,,,,,,,,,,,,,,,,,,,,,,,,,,,,,,,,,,,,,,,,,,,,,,,,,,,,,,,,,,,,,,,,,,,,,,,,,,,,,,,,,,,,,,,,,,,,,,,,,,,,,,,,,,,,,,,,,,,,,,,,,,,,,,,,,,,,,,,,,,,,,,,,,,,,,,,,,,,,,,,,,,,,,,,,,,,,,,,,,,,,,,,,,,,,
,,,,,,JT1-549,Industrial & MRO Supplies,General Hardware,Component,JT1-549,JT1-549,"JT1-549 JWBS18SFX 18"" Bandsaw - 1.75HP 1PH 115V",-- Unbranded --,-- Unbranded --,,JPW Industries (JPWIN),JPW Industries (JPWIN),JPW Industries,,JT1-549,,Industrial & MRO Supplies>General Hardware>Component,,,,,,,,,,,,,,,,,,,,,,,,,,,,,,,,Component,,,,,,,,,,,,,,,,,,,,,,,,,,,,,,,,,,,,,,,,,,,,,,,,,,,,,,,,,,,,,,,,,,,,,,,,,,,,,,,,,,,,,,,,,,,,,,,,,,,,,,,,,,,,,,,,,,,,,,,,,,,,,,,,,,,,,,,,,,,,,,,,,,,,,,,,,,,,,,,,,,,,,,,,,,,,,,,,,,,,,,,,,,,,,,,,,,,,,
,,,,,,JT1-1371,Industrial & MRO Supplies,General Hardware,Component,JT1-1371,JT1-1371,"JWBS14-SFX-BLK Jet 14"" Bandsaw - JT1-1371",-- Unbranded --,-- Unbranded --,,JPW Industries (JPWIN),JPW Industries (JPWIN),JPW Industries,,JT1-1371,,Industrial & MRO Supplies>General Hardware>Component,,,,,,,,,,,,,,,,,,,,,,,,,,,,,,,,Component,,,,,,,,,,,,,,,,,,,,,,,,,,,,,,,,,,,,,,,,,,,,,,,,,,,,,,,,,,,,,,,,,,,,,,,,,,,,,,,,,,,,,,,,,,,,,,,,,,,,,,,,,,,,,,,,,,,,,,,,,,,,,,,,,,,,,,,,,,,,,,,,,,,,,,,,,,,,,,,,,,,,,,,,,,,,,,,,,,,,,,,,,,,,,,,,,,,,,
,,,,,,JT9-714400K,Industrial & MRO Supplies,General Hardware,Component,JT9-714400K,JT9-714400K,"JWBS-14SFX 14"" Bandsaw JTP-714400K",-- Unbranded --,-- Unbranded --,,JPW Industries (JPWIN),JPW Industries (JPWIN),JPW Industries,,JT9-714400K,,Industrial & MRO Supplies>General Hardware>Component,,,,,,,,,,,,,,,,,,,,,,,,,,,,,,,,Component,,,,,,,,,,,,,,,,,,,,,,,,,,,,,,,,,,,,,,,,,,,,,,,,,,,,,,,,,,,,,,,,,,,,,,,,,,,,,,,,,,,,,,,,,,,,,,,,,,,,,,,,,,,,,,,,,,,,,,,,,,,,,,,,,,,,,,,,,,,,,,,,,,,,,,,,,,,,,,,,,,,,,,,,,,,,,,,,,,,,,,,,,,,,,,,,,,,,,
,,,,,,2834-21HD,Industrial & MRO Supplies,General Hardware,Component,2834-21HD,2834-21HD,"2834-21HD Milw M18 7-1/4"" Circ - Saw Kit",-- Unbranded --,-- Unbranded --,,Milwaukee Accessory (4031),Milwaukee Accessory (4031),Milwaukee,,2834-21HD,,Industrial & MRO Supplies>General Hardware>Component,,,,,,,,,,,,,,,,,,,,,,,,,,,,,,,,Component,,,,,,,,,,,,,,,,,,,,,,,,,,,,,,,,,,,,,,,,,,,,,,,,,,,,,,,,,,,,,,,,,,,,,,,,,,,,,,,,,,,,,,,,,,,,,,,,,,,,,,,,,,,,,,,,,,,,,,,,,,,,,,,,,,,,,,,,,,,,,,,,,,,,,,,,,,,,,,,,,,,,,,,,,,,,,,,,,,,,,,,,,,,,,,,,,,,,,
,,,,,,DCS383B,Industrial & MRO Supplies,General Hardware,Component,DCS383B,DCS383B,"DCS383B Dewalt 20V 7-1/4"" - Metal Cutting Circ Saw",-- Unbranded --,-- Unbranded --,,Black & Decker/dewlt (2585),Black & Decker/dewlt (2585),DeWalt,,DCS383B,,Industrial & MRO Supplies>General Hardware>Component,,,,,,,,,,,,,,,,,,,,,,,,,,,,,,,,Component,Application Material,Metal & Ferrous Alloys,,,,,,,,,,,,,,,,,,,,,,,,,,,,,,,,,,,,,,,,,,,,,,,,,,,,,,,,,,,,,,,,,,,,,,,,,,,,,,,,,,,,,,,,,,,,,,,,,,,,,,,,,,,,,,,,,,,,,,,,,,,,,,,,,,,,,,,,,,,,,,,,,,,,,,,,,,,,,,,,,,,,,,,,,,,,,,,,,,,,,,,,,,,,,,,,,,,
,,,,,,DCS590B,Cutting Tools,Saw Blades,Circular Saw,DCS590B,DCS590B,"DCS590B Dewalt 20V Cordless - 7-1/4"" Circular Saw (Bare)",-- Unbranded --,-- Unbranded --,,Black & Decker/dewlt (2585),Black & Decker/dewlt (2585),DeWalt,,DCS590B,,Cutting Tools>Saw Blades>Circular Saw,,,,,,,,,,,,,,,,,,,,,,,,,,,,,,,,Circular Saw,,,,,,,,,,,,,,,,,,,,,,,,,,,,,,,,,,,,,,,,,,,,,,,,,,,,,,,,,,,,,,,,,,,,,,,,,,,,,,,,,,,,,,,,,,,,,,,,,,,,,,,,,,,,,,,,,,,,,,,,,,,,,,,,,,,,,,,,,,,,,,,,,,,,,,,,,,,,,,,,,,,,,,,,,,,,,,,,,,,,,,,,,,,,,,,,,,,,,
,,,,,,KPTCS725A,Industrial & MRO Supplies,General Hardware,Component,KPTCS725A,KPTCS725A,"KPTCS725A Kreg 20V Ionic 7-1/4"" Circ Saw",-- Unbranded --,-- Unbranded --,,Kreg Tool Company (KRETO),Kreg Tool Company (KRETO),Kreg Tool Company,,KPTCS725A,,Industrial & MRO Supplies>General Hardware>Component,,,,,,,,,,,,,,,,,,,,,,,,,,,,,,,,Component,,,,,,,,,,,,,,,,,,,,,,,,,,,,,,,,,,,,,,,,,,,,,,,,,,,,,,,,,,,,,,,,,,,,,,,,,,,,,,,,,,,,,,,,,,,,,,,,,,,,,,,,,,,,,,,,,,,,,,,,,,,,,,,,,,,,,,,,,,,,,,,,,,,,,,,,,,,,,,,,,,,,,,,,,,,,,,,,,,,,,,,,,,,,,,,,,,,,,
,,,,,,KPTCS450A,Industrial & MRO Supplies,General Hardware,Component,KPTCS450A,KPTCS450A,"KPTCS450A Kreg 20V Ionic 4-1/2"" Circ Saw",-- Unbranded --,-- Unbranded --,,Kreg Tool Company (KRETO),Kreg Tool Company (KRETO),Kreg Tool Company,,KPTCS450A,,Industrial & MRO Supplies>General Hardware>Component,,,,,,,,,,,,,,,,,,,,,,,,,,,,,,,,Component,,,,,,,,,,,,,,,,,,,,,,,,,,,,,,,,,,,,,,,,,,,,,,,,,,,,,,,,,,,,,,,,,,,,,,,,,,,,,,,,,,,,,,,,,,,,,,,,,,,,,,,,,,,,,,,,,,,,,,,,,,,,,,,,,,,,,,,,,,,,,,,,,,,,,,,,,,,,,,,,,,,,,,,,,,,,,,,,,,,,,,,,,,,,,,,,,,,,,
,,,,,,2545-20,Industrial & MRO Supplies,General Hardware,Component,2545-20,2545-20,2545-20 Milw M12 Jig Saw,-- Unbranded --,-- Unbranded --,,Milwaukee Accessory (4031),Milwaukee Accessory (4031),Milwaukee,,2545-20,,Industrial & MRO Supplies>General Hardware>Component,,,,,,,,,,,,,,,,,,,,,,,,,,,,,,,,Component,,,,,,,,,,,,,,,,,,,,,,,,,,,,,,,,,,,,,,,,,,,,,,,,,,,,,,,,,,,,,,,,,,,,,,,,,,,,,,,,,,,,,,,,,,,,,,,,,,,,,,,,,,,,,,,,,,,,,,,,,,,,,,,,,,,,,,,,,,,,,,,,,,,,,,,,,,,,,,,,,,,,,,,,,,,,,,,,,,,,,,,,,,,,,,,,,,,,,
,,,,,,KPTJS100A,Industrial & MRO Supplies,General Hardware,Component,KPTJS100A,KPTJS100A,KPTJS100A Kreg 20V Ionic Barrel Grip Jigsaw,-- Unbranded --,-- Unbranded --,,Kreg Tool Company (KRETO),Kreg Tool Company (KRETO),Kreg Tool Company,,KPTJS100A,,Industrial & MRO Supplies>General Hardware>Component,,,,,,,,,,,,,,,,,,,,,,,,,,,,,,,,Component,,,,,,,,,,,,,,,,,,,,,,,,,,,,,,,,,,,,,,,,,,,,,,,,,,,,,,,,,,,,,,,,,,,,,,,,,,,,,,,,,,,,,,,,,,,,,,,,,,,,,,,,,,,,,,,,,,,,,,,,,,,,,,,,,,,,,,,,,,,,,,,,,,,,,,,,,,,,,,,,,,,,,,,,,,,,,,,,,,,,,,,,,,,,,,,,,,,,,
,,,,,,DCS714B,Industrial & MRO Supplies,General Hardware,Component,DCS714B,DCS714B,"DCS714B Dewalt 20V Miter Saw - (Bare) 10"" Double Bevel Fixed",-- Unbranded --,-- Unbranded --,,Black & Decker/dewlt (2585),Black & Decker/dewlt (2585),DeWalt,,DCS714B,,Industrial & MRO Supplies>General Hardware>Component,,,,,,,,,,,,,,,,,,,,,,,,,,,,,,,,Component,,,,,,,,,,,,,,,,,,,,,,,,,,,,,,,,,,,,,,,,,,,,,,,,,,,,,,,,,,,,,,,,,,,,,,,,,,,,,,,,,,,,,,,,,,,,,,,,,,,,,,,,,,,,,,,,,,,,,,,,,,,,,,,,,,,,,,,,,,,,,,,,,,,,,,,,,,,,,,,,,,,,,,,,,,,,,,,,,,,,,,,,,,,,,,,,,,,,,
,,,,,,DCS785B,Industrial & MRO Supplies,General Hardware,Component,DCS785B,DCS785B,"DCS785B Dewalt 20V Miter Saw - Kit 12"" Double Bevel Sliding",-- Unbranded --,-- Unbranded --,,Black & Decker/dewlt (2585),Black & Decker/dewlt (2585),DeWalt,,DCS785B,,Industrial & MRO Supplies>General Hardware>Component,,,,,,,,,,,,,,,,,,,,,,,,,,,,,,,,Component,,,,,,,,,,,,,,,,,,,,,,,,,,,,,,,,,,,,,,,,,,,,,,,,,,,,,,,,,,,,,,,,,,,,,,,,,,,,,,,,,,,,,,,,,,,,,,,,,,,,,,,,,,,,,,,,,,,,,,,,,,,,,,,,,,,,,,,,,,,,,,,,,,,,,,,,,,,,,,,,,,,,,,,,,,,,,,,,,,,,,,,,,,,,,,,,,,,,,
,,,,,,GSL02M1,Industrial & MRO Supplies,General Hardware,Component,GSL02M1,GSL02M1,"GSL02M1 Makita Miter Saw - 40V 8-1/2""",-- Unbranded --,-- Unbranded --,,Makita Usa Inc (5142),Makita Usa Inc (5142),Makita,,GSL02M1,,Industrial & MRO Supplies>General Hardware>Component,,,,,,,,,,,,,,,,,,,,,,,,,,,,,,,,Component,,,,,,,,,,,,,,,,,,,,,,,,,,,,,,,,,,,,,,,,,,,,,,,,,,,,,,,,,,,,,,,,,,,,,,,,,,,,,,,,,,,,,,,,,,,,,,,,,,,,,,,,,,,,,,,,,,,,,,,,,,,,,,,,,,,,,,,,,,,,,,,,,,,,,,,,,,,,,,,,,,,,,,,,,,,,,,,,,,,,,,,,,,,,,,,,,,,,,
,,,,,,DW7029,Industrial & MRO Supplies,General Hardware,Component,DW7029,DW7029,DW7029 Dewalt Miter Saw - Stand Support/Stop,-- Unbranded --,-- Unbranded --,,Black & Decker/dewlt (2585),Black & Decker/dewlt (2585),DeWalt,,DW7029,,Industrial & MRO Supplies>General Hardware>Component,,,,,,,,,,,,,,,,,,,,,,,,,,,,,,,,Component,,,,,,,,,,,,,,,,,,,,,,,,,,,,,,,,,,,,,,,,,,,,,,,,,,,,,,,,,,,,,,,,,,,,,,,,,,,,,,,,,,,,,,,,,,,,,,,,,,,,,,,,,,,,,,,,,,,,,,,,,,,,,,,,,,,,,,,,,,,,,,,,,,,,,,,,,,,,,,,,,,,,,,,,,,,,,,,,,,,,,,,,,,,,,,,,,,,,,
,,,,,,DCS384B,Industrial & MRO Supplies,General Hardware,Component,DCS384B,DCS384B,DCS384B Dewalt 20V Brushless - Cordless Recip Saw (Bare),-- Unbranded --,-- Unbranded --,,Black & Decker/dewlt (2585),Black & Decker/dewlt (2585),DeWalt,,DCS384B,,Industrial & MRO Supplies>General Hardware>Component,,,,,,,,,,,,,,,,,,,,,,,,,,,,,,,,Component,,,,,,,,,,,,,,,,,,,,,,,,,,,,,,,,,,,,,,,,,,,,,,,,,,,,,,,,,,,,,,,,,,,,,,,,,,,,,,,,,,,,,,,,,,,,,,,,,,,,,,,,,,,,,,,,,,,,,,,,,,,,,,,,,,,,,,,,,,,,,,,,,,,,,,,,,,,,,,,,,,,,,,,,,,,,,,,,,,,,,,,,,,,,,,,,,,,,,
,,,,,,XRJ08Z,Industrial & MRO Supplies,General Hardware,Component,XRJ08Z,XRJ08Z,XRJ08Z Makita 18V Recip Saw - Bare Tool,-- Unbranded --,-- Unbranded --,,Makita Usa Inc (5142),Makita Usa Inc (5142),Makita,,XRJ08Z,,Industrial & MRO Supplies>General Hardware>Component,,,,,,,,,,,,,,,,,,,,,,,,,,,,,,,,Component,,,,,,,,,,,,,,,,,,,,,,,,,,,,,,,,,,,,,,,,,,,,,,,,,,,,,,,,,,,,,,,,,,,,,,,,,,,,,,,,,,,,,,,,,,,,,,,,,,,,,,,,,,,,,,,,,,,,,,,,,,,,,,,,,,,,,,,,,,,,,,,,,,,,,,,,,,,,,,,,,,,,,,,,,,,,,,,,,,,,,,,,,,,,,,,,,,,,,
,,,,,,G0771Z,Industrial & MRO Supplies,General Hardware,Component,G0771Z,G0771Z,"Grizzly G0771Z 30"" Table Saw",-- Unbranded --,-- Unbranded --,,Woodstock Intl (3658),Woodstock Intl (3658),Woodstock Intl,,G0771Z,,Industrial & MRO Supplies>General Hardware>Component,,,,,,,,,,,,,,,,,,,,,,,,,,,,,,,,Component,,,,,,,,,,,,,,,,,,,,,,,,,,,,,,,,,,,,,,,,,,,,,,,,,,,,,,,,,,,,,,,,,,,,,,,,,,,,,,,,,,,,,,,,,,,,,,,,,,,,,,,,,,,,,,,,,,,,,,,,,,,,,,,,,,,,,,,,,,,,,,,,,,,,,,,,,,,,,,,,,,,,,,,,,,,,,,,,,,,,,,,,,,,,,,,,,,,,,
,,,,,,TS1017,Industrial & MRO Supplies,General Hardware,Component,TS1017,TS1017,TS1017 Table Saw Zero-Clearance Insert,-- Unbranded --,-- Unbranded --,,Robt Bosch Tool Corp (6564),Robt Bosch Tool Corp (6564),Bosch,,TS1017,,Industrial & MRO Supplies>General Hardware>Component,,,,,,,,,,,,,,,,,,,,,,,,,,,,,,,,Component,,,,,,,,,,,,,,,,,,,,,,,,,,,,,,,,,,,,,,,,,,,,,,,,,,,,,,,,,,,,,,,,,,,,,,,,,,,,,,,,,,,,,,,,,,,,,,,,,,,,,,,,,,,,,,,,,,,,,,,,,,,,,,,,,,,,,,,,,,,,,,,,,,,,,,,,,,,,,,,,,,,,,,,,,,,,,,,,,,,,,,,,,,,,,,,,,,,,,
,,,,,,XT524,Industrial & MRO Supplies,General Hardware,Component,XT524,XT524,"XT524 24"" XT XTENDER Fence",-- Unbranded --,-- Unbranded --,,Bow Products (BOWPR),Bow Products (BOWPR),Bow Products,,XT524,,Industrial & MRO Supplies>General Hardware>Component,,,,,,,,,,,,,,,,,,,,,,,,,,,,,,,,Component,,,,,,,,,,,,,,,,,,,,,,,,,,,,,,,,,,,,,,,,,,,,,,,,,,,,,,,,,,,,,,,,,,,,,,,,,,,,,,,,,,,,,,,,,,,,,,,,,,,,,,,,,,,,,,,,,,,,,,,,,,,,,,,,,,,,,,,,,,,,,,,,,,,,,,,,,,,,,,,,,,,,,,,,,,,,,,,,,,,,,,,,,,,,,,,,,,,,,
,,,,,,XT536,Industrial & MRO Supplies,General Hardware,Component,XT536,XT536,"XT536 36"" XT XTENDER Fence",-- Unbranded --,-- Unbranded --,,Bow Products (BOWPR),Bow Products (BOWPR),Bow Products,,XT536,,Industrial & MRO Supplies>General Hardware>Component,,,,,,,,,,,,,,,,,,,,,,,,,,,,,,,,Component,,,,,,,,,,,,,,,,,,,,,,,,,,,,,,,,,,,,,,,,,,,,,,,,,,,,,,,,,,,,,,,,,,,,,,,,,,,,,,,,,,,,,,,,,,,,,,,,,,,,,,,,,,,,,,,,,,,,,,,,,,,,,,,,,,,,,,,,,,,,,,,,,,,,,,,,,,,,,,,,,,,,,,,,,,,,,,,,,,,,,,,,,,,,,,,,,,,,,
,,,,,,XT546,Industrial & MRO Supplies,General Hardware,Component,XT546,XT546,"XT546 46"" XT XTENDER Fence",-- Unbranded --,-- Unbranded --,,Bow Products (BOWPR),Bow Products (BOWPR),Bow Products,,XT546,,Industrial & MRO Supplies>General Hardware>Component,,,,,,,,,,,,,,,,,,,,,,,,,,,,,,,,Component,,,,,,,,,,,,,,,,,,,,,,,,,,,,,,,,,,,,,,,,,,,,,,,,,,,,,,,,,,,,,,,,,,,,,,,,,,,,,,,,,,,,,,,,,,,,,,,,,,,,,,,,,,,,,,,,,,,,,,,,,,,,,,,,,,,,,,,,,,,,,,,,,,,,,,,,,,,,,,,,,,,,,,,,,,,,,,,,,,,,,,,,,,,,,,,,,,,,,
,,,,,,XTP235,Industrial & MRO Supplies,General Hardware,Component,XTP235,XTP235,"35"" XTP XTENDER PRO Fence - XTP235",-- Unbranded --,-- Unbranded --,,Bow Products (BOWPR),Bow Products (BOWPR),Bow Products,,XTP235,,Industrial & MRO Supplies>General Hardware>Component,,,,,,,,,,,,,,,,,,,,,,,,,,,,,,,,Component,,,,,,,,,,,,,,,,,,,,,,,,,,,,,,,,,,,,,,,,,,,,,,,,,,,,,,,,,,,,,,,,,,,,,,,,,,,,,,,,,,,,,,,,,,,,,,,,,,,,,,,,,,,,,,,,,,,,,,,,,,,,,,,,,,,,,,,,,,,,,,,,,,,,,,,,,,,,,,,,,,,,,,,,,,,,,,,,,,,,,,,,,,,,,,,,,,,,,
,,,,,,TGP2-FA,Industrial & MRO Supplies,General Hardware,Component,TGP2-FA,TGP2-FA,TGP2-FA T-Glide Fence Professional,-- Unbranded --,-- Unbranded --,,Saw Stop LLC (SAWST),Saw Stop LLC (SAWST),Saw Stop LLC,,TGP2-FA,,Industrial & MRO Supplies>General Hardware>Component,,,,,,,,,,,,,,,,,,,,,,,,,,,,,,,,Component,,,,,,,,,,,,,,,,,,,,,,,,,,,,,,,,,,,,,,,,,,,,,,,,,,,,,,,,,,,,,,,,,,,,,,,,,,,,,,,,,,,,,,,,,,,,,,,,,,,,,,,,,,,,,,,,,,,,,,,,,,,,,,,,,,,,,,,,,,,,,,,,,,,,,,,,,,,,,,,,,,,,,,,,,,,,,,,,,,,,,,,,,,,,,,,,,,,,,
,,,,,,ATGI-FA,Industrial & MRO Supplies,General Hardware,Component,ATGI-FA,ATGI-FA,ATGI-FA T-Glide Advanced Fence Industrial,-- Unbranded --,-- Unbranded --,,Saw Stop LLC (SAWST),Saw Stop LLC (SAWST),Saw Stop LLC,,ATGI-FA,,Industrial & MRO Supplies>General Hardware>Component,,,,,,,,,,,,,,,,,,,,,,,,,,,,,,,,Component,,,,,,,,,,,,,,,,,,,,,,,,,,,,,,,,,,,,,,,,,,,,,,,,,,,,,,,,,,,,,,,,,,,,,,,,,,,,,,,,,,,,,,,,,,,,,,,,,,,,,,,,,,,,,,,,,,,,,,,,,,,,,,,,,,,,,,,,,,,,,,,,,,,,,,,,,,,,,,,,,,,,,,,,,,,,,,,,,,,,,,,,,,,,,,,,,,,,,
,,,,,,ATGP-FA,Industrial & MRO Supplies,General Hardware,Component,ATGP-FA,ATGP-FA,ATGP-FA T-Glide Advance Fence Professional,-- Unbranded --,-- Unbranded --,,Saw Stop LLC (SAWST),Saw Stop LLC (SAWST),Saw Stop LLC,,ATGP-FA,,Industrial & MRO Supplies>General Hardware>Component,,,,,,,,,,,,,,,,,,,,,,,,,,,,,,,,Component,,,,,,,,,,,,,,,,,,,,,,,,,,,,,,,,,,,,,,,,,,,,,,,,,,,,,,,,,,,,,,,,,,,,,,,,,,,,,,,,,,,,,,,,,,,,,,,,,,,,,,,,,,,,,,,,,,,,,,,,,,,,,,,,,,,,,,,,,,,,,,,,,,,,,,,,,,,,,,,,,,,,,,,,,,,,,,,,,,,,,,,,,,,,,,,,,,,,,
,,,,,,TGI2-FA,Industrial & MRO Supplies,General Hardware,Component,TGI2-FA,TGI2-FA,TGI2-FA T-Glide Fence Indudtrial,-- Unbranded --,-- Unbranded --,,Saw Stop LLC (SAWST),Saw Stop LLC (SAWST),Saw Stop LLC,,TGI2-FA,,Industrial & MRO Supplies>General Hardware>Component,,,,,,,,,,,,,,,,,,,,,,,,,,,,,,,,Component,,,,,,,,,,,,,,,,,,,,,,,,,,,,,,,,,,,,,,,,,,,,,,,,,,,,,,,,,,,,,,,,,,,,,,,,,,,,,,,,,,,,,,,,,,,,,,,,,,,,,,,,,,,,,,,,,,,,,,,,,,,,,,,,,,,,,,,,,,,,,,,,,,,,,,,,,,,,,,,,,,,,,,,,,,,,,,,,,,,,,,,,,,,,,,,,,,,,,
,,,,,,TGI2-T36A,Industrial & MRO Supplies,General Hardware,Component,TGI2-T36A,TGI2-T36A,"TGI2-T36A 36"" Table Assembly Industrial",-- Unbranded --,-- Unbranded --,,Saw Stop LLC (SAWST),Saw Stop LLC (SAWST),Saw Stop LLC,,TGI2-T36A,,Industrial & MRO Supplies>General Hardware>Component,,,,,,,,,,,,,,,,,,,,,,,,,,,,,,,,Component,,,,,,,,,,,,,,,,,,,,,,,,,,,,,,,,,,,,,,,,,,,,,,,,,,,,,,,,,,,,,,,,,,,,,,,,,,,,,,,,,,,,,,,,,,,,,,,,,,,,,,,,,,,,,,,,,,,,,,,,,,,,,,,,,,,,,,,,,,,,,,,,,,,,,,,,,,,,,,,,,,,,,,,,,,,,,,,,,,,,,,,,,,,,,,,,,,,,,
,,,,,,KPTBPS100A,Industrial & MRO Supplies,General Hardware,Component,KPTBPS100A,KPTBPS100A,"KPTBPS100A Kreg 20V Ionic 6-1/2"" Plunge-Cut Track Saw Kit",-- Unbranded --,-- Unbranded --,,Kreg Tool Company (KRETO),Kreg Tool Company (KRETO),Kreg Tool Company,,KPTBPS100A,,Industrial & MRO Supplies>General Hardware>Component,,,,,,,,,,,,,,,,,,,,,,,,,,,,,,,,Component,,,,,,,,,,,,,,,,,,,,,,,,,,,,,,,,,,,,,,,,,,,,,,,,,,,,,,,,,,,,,,,,,,,,,,,,,,,,,,,,,,,,,,,,,,,,,,,,,,,,,,,,,,,,,,,,,,,,,,,,,,,,,,,,,,,,,,,,,,,,,,,,,,,,,,,,,,,,,,,,,,,,,,,,,,,,,,,,,,,,,,,,,,,,,,,,,,,,,
,,,,,,DCB606C,Industrial & MRO Supplies,General Hardware,Component,DCB606C,DCB606C,DCB606C Dewalt Flexvolt Starter Kit,-- Unbranded --,-- Unbranded --,,Black & Decker/dewlt (2585),Black & Decker/dewlt (2585),DeWalt,,DCB606C,,Industrial & MRO Supplies>General Hardware>Component,,,,,,,,,,,,,,,,,,,,,,,,,,,,,,,,Component,,,,,,,,,,,,,,,,,,,,,,,,,,,,,,,,,,,,,,,,,,,,,,,,,,,,,,,,,,,,,,,,,,,,,,,,,,,,,,,,,,,,,,,,,,,,,,,,,,,,,,,,,,,,,,,,,,,,,,,,,,,,,,,,,,,,,,,,,,,,,,,,,,,,,,,,,,,,,,,,,,,,,,,,,,,,,,,,,,,,,,,,,,,,,,,,,,,,,
,,,,,,BL1850BDC1,Industrial & MRO Supplies,General Hardware,Component,BL1850BDC1,BL1850BDC1,BL1850BDC1 Makita Starter Kit,-- Unbranded --,-- Unbranded --,,Makita Usa Inc (5142),Makita Usa Inc (5142),Makita,,BL1850BDC1,,Industrial & MRO Supplies>General Hardware>Component,,,,,,,,,,,,,,,,,,,,,,,,,,,,,,,,Component,,,,,,,,,,,,,,,,,,,,,,,,,,,,,,,,,,,,,,,,,,,,,,,,,,,,,,,,,,,,,,,,,,,,,,,,,,,,,,,,,,,,,,,,,,,,,,,,,,,,,,,,,,,,,,,,,,,,,,,,,,,,,,,,,,,,,,,,,,,,,,,,,,,,,,,,,,,,,,,,,,,,,,,,,,,,,,,,,,,,,,,,,,,,,,,,,,,,,
,,,,,,DCB205C,Industrial & MRO Supplies,General Hardware,Component,DCB205C,DCB205C,DCB205C 20V Starter Kit,-- Unbranded --,-- Unbranded --,,Black & Decker/dewlt (2585),Black & Decker/dewlt (2585),Black & Decker,,DCB205C,,Industrial & MRO Supplies>General Hardware>Component,,,,,,,,,,,,,,,,,,,,,,,,,,,,,,,,Component,,,,,,,,,,,,,,,,,,,,,,,,,,,,,,,,,,,,,,,,,,,,,,,,,,,,,,,,,,,,,,,,,,,,,,,,,,,,,,,,,,,,,,,,,,,,,,,,,,,,,,,,,,,,,,,,,,,,,,,,,,,,,,,,,,,,,,,,,,,,,,,,,,,,,,,,,,,,,,,,,,,,,,,,,,,,,,,,,,,,,,,,,,,,,,,,,,,,,
,,,,,,DCB2108,Industrial & MRO Supplies,General Hardware,Component,DCB2108,DCB2108,DCB2108 Dewalt 20V 8Ah Battery - Max XR Powerpack,-- Unbranded --,-- Unbranded --,,Black & Decker/dewlt (2585),Black & Decker/dewlt (2585),DeWalt,,DCB2108,,Industrial & MRO Supplies>General Hardware>Component,,,,,,,,,,,,,,,,,,,,,,,,,,,,,,,,Component,,,,,,,,,,,,,,,,,,,,,,,,,,,,,,,,,,,,,,,,,,,,,,,,,,,,,,,,,,,,,,,,,,,,,,,,,,,,,,,,,,,,,,,,,,,,,,,,,,,,,,,,,,,,,,,,,,,,,,,,,,,,,,,,,,,,,,,,,,,,,,,,,,,,,,,,,,,,,,,,,,,,,,,,,,,,,,,,,,,,,,,,,,,,,,,,,,,,,
,,,,,,DCB2108-2,Industrial & MRO Supplies,General Hardware,Component,DCB2108-2,DCB2108-2,DCB2108-2 Dewalt 20V 8Ah 2pk - Battery Max XR Powerpack,-- Unbranded --,-- Unbranded --,,Black & Decker/dewlt (2585),Black & Decker/dewlt (2585),DeWalt,,DCB2108-2,,Industrial & MRO Supplies>General Hardware>Component,,,,,,,,,,,,,,,,,,,,,,,,,,,,,,,,Component,Package Quantity,2pk,,,,,,,,,,,,,,,,,,,,,,,,,,,,,,,,,,,,,,,,,,,,,,,,,,,,,,,,,,,,,,,,,,,,,,,,,,,,,,,,,,,,,,,,,,,,,,,,,,,,,,,,,,,,,,,,,,,,,,,,,,,,,,,,,,,,,,,,,,,,,,,,,,,,,,,,,,,,,,,,,,,,,,,,,,,,,,,,,,,,,,,,,,,,,,,,,,,
,,,,,,VB0212,Industrial & MRO Supplies,General Hardware,Component,VB0212,VB0212,VB0212 Senco 18V 2.0 AH Lithium Battery,-- Unbranded --,-- Unbranded --,,Senco Products Inc (4650),Senco Products Inc (4650),Senco Products Inc,,VB0212,,Industrial & MRO Supplies>General Hardware>Component,,,,,,,,,,,,,,,,,,,,,,,,,,,,,,,,Component,,,,,,,,,,,,,,,,,,,,,,,,,,,,,,,,,,,,,,,,,,,,,,,,,,,,,,,,,,,,,,,,,,,,,,,,,,,,,,,,,,,,,,,,,,,,,,,,,,,,,,,,,,,,,,,,,,,,,,,,,,,,,,,,,,,,,,,,,,,,,,,,,,,,,,,,,,,,,,,,,,,,,,,,,,,,,,,,,,,,,,,,,,,,,,,,,,,,,
,,,,,,BCB2A20A,Industrial & MRO Supplies,General Hardware,Component,BCB2A20A,BCB2A20A,BCB2A20A Kreg 20V Battery/Charger Starter Kit,-- Unbranded --,-- Unbranded --,,Kreg Tool Company (KRETO),Kreg Tool Company (KRETO),Kreg Tool Company,,BCB2A20A,,Industrial & MRO Supplies>General Hardware>Component,,,,,,,,,,,,,,,,,,,,,,,,,,,,,,,,Component,,,,,,,,,,,,,,,,,,,,,,,,,,,,,,,,,,,,,,,,,,,,,,,,,,,,,,,,,,,,,,,,,,,,,,,,,,,,,,,,,,,,,,,,,,,,,,,,,,,,,,,,,,,,,,,,,,,,,,,,,,,,,,,,,,,,,,,,,,,,,,,,,,,,,,,,,,,,,,,,,,,,,,,,,,,,,,,,,,,,,,,,,,,,,,,,,,,,,
,,,,,,BATT4A,Industrial & MRO Supplies,General Hardware,Component,BATT4A,BATT4A,BATT4A Kreg 20V 4ah Battery Pack,-- Unbranded --,-- Unbranded --,,Kreg Tool Company (KRETO),Kreg Tool Company (KRETO),Kreg Tool Company,,BATT4A,,Industrial & MRO Supplies>General Hardware>Component,,,,,,,,,,,,,,,,,,,,,,,,,,,,,,,,Component,,,,,,,,,,,,,,,,,,,,,,,,,,,,,,,,,,,,,,,,,,,,,,,,,,,,,,,,,,,,,,,,,,,,,,,,,,,,,,,,,,,,,,,,,,,,,,,,,,,,,,,,,,,,,,,,,,,,,,,,,,,,,,,,,,,,,,,,,,,,,,,,,,,,,,,,,,,,,,,,,,,,,,,,,,,,,,,,,,,,,,,,,,,,,,,,,,,,,
,,,,,,BATT2A,Industrial & MRO Supplies,General Hardware,Component,BATT2A,BATT2A,BATT2A Kreg 20V 2ah Battery Pack,-- Unbranded --,-- Unbranded --,,Kreg Tool Company (KRETO),Kreg Tool Company (KRETO),Kreg Tool Company,,BATT2A,,Industrial & MRO Supplies>General Hardware>Component,,,,,,,,,,,,,,,,,,,,,,,,,,,,,,,,Component,,,,,,,,,,,,,,,,,,,,,,,,,,,,,,,,,,,,,,,,,,,,,,,,,,,,,,,,,,,,,,,,,,,,,,,,,,,,,,,,,,,,,,,,,,,,,,,,,,,,,,,,,,,,,,,,,,,,,,,,,,,,,,,,,,,,,,,,,,,,,,,,,,,,,,,,,,,,,,,,,,,,,,,,,,,,,,,,,,,,,,,,,,,,,,,,,,,,,
,,,,,,BL1850BDC2X1,Industrial & MRO Supplies,General Hardware,Component,BL1850BDC2X1,BL1850BDC2X1,BL1850BDC2X1 Makita Starter Kit,-- Unbranded --,-- Unbranded --,,Makita Usa Inc (5142),Makita Usa Inc (5142),Makita,,BL1850BDC2X1,,Industrial & MRO Supplies>General Hardware>Component,,,,,,,,,,,,,,,,,,,,,,,,,,,,,,,,Component,Dimensions,2X1,,,,,,,,,,,,,,,,,,,,,,,,,,,,,,,,,,,,,,,,,,,,,,,,,,,,,,,,,,,,,,,,,,,,,,,,,,,,,,,,,,,,,,,,,,,,,,,,,,,,,,,,,,,,,,,,,,,,,,,,,,,,,,,,,,,,,,,,,,,,,,,,,,,,,,,,,,,,,,,,,,,,,,,,,,,,,,,,,,,,,,,,,,,,,,,,,,,
,,,,,,48-11-2422,Industrial & MRO Supplies,General Hardware,Component,48-11-2422,48-11-2422,48-11-2422 Milw M12 CP2.0 Battery Two Pack,-- Unbranded --,-- Unbranded --,,Milwaukee Accessory (4031),Milwaukee Accessory (4031),Milwaukee,,48-11-2422,,Industrial & MRO Supplies>General Hardware>Component,,,,,,,,,,,,,,,,,,,,,,,,,,,,,,,,Component,,,,,,,,,,,,,,,,,,,,,,,,,,,,,,,,,,,,,,,,,,,,,,,,,,,,,,,,,,,,,,,,,,,,,,,,,,,,,,,,,,,,,,,,,,,,,,,,,,,,,,,,,,,,,,,,,,,,,,,,,,,,,,,,,,,,,,,,,,,,,,,,,,,,,,,,,,,,,,,,,,,,,,,,,,,,,,,,,,,,,,,,,,,,,,,,,,,,,
,,,,,,DCB1104,Industrial & MRO Supplies,General Hardware,Component,DCB1104,DCB1104,DCB1104 Dewalt 12V/20V Charger - 4 Amp,-- Unbranded --,-- Unbranded --,,Black & Decker/dewlt (2585),Black & Decker/dewlt (2585),DeWalt,,DCB1104,,Industrial & MRO Supplies>General Hardware>Component,,,,,,,,,,,,,,,,,,,,,,,,,,,,,,,,Component,,,,,,,,,,,,,,,,,,,,,,,,,,,,,,,,,,,,,,,,,,,,,,,,,,,,,,,,,,,,,,,,,,,,,,,,,,,,,,,,,,,,,,,,,,,,,,,,,,,,,,,,,,,,,,,,,,,,,,,,,,,,,,,,,,,,,,,,,,,,,,,,,,,,,,,,,,,,,,,,,,,,,,,,,,,,,,,,,,,,,,,,,,,,,,,,,,,,,
,,,,,,48-59-1804,Industrial & MRO Supplies,General Hardware,Component,48-59-1804,48-59-1804,48-59-1804 Milw M18 and M12 Rapid Charger,-- Unbranded --,-- Unbranded --,,Milwaukee Accessory (4031),Milwaukee Accessory (4031),Milwaukee,,48-59-1804,,Industrial & MRO Supplies>General Hardware>Component,,,,,,,,,,,,,,,,,,,,,,,,,,,,,,,,Component,,,,,,,,,,,,,,,,,,,,,,,,,,,,,,,,,,,,,,,,,,,,,,,,,,,,,,,,,,,,,,,,,,,,,,,,,,,,,,,,,,,,,,,,,,,,,,,,,,,,,,,,,,,,,,,,,,,,,,,,,,,,,,,,,,,,,,,,,,,,,,,,,,,,,,,,,,,,,,,,,,,,,,,,,,,,,,,,,,,,,,,,,,,,,,,,,,,,,
,,,,,,CRGR401A,Industrial & MRO Supplies,General Hardware,Component,CRGR401A,CRGR401A,CRGR401A Kreg 20V Fast Charger,-- Unbranded --,-- Unbranded --,,Kreg Tool Company (KRETO),Kreg Tool Company (KRETO),Kreg Tool Company,,CRGR401A,,Industrial & MRO Supplies>General Hardware>Component,,,,,,,,,,,,,,,,,,,,,,,,,,,,,,,,Component,,,,,,,,,,,,,,,,,,,,,,,,,,,,,,,,,,,,,,,,,,,,,,,,,,,,,,,,,,,,,,,,,,,,,,,,,,,,,,,,,,,,,,,,,,,,,,,,,,,,,,,,,,,,,,,,,,,,,,,,,,,,,,,,,,,,,,,,,,,,,,,,,,,,,,,,,,,,,,,,,,,,,,,,,,,,,,,,,,,,,,,,,,,,,,,,,,,,,
,,,,,,48-59-1211,Industrial & MRO Supplies,General Hardware,Component,48-59-1211,48-59-1211,48-59-1211 Milw Power Supply - Charger,-- Unbranded --,-- Unbranded --,,Milwaukee Accessory (4031),Milwaukee Accessory (4031),Milwaukee,,48-59-1211,,Industrial & MRO Supplies>General Hardware>Component,,,,,,,,,,,,,,,,,,,,,,,,,,,,,,,,Component,,,,,,,,,,,,,,,,,,,,,,,,,,,,,,,,,,,,,,,,,,,,,,,,,,,,,,,,,,,,,,,,,,,,,,,,,,,,,,,,,,,,,,,,,,,,,,,,,,,,,,,,,,,,,,,,,,,,,,,,,,,,,,,,,,,,,,,,,,,,,,,,,,,,,,,,,,,,,,,,,,,,,,,,,,,,,,,,,,,,,,,,,,,,,,,,,,,,,
,,,,,,2847-20,Industrial & MRO Supplies,General Hardware,Component,2847-20,2847-20,2847-20 Milw M18 Charger and Power Supply,-- Unbranded --,-- Unbranded --,,Milwaukee Accessory (4031),Milwaukee Accessory (4031),Milwaukee,,2847-20,,Industrial & MRO Supplies>General Hardware>Component,,,,,,,,,,,,,,,,,,,,,,,,,,,,,,,,Component,,,,,,,,,,,,,,,,,,,,,,,,,,,,,,,,,,,,,,,,,,,,,,,,,,,,,,,,,,,,,,,,,,,,,,,,,,,,,,,,,,,,,,,,,,,,,,,,,,,,,,,,,,,,,,,,,,,,,,,,,,,,,,,,,,,,,,,,,,,,,,,,,,,,,,,,,,,,,,,,,,,,,,,,,,,,,,,,,,,,,,,,,,,,,,,,,,,,,
,,,,,,DWV9401,Industrial & MRO Supplies,General Hardware,Component,DWV9401,DWV9401,DWV9401 Dewalt Paper Bag - 5pk,-- Unbranded --,-- Unbranded --,,Black & Decker/dewlt (2585),Black & Decker/dewlt (2585),DeWalt,,DWV9401,,Industrial & MRO Supplies>General Hardware>Component,,,,,,,,,,,,,,,,,,,,,,,,,,,,,,,,Component,Package Quantity,5pk,,,,,,,,,,,,,,,,,,,,,,,,,,,,,,,,,,,,,,,,,,,,,,,,,,,,,,,,,,,,,,,,,,,,,,,,,,,,,,,,,,,,,,,,,,,,,,,,,,,,,,,,,,,,,,,,,,,,,,,,,,,,,,,,,,,,,,,,,,,,,,,,,,,,,,,,,,,,,,,,,,,,,,,,,,,,,,,,,,,,,,,,,,,,,,,,,,,
,,,,,,578512,Industrial & MRO Supplies,General Hardware,Component,578512,578512,578512 Festool Dust Extractor-CT MIDI I HEPA,-- Unbranded --,-- Unbranded --,,Festool USA (FESTO),Festool USA (FESTO),Festool,,578512,,Industrial & MRO Supplies>General Hardware>Component,,,,,,,,,,,,,,,,,,,,,,,,,,,,,,,,Component,,,,,,,,,,,,,,,,,,,,,,,,,,,,,,,,,,,,,,,,,,,,,,,,,,,,,,,,,,,,,,,,,,,,,,,,,,,,,,,,,,,,,,,,,,,,,,,,,,,,,,,,,,,,,,,,,,,,,,,,,,,,,,,,,,,,,,,,,,,,,,,,,,,,,,,,,,,,,,,,,,,,,,,,,,,,,,,,,,,,,,,,,,,,,,,,,,,,,
,,,,,,577871,Industrial & MRO Supplies,General Hardware,Component,577871,577871,577871 Festool Dust Extractor - CT 26,-- Unbranded --,-- Unbranded --,,Festool USA (FESTO),Festool USA (FESTO),Festool,,577871,,Industrial & MRO Supplies>General Hardware>Component,,,,,,,,,,,,,,,,,,,,,,,,,,,,,,,,Component,,,,,,,,,,,,,,,,,,,,,,,,,,,,,,,,,,,,,,,,,,,,,,,,,,,,,,,,,,,,,,,,,,,,,,,,,,,,,,,,,,,,,,,,,,,,,,,,,,,,,,,,,,,,,,,,,,,,,,,,,,,,,,,,,,,,,,,,,,,,,,,,,,,,,,,,,,,,,,,,,,,,,,,,,,,,,,,,,,,,,,,,,,,,,,,,,,,,,
,,,,,,577874,Industrial & MRO Supplies,General Hardware,Component,577874,577874,577874 Festool Dust Extractor - CT 36,-- Unbranded --,-- Unbranded --,,Festool USA (FESTO),Festool USA (FESTO),Festool,,577874,,Industrial & MRO Supplies>General Hardware>Component,,,,,,,,,,,,,,,,,,,,,,,,,,,,,,,,Component,,,,,,,,,,,,,,,,,,,,,,,,,,,,,,,,,,,,,,,,,,,,,,,,,,,,,,,,,,,,,,,,,,,,,,,,,,,,,,,,,,,,,,,,,,,,,,,,,,,,,,,,,,,,,,,,,,,,,,,,,,,,,,,,,,,,,,,,,,,,,,,,,,,,,,,,,,,,,,,,,,,,,,,,,,,,,,,,,,,,,,,,,,,,,,,,,,,,,
,,,,,,577876,Industrial & MRO Supplies,General Hardware,Component,577876,577876,577876 Festool Dust Extractor - CT 48,-- Unbranded --,-- Unbranded --,,Festool USA (FESTO),Festool USA (FESTO),Festool,,577876,,Industrial & MRO Supplies>General Hardware>Component,,,,,,,,,,,,,,,,,,,,,,,,,,,,,,,,Component,,,,,,,,,,,,,,,,,,,,,,,,,,,,,,,,,,,,,,,,,,,,,,,,,,,,,,,,,,,,,,,,,,,,,,,,,,,,,,,,,,,,,,,,,,,,,,,,,,,,,,,,,,,,,,,,,,,,,,,,,,,,,,,,,,,,,,,,,,,,,,,,,,,,,,,,,,,,,,,,,,,,,,,,,,,,,,,,,,,,,,,,,,,,,,,,,,,,,
,,,,,,578441,Industrial & MRO Supplies,General Hardware,Component,578441,578441,578441 Festool Dust Extractor-CT 15 HEPA,-- Unbranded --,-- Unbranded --,,Festool USA (FESTO),Festool USA (FESTO),Festool,,578441,,Industrial & MRO Supplies>General Hardware>Component,,,,,,,,,,,,,,,,,,,,,,,,,,,,,,,,Component,,,,,,,,,,,,,,,,,,,,,,,,,,,,,,,,,,,,,,,,,,,,,,,,,,,,,,,,,,,,,,,,,,,,,,,,,,,,,,,,,,,,,,,,,,,,,,,,,,,,,,,,,,,,,,,,,,,,,,,,,,,,,,,,,,,,,,,,,,,,,,,,,,,,,,,,,,,,,,,,,,,,,,,,,,,,,,,,,,,,,,,,,,,,,,,,,,,,,
,,,,,,DCK225D2,Industrial & MRO Supplies,General Hardware,Component,DCK225D2,DCK225D2,DCK225D2 Dewalt Impact/Drill - Kit,-- Unbranded --,-- Unbranded --,,Black & Decker/dewlt (2585),Black & Decker/dewlt (2585),DeWalt,,DCK225D2,,Industrial & MRO Supplies>General Hardware>Component,,,,,,,,,,,,,,,,,,,,,,,,,,,,,,,,Component,,,,,,,,,,,,,,,,,,,,,,,,,,,,,,,,,,,,,,,,,,,,,,,,,,,,,,,,,,,,,,,,,,,,,,,,,,,,,,,,,,,,,,,,,,,,,,,,,,,,,,,,,,,,,,,,,,,,,,,,,,,,,,,,,,,,,,,,,,,,,,,,,,,,,,,,,,,,,,,,,,,,,,,,,,,,,,,,,,,,,,,,,,,,,,,,,,,,,
,,,,,,DCK2101QQ2,Industrial & MRO Supplies,General Hardware,Component,DCK2101QQ2,DCK2101QQ2,Dewalt DCK2101QQ2 20V 2Pc Kit,-- Unbranded --,-- Unbranded --,,Black & Decker/dewlt (2585),Black & Decker/dewlt (2585),DeWalt,,DCK2101QQ2,,Industrial & MRO Supplies>General Hardware>Component,,,,,,,,,,,,,,,,,,,,,,,,,,,,,,,,Component,Package Quantity,2Pc,,,,,,,,,,,,,,,,,,,,,,,,,,,,,,,,,,,,,,,,,,,,,,,,,,,,,,,,,,,,,,,,,,,,,,,,,,,,,,,,,,,,,,,,,,,,,,,,,,,,,,,,,,,,,,,,,,,,,,,,,,,,,,,,,,,,,,,,,,,,,,,,,,,,,,,,,,,,,,,,,,,,,,,,,,,,,,,,,,,,,,,,,,,,,,,,,,,
,,,,,,4000-2/32,Industrial & MRO Supplies,General Hardware,Component,4000-2/32,4000-2/32,4000-2/32 DREMEL ROTARY TOOL,-- Unbranded --,-- Unbranded --,,Robt Bosch Tool Corp (6564),Robt Bosch Tool Corp (6564),Dremel,,4000-2/32,,Industrial & MRO Supplies>General Hardware>Component,,,,,,,,,,,,,,,,,,,,,,,,,,,,,,,,Component,,,,,,,,,,,,,,,,,,,,,,,,,,,,,,,,,,,,,,,,,,,,,,,,,,,,,,,,,,,,,,,,,,,,,,,,,,,,,,,,,,,,,,,,,,,,,,,,,,,,,,,,,,,,,,,,,,,,,,,,,,,,,,,,,,,,,,,,,,,,,,,,,,,,,,,,,,,,,,,,,,,,,,,,,,,,,,,,,,,,,,,,,,,,,,,,,,,,,
,,,,,,3100-1/15,Industrial & MRO Supplies,General Hardware,Component,3100-1/15,3100-1/15,3100-1/15 Dremel Rotary Tool - Kit 15pc,-- Unbranded --,-- Unbranded --,,Robt Bosch Tool Corp (6564),Robt Bosch Tool Corp (6564),Dremel,,3100-1/15,,Industrial & MRO Supplies>General Hardware>Component,,,,,,,,,,,,,,,,,,,,,,,,,,,,,,,,Component,Package Quantity,15pc,,,,,,,,,,,,,,,,,,,,,,,,,,,,,,,,,,,,,,,,,,,,,,,,,,,,,,,,,,,,,,,,,,,,,,,,,,,,,,,,,,,,,,,,,,,,,,,,,,,,,,,,,,,,,,,,,,,,,,,,,,,,,,,,,,,,,,,,,,,,,,,,,,,,,,,,,,,,,,,,,,,,,,,,,,,,,,,,,,,,,,,,,,,,,,,,,,,
,,,,,,T-90043,Industrial & MRO Supplies,General Hardware,Component,T-90043,T-90043,T-90043 Deep Medium Organizer,-- Unbranded --,-- Unbranded --,,Makita Usa Inc (5142),Makita Usa Inc (5142),Makita,,T-90043,,Industrial & MRO Supplies>General Hardware>Component,,,,,,,,,,,,,,,,,,,,,,,,,,,,,,,,Component,,,,,,,,,,,,,,,,,,,,,,,,,,,,,,,,,,,,,,,,,,,,,,,,,,,,,,,,,,,,,,,,,,,,,,,,,,,,,,,,,,,,,,,,,,,,,,,,,,,,,,,,,,,,,,,,,,,,,,,,,,,,,,,,,,,,,,,,,,,,,,,,,,,,,,,,,,,,,,,,,,,,,,,,,,,,,,,,,,,,,,,,,,,,,,,,,,,,,
,,,,,,T-90059,Industrial & MRO Supplies,General Hardware,Component,T-90059,T-90059,T-90059 Low Profile Medium - Organizer,-- Unbranded --,-- Unbranded --,,Makita Usa Inc (5142),Makita Usa Inc (5142),Makita,,T-90059,,Industrial & MRO Supplies>General Hardware>Component,,,,,,,,,,,,,,,,,,,,,,,,,,,,,,,,Component,,,,,,,,,,,,,,,,,,,,,,,,,,,,,,,,,,,,,,,,,,,,,,,,,,,,,,,,,,,,,,,,,,,,,,,,,,,,,,,,,,,,,,,,,,,,,,,,,,,,,,,,,,,,,,,,,,,,,,,,,,,,,,,,,,,,,,,,,,,,,,,,,,,,,,,,,,,,,,,,,,,,,,,,,,,,,,,,,,,,,,,,,,,,,,,,,,,,,
,,,,,,T-90065,Industrial & MRO Supplies,General Hardware,Component,T-90065,T-90065,T-90065 Deep Compact Organizer,-- Unbranded --,-- Unbranded --,,Makita Usa Inc (5142),Makita Usa Inc (5142),Makita,,T-90065,,Industrial & MRO Supplies>General Hardware>Component,,,,,,,,,,,,,,,,,,,,,,,,,,,,,,,,Component,,,,,,,,,,,,,,,,,,,,,,,,,,,,,,,,,,,,,,,,,,,,,,,,,,,,,,,,,,,,,,,,,,,,,,,,,,,,,,,,,,,,,,,,,,,,,,,,,,,,,,,,,,,,,,,,,,,,,,,,,,,,,,,,,,,,,,,,,,,,,,,,,,,,,,,,,,,,,,,,,,,,,,,,,,,,,,,,,,,,,,,,,,,,,,,,,,,,,
,,,,,,10047VS,Industrial & MRO Supplies,General Hardware,Component,10047VS,10047VS,10047VS Oliver 3HP 230V 1PH Shaper 1-1/4 Spindle,-- Unbranded --,-- Unbranded --,,Oliver Machinery Company (OLIMA),Oliver Machinery Company (OLIMA),Oliver Machinery Company,,10047VS,,Industrial & MRO Supplies>General Hardware>Component,,,,,,,,,,,,,,,,,,,,,,,,,,,,,,,,Component,,,,,,,,,,,,,,,,,,,,,,,,,,,,,,,,,,,,,,,,,,,,,,,,,,,,,,,,,,,,,,,,,,,,,,,,,,,,,,,,,,,,,,,,,,,,,,,,,,,,,,,,,,,,,,,,,,,,,,,,,,,,,,,,,,,,,,,,,,,,,,,,,,,,,,,,,,,,,,,,,,,,,,,,,,,,,,,,,,,,,,,,,,,,,,,,,,,,,
,,,,,,MAG:2044-230-1,Industrial & MRO Supplies,General Hardware,Component,MAG:2044-230-1,MAG:2044-230-1,2044-230-1 Stock Feeder 4-Roll - Steff,-- Unbranded --,-- Unbranded --,,J&G Machinery (JGMAC),J&G Machinery (JGMAC),J&G Machinery,,MAG:2044-230-1,,Industrial & MRO Supplies>General Hardware>Component,,,,,,,,,,,,,,,,,,,,,,,,,,,,,,,,Component,,,,,,,,,,,,,,,,,,,,,,,,,,,,,,,,,,,,,,,,,,,,,,,,,,,,,,,,,,,,,,,,,,,,,,,,,,,,,,,,,,,,,,,,,,,,,,,,,,,,,,,,,,,,,,,,,,,,,,,,,,,,,,,,,,,,,,,,,,,,,,,,,,,,,,,,,,,,,,,,,,,,,,,,,,,,,,,,,,,,,,,,,,,,,,,,,,,,,
,,,,,,XTP242,Industrial & MRO Supplies,General Hardware,Component,XTP242,XTP242,"42"" XTP XTENDER PRO Fence - XTP242",-- Unbranded --,-- Unbranded --,,Bow Products (BOWPR),Bow Products (BOWPR),Bow Products,,XTP242,,Industrial & MRO Supplies>General Hardware>Component,,,,,,,,,,,,,,,,,,,,,,,,,,,,,,,,Component,,,,,,,,,,,,,,,,,,,,,,,,,,,,,,,,,,,,,,,,,,,,,,,,,,,,,,,,,,,,,,,,,,,,,,,,,,,,,,,,,,,,,,,,,,,,,,,,,,,,,,,,,,,,,,,,,,,,,,,,,,,,,,,,,,,,,,,,,,,,,,,,,,,,,,,,,,,,,,,,,,,,,,,,,,,,,,,,,,,,,,,,,,,,,,,,,,,,,
,,,,,,AAS-P,Industrial & MRO Supplies,General Hardware,Component,AAS-P,AAS-P,AAS-P Align-A-Saw Plate Only,-- Unbranded --,-- Unbranded --,,Woodpeckers Inc (WOODP),Woodpeckers Inc (WOODP),Woodpeckers Inc,,AAS-P,,Industrial & MRO Supplies>General Hardware>Component,,,,,,,,,,,,,,,,,,,,,,,,,,,,,,,,Component,,,,,,,,,,,,,,,,,,,,,,,,,,,,,,,,,,,,,,,,,,,,,,,,,,,,,,,,,,,,,,,,,,,,,,,,,,,,,,,,,,,,,,,,,,,,,,,,,,,,,,,,,,,,,,,,,,,,,,,,,,,,,,,,,,,,,,,,,,,,,,,,,,,,,,,,,,,,,,,,,,,,,,,,,,,,,,,,,,,,,,,,,,,,,,,,,,,,,
,,,,,,SSCMS,Industrial & MRO Supplies,General Hardware,Component,SSCMS,SSCMS,SSCMS Stealthstop Miter Sled,-- Unbranded --,-- Unbranded --,,Woodpeckers Inc (WOODP),Woodpeckers Inc (WOODP),Woodpeckers Inc,,SSCMS,,Industrial & MRO Supplies>General Hardware>Component,,,,,,,,,,,,,,,,,,,,,,,,,,,,,,,,Component,,,,,,,,,,,,,,,,,,,,,,,,,,,,,,,,,,,,,,,,,,,,,,,,,,,,,,,,,,,,,,,,,,,,,,,,,,,,,,,,,,,,,,,,,,,,,,,,,,,,,,,,,,,,,,,,,,,,,,,,,,,,,,,,,,,,,,,,,,,,,,,,,,,,,,,,,,,,,,,,,,,,,,,,,,,,,,,,,,,,,,,,,,,,,,,,,,,,,
,,,,,,4225.201,Industrial & MRO Supplies,General Hardware,Component,4225.201,4225.201,"4225.201 Oliver 6"" HH Jointer Paralleogram",-- Unbranded --,-- Unbranded --,,Oliver Machinery Company (OLIMA),Oliver Machinery Company (OLIMA),Oliver Machinery Company,,4225.201,,Industrial & MRO Supplies>General Hardware>Component,,,,,,,,,,,,,,,,,,,,,,,,,,,,,,,,Component,,,,,,,,,,,,,,,,,,,,,,,,,,,,,,,,,,,,,,,,,,,,,,,,,,,,,,,,,,,,,,,,,,,,,,,,,,,,,,,,,,,,,,,,,,,,,,,,,,,,,,,,,,,,,,,,,,,,,,,,,,,,,,,,,,,,,,,,,,,,,,,,,,,,,,,,,,,,,,,,,,,,,,,,,,,,,,,,,,,,,,,,,,,,,,,,,,,,,
,,,,,,KC-426C,Industrial & MRO Supplies,General Hardware,Component,KC-426C,KC-426C,"KC-426C 12"" Portable Planer",-- Unbranded --,-- Unbranded --,,King Canada Inc (KINCA),King Canada Inc (KINCA),King Canada Inc,,KC-426C,,Industrial & MRO Supplies>General Hardware>Component,,,,,,,,,,,,,,,,,,,,,,,,,,,,,,,,Component,,,,,,,,,,,,,,,,,,,,,,,,,,,,,,,,,,,,,,,,,,,,,,,,,,,,,,,,,,,,,,,,,,,,,,,,,,,,,,,,,,,,,,,,,,,,,,,,,,,,,,,,,,,,,,,,,,,,,,,,,,,,,,,,,,,,,,,,,,,,,,,,,,,,,,,,,,,,,,,,,,,,,,,,,,,,,,,,,,,,,,,,,,,,,,,,,,,,,
,,,,,,10045.201,Industrial & MRO Supplies,General Hardware,Component,10045.201,10045.201,"10045.201 Oliver 13"" Benchtop Planer 2HP,115V 1Ph",-- Unbranded --,-- Unbranded --,,Oliver Machinery Company (OLIMA),Oliver Machinery Company (OLIMA),Oliver Machinery Company,,10045.201,,Industrial & MRO Supplies>General Hardware>Component,,,,,,,,,,,,,,,,,,,,,,,,,,,,,,,,Component,,,,,,,,,,,,,,,,,,,,,,,,,,,,,,,,,,,,,,,,,,,,,,,,,,,,,,,,,,,,,,,,,,,,,,,,,,,,,,,,,,,,,,,,,,,,,,,,,,,,,,,,,,,,,,,,,,,,,,,,,,,,,,,,,,,,,,,,,,,,,,,,,,,,,,,,,,,,,,,,,,,,,,,,,,,,,,,,,,,,,,,,,,,,,,,,,,,,,
,,,,,,10014.201,Industrial & MRO Supplies,General Hardware,Component,10014.201,10014.201,"10014.201 Oliver 15"" Planer 3HP 1Ph 220V",-- Unbranded --,-- Unbranded --,,Oliver Machinery Company (OLIMA),Oliver Machinery Company (OLIMA),Oliver Machinery Company,,10014.201,,Industrial & MRO Supplies>General Hardware>Component,,,,,,,,,,,,,,,,,,,,,,,,,,,,,,,,Component,,,,,,,,,,,,,,,,,,,,,,,,,,,,,,,,,,,,,,,,,,,,,,,,,,,,,,,,,,,,,,,,,,,,,,,,,,,,,,,,,,,,,,,,,,,,,,,,,,,,,,,,,,,,,,,,,,,,,,,,,,,,,,,,,,,,,,,,,,,,,,,,,,,,,,,,,,,,,,,,,,,,,,,,,,,,,,,,,,,,,,,,,,,,,,,,,,,,,
,,,,,,4430.201,Industrial & MRO Supplies,General Hardware,Component,4430.201,4430.201,"4430.201 Oliver 20"" Planer 5HP 1Ph 230V",-- Unbranded --,-- Unbranded --,,Oliver Machinery Company (OLIMA),Oliver Machinery Company (OLIMA),Oliver Machinery Company,,4430.201,,Industrial & MRO Supplies>General Hardware>Component,,,,,,,,,,,,,,,,,,,,,,,,,,,,,,,,Component,,,,,,,,,,,,,,,,,,,,,,,,,,,,,,,,,,,,,,,,,,,,,,,,,,,,,,,,,,,,,,,,,,,,,,,,,,,,,,,,,,,,,,,,,,,,,,,,,,,,,,,,,,,,,,,,,,,,,,,,,,,,,,,,,,,,,,,,,,,,,,,,,,,,,,,,,,,,,,,,,,,,,,,,,,,,,,,,,,,,,,,,,,,,,,,,,,,,,
,,,,,,10055.201,Industrial & MRO Supplies,General Hardware,Component,10055.201,10055.201,"10055.201 Oliver 15"" Benchtop Planer 2.5HP 1Ph 230V",-- Unbranded --,-- Unbranded --,,Oliver Machinery Company (OLIMA),Oliver Machinery Company (OLIMA),Oliver Machinery Company,,10055.201,,Industrial & MRO Supplies>General Hardware>Component,,,,,,,,,,,,,,,,,,,,,,,,,,,,,,,,Component,,,,,,,,,,,,,,,,,,,,,,,,,,,,,,,,,,,,,,,,,,,,,,,,,,,,,,,,,,,,,,,,,,,,,,,,,,,,,,,,,,,,,,,,,,,,,,,,,,,,,,,,,,,,,,,,,,,,,,,,,,,,,,,,,,,,,,,,,,,,,,,,,,,,,,,,,,,,,,,,,,,,,,,,,,,,,,,,,,,,,,,,,,,,,,,,,,,,,
,,,,,,T27417,Abrasives,Sanding Belts,Belt,T27417,T27417,T27417 Grizzly OscillatingEdge - Belt and Spindle Sander,-- Unbranded --,-- Unbranded --,,Woodstock Intl (3658),Woodstock Intl (3658),Woodstock Intl,,T27417,,Abrasives>Sanding Belts>Belt,,,,,,,,,,,,,,,,,,,,,,,,,,,,,,,,Belt,,,,,,,,,,,,,,,,,,,,,,,,,,,,,,,,,,,,,,,,,,,,,,,,,,,,,,,,,,,,,,,,,,,,,,,,,,,,,,,,,,,,,,,,,,,,,,,,,,,,,,,,,,,,,,,,,,,,,,,,,,,,,,,,,,,,,,,,,,,,,,,,,,,,,,,,,,,,,,,,,,,,,,,,,,,,,,,,,,,,,,,,,,,,,,,,,,,,,
